player_id,player_name,college_team,class_year,draft_age,height_inches,primary_position,min_pct,usg_pct,ts_pct,fg3a_per_fga,orb_pct,drb_pct,ast_pct,to_pct,blk_pct,stl_pct,ftr,ft_pct,obpm,dbpm,split,overall_pick,cohort_year,composite_z,career_tier,tier_label,peak_bpm,peak_vorp,peak_mpg,career_win_shares,seasons_played,games_played,is_active,peak_window_seasons
f228d769-fd6a-53cc-a6e4-5fae1cb7b6ea,O.J. Mayo,USC,Fr,20.6,76.0,G,91.1,30.5,0.5623,0.401,3.9,10.2,21.4,19.0,1.1,2.5,28.4,0.803,5.0589,1.8401,train,3.0,2008,0.6238,3,Quality Starter,0.0667,3.6,30.84,21.9,8,547,False,3
ca6eaefe-0647-5967-9b6c-aff88eeb37c9,Derrick Rose,Memphis,Fr,19.7,75.0,G,72.5,26.8,0.5596,0.239,5.0,11.7,30.4,19.2,1.3,2.3,47.0,0.712,5.596,3.1791,train,1.0,2008,2.2691,1,Franchise Star,4.9667,12.3,36.73,44.6,15,723,False,3
d6b0214b-5cc5-59ea-82f7-ad590b0b8775,Eric Gordon,Indiana,Fr,19.5,75.0,G,83.1,29.7,0.601,0.489,2.6,8.0,15.2,20.7,2.0,2.3,65.2,0.834,4.5757,0.3498,train,7.0,2008,0.9514,3,Quality Starter,1.0,3.1,36.62,42.1,18,931,True,3
2d3ccd3d-7ad0-5642-a512-87187c9c9751,Russell Westbrook,UCLA,So,19.6,75.0,G,84.6,22.5,0.5328,0.196,5.9,8.4,24.0,19.9,0.6,2.9,38.6,0.709,4.2757,3.2793,train,4.0,2008,3.5328,1,Franchise Star,9.0,21.9,34.45,112.6,18,1301,True,3
425b4483-06cf-52e9-a46d-7543818d26c0,Mario Chalmers,Kansas,Jr,22.1,73.0,G,72.7,19.7,0.6545,0.49,1.6,9.6,24.4,19.3,2.2,5.0,41.0,0.75,8.2782,5.4954,train,34.0,2008,0.5638,3,Quality Starter,0.3333,3.6,28.37,32.3,9,646,False,3
12f378a5-377f-5448-9ea8-df3a1348c160,Brook Lopez,Stanford,So,20.2,84.0,C,56.8,32.0,0.5369,0.015,11.1,19.3,11.3,13.5,6.8,1.2,49.4,0.789,3.1024,4.4701,train,10.0,2008,1.117,3,Quality Starter,2.7,5.4,29.98,94.5,18,1180,True,3
16519fd4-d08e-52b0-827e-523478765456,Jason Thompson,Rider,Sr,21.9,83.0,C,83.4,30.0,0.579,0.071,11.9,28.0,18.0,16.6,8.9,1.8,46.7,0.58,2.6702,4.591,train,12.0,2008,-0.0814,4,Role Player,-1.8333,0.2,26.93,23.8,8,588,False,3
bdeb79ef-800d-5c20-b612-46478bb39692,Luc Mbah a Moute,UCLA,Jr,21.8,79.0,W,61.0,18.5,0.5142,0.096,9.5,15.7,9.4,21.0,1.7,2.1,29.2,0.7,1.6906,4.0471,train,37.0,2008,0.1578,4,Role Player,-0.8,1.8,25.95,26.0,12,689,False,3
876a9dca-80c5-56c2-bb36-b1376193b4b7,Kevin Love,UCLA,Fr,19.8,82.0,F,74.1,27.2,0.6424,0.207,15.3,28.6,13.8,14.8,5.0,1.5,63.4,0.769,8.1897,5.357,train,5.0,2008,2.29,1,Franchise Star,4.9667,14.0,33.86,96.1,18,989,True,3
67f2b2ef-df2e-553d-bf11-a6e358084672,Michael Beasley,Kansas St.,Fr,19.5,81.0,F,78.4,33.3,0.6083,0.165,13.0,30.0,8.7,15.3,5.6,2.3,48.7,0.776,6.3797,3.408,train,2.0,2008,-0.0219,4,Role Player,-0.0333,1.3,19.67,15.6,11,609,False,3
8cabfeb3-095f-5a71-a8db-0544fac35448,Courtney Lee,Western Kentucky,Sr,22.7,77.0,W,74.3,30.3,0.5739,0.321,5.4,14.0,15.5,14.7,3.0,3.3,34.3,0.822,4.9001,2.3472,train,22.0,2008,0.4149,4,Role Player,0.1333,3.1,26.38,39.3,12,811,False,3
53348a77-6de0-5823-8e19-0fd8a0c1e667,D.J. Augustin,Texas,So,20.6,72.0,G,94.0,28.0,0.5579,0.348,1.5,6.9,30.6,16.0,0.0,1.9,40.7,0.783,7.1012,-0.6978,train,9.0,2008,0.3927,4,Role Player,-0.0333,3.2,26.23,47.6,14,976,False,3
19243ea8-fc3e-583f-90ab-abb79a849510,Brandon Rush,Kansas,Jr,23.0,78.0,W,71.0,21.6,0.5563,0.462,6.4,13.1,12.4,16.6,3.2,1.6,20.8,0.788,5.2266,3.3947,train,13.0,2008,0.3874,4,Role Player,-0.1333,2.5,27.86,11.2,9,481,False,3
e2a534f3-1953-5db6-99ad-9a57698aa61b,Mike James,Lamar,Sr,21.9,73.0,G,64.9091,26.5636,0.5252,0.2812,3.1798,7.9838,15.2696,15.3666,0.4202,3.1,25.1937,0.7986,2.3008,-1.4026,train,,2012,,5,End of Bench,-1.5,0.3,19.08,0.3,2,49,False,1
15a8ecf1-3cba-5485-9c74-9d0212d3e727,Anthony Morrow,Georgia Tech,Sr,22.7,77.0,W,73.7,18.4,0.6112,0.539,4.6,11.4,6.8,10.4,1.2,2.1,23.2,0.859,6.4642,0.0933,train,,2008,0.0291,4,Role Player,-0.0667,2.3,19.07,23.1,9,564,False,3
d5fd5350-6584-5013-bb6c-7994c3e6fe41,Darrell Arthur,Kansas,So,20.3,81.0,F,61.4,24.9,0.5684,0.031,12.1,17.0,6.7,17.9,6.2,1.1,27.5,0.698,2.3633,3.8078,train,27.0,2008,-0.2262,5,End of Bench,-0.8667,0.8,18.6,12.5,9,503,False,3
d7c8caf3-4f21-55fd-880c-9566d68ecb52,Ryan Anderson,California,So,20.1,81.0,F,81.0,28.2,0.6184,0.333,11.5,23.8,9.7,14.1,1.9,0.6,42.4,0.869,7.1435,-0.6159,train,21.0,2008,1.0482,3,Quality Starter,3.6333,6.4,22.87,46.9,12,649,False,3
874b56ae-5bec-53c3-ba09-f519f14e51ee,George Hill,IU Indy,Jr,22.1,74.0,G,86.6,30.2,0.6507,0.271,5.5,18.7,26.2,17.1,1.7,3.0,62.8,0.804,7.1094,1.0024,train,26.0,2008,1.5245,2,All-Star,3.4,8.0,32.42,71.0,15,915,False,3
db15d337-8c17-5d6b-bd06-3e983c209b0e,Marreese Speights,Florida,So,20.9,82.0,F,60.5,25.8,0.6401,0.0,12.8,26.2,8.4,16.1,5.9,1.0,37.6,0.692,3.1404,2.1889,train,16.0,2008,-0.5217,5,End of Bench,-1.4,0.6,13.56,25.8,10,705,False,3
53f8525e-e82d-535b-bc7f-843a059017f6,Kyle Weaver,Washington St.,Sr,22.3,78.0,W,81.9,25.7,0.561,0.221,4.6,16.4,28.5,21.7,2.6,3.5,57.7,0.733,3.6604,6.04,train,38.0,2008,-0.2018,5,End of Bench,-1.2,0.6,20.82,1.5,3,73,False,1
c03bba1a-2a24-593b-b854-a7890b82baa1,JaVale McGee,Nevada,So,20.4,84.0,C,68.8,26.6,0.5462,0.116,10.7,18.5,4.9,18.6,9.3,1.7,39.0,0.511,-0.8322,3.0613,train,18.0,2008,0.1944,4,Role Player,1.4667,2.9,16.42,43.8,16,909,False,3
09c470e7-7707-5df7-b4fd-1a20f60dd98c,Anthony Randolph,LSU,Fr,18.9,82.0,F,81.7,27.7,0.5055,0.05,9.8,18.3,8.4,19.0,6.7,2.0,42.6,0.691,-0.8516,3.3638,train,14.0,2008,-0.3488,5,End of Bench,-1.2,0.5,17.35,5.8,6,252,False,3
8b5fede2-8aa5-52ed-8b16-d7c421d01ce9,Roy Hibbert,Georgetown,Sr,21.5,86.0,C,65.3,25.6,0.6264,0.01,11.3,17.0,16.6,15.7,9.7,1.3,49.0,0.646,4.5086,7.0209,train,17.0,2008,0.4872,3,Quality Starter,-0.0,3.1,28.67,35.7,9,662,False,3
e4bd6718-36cc-5286-976b-accc9a244cc7,DeAndre Jordan,Texas A&M,Fr,19.9,83.0,C,48.1,22.1,0.5742,0.0,11.0,22.0,4.4,21.8,6.5,0.5,65.0,0.452,-0.2875,3.7641,train,35.0,2008,1.6765,2,All-Star,3.0,10.2,33.28,99.5,18,1123,True,3
f0c3822a-ba9f-5110-8e12-1cd82d1531f6,Donte Greene,Syracuse,Fr,20.3,83.0,C,89.2,22.8,0.5307,0.501,5.4,15.6,10.6,17.3,4.8,2.0,25.5,0.707,3.222,2.0583,train,28.0,2008,-0.503,5,End of Bench,-2.0667,-0.1,17.85,1.6,4,253,False,3
6a95cb7a-6952-5161-bc46-92be21cc5004,Joe Alexander,West Virginia,Jr,21.5,80.0,F,76.1,28.3,0.5363,0.082,6.8,16.8,17.0,15.0,5.5,1.4,41.2,0.817,2.2915,3.2149,train,8.0,2008,-1.0045,5,End of Bench,-3.5,-0.9,12.14,0.4,2,67,False,1
53002cf0-0465-5167-a549-1b3f0b8cdbd2,JJ Hickson,N.C. State,Fr,19.8,84.0,C,69.4,27.6,0.6222,0.004,12.3,22.8,10.0,21.0,5.0,1.5,71.6,0.682,2.0875,2.3426,train,19.0,2008,0.1519,4,Role Player,-1.0,1.7,26.73,21.8,8,534,False,3
7c606a83-3e4a-5971-8649-3fb579463804,Jerryd Bayless,Arizona,Fr,19.8,75.0,G,77.8,28.8,0.6127,0.384,1.6,7.5,24.9,17.7,0.3,1.7,57.8,0.836,6.167,-0.6587,train,11.0,2008,0.0998,4,Role Player,-0.0,1.7,21.79,18.8,11,586,False,3
52ec62bc-6741-54e6-89c3-578ea259c8c9,Robin Lopez,Stanford,So,20.2,84.0,C,60.5,22.6,0.5651,0.004,12.6,14.0,5.4,19.5,9.5,1.3,50.4,0.652,1.688,6.33,train,15.0,2008,0.6806,3,Quality Starter,0.6333,4.4,28.6,49.4,16,992,False,3
943485f7-98fb-5e0b-ac28-1505da6abc73,Chris Douglas-Roberts,Memphis,Jr,21.5,79.0,W,71.2,26.2,0.6174,0.228,5.0,10.5,12.8,15.5,1.6,2.4,47.2,0.712,5.7086,2.6544,train,40.0,2008,-0.467,5,End of Bench,-2.3667,-0.5,20.64,5.4,6,222,False,3
ac421ddd-7188-5b76-936e-a9f66ce2d42e,Kosta Koufos,Ohio St.,Fr,19.3,84.0,C,67.5,26.4,0.5511,0.144,12.2,15.7,4.5,12.7,7.7,1.0,22.9,0.68,1.6568,2.7404,train,23.0,2008,0.0096,4,Role Player,0.0,2.0,18.94,28.2,11,686,False,3
5e38de21-aa53-5f13-8cd8-30c00d443ce6,Rob Kurz,Notre Dame,Sr,23.3,81.0,F,71.2,20.9,0.5941,0.356,7.4,17.8,12.2,19.5,4.7,1.2,51.4,0.853,3.3826,3.4733,train,,2008,,5,End of Bench,-2.7,-0.3,11.05,0.7,1,40,False,1
34eb2849-aa76-5028-9391-1379177d3dc7,Darnell Jackson,Kansas,Sr,22.6,81.0,F,60.4,19.8,0.6506,0.023,10.2,20.8,8.2,15.1,2.1,1.8,55.3,0.687,5.4951,3.3793,train,52.0,2008,-1.1368,5,End of Bench,-3.5,-0.6,8.24,1.2,3,138,False,1
4ea0e30c-a3d7-5acf-846d-c941c2cebf5d,Sean Singletary,Virginia,Sr,22.8,72.0,G,84.0,30.8,0.5615,0.332,2.5,10.1,37.7,20.8,0.1,3.0,46.6,0.851,6.2897,0.4414,train,42.0,2008,,5,End of Bench,-5.1,-0.6,8.19,0.0,1,37,False,1
a7224a5a-b7fe-5464-9956-556cda0d884f,Henry Walker,Kansas St.,Fr,20.7,78.0,W,64.3,27.6,0.5488,0.294,9.8,15.6,14.7,19.1,2.1,1.6,34.6,0.75,4.8425,1.7722,train,47.0,2008,-0.4189,5,End of Bench,-1.4667,0.3,16.97,4.9,5,181,False,3
4fbda642-56ae-5df9-b90e-3b767e7e2d32,DeMarcus Nelson,Duke,Sr,22.6,76.0,G,77.0,23.1,0.564,0.293,5.1,15.4,17.5,18.6,0.9,2.7,52.1,0.601,3.8401,3.4434,train,,2008,,5,End of Bench,,,,-0.3,1,13,False,0
690cd31a-af75-52bd-8371-48f2f310e6c4,Malik Hairston,Oregon,Sr,21.3,78.0,W,75.4,23.3,0.6304,0.358,5.8,12.6,14.0,14.3,2.9,1.2,41.2,0.732,6.6122,0.6496,train,48.0,2008,-0.9157,5,End of Bench,-1.9,0.0,6.74,0.8,2,62,False,1
43473d90-3b47-550f-8ffd-8056030f1e07,D.J. White,Indiana,Sr,21.8,81.0,F,82.8,23.3,0.6321,0.008,11.3,24.0,5.2,14.5,5.4,1.4,57.7,0.689,3.5175,2.6497,train,29.0,2008,-0.6217,5,End of Bench,-2.45,-0.45,16.98,3.8,6,138,False,2
0a887fa8-9c3f-57cf-983e-8d2428b3308c,Othello Hunter,Ohio St.,Sr,22.1,80.0,F,68.0,18.7,0.5965,0.03,11.2,15.6,6.3,17.2,6.4,1.3,33.2,0.545,1.8874,4.6068,train,,2008,,5,End of Bench,,,,0.2,2,23,False,0
f30a1949-519f-5ca8-b7f0-1a64361b8391,Sonny Weems,Arkansas,Sr,22.0,78.0,W,76.0,24.3,0.5519,0.344,6.2,10.4,17.3,21.1,0.8,2.4,17.9,0.803,3.8216,0.9256,train,39.0,2008,-0.6273,5,End of Bench,-3.3,-1.35,21.73,0.1,4,183,False,2
ca89c2aa-8d61-5c34-b9e2-d1ec613aa17e,Joe Crawford,Kentucky,Sr,22.0,77.0,W,80.1,27.1,0.5813,0.431,4.2,8.7,16.0,18.5,0.6,1.0,32.4,0.762,3.4645,-1.8015,train,58.0,2008,,5,End of Bench,,,,0.0,1,2,False,0
e1e618bb-7a0c-56ec-900d-4a87b1e9ca84,Walter Sharpe,UAB,So,21.9,81.0,F,21.7,32.2,0.5284,0.023,8.8,21.8,16.8,20.5,7.6,2.7,50.0,0.523,-0.231,6.2765,train,32.0,2008,,5,End of Bench,,,,-0.1,1,8,False,0
3c2f782a-228b-54d0-b58c-904121c051e4,J.R. Giddens,New Mexico,Sr,23.4,77.0,W,78.7,26.9,0.5575,0.184,6.6,27.0,22.5,15.3,4.9,2.7,38.6,0.586,3.4398,6.9823,train,30.0,2008,,5,End of Bench,,,,0.1,2,38,False,0
840693c4-f354-56ac-9a14-23bc73367bbe,Joey Dorsey,Memphis,Sr,24.5,80.0,F,59.5,14.5,0.5838,0.006,15.1,25.6,3.5,16.6,7.6,2.4,71.3,0.378,2.7745,7.2789,train,33.0,2008,-0.6317,5,End of Bench,-1.6,0.3,12.14,2.8,4,130,False,1
a7fd52eb-e898-575b-9536-b949f2095bef,Steven Hill,Arkansas,Sr,22.6,84.0,C,40.4,13.0,0.6653,0.0,8.8,12.2,2.8,27.1,14.2,1.9,58.6,0.588,0.6698,8.6553,train,,2008,,5,End of Bench,,,,0.0,1,1,False,0
e841b389-3edb-5551-ae7e-32cf77567c30,Stephen Curry,Davidson,Jr,21.3,75.0,G,82.6061,35.5433,0.6149,0.5146,2.0699,12.6711,32.7153,15.8578,0.8687,3.7988,31.7479,0.8844,9.5595,2.5259,train,7.0,2009,3.8147,1,Franchise Star,9.7333,24.1,34.43,147.4,17,1069,True,3
7e418ad3-5c8f-5a00-838e-9224aaa8a38e,Tyreke Evans,Memphis,Fr,19.8,78.0,W,72.2,33.0,0.5292,0.246,5.0,15.3,30.0,21.8,2.8,4.2,38.4,0.711,3.8694,6.1689,train,4.0,2009,0.7973,3,Quality Starter,2.2,3.8,27.01,28.4,10,594,False,3
2a8a6bef-8d00-582b-bacb-f5a3b379c987,Jonny Flynn,Syracuse,So,20.4,72.0,G,89.9786,23.7524,0.5661,0.3292,1.9328,5.9,30.6982,20.1065,0.4328,2.0984,43.4422,0.7817,4.9895,-0.8099,train,6.0,2009,-0.8224,5,End of Bench,-4.6667,-1.9,22.93,-1.1,3,163,False,3
68a330d3-00f9-562b-ad9e-68d8c8e9c93a,Taj Gibson,USC,Jr,24.0,81.0,F,82.2167,20.9853,0.611,0.0,12.4027,18.7748,8.2643,19.2981,9.1461,1.6391,57.0531,0.6381,3.3679,6.9024,train,26.0,2009,0.065,4,Role Player,0.0333,1.8,20.6,60.7,17,1012,True,3
0cbcf4f2-8bc8-542d-bc3f-ff19b995b375,Darren Collison,UCLA,Sr,21.8,73.0,G,77.3685,22.6978,0.6197,0.3017,1.9,7.706,26.0078,19.8767,0.4353,3.1647,36.0504,0.8889,6.1808,1.6532,train,21.0,2009,0.8145,3,Quality Starter,1.2333,4.7,29.16,49.7,11,711,False,3
1a1970ad-56c4-5e40-a799-08903d3d8ccb,Wesley Matthews,Marquette,Sr,22.7,77.0,W,80.8558,23.1358,0.592,0.2694,5.0931,14.1545,13.7324,16.1,1.4517,2.0703,62.0248,0.8189,4.596,1.9607,train,,2009,1.27,3,Quality Starter,1.8333,6.8,34.16,55.5,15,986,False,3
2cf657b5-98b9-5e76-871f-6167d273a6d3,Marcus Thornton,LSU,Sr,22.1,76.0,G,80.8355,28.5529,0.5774,0.4144,7.0653,11.7612,13.5951,12.3983,1.0959,2.7265,32.3531,0.7752,7.225,-0.2921,train,43.0,2009,0.668,3,Quality Starter,1.0,4.1,27.55,19.9,8,483,False,3
0c18de2b-3117-531f-be8b-8507e872c4f4,Jrue Holiday,UCLA,Fr,19.0,75.0,G,67.6,20.5,0.5315,0.353,6.0,11.8,23.8,23.4,2.1,3.5,24.9,0.726,4.4921,3.8431,train,17.0,2009,1.5326,2,All-Star,3.2333,8.3,32.63,78.1,17,1090,True,3
dc22cc07-1a99-5ebd-b1c0-a9d16117b00d,Terrence Williams,Louisville,Sr,22.0,78.0,W,86.7807,21.0934,0.5096,0.3876,4.5689,20.8749,25.7603,19.984,2.3,3.3802,29.7311,0.5776,3.647,5.9604,train,11.0,2009,-0.7824,5,End of Bench,-3.2667,-0.2,15.44,-0.3,4,153,False,3
8152a65d-c04e-5f6d-85d7-dd9979c5f5ea,James Harden,Arizona St.,So,19.8,77.0,W,86.7899,31.1542,0.6149,0.3382,5.4679,14.5679,27.7542,18.6145,1.4534,3.4213,59.8606,0.7554,6.8884,3.4603,train,3.0,2009,3.9663,1,Franchise Star,10.1667,24.3,36.24,182.3,17,1221,True,3
15243af2-6cec-58bd-91ef-6ea32dcefb06,DeMar DeRozan,USC,Fr,19.9,79.0,W,82.8,22.3,0.5551,0.098,9.3,11.6,9.6,17.1,1.2,1.6,40.1,0.646,3.2406,1.3659,train,9.0,2009,1.6738,2,All-Star,2.7667,9.7,35.06,114.2,17,1264,True,3
fb7b83a6-92cb-551d-8880-5eae021c93a2,DeJuan Blair,Pittsburgh,So,20.2,79.0,W,64.8028,25.4262,0.5787,0.0,21.0759,26.0188,8.5599,13.5568,3.9364,3.5673,46.0457,0.6104,7.433,4.6054,train,37.0,2009,-0.0279,4,Role Player,-0.5,1.8,20.22,19.0,7,424,False,3
94420359-3f30-538a-9b69-f699de8cf1c0,Chase Budinger,Arizona,Jr,21.1,79.0,W,91.7266,24.6639,0.5821,0.3836,4.5499,14.7682,18.809,16.1544,1.1135,2.2045,33.3406,0.7733,6.3148,1.0215,train,44.0,2009,0.2426,4,Role Player,0.5,2.7,21.54,13.8,7,407,False,3
5dd94974-56ba-51ab-ab69-263ffc04c9a7,Wayne Ellington,North Carolina,Jr,21.6,76.0,G,76.5338,20.5003,0.5926,0.4342,4.8314,11.0338,13.462,13.9,0.5334,1.6338,24.6965,0.7934,7.4285,1.2286,train,28.0,2009,0.3229,4,Role Player,0.1,2.6,25.2,21.1,13,770,False,3
df1d7beb-6964-545b-923f-17a6ae167f1a,Sam Young,Pittsburgh,Sr,24.1,78.0,W,78.4255,26.3342,0.5766,0.2626,7.1735,14.9556,7.2153,16.7316,3.1102,1.9684,32.123,0.7199,4.5326,2.0323,train,36.0,2009,-0.5366,5,End of Bench,-1.9667,0.4,15.65,5.2,4,249,False,3
c542cfdc-ccf2-5fa2-b168-5ff6fcb08267,Ty Lawson,North Carolina,Jr,21.6,71.0,G,64.3577,22.7537,0.6445,0.3101,2.2463,8.0298,35.0554,16.2967,0.3194,3.6926,56.416,0.8094,10.1832,1.6767,train,18.0,2009,1.4803,2,All-Star,2.5,7.8,34.99,42.1,8,551,False,3
4c4869ec-721e-5d5a-802d-8d843f8a6b59,Eric Maynor,VCU,Sr,22.0,74.0,G,87.6037,31.3119,0.5767,0.3265,1.8973,10.2973,40.2055,16.3578,0.5661,2.6688,43.6486,0.7975,7.2234,0.5663,train,20.0,2009,-0.5403,5,End of Bench,-1.8,0.3,15.15,3.3,5,267,False,2
d59e1c49-9d4a-52e2-9b2e-625665339197,Toney Douglas,Florida St.,Sr,23.3,73.0,G,89.4065,26.2418,0.5711,0.4146,2.6677,8.7766,19.3915,16.2816,1.203,3.3851,39.5164,0.8097,5.6371,1.8145,train,29.0,2009,-0.243,5,End of Bench,-1.8667,1.1,21.22,12.3,8,394,False,3
a88a204f-c348-5b78-8beb-1b7cb36f95fa,Austin Daye,Gonzaga,So,21.1,83.0,C,60.2816,25.0721,0.57,0.2513,4.7,22.4102,8.8497,19.1068,8.5912,1.7034,34.7265,0.7409,0.5678,5.5429,train,15.0,2009,-0.5298,5,End of Bench,-1.9667,0.2,16.22,4.5,6,293,False,3
23c32cdf-ceed-5c7d-be07-9d6327396c0c,Hasheem Thabeet,Connecticut,Jr,22.4,87.0,C,75.7439,18.2138,0.6464,0.0,12.6205,19.3954,2.7289,18.4151,12.2389,0.9628,82.0619,0.6511,3.1531,7.3771,train,2.0,2009,-0.9862,5,End of Bench,-3.45,-0.15,10.92,4.8,5,224,False,2
9fbdcf35-d2f6-5c50-90d1-65fc0d8d38b4,A.J. Price,Connecticut,Sr,22.7,74.0,G,75.3659,24.1528,0.5435,0.4516,2.3472,8.8116,31.1837,19.3172,0.1059,1.5884,33.3016,0.7298,5.5741,0.1474,train,52.0,2009,-0.5118,5,End of Bench,-1.4667,0.2,14.85,4.7,6,261,False,3
705a9464-72de-547d-92a4-45c098905fab,DeMarre Carroll,Missouri,Sr,22.9,80.0,F,67.6852,24.9765,0.5822,0.0864,10.1642,18.1988,13.6877,12.0556,2.4926,2.9148,44.8432,0.6284,5.6276,3.2497,train,27.0,2009,0.7116,3,Quality Starter,1.2333,4.5,26.99,29.5,11,578,False,3
c4011d24-1061-5280-a14b-005e7a015842,James Johnson,Wake Forest,So,22.3,80.0,F,74.4077,23.5246,0.5782,0.2312,10.2623,19.5154,11.5431,18.6892,5.0946,2.5631,30.2139,0.6875,4.2691,4.4641,train,16.0,2009,0.3693,4,Role Player,1.9667,3.3,18.17,27.5,16,786,False,3
f0187a59-01d8-5db6-af86-3ccf413e1e51,Jeff Teague,Wake Forest,So,21.0,74.0,G,77.1061,25.7088,0.5929,0.271,1.7307,8.4772,19.4631,20.7851,2.0,3.2535,55.285,0.8109,3.9616,1.8703,train,19.0,2009,1.2235,3,Quality Starter,2.1333,7.5,30.51,52.5,12,826,False,3
3d7a4b76-99b1-51c1-bc84-8b4972a96c9f,Jodie Meeks,Kentucky,Jr,21.8,77.0,W,78.9878,27.3529,0.6116,0.5134,2.242,8.6842,11.8578,15.4739,0.4,2.1158,40.9265,0.8906,5.3553,-1.2569,train,41.0,2009,0.1647,4,Role Player,-0.5,2.0,24.63,24.2,10,539,False,3
b1e80e4a-d8b6-5f76-952b-45908e8e7adf,Dante Cunningham,Villanova,Sr,22.2,81.0,F,77.4372,22.7943,0.5629,0.0027,9.823,16.1925,8.3155,18.1902,4.5093,2.2969,40.2703,0.6947,1.8754,4.2069,train,33.0,2009,0.0002,4,Role Player,-0.4667,1.6,21.2,24.7,10,715,False,3
719e56b8-96ab-5333-970b-b39529f98b9d,Jon Brockman,Washington,Sr,22.3,79.0,W,74.5132,24.698,0.5506,0.002,15.1981,26.4811,7.7,15.0038,0.5038,1.4642,50.5758,0.5936,3.7339,1.5752,train,38.0,2009,-1.0081,5,End of Bench,-3.45,-0.75,11.57,3.7,3,150,False,2
b32aa41a-faaf-570f-9828-97c3e80f1211,Jordan Hill,Arizona,Jr,21.9,82.0,F,82.4772,26.3574,0.5801,0.0,14.2054,22.2,8.5248,18.0077,5.6299,1.3805,38.8272,0.6603,3.1165,2.4331,train,8.0,2009,-0.0837,4,Role Player,-1.1333,1.0,22.73,16.5,8,409,False,3
03cb8684-2390-54e1-bf62-835673add564,Derrick Brown,Xavier,Jr,21.8,80.0,F,71.1101,21.8875,0.6093,0.2207,9.8723,15.4075,14.0135,17.3352,3.0311,1.5639,45.2433,0.7356,5.0957,3.5752,train,40.0,2009,-0.4502,5,End of Bench,-1.2333,0.5,14.94,4.6,3,171,False,3
1ca059fb-2418-52da-8ab2-9329222e4204,Tyler Hansbrough,North Carolina,Sr,23.6,81.0,F,73.777,26.537,0.6144,0.0382,11.551,17.784,5.493,12.422,1.1,2.274,69.051,0.828,6.682,0.8253,train,13.0,2009,-0.5185,5,End of Bench,-1.7,0.2,15.53,20.2,7,428,False,3
a573fb71-403f-5c84-9917-157ff0f4c0da,DaJuan Summers,Georgetown,Jr,21.4,80.0,F,70.3088,24.0567,0.5829,0.4832,5.2064,13.3415,10.2306,21.7133,2.5,2.4,43.1674,0.7111,2.2502,2.2199,train,35.0,2009,-1.37,5,End of Bench,-5.2,-0.9,9.2,-0.1,4,83,False,1
672b3582-3022-52c8-9398-83e15a83527c,Jeff Ayres,Arizona St.,Sr,22.2,82.0,F,77.0466,21.0793,0.676,0.0033,10.9697,20.8994,6.9729,14.4831,4.6948,1.0,50.6954,0.7832,3.6662,3.075,train,31.0,2009,-0.7345,5,End of Bench,-1.7667,0.1,10.58,6.4,6,237,False,3
0f2c1f8b-0ae7-5d4a-b09c-1d0266b358da,Earl Clark,Louisville,Jr,21.4,81.0,F,80.6811,24.0245,0.5208,0.215,9.0712,19.7934,15.7542,21.6835,4.8193,1.7863,34.2774,0.649,1.4518,5.2393,train,14.0,2009,-0.633,5,End of Bench,-2.7333,-0.1,17.03,2.8,6,261,False,3
4863d68b-bd99-530e-95fc-2faff71a5d92,Gerald Henderson,Duke,Jr,21.5,77.0,W,71.3808,26.1612,0.5418,0.2375,5.0972,14.1556,16.1363,15.95,2.6139,2.4,41.5943,0.7329,3.5827,2.6724,train,12.0,2009,0.2228,4,Role Player,-1.3333,1.2,30.71,18.3,8,535,False,3
dc15f7aa-dd8c-55af-a617-ad3a26adca99,Garrett Temple,LSU,Sr,23.1,78.0,W,78.9722,15.0295,0.5078,0.4571,4.1108,11.2285,20.3207,25.7576,2.2637,2.901,40.7773,0.8032,1.8458,2.6816,train,,2009,-0.043,4,Role Player,-0.7667,1.0,22.41,16.8,16,793,True,3
0a09d434-d7ee-549b-ba95-6cdfa1660d86,Jermaine Taylor,UCF,Sr,22.5,76.0,G,80.4433,33.7299,0.5816,0.4151,6.8614,11.5583,15.7087,14.937,2.1583,2.1984,27.4906,0.8023,6.3831,-0.833,train,32.0,2009,-1.019,5,End of Bench,-3.75,-0.6,12.09,0.2,2,65,False,2
246e800d-6731-5cd6-8947-65d0a53ef9d0,Sundiata Gaines,Georgia,Sr,22.2,73.0,G,83.4,26.4,0.4851,0.336,7.2,12.8,27.1,17.4,0.3,3.1,41.8,0.599,4.486,2.2448,train,,2008,-0.5092,5,End of Bench,-1.3,0.6,13.51,1.4,3,113,False,2
59d57119-c4fc-5a89-b21b-a07fe14c4d60,Alonzo Gee,Alabama,Sr,22.1,78.0,W,78.3023,24.9214,0.5053,0.2196,10.0265,13.7428,8.3949,15.6674,1.9102,1.9744,39.3837,0.6434,2.53,0.359,train,,2009,-0.4133,5,End of Bench,-2.1,-0.5,21.01,9.6,8,417,False,3
54a51492-71e2-5479-bf44-8e681c8df228,Lester Hudson,Tennessee Martin,Sr,24.9,75.0,G,90.9696,34.4583,0.5716,0.4589,6.5336,17.628,27.6696,16.0417,1.7672,3.5352,25.6073,0.8625,7.9934,0.9871,train,58.0,2009,-0.49,5,End of Bench,-2.7,-0.3,20.88,0.3,4,57,False,1
b9ee9739-ca4d-598f-a3a3-a835c6298df5,Danny Green,North Carolina,Sr,22.0,77.0,W,64.6847,20.3288,0.5867,0.4706,7.3144,11.6146,15.8142,17.4574,4.6001,3.2571,17.6434,0.8651,7.5978,5.2452,train,46.0,2009,1.3796,2,All-Star,3.5333,8.7,26.92,49.2,15,832,False,3
d117bb15-c2f1-56d4-91c2-68c0ce8da32f,Marcus Landry,Wisconsin,Sr,23.6,79.0,W,75.8136,22.8246,0.5519,0.2178,7.0894,13.7216,12.0568,16.1613,3.7141,1.407,29.1402,0.6707,2.9049,3.4056,train,,2009,,5,End of Bench,,,,-0.1,1,18,False,0
6751a0c0-65c6-561d-97ba-45a2c7036ee2,Cedric Jackson,Cleveland St.,Sr,23.3,74.0,G,83.306,26.3711,0.4919,0.3227,3.6619,16.495,33.9963,25.6317,0.8583,5.3468,49.6499,0.6511,1.8381,4.8901,train,,2009,,5,End of Bench,,,,-0.2,1,12,False,0
a07bf9c5-e9d0-573b-8e27-853a75b78f19,Byron Mullens,Ohio St.,Fr,20.4,84.0,C,50.3,23.2,0.6288,0.005,11.6,17.1,3.3,20.9,6.8,1.5,49.5,0.559,0.9485,1.8034,train,24.0,2009,-0.6872,5,End of Bench,-3.2333,-1.5,20.29,0.5,5,189,False,3
c61d4148-6a8c-580e-8d1e-c56e0e137b79,Patty Mills,Saint Mary's,So,20.9,72.0,G,67.4067,27.468,0.5304,0.5044,1.6383,5.9617,24.6744,18.7086,0.4468,3.6319,27.1554,0.8187,3.9028,0.4447,train,55.0,2009,0.2881,4,Role Player,2.2333,3.0,15.77,36.0,16,921,False,3
459dc349-fd21-5386-89b9-d37b03b9e566,Taylor Griffin,Oklahoma,Sr,23.2,79.0,W,69.3024,17.0515,0.5692,0.0778,9.1672,13.4607,7.9266,19.3079,3.4797,2.4469,55.561,0.7181,2.8685,3.9276,train,48.0,2009,,5,End of Bench,,,,0.0,1,8,False,0
7277ac47-312a-5fab-a2cf-0a0a3e4b2cac,Antonio Anderson,Memphis,Sr,24.1,78.0,W,81.8395,17.2399,0.5284,0.3364,3.29,11.5099,22.0898,19.8598,1.31,2.4,44.8398,0.6841,3.1331,4.0599,train,,2009,,5,End of Bench,,,,0.0,1,1,False,0
dd1a1d02-bb19-5125-b4a5-782615325c98,Trey Gilder,Northwestern St.,Sr,23.4,81.0,F,67.5,28.8,0.5503,0.183,8.5,16.3,16.5,19.4,2.7,2.2,48.4,0.766,1.8201,-0.5687,train,,2008,,5,End of Bench,,,,0.0,1,2,False,0
196ded46-70c3-5636-8fb6-c8f272ad055e,Blake Griffin,Oklahoma,So,20.3,82.0,F,76.4079,30.3722,0.6278,0.0138,14.1127,29.8128,16.4164,17.9671,3.5418,1.9873,67.7471,0.5897,6.0728,4.265,train,1.0,2009,1.8283,2,All-Star,4.4,9.0,34.37,81.0,13,765,False,3
c263f337-6dce-5f9f-bced-0273f633b07a,John Wall,Kentucky,Fr,19.8,76.0,G,83.9,26.9,0.5618,0.26,2.7,10.1,34.8,24.2,1.5,2.9,53.0,0.754,4.3546,2.6584,train,1.0,2010,2.1268,1,Franchise Star,3.9333,12.7,36.14,44.4,11,647,False,3
cdc7b193-f80e-5739-83b0-1087afc28161,Landry Fields,Stanford,Sr,22.0,79.0,W,83.1946,27.7819,0.5581,0.2151,8.0535,19.5177,17.4203,14.7429,2.0993,2.4912,45.6786,0.6793,5.0535,3.0377,train,39.0,2010,0.3147,4,Role Player,-0.5333,2.5,27.5,10.5,5,255,False,3
1170031e-bcbf-54d6-86c2-7a363b365e6c,DeMarcus Cousins,Kentucky,Fr,19.9,83.0,C,58.2,30.8,0.5793,0.016,19.9,24.9,9.2,16.0,7.5,2.4,72.6,0.604,4.6124,4.9191,train,5.0,2010,2.117,1,Franchise Star,4.9333,11.4,34.85,46.8,11,654,False,3
beb6137b-86ce-5e61-a495-911f1d564e15,Greg Monroe,Georgetown,So,20.1,83.0,F,82.6485,26.1165,0.5806,0.0559,8.6307,22.6175,21.2932,21.0152,4.9615,2.6612,56.0524,0.6723,3.3394,5.2425,train,7.0,2010,0.786,3,Quality Starter,2.0333,5.2,24.54,50.5,10,646,False,3
7679fc34-e167-5126-8b28-2db92979101e,Wesley Johnson,Iowa St.,So,23.0,79.0,W,56.6,26.5,0.5108,0.489,5.6,10.7,12.1,18.4,1.3,2.0,25.0,0.786,1.4094,0.9919,train,4.0,2010,-0.2308,5,End of Bench,-0.9667,1.3,17.85,10.7,9,609,False,3
9f0196ce-4115-538f-b189-5a438a34a2f2,Eric Bledsoe,Kentucky,Fr,20.5,73.0,G,73.1,20.2,0.5656,0.41,2.0,8.6,16.8,27.7,1.1,2.6,39.4,0.667,1.748,2.4575,train,18.0,2010,1.4169,2,All-Star,3.1333,7.1,32.5,45.9,12,756,False,3
e38ff22a-a2bd-5b84-8fb5-7411fb305741,Evan Turner,Ohio St.,Jr,21.7,79.0,W,78.7073,31.1175,0.5794,0.1238,6.7267,20.2173,31.269,22.407,2.7802,3.0206,46.3131,0.7606,4.5911,4.8635,train,2.0,2010,0.1281,4,Role Player,-1.1667,1.5,27.14,20.2,10,705,False,3
ba168155-66bb-5ab4-880b-105e08cbdfca,Ed Davis,North Carolina,So,21.1,82.0,C,44.1549,20.1351,0.5802,0.0,11.4299,23.85,6.1001,17.5301,9.08,0.935,62.5007,0.6293,1.9054,5.4008,train,13.0,2010,0.2745,4,Role Player,0.7333,3.4,20.09,43.2,12,722,False,3
d6b42fe5-490f-533c-b24c-5211274793a8,Derrick Favors,Georgia Tech,Fr,18.9,82.0,C,69.2,21.8,0.6231,0.003,12.5,20.2,7.3,22.9,7.8,1.8,47.6,0.628,2.7949,6.0331,train,3.0,2010,0.6175,3,Quality Starter,2.3,4.5,20.76,60.1,12,790,False,3
3f816864-9863-57ad-8270-ccec3531a892,Al-Farouq Aminu,Wake Forest,So,19.8,81.0,F,75.145,25.998,0.537,0.1638,12.8301,20.3069,9.0678,20.8253,4.4035,2.3426,53.3609,0.6893,2.4552,3.6382,train,8.0,2010,0.3088,4,Role Player,0.0667,2.9,24.37,27.7,11,711,False,3
2bc1ea1f-a1a1-53e3-a09b-093938817953,Paul George,Fresno St.,So,20.1,80.0,W,77.2594,25.0813,0.5763,0.4418,6.6151,16.9359,18.7542,20.0234,2.963,3.5672,35.7615,0.8255,2.9021,2.7237,train,10.0,2010,2.2026,1,Franchise Star,5.4333,12.0,33.97,92.1,16,945,True,3
5fc86cec-0341-56d1-ab90-2642e234b35d,Gordon Hayward,Butler,So,20.3,81.0,F,81.7745,22.6426,0.6168,0.4841,6.9917,21.5075,12.7759,17.331,3.0366,2.2704,54.4867,0.8229,4.539,4.6224,train,9.0,2010,2.0016,1,Franchise Star,3.8667,11.8,35.05,63.5,14,835,False,3
9c85324e-e23c-5efe-a963-38bff2302b7e,Trevor Booker,Clemson,Sr,22.6,79.0,W,75.3455,23.479,0.5702,0.0813,10.7558,21.1719,14.4269,15.3598,5.3807,2.4084,46.092,0.622,4.6645,4.8804,train,23.0,2010,0.0795,4,Role Player,-0.1,2.2,20.65,26.1,8,532,False,3
a263ce45-f98d-56c7-bf57-a6c3f72b50b8,Ekpe Udoh,Baylor,Jr,23.1,82.0,C,88.0,23.0,0.5299,0.068,12.8,17.6,14.7,17.9,11.0,1.4,41.4,0.692,4.3082,7.1525,train,6.0,2010,-0.5186,5,End of Bench,-2.3333,-0.2,18.63,10.6,7,384,False,3
5baf56fb-dab6-5783-b376-6c402b67c459,Jordan Crawford,Xavier,So,21.7,76.0,G,79.4,28.9,0.5643,0.359,3.4,12.0,20.1,14.7,0.6,2.4,27.4,0.773,6.4276,1.0067,train,27.0,2010,0.0229,4,Role Player,-1.0667,1.2,24.75,6.3,6,281,False,3
034609b5-ca10-5bef-a517-08c6230a4216,Manny Harris,Michigan,Jr,20.8,77.0,G,84.993,30.7593,0.5347,0.3568,5.7712,15.1906,27.4526,18.2305,1.2356,2.9567,44.7615,0.8201,4.5844,2.6701,train,,2010,-0.6841,5,End of Bench,-2.9,-0.6,17.36,0.1,4,93,False,2
4a3fc870-3b9b-5337-bec3-d9af72681c28,Larry Sanders,VCU,Jr,21.6,83.0,C,63.0364,24.9155,0.5448,0.0263,12.9057,24.8015,5.705,15.6367,10.6255,1.5305,45.3658,0.5977,-0.0025,4.7736,train,15.0,2010,0.1019,4,Role Player,-1.0,1.6,25.68,10.3,6,238,False,3
cbb3a59a-1f14-506b-a073-d9369381d673,Patrick Patterson,Kentucky,Jr,21.3,81.0,F,79.6712,19.4917,0.6257,0.1104,10.651,15.6345,8.5198,12.3362,4.7292,1.1686,37.8491,0.7186,5.2301,3.3557,train,14.0,2010,0.5842,3,Quality Starter,0.9667,4.3,25.18,31.7,11,719,False,3
0525d2e9-4682-50f8-872b-a6c1b6358c72,Greivis Vasquez,Maryland,Sr,23.4,78.0,G,86.1313,29.2624,0.5383,0.3824,3.5766,11.6762,34.2675,18.8258,0.9825,2.6356,29.5444,0.8484,6.5852,1.3783,train,28.0,2010,0.2694,4,Role Player,-0.6,2.3,27.01,12.7,7,401,False,3
3ace4c5d-050d-5f1a-badd-d83d3a000e9a,Quincy Pondexter,Washington,Sr,22.3,78.0,W,75.3389,23.698,0.5831,0.1018,10.3682,14.0666,11.5291,14.9032,1.5114,1.8309,45.1092,0.7877,5.4169,2.3883,train,26.0,2010,-0.3303,5,End of Bench,-1.3667,0.6,18.22,9.7,7,355,False,3
591478d1-0116-5f93-9186-c58598733895,Samardo Samuels,Louisville,So,21.5,81.0,C,69.5147,25.3255,0.5844,0.0012,11.9588,13.3129,8.2286,19.5634,4.492,1.2603,62.9701,0.6942,2.0791,1.8804,train,,2010,-1.2138,5,End of Bench,-5.55,-2.1,16.77,0.6,3,109,False,2
184b4be6-fa55-57e6-8f59-32c9d2140cf6,Luke Harangody,Notre Dame,Sr,22.5,80.0,F,74.385,32.5982,0.5412,0.1074,9.7342,24.5064,12.8658,10.584,2.3258,1.2079,35.5324,0.7804,4.0702,0.3682,train,52.0,2010,-0.9968,5,End of Bench,-3.7,-0.9,13.06,0.8,2,70,False,1
60f5f624-9d7a-5368-822d-7458b52f0b89,Xavier Henry,Kansas,Fr,19.3,78.0,G,68.3,21.7,0.591,0.466,5.2,11.5,9.8,18.2,1.8,3.1,32.5,0.783,5.3457,2.7729,train,12.0,2010,-0.9467,5,End of Bench,-4.1667,-1.2,16.61,0.6,5,185,False,3
0cd28d7a-f823-5c1c-bc75-62f6e705f685,Jeremy Evans,Western Kentucky,Sr,22.7,81.0,C,63.0877,16.2451,0.6634,0.053,12.4163,17.1844,4.8434,15.3664,7.6971,1.6857,41.0697,0.6916,3.2182,4.2749,train,55.0,2010,-0.1881,4,Role Player,0.9667,0.8,12.88,8.1,7,250,False,3
0b7431dd-ee21-5b48-a9a4-4b663d0a43bd,Ishmael Smith,Wake Forest,Sr,22.0,72.0,G,80.6152,21.9222,0.4521,0.1583,2.5052,10.5231,31.278,22.087,1.1998,2.4475,21.7148,0.5215,1.2825,1.7448,train,,2010,0.2528,4,Role Player,-0.4333,2.3,25.99,13.8,14,805,False,3
c86eb1e1-d52c-5b1a-8cec-8dd2c39030fc,Ben Uzoh,Tulsa,Sr,22.3,75.0,G,85.9299,23.2571,0.5634,0.3491,3.5326,12.0487,25.5689,17.8285,1.8745,1.9361,40.1608,0.7838,4.4224,1.6239,train,,2010,-0.4572,5,End of Bench,-0.85,0.45,13.47,0.7,2,60,False,2
561bb7ef-1441-5a9d-ba11-a56e07ea023b,Lazar Hayward,Marquette,Sr,23.6,78.0,W,77.3503,27.1506,0.5514,0.346,8.8388,21.394,9.3839,13.8616,1.4423,2.9562,27.7067,0.8282,3.9728,1.9314,train,30.0,2010,-0.9557,5,End of Bench,-2.9,-0.3,9.98,0.3,3,72,False,1
3b2c3d1e-b835-511d-82a6-d3a5601129bc,Damion James,Texas,Sr,22.7,79.0,F,74.8877,25.5913,0.556,0.2163,11.0877,23.8665,7.5791,14.6203,3.5963,2.4815,46.0064,0.6607,4.575,3.1294,train,24.0,2010,,5,End of Bench,-2.6,-0.3,16.12,-0.1,4,39,False,1
f4ceb23c-627a-599b-8dd5-e6fad4ca8ed6,James Anderson,Oklahoma St.,Jr,21.3,78.0,G,83.2673,27.4843,0.6,0.4599,6.9281,11.9183,13.0237,13.9371,2.0438,2.1251,45.3938,0.8032,7.2701,1.4487,train,20.0,2010,-0.6966,5,End of Bench,-1.6,0.0,11.12,3.3,5,247,False,3
8d7905e8-62cd-58dd-8c7b-6f57299a2b60,Jeremy Lin,Harvard,Sr,21.8,75.0,G,81.257,27.2833,0.6049,0.3104,3.2971,14.4787,30.2678,21.9225,2.7722,4.2457,57.5246,0.7245,4.1007,2.0603,train,,2010,0.7132,3,Quality Starter,2.1,3.2,26.47,23.4,9,480,False,3
9cb5a483-3620-5ac6-af3b-a243873fdfaf,Armon Johnson,Nevada,Jr,21.3,75.0,G,83.4025,26.0057,0.5281,0.1916,2.795,8.7581,28.917,19.6071,0.7779,1.4542,29.8337,0.7289,2.0518,-1.2447,train,34.0,2010,,5,End of Bench,-5.1,-0.6,7.29,-0.2,2,47,False,1
3c986eb8-1a20-5fd3-925e-dd4bcab2c9c1,Derrick Caracter,UTEP,Jr,22.1,81.0,F,53.9,27.3,0.5984,0.057,12.0,21.7,9.0,22.2,3.6,2.1,45.6,0.672,0.6467,3.4738,train,58.0,2010,,5,End of Bench,,,,0.3,1,41,False,0
9d3f920c-5321-5ee2-9e7b-06ca7150bd2a,Jeff Adrien,Connecticut,Sr,23.4,79.0,W,82.643,21.4138,0.5356,0.006,9.9923,18.96,8.7246,16.2261,3.1015,0.8662,56.0797,0.6041,2.4155,2.9571,train,,2009,-0.5425,5,End of Bench,-1.95,0.15,15.94,4.4,5,153,False,2
8799dae8-23aa-5531-9ee0-4813489d2132,Avery Bradley,Texas,Fr,19.6,74.0,G,72.9,19.0,0.4958,0.304,3.5,6.6,12.4,14.6,1.6,2.4,17.9,0.545,3.1187,1.8978,train,19.0,2010,0.4035,4,Role Player,-0.9667,1.8,32.69,17.2,12,660,False,3
74c6e43d-49d5-50eb-96e6-574874f8cbc2,Cole Aldrich,Kansas,Jr,21.6,83.0,C,66.7916,20.5313,0.6102,0.0,13.2022,26.569,6.1355,15.9718,11.809,1.4865,54.6054,0.7191,3.3146,7.9687,train,11.0,2010,-0.0558,4,Role Player,1.4,1.8,12.61,9.6,8,339,False,3
c7f735a4-35fc-5eb8-a50c-f614bef9c84b,Luke Babbitt,Nevada,So,21.0,81.0,W,89.1039,25.9402,0.5951,0.1973,6.5598,19.2794,10.7206,13.9,1.9897,1.4402,42.5515,0.9009,3.8879,0.2504,train,16.0,2010,-0.5383,5,End of Bench,-1.3,0.3,13.38,7.1,8,381,False,3
7807a3d7-16ad-56b5-b2d9-b7aa535628a4,Dominique Jones,South Florida,Jr,21.7,76.0,G,91.6873,28.7959,0.5508,0.3588,4.3754,13.0863,24.7974,15.9689,1.3462,2.6275,49.3078,0.7338,5.852,2.0565,train,25.0,2010,-0.9156,5,End of Bench,-2.65,-0.15,9.77,0.2,3,80,False,2
d153d619-8134-51ab-98c3-7ab4ca723fd1,Willie Warren,Oklahoma,So,20.7,76.0,G,63.9262,26.2282,0.5835,0.4406,2.2314,7.9141,24.3224,21.5348,0.2,1.9264,47.2737,0.7891,4.2417,-0.8811,train,54.0,2010,,5,End of Bench,,,,0.2,1,19,False,0
5738d026-4db8-5d81-92a0-c2e7e2a41369,Devin Ebanks,West Virginia,So,20.7,81.0,W,75.1334,20.5333,0.5273,0.1107,9.5,18.7673,15.6008,19.2332,2.3335,1.8333,48.8004,0.7466,3.1899,3.9825,train,43.0,2010,-0.908,5,End of Bench,-4.2,-0.6,16.5,0.6,3,63,False,1
6c9a5039-600d-5940-a3ef-99fda928599a,Lance Stephenson,Cincinnati,Fr,19.8,77.0,G,67.6,26.0,0.4935,0.198,7.3,14.0,19.1,19.5,0.7,1.9,32.3,0.664,1.6293,1.9463,train,40.0,2010,0.3454,4,Role Player,-0.8,3.3,27.64,17.5,10,554,False,3
37fdeeee-33e0-55c9-9275-357ee5441f46,Hamady Ndiaye,Rutgers,Sr,23.4,84.0,C,65.4485,15.9472,0.5865,0.0023,9.0198,17.8985,3.5137,21.0549,12.8546,0.9768,62.5167,0.614,-1.1455,6.3598,train,56.0,2010,,5,End of Bench,,,,0.1,3,33,False,0
d0dc7ca8-25a5-57b0-96d8-e52a8a8cbeb7,Sherron Collins,Kansas,Sr,23.3,71.0,G,80.8352,24.409,0.5568,0.4202,1.2587,6.2739,25.6588,18.7056,0.1553,1.9518,31.0258,0.8287,4.9388,-0.165,train,,2010,,5,End of Bench,,,,-0.2,1,20,False,0
a60be497-5e62-51a0-83ba-b1b213118f05,Solomon Alabi,Florida St.,So,22.3,85.0,C,59.7466,21.7267,0.5841,0.0012,11.6455,15.9966,4.0477,20.279,10.5146,1.3814,47.6283,0.7542,-0.0447,5.798,train,50.0,2010,,5,End of Bench,,,,0.0,2,26,False,0
428712dc-d231-5b44-8100-80165cf4d1a7,Craig Brackins,Iowa St.,Jr,22.7,82.0,F,82.3052,27.7191,0.5088,0.1834,6.4247,21.1285,12.8131,13.7319,3.2964,1.1332,34.7825,0.7404,1.3184,2.3502,train,21.0,2010,,5,End of Bench,,,,-0.2,2,17,False,0
bdca5681-4d52-5339-91de-7df07d8e973e,Andy Rautins,Syracuse,Sr,23.6,76.0,G,77.1274,18.5535,0.6072,0.8192,1.8242,9.2688,21.9077,24.3694,0.7414,3.1656,23.2274,0.7942,5.5534,1.5828,train,38.0,2010,,5,End of Bench,,,,-0.2,1,5,False,0
f641f533-257b-50cc-ba77-4a0ee5555c14,Patrick Ewing Jr.,Georgetown,Sr,24.1,80.0,F,53.9,18.3,0.5983,0.329,9.0,13.7,16.0,25.2,3.6,2.8,52.1,0.658,3.0501,5.093,train,43.0,2008,,5,End of Bench,,,,-0.1,1,7,False,0
0e2d962d-0b65-5d6d-b1e2-490ad173f0cd,Marcus Cousin,Houston,Sr,22.5,83.0,C,66.9668,17.5179,0.5602,0.0033,9.465,20.4179,4.1336,11.7345,6.6839,0.983,53.4206,0.7442,0.4007,2.9921,train,,2009,,5,End of Bench,,,,0.0,1,4,False,0
7f042f1d-1e95-55a2-a840-f6c481013f50,Dexter Pittman,Texas,Sr,22.3,82.0,C,43.647,25.4319,0.6352,0.0,17.243,16.4096,5.1463,19.8234,7.9671,1.075,63.1576,0.5954,4.2087,3.384,train,32.0,2010,-1.5107,5,End of Bench,-6.0,-0.9,8.6,0.4,4,50,False,1
1cc161a7-8261-5f14-b20e-82ba1013c9f3,Gani Lawal,Georgia Tech,Jr,21.6,81.0,C,65.2291,25.2204,0.5498,0.0033,12.9655,20.6486,3.878,19.0185,5.5813,1.2801,62.8785,0.5569,0.1723,2.1162,train,46.0,2010,,5,End of Bench,,,,0.0,1,1,False,0
d50cc73c-ff9f-58b7-91c9-13ce42a87f75,Hassan Whiteside,Marshall,Fr,21.0,84.0,C,65.6,24.9,0.5355,0.017,12.0,24.0,1.8,16.4,18.3,1.2,58.8,0.594,-2.3121,7.2793,train,33.0,2010,1.3149,2,All-Star,3.2333,7.3,29.19,52.1,10,511,False,3
4a362555-1da1-5ba2-bcca-b46342d59f15,Brandon Knight,Kentucky,Fr,19.6,75.0,G,89.4,26.7,0.5528,0.45,2.2,10.2,23.4,19.8,0.6,1.1,33.3,0.795,4.5628,-0.1797,train,8.0,2011,0.7378,3,Quality Starter,0.1667,3.4,33.72,11.7,9,451,False,3
46ec0824-42cd-540e-9ebb-e3b6a4ee0f32,Chandler Parsons,Florida,Sr,22.7,82.0,F,76.7387,20.1816,0.5597,0.3796,7.751,18.1376,18.6371,18.9835,1.1095,1.9015,35.9677,0.5885,4.9642,2.6872,train,38.0,2011,1.3727,2,All-Star,1.7667,7.4,35.77,29.0,9,440,False,3
b3427fac-4be0-5a57-a29f-16d8659ebfe3,Kemba Walker,Connecticut,Jr,21.1,73.0,G,87.8749,28.0836,0.5389,0.2933,3.677,10.8004,27.6629,15.2146,0.7135,3.1285,46.9867,0.7943,6.966,2.0515,train,9.0,2011,1.9806,1,Franchise Star,4.2667,11.5,33.67,60.0,12,750,False,3
6d078701-6f96-5815-a199-846ffe63b5bd,Iman Shumpert,Georgia Tech,Jr,21.0,77.0,G,75.2722,25.9899,0.5055,0.3677,4.735,13.7552,25.8678,19.7106,0.6608,4.4274,38.4379,0.7628,3.5865,3.0139,train,17.0,2011,0.0139,4,Role Player,-1.0,0.9,24.88,12.9,10,461,False,3
7ad061c2-68bb-5af3-9685-4503cbdd3a6d,Isaiah Thomas,Washington,Jr,22.4,69.0,G,76.8873,26.9284,0.5491,0.4053,2.4269,10.1084,27.0774,18.1339,0.2281,2.1355,48.9849,0.7186,5.286,0.4148,train,60.0,2011,1.9832,1,Franchise Star,4.7333,12.1,30.84,45.2,12,556,False,3
fc19c2f7-d7c3-5020-98b8-b73e67d19e05,Marshon Brooks,Providence,Sr,22.4,77.0,G,80.396,27.1849,0.5701,0.3603,6.3888,12.7418,14.1509,15.5495,2.6936,2.4292,33.7979,0.7484,5.3949,0.3483,train,25.0,2011,-0.4589,5,End of Bench,-1.7333,0.0,17.54,3.3,5,200,False,3
f70a8b0d-8972-5ad5-b602-5b57cdb84971,Klay Thompson,Washington St.,Jr,21.4,78.0,G,83.9663,29.9851,0.5564,0.4421,3.125,13.5978,20.5812,18.4462,2.7086,2.5562,30.3161,0.8362,4.0806,2.0619,train,11.0,2011,1.4551,2,All-Star,2.3333,8.5,33.57,57.6,13,934,True,3
a863ded6-b320-55c5-b5dc-3706280c8071,Kyrie Irving,Duke,Fr,19.3,74.0,G,20.5,27.2,0.697,0.375,2.3,10.6,29.8,18.6,1.8,3.0,68.3,0.901,9.3481,2.7372,train,1.0,2011,2.3732,1,Franchise Star,7.4,11.2,32.67,90.9,14,779,False,3
6c282488-e47c-5c2a-99cf-6f47941e5da6,Kawhi Leonard,San Diego St.,So,20.0,78.0,F,78.9768,26.5192,0.5078,0.1902,12.1544,25.1784,14.9897,15.9856,2.1296,2.8,32.428,0.7469,3.5,3.9507,train,15.0,2011,3.0208,1,Franchise Star,8.1333,17.9,32.8,111.9,14,798,True,3
30473fa4-be83-51f7-a8f6-3f4f317d9586,Chris Singleton,Florida St.,Jr,21.6,81.0,F,66.9296,22.214,0.5108,0.3757,8.1417,16.2579,10.5611,21.5755,5.6872,3.9294,42.4175,0.601,1.4891,6.6917,train,18.0,2011,-0.815,5,End of Bench,-3.7,-0.9,17.6,2.2,3,148,False,3
d2a23f28-3fec-5553-bc7d-b5c380cbf5af,Tristan Thompson,Texas,Fr,20.3,80.0,C,76.8,23.1,0.5365,0.0,13.9,13.6,8.0,14.5,7.2,1.8,82.9,0.487,3.6976,5.9261,train,4.0,2011,0.3179,4,Role Player,-0.5667,2.3,28.1,49.3,13,819,False,3
ede81ed8-ace3-56bd-b53d-c62735ad5f1c,Derrick Williams,Arizona,So,20.1,80.0,W,72.4497,27.9066,0.6675,0.1512,11.1335,21.2018,7.9383,17.2796,2.3317,1.7096,85.5766,0.7254,5.8603,1.4148,train,2.0,2011,-0.2152,5,End of Bench,-1.2667,0.8,20.33,14.2,7,428,False,3
5463cb25-a607-5716-8779-4855738dd44c,Norris Cole,Cleveland St.,Sr,22.7,74.0,G,87.2023,29.6525,0.5379,0.2692,2.3637,12.8494,32.2194,15.0548,0.3181,3.2462,41.8562,0.8293,5.0341,1.0487,train,28.0,2011,-0.4998,5,End of Bench,-3.2333,-1.5,24.97,3.0,6,360,False,3
98df8892-675d-5914-8e87-238ec25c8b87,Markieff Morris,Kansas,Jr,21.8,82.0,F,54.3414,23.3635,0.6195,0.1593,13.1643,23.1553,10.9292,20.3714,5.031,1.7634,50.3704,0.6585,4.5522,4.8213,train,13.0,2011,0.3229,4,Role Player,-0.4,2.7,26.82,27.1,14,791,False,3
382e0908-9825-5ac2-9a3e-5ed79e6661a0,Jimmer Fredette,BYU,Sr,22.3,74.0,G,83.3983,33.4525,0.597,0.396,2.1991,8.2711,28.1271,15.8246,0.2395,2.2165,39.5685,0.8845,7.4481,-0.6715,train,10.0,2011,-0.5136,5,End of Bench,-1.3667,0.1,14.64,2.2,6,241,False,3
738ac034-0d6e-5edc-a98f-487ea4c59551,Kenneth Faried,Morehead St.,Sr,21.6,80.0,C,81.0937,26.0935,0.5919,0.0039,18.5204,32.9226,6.8277,18.1234,7.8701,3.3442,63.6286,0.5802,2.1083,4.7895,train,22.0,2011,0.7139,3,Quality Starter,1.4333,4.4,26.52,38.7,8,478,False,3
9170b4f7-8357-5e94-9d2b-33c26f708047,Alec Burks,Colorado,So,19.9,78.0,G,76.5756,30.4119,0.5923,0.1821,8.9089,13.8081,17.7933,14.6815,1.1593,2.0637,58.4689,0.8105,6.2503,-0.5039,train,12.0,2011,0.5959,3,Quality Starter,1.1667,3.7,25.94,31.9,14,791,False,3
fee6496e-f112-50a1-b7ef-07ae6cdf8ce7,Charles Jenkins,Hofstra,Sr,22.3,75.0,G,90.7605,28.5506,0.5883,0.2893,2.4,9.4886,28.6772,15.4587,1.6564,2.701,43.7303,0.8158,6.0853,-0.4561,train,44.0,2011,-1.1819,5,End of Bench,-4.55,-1.2,12.13,0.5,2,110,False,2
49f3fc45-f6d9-5586-aa17-4fb8dd6cbec9,Nikola Vucevic,USC,Jr,20.7,82.0,F,82.3898,23.0286,0.5713,0.1748,10.5162,24.5372,10.1385,14.6071,4.4046,1.0315,36.2414,0.7482,3.2385,4.5656,train,16.0,2011,2.2075,1,Franchise Star,5.3667,13.0,32.34,84.4,15,1036,True,3
91559185-7e8d-54ac-b55c-e73b94dc754b,Shelvin Mack,Butler,Jr,21.2,75.0,G,78.4732,26.4791,0.5395,0.4922,2.9283,13.6243,25.27,17.0558,0.3277,1.9196,31.0357,0.7582,4.4249,1.5459,train,34.0,2011,-0.3304,5,End of Bench,-1.4667,0.5,18.78,10.3,8,456,False,3
86d61ac8-ad95-5d42-bcde-5627972979e0,Greg Stiemsma,Wisconsin,Sr,22.7,83.0,C,27.8,18.3,0.5822,0.0,11.8,20.6,13.7,21.7,11.4,2.1,24.7,0.826,1.7352,10.3859,train,,2008,-0.3774,5,End of Bench,-1.0333,0.5,16.03,6.0,4,203,False,3
9eed5c0f-174b-554d-975c-605c6a2acca8,Donald Sloan,Texas A&M,Sr,22.4,75.0,G,79.7699,24.8418,0.5296,0.2818,2.0699,10.7719,18.8394,16.2712,0.1866,1.2001,43.6092,0.7573,3.2327,0.5467,train,,2010,-0.4055,5,End of Bench,-1.6,0.5,17.39,4.1,5,218,False,3
be772b81-bfdf-5370-993e-e48347105bc8,Jordan Williams,Maryland,So,20.7,82.0,C,75.8663,22.5474,0.5442,0.0,12.6274,25.2316,3.2688,11.4726,3.9353,1.3372,54.7185,0.5605,1.3869,1.5974,train,36.0,2011,,5,End of Bench,-2.1,0.0,14.77,1.3,1,43,False,1
98a94f06-b2be-5565-9fc3-96e950a546bf,Lance Thomas,Duke,Sr,22.2,80.0,C,56.9195,13.7246,0.5304,0.0,10.6149,10.6822,5.3375,23.9194,1.0552,1.4336,58.9061,0.6728,1.6306,2.6967,train,,2010,-0.708,5,End of Bench,-3.4667,-1.4,20.42,5.5,9,399,False,3
ffe51a51-47f1-5c27-b4c8-7fc8c51f530d,Lavoy Allen,Temple,Sr,22.4,81.0,F,81.3752,19.4852,0.5442,0.06,10.792,20.5307,13.8363,14.5494,5.1734,1.1356,29.7255,0.6723,2.3321,4.9627,train,50.0,2011,-0.2987,5,End of Bench,-1.1,0.9,17.44,13.8,6,388,False,3
930dcb88-eeac-5bf3-b751-4d3164a8c74b,Jon Leuer,Wisconsin,Sr,22.1,82.0,F,72.1585,28.3806,0.5653,0.2666,6.7178,21.1303,12.9093,11.4541,3.5331,1.1239,29.6252,0.7853,4.7246,1.9732,train,40.0,2011,-0.3075,5,End of Bench,-0.6,1.0,15.2,13.1,8,377,False,3
805ec358-6b37-57ab-8b67-3c9849107abd,Nolan Smith,Duke,Sr,22.9,74.0,G,80.3023,27.5238,0.5536,0.293,3.6498,8.6175,24.8318,16.6117,0.3478,2.0397,36.2844,0.8012,5.5067,1.3058,train,21.0,2011,-1.5249,5,End of Bench,-6.2,-1.35,9.87,-0.8,2,84,False,2
61840fbe-4c6d-51f5-9525-663f78a24ee8,Josh Harrellson,Kentucky,Sr,22.4,82.0,C,63.6993,14.4462,0.6033,0.0611,14.8775,18.8967,4.7869,12.6807,5.4656,1.9303,26.2834,0.6231,4.5851,4.3367,train,45.0,2011,-0.2379,5,End of Bench,0.1,0.9,14.59,2.1,3,75,False,1
6362e968-f855-58ea-87dc-201fd081c49f,Reggie Jackson,Boston College,Jr,21.2,75.0,G,79.3264,26.2042,0.5795,0.3651,5.1763,12.2538,28.7348,17.3506,1.6721,1.7516,30.9196,0.7683,6.4314,0.4996,train,24.0,2011,0.9269,3,Quality Starter,1.3,5.8,29.53,36.2,14,884,False,3
75062bdc-c2ba-5fc4-8ee0-b0987495558d,Tobias Harris,Tennessee,Fr,18.9,80.0,F,72.5,25.9,0.5396,0.189,7.5,20.6,10.4,14.3,3.4,1.4,42.3,0.753,2.687,2.0313,train,19.0,2011,1.3303,2,All-Star,2.0333,7.3,33.94,80.6,15,1033,True,3
2c65dee3-b2da-55d9-90a2-d10a94d5d2d9,Jeremy Pargo,Gonzaga,Sr,23.3,74.0,G,77.7707,21.8875,0.5493,0.2386,2.5733,9.5188,29.8768,23.3298,0.6438,2.6281,29.7162,0.6921,2.9493,1.5579,train,,2009,-1.271,5,End of Bench,-5.4,-1.2,13.0,-0.8,3,86,False,2
c3d5c365-1d56-5be9-b33f-9750cc92ef2a,Cory Higgins,Colorado,Sr,22.0,77.0,G,83.1115,24.9266,0.5716,0.2438,2.7311,10.8108,15.4199,16.1243,1.1584,2.4986,48.2817,0.8408,3.2723,-0.14,train,,2011,,5,End of Bench,-10.4,-2.7,11.13,-1.3,2,44,False,1
488d6c61-7970-5afd-b99d-f87e4e47b213,Andrew Goudelock,Charleston,Sr,22.5,74.0,G,85.9763,29.6883,0.5717,0.4566,2.2784,9.6363,22.8255,14.9116,0.6917,1.5864,16.5823,0.8302,5.1695,-2.2513,train,46.0,2011,,5,End of Bench,-5.0,-0.9,10.47,0.1,3,49,False,1
18f65765-7ad2-50a1-9c7a-ca56c0811713,Jimmy Butler,Marquette,Sr,21.8,78.0,G,82.4812,20.3946,0.6024,0.1309,8.7622,12.6841,12.1768,11.0199,1.4615,2.3131,73.8468,0.7766,6.0392,2.2175,train,30.0,2011,2.6669,1,Franchise Star,7.5667,14.1,33.61,129.4,15,907,True,3
6e88bbe8-1c52-5000-885f-92a986a1e36e,E'Twaun Moore,Purdue,Sr,22.3,76.0,G,82.0343,26.4699,0.5387,0.3488,4.3883,12.0185,20.3797,13.7148,1.4262,2.3019,27.4356,0.7219,5.0223,2.5914,train,55.0,2011,-0.452,5,End of Bench,-1.6667,0.3,16.87,14.8,10,598,False,3
a84d3350-9962-53f5-8f9c-d8123d5ea2d4,Terrel Harris,Oklahoma St.,Sr,21.9,77.0,W,77.2276,20.6082,0.5815,0.431,3.6082,13.5439,11.3119,18.8567,0.972,3.036,34.1437,0.801,3.5299,2.2493,train,,2009,,5,End of Bench,-5.1,-0.9,14.45,-0.5,2,42,False,1
51fb42b0-2ac1-569c-a010-afd20dfbe53f,JaJuan Johnson,Purdue,Sr,22.4,82.0,F,81.3958,26.1622,0.5615,0.0623,8.3156,18.8224,6.0265,11.4214,6.9752,1.4925,45.6307,0.7715,2.1323,4.4104,train,27.0,2011,,5,End of Bench,-3.9,-0.3,8.28,0.2,1,36,False,1
8297da8a-eefd-5171-b508-0e76c72dcf5e,Cory Joseph,Texas,Fr,19.8,75.0,G,80.4,16.8,0.5257,0.391,2.2,9.5,17.3,16.1,0.9,1.9,22.7,0.699,3.7043,2.8283,train,29.0,2011,-0.015,4,Role Player,0.6333,2.1,15.82,32.2,14,866,False,3
e2e6e359-182f-5009-9e56-d6d392935209,Jordan Hamilton,Texas,So,20.7,79.0,F,72.7564,26.2533,0.542,0.4489,6.6002,17.3946,14.3413,14.6763,1.753,1.7411,21.9119,0.7317,5.6975,2.4531,train,26.0,2011,-0.206,5,End of Bench,0.5667,1.1,13.29,3.0,5,151,False,3
ca2ede35-9a96-5299-940f-2c0c26350218,Mickell Gladness,Alabama A&M,Sr,21.9,83.0,C,77.7,18.5,0.5157,0.01,6.8,24.1,5.5,20.0,14.1,1.5,61.6,0.705,-4.9015,6.8358,train,,2008,,5,End of Bench,-4.7,-0.6,9.69,0.2,1,26,False,1
c76803e9-a67c-570a-8288-31c08f9f9aa9,Malcolm Lee,UCLA,Jr,21.1,77.0,G,79.0323,20.3227,0.5411,0.3776,3.4793,9.1014,14.6697,17.4266,0.7348,1.5366,43.9065,0.7384,2.6286,0.2589,train,43.0,2011,,5,End of Bench,-1.3,0.0,18.06,0.5,3,36,False,1
0099b257-0e96-520f-a19d-05c9fde7ac4a,Josh Selby,Kansas,Fr,20.2,74.0,G,34.8,23.3,0.4891,0.487,2.4,9.7,17.8,24.4,0.2,2.3,19.2,0.757,0.5422,1.176,train,49.0,2011,,5,End of Bench,,,,-0.7,2,38,False,0
ee03b920-adf7-5100-baa2-2b3637f00930,Daniel Orton,Kentucky,Fr,19.9,83.0,C,32.7,15.9,0.5334,0.022,10.3,16.3,5.0,26.8,10.6,2.4,69.2,0.524,-0.653,8.036,train,29.0,2010,-1.0587,5,End of Bench,-4.0,-0.3,11.41,1.1,3,51,False,1
8e90f49d-174a-5bdc-8913-f7420bd5b8cc,Jerome Dyson,Connecticut,Sr,23.2,76.0,G,73.2011,28.7804,0.4966,0.2837,3.7598,9.699,25.2226,20.9484,1.6115,2.72,44.402,0.7272,2.2617,1.5263,train,,2010,,5,End of Bench,,,,0.1,1,9,False,0
73cac11d-f238-5685-bbb7-9eefa16d9605,Darius Morris,Michigan,So,20.5,76.0,G,79.6133,25.8357,0.5202,0.1953,3.0161,9.9968,38.0681,20.8418,0.2806,1.8484,37.3484,0.6917,2.8591,1.3792,train,41.0,2011,-1.2552,5,End of Bench,-5.0333,-0.9,11.46,-0.4,4,132,False,3
94d992fa-b099-5c22-a401-6537c7132856,Elliot Williams,Memphis,So,21.0,77.0,G,83.3,27.7,0.5985,0.423,2.7,11.3,24.0,18.8,0.4,2.4,66.0,0.758,5.4265,-0.6446,train,22.0,2010,-1.2969,5,End of Bench,-5.6,-3.3,17.27,0.7,4,109,False,1
bebb45d4-ece9-5816-bdff-24334a3bd7ae,Vernon Macklin,Florida,Sr,24.7,82.0,C,58.3382,22.367,0.5835,0.0009,11.0728,14.0013,7.5118,17.5046,3.5134,1.082,33.3829,0.4783,2.5128,1.7466,train,52.0,2011,,5,End of Bench,,,,0.5,1,23,False,0
96bc2204-3177-5d21-8cab-21f780b6a32d,Marcus Morris,Kansas,Jr,21.8,81.0,F,65.5628,24.7173,0.612,0.1499,11.9554,17.3552,10.4825,14.5092,2.0602,1.9889,51.0629,0.6718,6.1765,2.5846,train,14.0,2011,0.495,3,Quality Starter,0.1333,3.5,27.58,39.4,13,832,False,3
914f1500-f148-55b4-acb7-49031ef3eff2,Trey Thompkins,Georgia,Fr,21.1,82.0,F,56.4,25.9,0.515,0.278,8.7,22.0,7.5,20.5,4.2,2.1,23.6,0.726,-0.9984,2.2894,train,37.0,2011,,5,End of Bench,,,,0.0,1,24,False,0
255f9c6e-b5af-51c3-b0a8-03ffa1a4d960,DeAndre Liggins,Kentucky,Jr,23.2,78.0,G,68.0053,15.9939,0.5164,0.3761,2.4787,11.8486,14.8522,18.8978,2.2664,2.3608,40.6774,0.6421,2.2707,3.1502,train,53.0,2011,-0.7622,5,End of Bench,-2.35,-0.15,12.51,1.6,5,177,False,2
e6ff28cf-be5e-5f18-ac37-df1793e925fc,Jerome Jordan,Tulsa,Sr,23.7,84.0,C,74.9,25.9,0.5966,0.0,9.3,23.8,10.1,17.1,7.7,0.9,72.5,0.688,1.4315,3.9777,train,44.0,2010,-0.7112,5,End of Bench,-1.2,0.3,8.7,1.7,2,65,False,1
b8b199aa-2a69-54e8-aa74-7331238894ec,Courtney Fortson,Arkansas,So,22.1,71.0,G,61.0172,32.7325,0.4885,0.2869,5.1126,12.8458,36.2751,24.6126,0.4083,2.1166,46.6361,0.6875,1.3511,0.0966,train,,2010,,5,End of Bench,,,,0.0,1,10,False,0
4f27b123-49b8-5bcd-8605-2200bb603591,Mychel Thompson,Pepperdine,Sr,23.1,79.0,F,77.0065,23.7362,0.4581,0.402,4.975,14.2622,12.9178,13.963,2.8576,1.9654,24.7212,0.7648,0.6135,-0.5275,train,,2011,,5,End of Bench,,,,-0.2,1,5,False,0
82b497ef-8511-59f8-a723-5041253a2cd5,Justin Dentmon,Washington,Sr,23.8,71.0,G,67.0995,21.63,0.5722,0.4048,3.12,7.7601,16.6,17.1201,0.5,2.81,42.74,0.7886,5.2918,2.0613,train,,2009,,5,End of Bench,,,,-0.1,2,8,False,0
66712837-f758-530d-9ae6-cfcb42aacc86,Tyler Honeycutt,UCLA,So,20.9,80.0,F,76.8109,21.0307,0.527,0.3737,6.3411,18.3205,17.3949,24.7154,5.4017,1.9462,34.089,0.7023,1.4834,5.0889,train,35.0,2011,,5,End of Bench,,,,-0.1,2,24,False,0
1d10de77-62b4-5917-b54d-4d9bbbedc369,Justin Harper,Richmond,Sr,21.8,82.0,F,71.1445,23.9284,0.6087,0.3995,7.1112,17.7723,8.3954,13.4213,3.9248,1.3976,25.7383,0.7487,4.0952,1.4681,train,32.0,2011,,5,End of Bench,,,,-0.4,3,22,False,0
4a686e5c-b5b4-58b1-8553-ec56185c2dd1,D.J. Kennedy,St. John's,Sr,21.6,77.0,G,74.0378,21.4964,0.5618,0.2934,6.0029,17.5376,16.7126,18.4573,1.9611,3.0536,55.2009,0.7605,4.0667,3.8285,train,,2011,,5,End of Bench,,,,0.0,1,2,False,0
4ff4fa5d-c549-566e-98be-48b91e534c10,Edwin Ubiles,Siena,Sr,23.6,78.0,G,74.4219,23.5262,0.5371,0.1748,4.3523,10.2047,13.5376,15.6944,1.7615,2.1763,25.5021,0.6598,2.0596,0.9081,train,,2010,,5,End of Bench,,,,0.0,1,4,False,0
f32e6888-fd1e-5be7-94a3-5c9dc9d5f916,Jerry Smith,Louisville,Sr,22.7,74.0,G,57.9868,17.9656,0.5618,0.5955,4.0333,9.6805,13.2067,18.9683,0.9914,3.2745,34.6656,0.7077,3.7395,2.2189,train,,2010,,5,End of Bench,,,,0.0,1,5,False,0
40505236-b9d8-5f84-b085-41e566d0a9b1,Travis Leslie,Georgia,Jr,21.2,76.0,G,74.1534,25.8996,0.55,0.0871,12.4099,14.1335,19.8806,17.3825,2.5068,2.4426,39.1233,0.768,5.2234,2.6788,train,47.0,2011,,5,End of Bench,,,,0.1,1,10,False,0
680c72ef-2e5c-5e57-b968-b405c594b326,Darington Hobson,New Mexico,Jr,22.7,79.0,W,83.3,27.7,0.5201,0.246,7.0,24.6,29.3,18.7,1.6,2.2,45.3,0.653,4.3747,3.2005,train,37.0,2010,,5,End of Bench,,,,-0.2,1,5,False,0
5c5ac2fd-aec0-5440-a4b3-069c5b498e44,Jeff Foote,Cornell,Sr,22.9,84.0,C,68.7427,23.8161,0.591,0.0,10.1178,23.3557,16.0116,20.6439,7.5394,1.0207,59.2023,0.5995,1.5738,3.8609,train,,2010,,5,End of Bench,,,,-0.1,1,4,False,0
e5561ec8-38f3-576e-b019-fde4e1268e97,Xavier Silas,Northern Illinois,Sr,23.4,77.0,G,66.2666,31.0878,0.5617,0.3539,3.6042,12.9228,14.3892,19.2816,1.0988,1.9542,52.3993,0.8163,1.7644,-1.7899,train,,2011,,5,End of Bench,,,,-0.1,2,4,False,0
2bad2cf3-4246-5c7d-8d37-73a404f6e1aa,Dennis Horner,N.C. State,Sr,22.4,81.0,W,61.3192,19.8084,0.5672,0.3508,6.4002,12.2478,11.1596,15.2274,2.853,1.9073,38.8005,0.7798,3.5493,1.9912,train,,2010,,5,End of Bench,,,,0.0,1,8,False,0
84e24504-f17f-565c-a779-3152b2bdfff9,Ryan Reid,Florida St.,Sr,23.7,80.0,C,51.443,18.3079,0.515,0.0012,10.0241,11.0246,8.9104,26.2423,2.9669,1.669,49.648,0.6162,-0.9897,2.8948,train,57.0,2010,,5,End of Bench,,,,0.1,1,5,False,0
42f1d4c1-7a98-5018-ab75-ac73b3173089,Malcolm Thomas,San Diego St.,Sr,22.6,81.0,C,76.9623,21.55,0.5498,0.0294,10.7843,19.3644,13.7932,19.0915,6.5947,1.1307,59.2162,0.5922,1.8131,4.9143,train,,2011,,5,End of Bench,,,,0.1,4,40,False,0
d5f84634-0708-5a67-a8e9-11052bdde48f,Keith Benson,Oakland,Sr,22.9,83.0,C,77.714,23.7868,0.5875,0.0346,9.8219,24.5407,5.682,12.8102,9.9053,1.1915,60.9772,0.6686,1.8705,3.213,train,48.0,2011,,5,End of Bench,,,,0.0,1,3,False,0
ecc80cbe-f1b3-570f-b9fa-8d2c09d7f298,Damian Lillard,Weber St.,Jr,21.9,74.0,G,80.6165,30.9464,0.6092,0.4711,1.8333,13.8645,26.8363,13.6654,0.6803,2.4359,49.4483,0.8717,7.3885,-0.628,train,6.0,2012,3.0306,1,Franchise Star,7.0333,18.2,36.45,118.3,13,900,False,3
ea4631de-9c72-55b9-96d9-da36049e1fb3,Kyle Singler,Duke,Sr,23.1,80.0,W,86.053,23.8638,0.542,0.3844,8.0344,14.149,10.9395,14.1575,1.5616,1.746,33.34,0.7904,5.0573,2.2808,train,33.0,2011,-0.2024,5,End of Bench,-2.1667,-0.3,26.12,10.1,6,356,False,3
92a5b0f3-cff0-5440-8c60-56998524a7da,Harrison Barnes,North Carolina,So,20.1,80.0,W,73.0003,25.5655,0.5259,0.3061,7.0003,11.6016,8.0022,14.2005,1.2003,1.7995,33.2219,0.732,4.1182,1.6338,train,7.0,2012,0.6731,3,Quality Starter,-0.2,3.2,33.84,66.3,14,1070,True,3
153423b5-1b7a-50a8-bb00-45e177e2d0ac,Tyler Zeller,North Carolina,Sr,22.4,84.0,C,66.8239,23.8206,0.6059,0.0007,12.8729,18.3131,5.4792,14.26,4.9037,1.5979,54.4771,0.7878,4.7968,3.8728,train,17.0,2012,-0.3931,5,End of Bench,-1.5333,1.0,16.46,17.0,8,414,False,3
d68e8ed0-add7-57c4-a23b-bf6dd2e350c9,Michael Kidd-Gilchrist,Kentucky,Fr,18.7,79.0,W,77.8,21.3,0.5705,0.156,10.3,16.1,10.8,19.6,2.8,1.9,58.9,0.745,4.9548,3.1435,train,2.0,2012,-0.0869,4,Role Player,-1.7333,0.3,26.23,21.0,8,446,False,3
e17e856f-1837-5975-b91b-5dda472e5b28,Moe Harkless,St. John's,Fr,19.1,80.0,W,89.9,24.3,0.504,0.185,8.4,18.2,9.6,16.8,4.2,2.6,32.6,0.676,1.2363,1.971,train,15.0,2012,0.3975,4,Role Player,0.5,2.9,25.01,23.0,10,621,False,3
86169f15-ac60-5d6f-b3b5-8e59d349e1fc,Anthony Davis,Kentucky,Fr,19.3,82.0,C,80.1,19.1,0.6541,0.059,11.6,23.9,7.5,10.0,13.7,2.5,60.2,0.709,7.5001,10.0777,train,1.0,2012,2.9808,1,Franchise Star,8.0333,16.6,34.76,120.0,14,807,True,3
42559c07-d197-5c3b-9e01-6ab87411a32b,Dion Waiters,Syracuse,So,20.5,76.0,G,54.8932,24.3638,0.5538,0.3488,2.474,8.1753,20.2872,13.6154,1.3273,4.5013,31.225,0.7539,5.3864,1.5772,train,4.0,2012,0.0591,4,Role Player,-1.5667,0.6,28.67,8.7,8,419,False,3
fbf5ccf7-93a7-5604-bf8a-6e4bd4dd27d7,Bradley Beal,Florida,Fr,19.0,75.0,G,84.7,22.4,0.5745,0.473,4.8,18.1,12.7,17.0,2.6,2.5,44.0,0.769,4.9615,2.9823,train,3.0,2012,1.7201,2,All-Star,3.0667,9.1,36.32,58.3,14,807,True,3
eaa97982-1d75-5d8e-83ab-3ab97f451031,Jeffery Taylor,Vanderbilt,Sr,23.1,79.0,G,76.9462,25.6248,0.5671,0.2953,8.1712,12.5082,13.846,17.1738,1.4815,2.2349,42.8527,0.6575,5.0315,1.872,train,31.0,2012,-0.9173,5,End of Bench,-4.6333,-1.4,19.44,1.3,3,132,False,3
f514614e-836f-5b8d-9ecf-7b7288b1a502,Austin Rivers,Duke,Fr,19.9,76.0,G,82.4,24.0,0.5384,0.396,2.2,9.2,13.0,17.0,0.1,1.7,45.8,0.658,2.9612,-0.1008,train,10.0,2012,-0.0917,4,Role Player,-2.0333,0.1,27.6,15.2,11,707,False,3
5c2c0020-ac4c-5578-b9bb-9acc068338be,Jae Crowder,Marquette,Sr,22.0,78.0,G,78.3945,21.2637,0.5885,0.3922,7.7363,19.9699,12.8815,9.476,3.1589,3.8582,37.524,0.7,7.0598,5.173,train,34.0,2012,0.7915,3,Quality Starter,1.2,5.2,27.71,43.0,13,812,False,3
f6e586ef-9447-5c28-80ae-0de5c6460fa6,Brian Roberts,Dayton,Sr,22.6,74.0,G,85.1,26.2,0.6292,0.503,0.9,9.4,23.9,19.2,0.5,0.7,29.5,0.86,6.014,-1.5159,train,,2008,-0.2677,5,End of Bench,-1.3333,0.7,19.46,7.4,5,314,False,3
2a37016f-fb96-5af1-8ba4-867fb1942f1a,Andrew Nicholson,St. Bonaventure,Sr,22.5,81.0,F,75.4993,27.8078,0.624,0.0886,9.4667,20.7002,8.0627,18.1207,6.5888,1.0967,45.9226,0.7462,2.7661,2.1705,train,19.0,2012,-0.9564,5,End of Bench,-3.7,-1.1,14.47,3.9,5,285,False,3
32753bfd-7cb7-53ba-8f52-af556f136c7c,Andre Drummond,Connecticut,Fr,18.9,82.0,C,70.3,20.8,0.5093,0.007,14.2,15.5,3.4,16.0,9.9,1.8,30.1,0.295,0.7493,4.741,train,9.0,2012,1.3211,2,All-Star,2.1,7.9,32.27,80.1,14,967,True,3
2523e169-6722-525a-a61c-87bb3874c738,Terrence Ross,Washington,So,21.4,78.0,W,69.6798,22.4644,0.5573,0.4409,4.8285,16.4645,9.2857,14.6644,2.7858,2.1929,18.7788,0.7643,3.6083,2.0615,train,8.0,2012,0.23,4,Role Player,-0.4333,2.3,25.42,25.0,11,733,False,3
e858781a-00a6-5f69-bc71-b1a2c0fc0655,Meyers Leonard,Illinois,So,20.3,84.0,C,72.0041,21.4944,0.6061,0.0356,8.5944,22.2977,9.1584,20.3181,6.709,0.9225,41.9932,0.7291,0.7943,4.7274,train,11.0,2012,-0.0576,4,Role Player,0.9667,1.4,14.94,15.9,10,456,False,3
5d61f258-659a-5573-b630-fbbd985c5db0,Festus Ezeli,Vanderbilt,Sr,22.7,83.0,C,45.78,25.1809,0.5776,0.0,13.0467,16.6477,2.2663,21.29,9.5284,1.2056,82.0683,0.5943,-0.1912,3.4734,train,30.0,2012,-0.4445,5,End of Bench,-0.95,0.6,13.85,5.9,3,170,False,2
f14c68a4-021b-5340-8290-8af8200932a1,Draymond Green,Michigan St.,Sr,22.3,79.0,F,76.9488,26.5375,0.5392,0.2543,8.8886,26.5621,25.6854,19.0867,3.6441,2.9434,39.8248,0.7073,4.9478,6.5122,train,35.0,2012,2.1319,1,Franchise Star,4.6333,13.1,32.92,66.3,14,949,True,3
4c9a433c-6402-53c5-bd18-90fdf491e818,Thomas Robinson,Kansas,Jr,21.3,81.0,F,69.0311,28.7493,0.5516,0.0216,12.6255,30.3852,12.0248,17.5144,3.4153,1.9399,48.6338,0.6428,2.0467,3.9697,train,5.0,2012,-0.7978,5,End of Bench,-2.6333,-0.4,13.15,4.5,5,313,False,3
ea9383be-0316-5e4a-91ab-33e2fffafea3,John Jenkins,Vanderbilt,Jr,21.3,75.0,G,78.0471,22.6706,0.6498,0.6421,1.7297,7.9911,8.2607,11.9494,0.9401,1.4102,34.4617,0.8503,7.7378,-0.2745,train,23.0,2012,-0.6216,5,End of Bench,-1.3,0.15,11.6,2.9,6,171,False,2
bbf86d7b-6716-50e4-96ce-bc00f933d0de,Will Barton,Memphis,So,21.5,78.0,W,83.7647,24.705,0.5616,0.2793,6.9353,16.8079,17.9647,16.1338,1.9489,2.5511,34.0705,0.7339,4.6402,2.8268,train,40.0,2012,0.7876,3,Quality Starter,0.7,4.8,30.23,26.4,11,679,False,3
f92fceab-d891-5ad4-9531-2bf0b19f1db2,Jared Sullinger,Ohio St.,So,20.3,81.0,F,74.4424,27.123,0.5912,0.0691,13.0664,24.7079,8.1752,12.9567,3.2921,2.1938,56.5724,0.7453,5.4137,3.6998,train,21.0,2012,0.3677,4,Role Player,0.1,2.8,25.92,15.3,5,269,False,3
277ab674-5990-5c6c-ae18-db9fa13bcb6e,John Henson,North Carolina,Jr,21.5,83.0,C,64.2848,22.2289,0.5029,0.0137,10.3337,24.5066,7.5935,13.9319,10.1878,1.2557,35.4104,0.4948,1.2081,7.5368,train,14.0,2012,0.1056,4,Role Player,0.1333,2.0,20.85,20.7,8,445,False,3
c02ea242-16de-55d5-b5ce-a235135c5468,Patrick Beverley,Arkansas,So,21.0,73.0,G,84.2,18.4,0.5373,0.521,4.2,18.5,12.9,18.1,1.5,2.1,40.0,0.644,3.5247,2.3197,train,42.0,2009,0.6603,3,Quality Starter,1.8667,3.7,25.0,40.3,12,666,False,3
ff881ba8-286b-5433-a5a2-b849ff3a629f,Kendall Marshall,North Carolina,So,20.9,76.0,G,73.2356,17.4958,0.5468,0.334,0.5565,7.4131,43.8562,27.935,0.4435,2.1131,38.2378,0.6943,3.3346,0.2192,train,13.0,2012,-0.5461,5,End of Bench,-2.8,-0.7,20.64,1.0,4,160,False,3
3f5070ad-4ddc-5a14-bbac-e03dccfeaf06,Darius Miller,Kentucky,Sr,22.3,80.0,W,66.942,17.6734,0.5845,0.473,4.6407,8.7596,13.0662,17.9712,2.2057,1.7798,22.4781,0.8147,5.1519,1.9403,train,46.0,2012,-0.3129,5,End of Bench,-2.4,-0.45,24.51,6.4,6,271,False,2
ace5825e-0e58-58d6-8bee-f01dc17b36d5,Kyle O'Quinn,Norfolk St.,Sr,22.3,82.0,C,75.9677,23.4511,0.6169,0.1424,11.4133,24.6286,9.3296,18.7648,8.9938,1.0587,52.4326,0.6958,1.5467,3.3257,train,49.0,2012,0.1483,4,Role Player,2.1667,2.4,13.72,17.9,8,472,False,3
38489221-5249-5232-9337-ce4c7af5a7e2,Orlando Johnson,UC Santa Barbara,Sr,23.3,77.0,G,82.4941,30.0253,0.572,0.3558,5.7121,14.1687,20.6082,15.784,2.0138,1.9133,43.2131,0.7329,4.8499,-0.2597,train,36.0,2012,-0.8441,5,End of Bench,-2.45,0.0,10.53,1.4,3,103,False,2
32eec1d3-9367-5017-9687-fe442c814426,Doron Lamb,Kentucky,So,20.6,76.0,G,75.7942,18.4116,0.6264,0.4389,1.687,7.0457,9.579,12.5659,0.3246,0.9935,37.4399,0.8148,6.1459,-0.4189,train,42.0,2012,-1.4223,5,End of Bench,-5.95,-1.95,12.72,0.1,2,100,False,2
372d200e-621c-50a0-a7a0-d50c839f3147,Arnett Moultrie,Mississippi St.,Jr,21.6,83.0,F,75.6816,21.9837,0.5739,0.0915,11.1513,20.4208,7.0339,18.5546,2.6123,1.8028,42.3149,0.7142,1.9436,1.9419,train,27.0,2012,-0.5979,5,End of Bench,-1.2,0.3,11.53,1.7,2,59,False,1
cbbf019c-cc32-5ce2-ae0d-24bb38493ec7,Khris Middleton,Texas A&M,Jr,20.9,79.0,W,56.8703,26.8301,0.5235,0.3385,6.7636,14.4326,19.613,18.496,0.7892,2.2727,32.4121,0.7614,3.1491,2.2249,train,39.0,2012,1.2464,3,Quality Starter,2.3333,6.7,31.95,58.2,14,839,True,3
b6951eb7-6843-520f-bab4-ec9b8e565af2,Bernard James,Florida St.,Sr,27.4,82.0,C,64.4184,19.9787,0.6088,0.0,13.102,19.3404,3.2957,21.368,10.6066,1.7936,50.5818,0.5387,1.1959,6.7835,train,33.0,2012,-0.7442,5,End of Bench,-1.6,0.0,9.93,1.8,3,92,False,1
1e7f920c-bc97-5e53-b71d-5febd1029c31,Kim English,Missouri,Sr,23.8,78.0,G,74.5901,20.6559,0.5985,0.503,3.1488,11.6266,9.82,17.1792,0.9319,2.4458,36.2932,0.7252,4.2608,0.4884,train,44.0,2012,,5,End of Bench,-4.2,-0.6,9.93,0.2,1,41,False,1
0a3cff7b-45f0-5a0a-b00a-5f6f88e9b79d,Marquis Teague,Kentucky,Fr,19.3,74.0,G,81.4,21.0,0.4908,0.227,1.6,6.7,25.5,23.8,0.8,1.7,33.8,0.714,2.1981,0.1494,train,29.0,2012,-1.5958,5,End of Bench,-6.5,-1.5,9.49,-0.9,3,91,False,2
56dcf593-0e95-5d9a-9bb8-b405eae423e0,Mike Scott,Virginia,Sr,23.9,80.0,F,68.3092,27.8613,0.5989,0.0423,10.5028,23.0735,10.5074,15.3341,1.7569,1.3489,42.9816,0.7975,2.8252,2.2356,train,43.0,2012,-0.2541,5,End of Bench,-0.7333,1.1,16.82,16.9,9,555,False,3
1378c2e9-9bf6-5af3-a74e-611e31a1ea5e,Quincy Acy,Baylor,Sr,21.7,79.0,F,72.3748,19.4056,0.6216,0.0131,10.7337,17.8737,5.7688,19.4736,5.839,1.7306,62.0749,0.7367,2.9299,3.636,train,37.0,2012,-0.5175,5,End of Bench,-1.5667,0.0,15.47,8.6,7,337,False,3
d1c406c5-1a81-5488-b41f-abbf47e25485,Kevin Jones,West Virginia,Sr,22.8,80.0,F,88.5863,21.2276,0.5534,0.2502,11.8479,18.1349,7.5247,9.3506,2.6373,1.1027,25.4438,0.7103,5.6281,1.5823,train,,2012,,5,End of Bench,-4.1,-0.6,10.44,0.2,1,32,False,1
0a7018c3-0362-566d-a859-e30f460757fd,Perry Jones III,Baylor,So,20.8,83.0,F,72.256,22.1065,0.5515,0.0697,10.3445,17.5751,8.3065,16.1462,2.4416,1.3963,34.2218,0.6918,2.6697,1.2634,train,28.0,2012,-1.1321,5,End of Bench,-4.3667,-0.7,11.71,1.7,3,143,False,3
fb86b982-f3d9-5fe5-ac9c-8606c677f734,Terrence Jones,Kentucky,So,20.5,81.0,F,72.7706,24.2816,0.534,0.1495,10.1515,18.3897,9.2765,14.4316,5.8721,2.5199,47.3022,0.6338,4.1277,4.597,train,18.0,2012,0.6096,3,Quality Starter,1.7,3.2,25.34,14.7,6,234,False,3
5d623408-51c2-5ef4-8a88-d22b36c309a3,Tony Wroten,Washington,Fr,19.2,77.0,G,75.3,32.1,0.4883,0.125,8.0,9.8,24.5,21.8,1.2,3.5,59.1,0.583,1.8264,2.2998,train,25.0,2012,-0.5223,5,End of Bench,-2.9,-0.6,21.4,-1.3,4,145,False,3
b49b8178-9ede-51e4-9d00-0229b34d974f,Kent Bazemore,Old Dominion,Sr,23.0,77.0,G,73.183,26.2158,0.5132,0.2867,5.9732,14.7677,22.9044,21.8156,2.0389,4.321,41.4928,0.6149,2.5588,3.6536,train,,2012,0.4151,4,Role Player,-0.0333,2.9,27.39,13.5,10,657,False,3
934c137b-c8d7-5d4f-abf3-fb78fd180bed,Tyshawn Taylor,Kansas,Sr,22.2,75.0,G,75.1033,24.615,0.5649,0.2873,1.0871,6.9868,28.0396,23.807,0.6945,2.4134,43.4577,0.7003,2.8746,0.9395,train,41.0,2012,-1.8264,5,End of Bench,-8.7,-1.5,11.74,-1.0,2,61,False,1
7c10084c-7a6f-5dff-ba57-893ce26b638b,Robert Sacre,Gonzaga,Sr,23.1,84.0,C,63.7476,23.2736,0.5872,0.0067,10.467,17.2233,6.2591,18.7478,6.6402,1.1728,79.8375,0.7581,0.9452,3.7261,train,60.0,2012,-0.9086,5,End of Bench,-3.9,-1.0,16.19,2.4,4,189,False,3
8a9d4741-89d6-511e-9761-81fa3a838850,Maalik Wayns,Villanova,Jr,21.1,74.0,G,72.1138,27.3333,0.5395,0.3641,1.9921,9.7084,31.2246,19.5372,0.1076,1.9382,42.9249,0.8639,4.6766,-0.561,train,,2012,,5,End of Bench,,,,-0.2,2,29,False,0
d90d3138-b722-5429-80ca-f924a2d70db6,Ben Hansbrough,Notre Dame,Sr,23.5,75.0,G,85.5618,21.6845,0.62,0.5456,2.6514,9.6441,23.9983,17.0943,0.3171,2.0045,43.5263,0.7865,7.282,0.3305,train,,2011,,5,End of Bench,,,,0.2,1,28,False,0
367e5d9b-dc1e-53df-ae14-2a4b129b6581,Diante Garrett,Iowa St.,Sr,22.6,76.0,G,84.4535,25.0065,0.4933,0.2918,1.1877,9.0848,32.8607,20.9882,0.5866,2.4024,23.1025,0.7687,1.1693,0.2439,train,,2011,-1.1558,5,End of Bench,-4.6,-2.1,14.76,-1.0,2,90,False,1
c535690d-bae7-50ca-9df0-f87630543779,Jeremy Lamb,Connecticut,So,20.1,77.0,G,85.6622,21.4156,0.5838,0.4296,3.541,11.3975,10.6951,14.8918,1.8352,2.0459,23.7516,0.8065,4.8605,1.4265,train,12.0,2012,0.5664,3,Quality Starter,1.1,4.3,24.25,26.7,10,573,False,3
a7adb34f-8f13-5900-b44d-17b0458241fa,Justin Holiday,Washington,Sr,22.2,78.0,G,62.1911,16.2516,0.5351,0.3365,7.3257,13.0708,12.7724,17.9435,2.5964,2.2798,21.1915,0.761,3.8279,3.6274,train,,2011,0.3617,4,Role Player,-0.5,2.2,29.15,18.7,11,680,False,3
8144b44a-a1ca-523e-a36a-69beda197824,Aron Baynes,Washington St.,Sr,22.5,82.0,F,67.9489,23.7587,0.6277,0.004,10.1522,22.8946,4.8957,16.6109,5.0424,0.9522,57.8533,0.7405,1.3927,3.5257,train,,2009,-0.4735,5,End of Bench,-1.5667,0.5,15.57,20.2,9,522,False,3
822162b5-8ec7-5716-a598-4df044dad3ac,Jarvis Varnado,Mississippi St.,Sr,22.3,81.0,C,74.6455,21.0446,0.5917,0.0024,10.7104,21.598,5.9686,16.2421,14.7833,1.2132,60.6039,0.6045,1.0388,8.5496,train,41.0,2010,,5,End of Bench,-2.3,0.0,14.12,0.7,2,37,False,1
be3732ba-8d6e-5c83-994f-005c760d46df,Luke Zeller,Notre Dame,Sr,22.2,83.0,C,33.9125,16.5515,0.5299,0.6744,6.7775,12.4515,7.5225,10.6867,1.471,1.0485,8.8937,0.5926,3.5351,-0.1336,train,,2009,,5,End of Bench,,,,-0.1,1,16,False,0
bc349bd4-551c-5cb0-aed8-b24045c4aa0e,Miles Plumlee,Duke,Sr,23.8,82.0,C,46.891,17.2489,0.5922,0.0009,15.2182,21.1184,4.4207,20.4773,3.7429,1.6617,46.8556,0.6243,2.3275,3.0163,train,26.0,2012,-0.2562,5,End of Bench,-1.1333,0.8,18.82,10.7,7,346,False,3
deb9b487-395b-56db-afb1-1371cfd07057,Kris Joseph,Syracuse,Sr,23.5,79.0,G,76.98,21.2359,0.5461,0.3442,5.404,11.9474,9.8734,15.4695,2.1104,2.7032,46.0447,0.7269,3.6,1.8125,train,51.0,2012,,5,End of Bench,,,,-0.1,1,10,False,0
92eb7018-505d-5a3e-b9c0-66f6743bfb79,Kevin Murphy,Tennessee Tech,Sr,22.3,78.0,G,80.4675,29.2432,0.5438,0.3241,3.0795,14.8526,15.6123,19.9962,0.6611,1.5043,34.6791,0.7226,0.3137,-1.7769,train,47.0,2012,,5,End of Bench,,,,-0.3,1,17,False,0
646e4917-6b8b-56c6-a4ce-9639ebf50ed3,Fab Melo,Syracuse,So,22.0,84.0,C,46.2076,16.7343,0.5812,0.0,11.5321,13.5548,4.9086,21.9014,12.287,1.328,35.9981,0.5888,1.0151,6.8332,train,22.0,2012,,5,End of Bench,,,,0.0,1,6,False,0
68b3b74c-39f6-50ae-bead-b80eedfa623c,Jared Cunningham,Oregon St.,Jr,21.1,76.0,G,78.4447,24.7656,0.5701,0.3065,3.8115,9.1117,15.2884,20.1315,1.1311,4.4985,66.1111,0.7471,2.9684,1.1425,train,24.0,2012,-1.4621,5,End of Bench,-5.7,-1.2,9.32,0.2,4,84,False,1
e48578ce-0a36-5573-9d8a-1ced00d95886,Quincy Miller,Baylor,Fr,19.6,81.0,F,59.3,23.3,0.5444,0.22,7.6,16.0,11.3,18.6,2.7,1.6,36.7,0.821,2.5606,1.5306,train,38.0,2012,-0.9363,5,End of Bench,-3.7,-1.2,15.17,-0.1,3,69,False,1
03783743-7fc7-59d1-aff0-a32c326a4929,Scott Machado,Iona,Sr,22.0,73.0,G,83.6534,24.7189,0.5631,0.306,2.9938,11.9448,41.5957,22.7958,0.5232,2.5413,42.5946,0.7658,4.2189,0.3222,train,,2012,,5,End of Bench,,,,0.0,2,10,False,0
c69cb5db-7f31-58b5-ac5a-c2d13d3f9c0c,Josh Akognon,Cal St. Fullerton,Sr,23.4,71.0,G,85.5875,28.6787,0.5657,0.5979,1.86,9.1604,10.2596,13.2696,0.1901,1.9101,24.5404,0.8921,4.0867,-3.6922,train,,2009,,5,End of Bench,,,,0.0,1,3,False,0
d6984d63-7b88-5573-94a3-24c27b14d25d,Darius Johnson-Odom,Marquette,Sr,22.7,74.0,G,77.6107,25.0356,0.564,0.4318,2.1494,9.3236,17.3027,16.1132,0.5096,1.6269,34.9536,0.7369,3.9428,-0.0292,train,55.0,2012,,5,End of Bench,,,,-0.3,2,7,False,0
83bdddd3-db41-5083-94c5-e19c4f381ae4,Henry Sims,Georgetown,Sr,22.2,82.0,C,58.7908,25.6773,0.5293,0.0164,8.1903,17.4808,23.1028,24.1589,5.4473,1.2846,55.6387,0.6702,0.363,4.4967,train,,2012,-0.6363,5,End of Bench,-3.1,-0.5,19.08,4.6,4,135,False,3
c7b5df7b-927d-560d-97d4-a41003e9db5b,Victor Oladipo,Indiana,Jr,21.1,77.0,G,66.8322,22.9001,0.6265,0.201,10.7517,14.4841,14.597,20.7029,2.5283,4.0384,45.8052,0.7341,6.8145,4.9927,train,2.0,2013,1.3971,2,All-Star,2.7333,7.2,33.26,25.6,10,504,False,3
aeac13c5-8024-5e12-a3bd-5af65adede2a,Michael Carter-Williams,Syracuse,So,21.7,78.0,G,80.9949,23.8563,0.4928,0.3055,3.9906,11.1562,39.647,23.6688,1.8125,4.7813,46.497,0.6819,4.6246,4.1479,train,11.0,2013,-0.2123,5,End of Bench,-0.2,0.9,16.32,6.6,9,395,False,3
02e5d88b-b249-552a-beee-d30e82701ad7,Trey Burke,Michigan,So,20.6,72.0,G,88.6226,28.2183,0.5602,0.3697,1.9704,9.2068,34.5709,15.0429,1.4977,2.391,30.3363,0.7856,7.6642,1.4107,train,9.0,2013,0.1099,4,Role Player,0.8,1.7,19.13,12.9,9,498,False,3
fe54b977-c609-5be4-8840-c9fcf96b17ca,Ben McLemore,Kansas,Fr,20.4,77.0,G,79.1,22.0,0.6326,0.435,5.0,12.3,12.6,17.2,2.2,1.8,34.5,0.87,5.639,2.7687,train,7.0,2013,-0.4825,5,End of Bench,-2.5333,-0.2,20.26,9.0,9,556,False,3
dea66722-239a-5801-8558-ea1af8d1b423,Tim Hardaway Jr.,Michigan,Jr,21.3,78.0,G,83.3584,23.5513,0.5314,0.4515,1.7579,13.2597,13.1511,14.3996,1.1785,1.2312,28.6933,0.7098,3.2714,0.9059,train,24.0,2013,0.4845,3,Quality Starter,0.0333,2.8,29.08,38.1,13,893,True,3
8bbd4305-d432-5a06-b188-3f286109a0f4,Hollis Thompson,Georgetown,Jr,21.2,80.0,W,69.259,19.0768,0.5874,0.4369,5.7494,14.8467,9.3133,15.4625,1.7459,1.7164,25.5699,0.6772,3.7043,1.6618,train,,2012,-0.3464,5,End of Bench,-2.6,-0.7,24.9,6.5,4,265,False,3
f0a30993-23b0-501e-b267-f1840df8387e,Kentavious Caldwell-Pope,Georgia,So,20.3,77.0,G,82.1788,25.9433,0.5534,0.534,4.5256,18.0888,14.5443,12.511,1.7067,3.7678,33.4352,0.7523,6.1352,2.8618,train,8.0,2013,0.7553,3,Quality Starter,-0.0667,3.7,34.41,49.0,13,963,True,3
6c61230a-0b0e-523f-8650-596d738a39db,Cody Zeller,Indiana,So,20.7,84.0,C,72.6135,25.7481,0.6363,0.004,12.0404,18.0789,9.4327,16.2174,4.3673,2.3615,71.2713,0.7563,6.0197,3.9452,train,4.0,2013,0.2724,4,Role Player,-0.1667,2.4,25.31,33.6,11,552,False,3
c04c560c-5fb3-5b39-a198-4d20feaff891,Kelly Olynyk,Gonzaga,Jr,22.2,84.0,F,52.2738,27.6453,0.6524,0.1176,11.6531,19.8935,13.6743,19.3264,3.9953,1.6038,50.5729,0.7281,5.66,3.5883,train,13.0,2013,0.5034,3,Quality Starter,1.5,4.2,21.42,47.2,13,842,True,3
79626bf4-3616-5c43-a41a-17dc432363ef,Ryan Kelly,Duke,Sr,22.2,83.0,F,50.1367,20.0357,0.5889,0.3951,7.2097,14.5354,9.6807,12.2136,4.8926,1.5834,42.9746,0.8066,5.3612,3.6819,train,48.0,2013,-0.5225,5,End of Bench,-2.7667,-0.4,20.51,3.1,4,163,False,3
1b376be4-6307-5d6e-9ddd-0f9a74e1b475,Nate Wolters,South Dakota St.,Sr,22.1,75.0,G,88.6885,30.9504,0.576,0.2971,3.4352,13.9949,35.5726,12.8722,0.4042,2.8361,45.6825,0.8119,7.6345,0.1264,train,38.0,2013,-0.2432,5,End of Bench,-1.8,0.3,22.57,0.9,3,84,False,1
6e837496-e60b-5aaa-a74a-6c45d2249e29,Mason Plumlee,Duke,Sr,23.3,82.0,C,78.5914,23.3313,0.6026,0.0032,10.4863,23.4396,11.4313,20.0969,4.5575,1.725,66.3062,0.6122,3.2127,5.0059,train,22.0,2013,0.6196,3,Quality Starter,2.1,4.5,21.54,58.3,13,880,True,3
49fd67a4-8888-509e-a355-7a103a474ed2,Matthew Dellavedova,Saint Mary's,Sr,22.8,76.0,G,92.0479,23.7365,0.57,0.5217,2.3866,8.73,32.0372,19.3122,0.2267,1.7028,38.4668,0.8553,5.4127,-0.3218,train,,2013,-0.3331,5,End of Bench,-1.9333,0.2,21.01,10.3,9,479,False,3
8dd8bcfb-ee79-56b8-9fba-b1fa01f24068,Tony Snell,New Mexico,Jr,21.6,79.0,G,70.7699,20.5977,0.5722,0.5557,1.7576,8.702,20.2765,18.6758,1.7855,1.3972,28.0929,0.833,3.0316,1.1767,train,20.0,2013,-0.1067,4,Role Player,-1.0,0.9,21.87,18.4,9,601,False,3
d00d212c-7d41-5344-ac0c-f7b2939ae308,Steven Adams,Pittsburgh,Fr,19.9,84.0,C,56.1,18.0,0.5546,0.0,15.3,19.1,5.4,16.9,11.2,1.9,40.0,0.443,2.0326,7.6415,train,12.0,2013,1.0845,3,Quality Starter,1.7,6.2,31.21,63.9,12,796,True,3
c4aefaf2-1ff7-5310-891e-be6bc6aef9ce,Nick Calathes,Florida,So,20.4,78.0,W,82.6441,27.636,0.5818,0.4216,3.3935,15.3065,35.0801,20.1425,0.4344,3.1688,46.0478,0.7126,6.5763,1.6504,train,45.0,2009,-0.266,5,End of Bench,-0.45,1.05,15.59,2.6,2,129,False,2
f58128ed-49ff-5d9b-8414-ec2a4621844f,Phl Pressey,Missouri,Jr,22.4,71.0,G,79.7143,23.3136,0.5022,0.3919,2.5059,8.6425,35.6388,23.9033,0.2,3.5469,32.3172,0.7491,3.5737,0.8167,train,,2013,-0.7697,5,End of Bench,-2.5667,-0.4,13.61,0.8,3,148,False,3
5c2a0902-9d63-559c-8091-dcb885f343e6,Ray McCallum,Detroit Mercy,Jr,22.0,73.0,G,89.4852,24.2291,0.5566,0.2933,4.0367,12.8093,24.8462,14.6477,1.2705,2.8518,48.5755,0.7244,5.2003,0.0739,train,36.0,2013,-0.6089,5,End of Bench,-2.7333,-0.4,18.23,2.1,3,154,False,3
131a00bf-8095-5204-9eb3-03d095320868,Gorgui Dieng,Louisville,Jr,23.4,83.0,C,67.37,17.5311,0.5633,0.0032,12.4996,20.5231,9.9391,20.1057,10.0679,2.3546,44.6611,0.6526,2.2912,9.6297,train,21.0,2013,0.1566,4,Role Player,2.3333,2.1,13.92,30.6,10,628,False,3
6ba3479d-2816-5801-8456-476b8115eb13,Jeff Withey,Kansas,Sr,23.3,84.0,F,69.6788,20.0767,0.6178,0.0021,9.3949,20.2703,5.9387,17.573,14.1101,1.4364,65.1459,0.7301,1.7058,9.5157,train,39.0,2013,-0.3476,5,End of Bench,0.6333,1.0,9.71,6.7,5,207,False,3
ab7e4710-4d2a-54b3-9db9-74dc9906615e,Anthony Bennett,UNLV,Fr,20.3,80.0,F,67.8,25.7,0.6036,0.258,9.9,21.3,8.2,15.3,4.3,1.5,46.0,0.696,3.5543,3.0023,train,1.0,2013,-1.3161,5,End of Bench,-5.65,-1.95,14.28,0.5,4,151,False,2
edaf5545-b069-553f-a071-ab86f7cfb316,Robbie Hummel,Purdue,Sr,23.3,80.0,F,74.639,24.4291,0.5556,0.4027,5.7119,21.3821,13.2888,7.5239,4.041,1.5119,32.5997,0.8454,6.1891,2.5138,train,58.0,2012,-0.8301,5,End of Bench,-3.05,-0.6,14.26,1.9,2,98,False,2
e5eb2c98-305d-5016-9a0a-b61182dffb85,Brandon Davies,BYU,Sr,21.9,81.0,W,69.4328,28.1805,0.5598,0.0201,8.1384,20.7445,15.4653,17.6835,3.8819,2.5546,58.7629,0.6694,1.3774,3.6141,train,,2013,-1.2914,5,End of Bench,-5.4,-1.35,12.79,0.3,2,78,False,2
9d8e6059-3776-5ea7-b7a0-3f9b04061b24,Archie Goodwin,Kentucky,Fr,18.9,76.0,G,78.8,27.2,0.5091,0.179,5.6,10.4,16.8,21.0,1.4,2.1,59.4,0.637,0.7422,-0.0138,train,29.0,2013,-0.8983,5,End of Bench,-3.4333,-0.9,14.55,1.2,4,165,False,3
24b0cfc6-8885-5419-b67b-8f8e87951149,Shane Larkin,Miami FL,So,20.7,71.0,G,83.1783,21.1983,0.5756,0.4558,1.8507,9.9988,24.37,19.2288,0.3,3.4752,30.6038,0.7971,5.2078,2.3996,train,18.0,2013,-0.5607,5,End of Bench,-2.8667,-0.6,20.32,4.4,4,256,False,3
5321e85e-1d51-52f6-971c-563013ef64bb,C.J. McCollum,Lehigh,Sr,21.8,75.0,G,67.8191,32.7208,0.5753,0.3203,4.9367,16.3373,22.5959,13.5714,1.5575,3.7125,41.3325,0.83,6.1164,1.5215,train,10.0,2013,1.3151,2,All-Star,2.2,6.4,34.75,54.9,13,863,True,3
7073d289-c6c0-5e98-859e-d1804fd96c7a,Andre Roberson,Colorado,Jr,21.6,79.0,F,74.4975,20.3977,0.5453,0.1976,11.6291,27.5055,9.0968,19.7196,5.1701,3.4937,42.8272,0.5681,2.0905,6.8017,train,26.0,2013,0.2877,4,Role Player,-0.2,2.1,26.41,12.6,7,307,False,3
22c1a4f6-f366-5725-95bf-0a3004ccda6a,Reggie Bullock,North Carolina,Jr,22.3,79.0,G,69.9776,17.4048,0.5916,0.5908,6.6149,14.9839,13.6586,12.6894,0.8609,1.9966,16.8784,0.7443,6.9751,2.7807,train,25.0,2013,0.1324,4,Role Player,0.6,1.8,20.22,21.5,11,556,False,3
04087c39-41f2-58f5-af4a-4fef50866419,Dewayne Dedmon,USC,Jr,23.9,84.0,C,48.8517,19.5815,0.5316,0.0147,11.9275,22.5315,5.2438,21.4669,8.6601,2.6725,28.7225,0.6446,-1.1077,6.7114,train,,2013,0.2536,4,Role Player,0.4,2.7,22.18,23.3,10,515,False,3
0bf09837-b1dd-5b1c-8c11-6373a7ee9499,Toure' Murry,Wichita St.,Sr,22.6,77.0,G,71.8177,24.6608,0.5126,0.2604,5.3929,13.7262,22.1367,20.2442,1.0706,2.7561,39.9168,0.7858,2.4624,2.6217,train,,2012,-1.3052,5,End of Bench,-4.4,-0.6,7.31,-0.1,2,56,False,1
c083d1d6-13f7-55d0-9847-502b09609482,Alex Len,Maryland,So,20.0,85.0,C,59.399,21.3542,0.5688,0.022,12.2549,19.4504,7.4134,17.5976,8.4296,0.5,47.5652,0.6647,1.6168,4.63,train,5.0,2013,-0.0956,4,Role Player,-0.5333,1.4,19.45,24.0,12,690,False,3
ed9e372b-c9fa-5c47-b354-0f5a1b1053eb,Otto Porter,Georgetown,So,20.1,80.0,W,81.1208,21.5479,0.5837,0.2673,7.3983,18.666,16.2228,12.5502,3.0607,3.0267,41.5601,0.7472,5.634,5.4411,train,3.0,2013,1.4327,2,All-Star,2.6333,8.7,31.52,36.7,11,527,False,3
cf6f3a6f-f490-5bdd-a476-8dc031d6c3ea,Gal Mekel,Wichita St.,So,20.3,75.0,G,75.6,21.7,0.4874,0.475,1.9,11.0,27.4,26.3,0.3,0.8,31.5,0.877,-0.211,-1.8413,train,,2008,,5,End of Bench,-7.6,-1.2,9.42,-0.6,2,35,False,1
3eebd7e2-5aac-5086-8ded-752bb9e70a4d,Shabazz Muhammad,UCLA,Fr,20.6,78.0,W,69.5,28.2,0.5282,0.232,9.9,8.5,5.8,10.5,0.4,1.3,39.5,0.711,3.894,-2.1466,train,14.0,2013,-0.2666,5,End of Bench,-1.4,0.3,20.53,8.4,5,278,False,3
6bef524c-78ad-5e1d-bde5-6ba758809329,Isaiah Canaan,Murray St.,Sr,22.1,73.0,G,85.532,28.4537,0.5932,0.5207,2.1344,8.9421,25.046,18.037,0.3381,2.4204,41.1442,0.8161,4.9492,-1.0694,train,34.0,2013,-0.3734,5,End of Bench,-2.1667,-0.1,21.45,4.2,6,235,False,3
03ebf3d9-8de0-5d5a-bd58-7ad4117b0daa,Jorge Gutierrez,California,Sr,23.5,75.0,G,75.2338,23.8307,0.5271,0.2511,3.5095,13.9122,25.2898,19.7467,0.5036,2.431,42.8035,0.7451,2.902,2.2529,train,,2012,,5,End of Bench,,,,0.8,3,47,False,0
2cef25d1-eef8-50db-8462-1b86e82aebf4,Solomon Hill,Arizona,Sr,22.3,79.0,G,78.4198,21.1492,0.5838,0.3558,7.3466,14.7,16.738,20.013,1.5584,1.9969,42.2544,0.7527,4.4569,2.7121,train,23.0,2013,-0.0575,4,Role Player,-1.3667,0.4,25.43,11.8,9,448,False,3
50a9b5db-6e05-562f-b66f-b2e1a92baf08,Peyton Siva,Louisville,Sr,22.7,72.0,G,73.7482,21.6883,0.5101,0.3416,1.3441,8.4314,34.4748,25.9829,0.5574,4.0071,35.221,0.8016,2.0198,2.5986,train,56.0,2013,,5,End of Bench,,,,-0.2,1,24,False,0
e782477b-1a22-5cb6-9ead-eb0f05251631,Lorenzo Brown,N.C. State,Jr,22.8,77.0,G,80.8304,23.8654,0.5141,0.222,2.537,11.5657,34.6565,23.3818,1.5363,3.2073,41.0225,0.7509,3.0884,1.7263,train,52.0,2013,-0.5389,5,End of Bench,-2.5,-0.3,18.93,-0.1,5,103,False,1
6f5349a8-ab20-5530-98d2-ea74b811f773,Mike Muscala,Bucknell,Sr,22.0,83.0,C,76.6077,30.1632,0.5781,0.0421,11.2248,26.5704,16.2947,12.1186,7.5283,0.9724,51.5386,0.8101,3.7204,5.1533,train,44.0,2013,0.0398,4,Role Player,1.6,1.7,14.47,19.3,11,548,False,3
c0f3834b-d236-5967-b9ef-b214ca8fc4dc,Dionte Christmas,Temple,Sr,22.8,78.0,W,89.0087,28.4441,0.5636,0.5815,3.8749,14.7626,17.3944,17.1656,0.4687,2.4626,33.264,0.7595,4.8602,0.3598,train,,2009,,5,End of Bench,,,,0.3,1,31,False,0
bed2e680-2f52-5a2e-bc79-80eb54b69fb7,James Nunnally,UC Santa Barbara,Sr,21.9,77.0,G,80.6201,24.2288,0.5806,0.4147,3.72,16.2853,16.4085,18.1328,0.7751,1.2063,34.3035,0.8079,2.6585,-0.9518,train,,2012,,5,End of Bench,,,,0.0,3,37,False,0
69e1b37c-2f95-586a-99ce-9228eb8a7923,Jamaal Franklin,San Diego St.,Jr,21.9,77.0,W,77.3111,29.9524,0.5425,0.3794,6.1091,25.1767,18.1443,20.491,2.2509,2.532,54.1022,0.7895,2.5983,3.9061,train,41.0,2013,,5,End of Bench,,,,0.0,2,24,False,0
fc1b19f1-75ed-59ba-972e-2dbe0170fe7f,Dwight Buycks,Marquette,Sr,22.3,75.0,G,64.3358,18.6717,0.5379,0.3525,3.358,10.2439,20.7261,25.1127,0.1714,2.429,26.1717,0.6854,1.6973,1.1326,train,,2011,,5,End of Bench,-3.1,-0.3,14.72,0.3,3,49,False,1
021c4a69-d93f-5e36-b10f-456a2ea7a45c,Chris Babb,Iowa St.,Sr,23.4,77.0,G,76.7645,13.3109,0.5468,0.7508,2.7037,9.9404,11.4173,12.1989,0.7262,1.8149,20.3708,0.7288,4.3731,1.3129,train,,2013,,5,End of Bench,,,,0.0,1,14,False,0
7d28a1c6-87c5-5bf4-a6ae-4541f85b9db6,Glen Rice,Georgia Tech,Jr,22.5,77.0,W,57.1817,24.5804,0.522,0.3998,7.6119,16.8406,19.2182,18.9719,2.6103,2.919,29.4005,0.6118,2.9193,2.6925,train,35.0,2013,,5,End of Bench,,,,-0.2,2,16,False,0
ca513208-2426-5c8f-93d5-e9a637b6da00,Allen Crabbe,California,Jr,21.2,78.0,G,87.2121,23.3727,0.5689,0.4365,3.2406,15.416,14.5698,15.1144,1.8208,1.5821,27.3547,0.8202,4.2694,2.0308,train,31.0,2013,0.1908,4,Role Player,-1.0,1.6,27.9,13.8,7,381,False,3
0bd56257-0ec8-5726-9f58-8f8aafb492f9,Tony Mitchell,North Texas,So,21.2,80.0,F,74.3459,23.3065,0.552,0.2855,8.8048,22.7625,6.9274,20.5129,9.0097,1.8,48.3734,0.6842,0.1185,3.9755,train,37.0,2013,,5,End of Bench,,,,0.2,1,21,False,0
73e6024b-0a79-53bd-9e54-e9692abd3ef9,Troy Daniels,VCU,Sr,21.9,76.0,G,61.6135,18.4228,0.5804,0.8527,3.0719,12.0307,4.3998,11.4267,0.3703,2.2974,10.4969,0.7388,4.7779,0.0433,train,,2013,-0.3932,5,End of Bench,-1.2333,0.0,17.36,5.1,7,339,False,3
6c3b7475-25b7-521d-ac5e-9a675e29ab7c,Justin Hamilton,LSU,Jr,22.2,83.0,C,65.342,20.1871,0.5764,0.0261,12.1962,14.8039,5.6965,15.7587,4.6927,1.2254,45.546,0.7504,2.007,3.0501,train,45.0,2012,-0.2817,5,End of Bench,-0.8,0.6,17.37,3.7,3,113,False,1
b7a39770-70a4-568f-840b-e09c649bd653,Erik Murphy,Florida,Sr,22.7,82.0,F,59.3063,20.3825,0.6313,0.4794,7.3967,16.4955,9.1916,16.4775,3.5812,1.4319,17.1812,0.7867,5.1949,3.3245,train,49.0,2013,,5,End of Bench,,,,-0.1,1,24,False,0
bfe4824b-a6e2-5c65-8afc-77f9709a73ad,Carrick Felix,Arizona St.,Sr,22.9,78.0,W,80.5348,20.41,0.5655,0.4044,6.3148,15.5657,9.9175,18.0035,3.0759,2.2876,33.0395,0.6917,2.3116,1.6059,train,33.0,2013,,5,End of Bench,,,,0.0,1,7,False,0
fa21dad1-73af-578e-819c-c8b7662d98d5,Adonis Thomas,Memphis,So,20.3,79.0,W,65.4472,21.1205,0.4953,0.2378,5.7378,11.0543,11.3315,14.8346,2.5449,1.3181,27.2543,0.744,0.5606,0.965,train,,2013,,5,End of Bench,,,,0.0,1,6,False,0
d1780e1c-fd60-5ab0-8870-c42c76d729fa,Robert Covington,Tennessee St.,Sr,22.5,81.0,F,65.687,25.3998,0.5774,0.3434,10.0958,19.1797,10.3657,18.5352,5.3649,3.3434,32.8107,0.8034,2.7671,2.7947,train,,2013,0.3421,4,Role Player,1.3667,2.3,21.67,31.8,11,614,False,3
334b9c15-d03f-5b5c-b204-b2761a833c2c,James Southerland,Syracuse,Sr,23.2,80.0,W,53.9439,18.7099,0.5776,0.5749,5.1068,14.3645,6.9249,11.0631,4.3915,3.0731,15.2723,0.7578,5.3729,3.6359,train,,2013,,5,End of Bench,,,,0.0,1,4,False,0
eab78ca8-3502-5cf9-98c9-3633ae7abadb,Arinze Onuaku,Syracuse,Sr,23.0,81.0,C,60.5322,18.5861,0.6195,0.0,11.987,14.7621,4.6444,17.6175,5.0582,1.7184,40.4666,0.3918,3.1973,2.6449,train,,2010,,5,End of Bench,,,,0.3,3,19,False,0
1dc8b68d-0d0c-5535-8858-222082d205c9,Vander Blue,Marquette,Jr,20.9,76.0,G,72.2015,22.6041,0.5189,0.2579,3.9123,10.1416,14.5116,20.1514,0.3245,2.2076,37.2708,0.7292,2.0993,1.005,train,,2013,,5,End of Bench,,,,-0.4,3,10,False,0
44982205-af2f-5f67-af1d-8ed45b55d7b2,D.J. Stephens,Memphis,Sr,22.5,77.0,F,50.0551,12.903,0.6674,0.1838,10.3165,19.9662,4.9258,12.7079,10.6068,2.1989,39.2236,0.653,2.8373,7.1975,train,,2013,,5,End of Bench,,,,0.0,2,4,False,0
20daab76-e861-521a-9878-a90fc60dcaa2,Seth Curry,Duke,Sr,22.8,74.0,G,76.7851,21.9985,0.596,0.5184,2.366,7.0227,12.152,12.5927,0.5501,2.0423,34.8474,0.8248,5.9151,0.2493,train,,2013,0.46,4,Role Player,-0.0333,2.7,28.91,25.4,12,560,True,3
f69bd2e8-9e40-5f15-bd9f-854f151d5367,Shane Edwards,Little Rock,Sr,22.1,79.0,W,61.8964,23.0642,0.535,0.2139,8.5347,15.2198,12.1038,19.7,2.8515,2.1772,46.2448,0.6549,0.2028,2.2023,train,,2009,,5,End of Bench,,,,0.0,1,2,False,0
6ce75673-0349-5f22-aec5-3de82d6e68fa,Elias Harris,Gonzaga,Sr,24.0,80.0,W,69.7665,24.7768,0.5776,0.1651,9.2576,21.6124,10.4718,15.4062,2.3649,2.2046,49.5342,0.7357,3.7878,3.0658,train,,2013,,5,End of Bench,,,,0.0,1,2,False,0
91a798a3-f4e1-518e-9f50-138744e175f1,Royce White,Iowa St.,So,21.2,80.0,W,78.8,29.1,0.536,0.037,9.4,24.6,34.5,24.7,3.0,2.2,62.5,0.498,2.6222,5.4881,train,16.0,2012,,5,End of Bench,,,,0.0,1,3,False,0
7595ac84-f26d-5a39-803d-7569a3b5e8ae,Scotty Hopson,Tennessee,Jr,21.9,79.0,G,67.3231,25.6932,0.5418,0.3752,3.4299,9.6418,10.238,19.3331,0.7456,1.7633,31.0933,0.6782,1.796,0.0228,train,,2011,,5,End of Bench,,,,-0.1,3,4,False,0
70dfd8b6-971c-5c0c-8571-137b7ebf87a2,Chris Smith,Louisville,Sr,24.7,74.0,G,67.3693,19.1875,0.5353,0.4706,4.8507,11.9547,14.3156,15.5101,0.2808,1.8877,33.1351,0.716,2.5008,1.4144,train,,2012,,5,End of Bench,,,,0.0,1,2,False,0
4a2b5b08-7b51-50da-a31b-6f5b6ead5087,Andrew Wiggins,Kansas,Fr,19.3,80.0,W,81.4,25.1,0.5634,0.299,8.4,12.3,9.2,15.9,3.1,2.1,53.8,0.775,4.628,2.456,train,1.0,2014,0.6577,3,Quality Starter,-0.1,3.2,33.09,37.7,12,834,True,3
a7a44acb-7a5d-53ba-8adf-c8d9327b276a,Elfrid Payton,Louisiana,Jr,20.3,75.0,G,86.3378,28.2565,0.5326,0.117,5.9506,12.645,32.2237,20.5687,1.5907,3.595,62.4323,0.6036,3.4325,1.8881,train,10.0,2014,0.4633,4,Role Player,-0.2,2.9,29.2,15.1,9,524,False,3
25e85751-7111-5d74-a04e-a93883d707aa,Nerlens Noel,Kentucky,Fr,19.2,82.0,C,57.5,18.2,0.5826,0.0,10.4,22.3,9.5,19.1,13.2,3.9,62.7,0.529,2.4352,10.3754,train,6.0,2013,0.4629,4,Role Player,2.2,3.9,18.46,28.2,9,467,False,3
6661aaa9-0b6d-595b-9531-cf2b6794a4da,Zach LaVine,UCLA,Fr,19.3,77.0,G,60.7,19.0,0.5448,0.444,2.4,9.5,12.6,13.9,0.8,2.1,23.6,0.691,2.4419,0.2597,train,13.0,2014,1.5667,2,All-Star,2.9667,8.1,34.85,38.7,12,693,True,3
687f8ee8-252f-51d7-b7bd-3da82b0aa2f1,Marcus Smart,Oklahoma St.,So,20.3,76.0,G,76.2529,29.2511,0.5448,0.398,5.2082,14.6476,28.9103,17.455,2.0082,5.1082,62.1682,0.7457,6.1539,5.2738,train,6.0,2014,0.7016,3,Quality Starter,0.6333,3.8,30.32,36.2,12,697,True,3
eeb4680a-6d2f-52b3-a7e6-b0fc8a9d3977,Jordan Clarkson,Missouri,Jr,22.0,77.0,G,82.3237,27.2031,0.5472,0.2648,3.1979,9.2503,21.5083,17.9579,0.9127,1.8323,43.647,0.8138,3.1778,-0.3632,train,46.0,2014,0.5286,3,Quality Starter,0.6667,3.7,26.08,25.8,12,825,True,3
b7ba2aa6-95b0-5e81-b6fb-93deb06c4bc3,Langston Galloway,Saint Joseph's,Sr,22.5,74.0,G,89.0966,19.9579,0.5934,0.5556,2.9264,10.266,11.6753,9.2078,1.3934,2.0286,28.2633,0.8102,5.7036,0.4553,train,,2014,-0.0735,4,Role Player,-0.7333,1.2,21.13,14.5,8,452,False,3
94a601f7-1738-5830-9614-5ab6ef2ca9e2,Jerami Grant,Syracuse,So,20.3,80.0,C,66.0196,20.3484,0.5403,0.0402,9.0805,16.499,8.7184,12.4489,2.7337,1.7195,65.6211,0.6522,2.2398,2.1615,train,39.0,2014,0.8423,3,Quality Starter,0.7,3.6,33.99,40.7,12,776,True,3
5a48a939-765a-5e8a-ba70-87de7670d014,K.J. McDaniels,Clemson,Jr,21.4,77.0,F,74.1945,26.7285,0.5528,0.321,8.7736,15.0502,10.7064,15.8019,8.6728,2.3939,37.8344,0.7875,3.1354,6.163,train,32.0,2014,-0.831,5,End of Bench,-2.3,0.0,10.31,1.3,3,148,False,1
578bbab6-adc6-5a86-88a0-ffe6a0ff4c8b,Tarik Black,Kansas,Sr,22.6,81.0,C,44.4714,18.5793,0.6312,0.0037,11.2258,16.9224,3.3633,17.3686,4.4833,1.5818,59.5681,0.5526,1.8784,2.0852,train,,2014,-0.7069,5,End of Bench,-2.8667,-0.5,16.47,7.7,4,220,False,3
607e4564-7537-5ae8-809f-7965e48f49bd,Jakarr Sampson,St. John's,So,21.3,81.0,C,73.5692,25.2608,0.4971,0.0154,7.7525,15.2878,8.5464,13.4122,3.5646,1.5829,29.7475,0.5915,-0.32,1.343,train,,2014,-1.093,5,End of Bench,-4.45,-0.45,12.49,3.5,6,236,False,2
cb7fbee4-37d2-521a-a9c4-04d78c790ce4,Nik Stauskas,Michigan,So,20.7,78.0,G,83.0473,21.5932,0.6383,0.5526,1.7538,9.0461,15.4167,14.0923,0.8692,1.0615,44.4799,0.8298,7.0931,0.1718,train,8.0,2014,-0.5074,5,End of Bench,-2.3333,-0.6,19.71,3.9,6,343,False,3
c3afff06-c09a-5d24-bca6-b37958bbfeb9,Rodney Hood,Duke,So,21.7,80.0,W,80.5797,20.3035,0.5725,0.4226,3.0932,12.2152,12.7814,12.156,0.961,1.139,26.8426,0.7593,4.9894,0.4197,train,23.0,2014,0.4715,4,Role Player,-0.1,2.9,29.04,17.5,8,448,False,3
8a76adb0-6696-5053-8f6e-3baef85c08ab,James Ennis,Long Beach St.,Sr,23.0,79.0,W,80.1161,22.2476,0.6105,0.46,5.9979,14.2613,15.1366,21.5438,3.677,3.1302,37.5115,0.811,3.752,2.7727,train,50.0,2013,-0.0102,4,Role Player,-0.3,0.9,21.73,16.1,8,395,False,3
6438524d-9ba8-5d29-93a4-db179eddd1ee,Shabazz Napier,Connecticut,Sr,22.9,73.0,G,84.8862,26.1171,0.58,0.465,2.7802,12.8757,29.9683,17.9661,0.7639,3.2316,45.4535,0.8345,6.411,2.6404,train,24.0,2014,0.0098,4,Role Player,0.6,2.1,16.56,8.1,6,345,False,3
7a432d2d-51a9-540a-9fc5-4ab734961b64,Elijah Millsap,UAB,Jr,22.9,78.0,W,82.0,29.7,0.5159,0.189,9.5,24.5,13.5,21.5,1.1,3.1,56.5,0.695,0.5649,4.0444,train,,2010,-0.6451,5,End of Bench,-3.1,-0.9,19.66,0.4,3,69,False,1
2afe959b-2745-55bc-a1c7-774da1773484,Aaron Gordon,Arizona,Fr,18.8,80.0,W,77.1,23.2,0.5027,0.118,10.4,19.3,13.0,12.4,3.4,1.8,47.1,0.422,2.8786,5.4102,train,4.0,2014,0.9398,3,Quality Starter,1.5333,5.2,30.2,50.3,12,756,True,3
e70e3dd6-3301-5cf2-af73-c67221051740,Markel Brown,Oklahoma St.,Sr,22.4,75.0,G,83.0628,22.3127,0.5644,0.3496,3.032,13.0503,16.4304,13.6497,2.8927,1.7573,45.012,0.755,3.4981,2.3984,train,44.0,2014,-0.7171,5,End of Bench,-2.8,-0.6,16.17,1.1,3,113,False,2
88195e31-4752-5229-9cf1-3db7e8aa6074,Adreian Payne,Michigan St.,Sr,23.3,82.0,F,56.9274,23.9609,0.6103,0.2179,8.371,22.4743,7.9863,17.991,4.84,1.4133,41.4364,0.788,2.8551,3.0136,train,15.0,2014,-1.4472,5,End of Bench,-6.55,-2.1,14.58,-0.6,4,107,False,2
747afeb6-857c-5380-bc23-4992091b3779,Jabari Parker,Duke,Fr,19.3,80.0,F,76.4,31.6,0.5577,0.212,11.4,23.1,8.7,14.5,4.0,2.1,42.9,0.748,4.1079,2.067,train,2.0,2014,0.292,4,Role Player,-0.5333,1.6,28.73,13.7,8,310,False,3
0ee62412-8360-5ef3-97c7-4437aa7834a5,Gary Harris,Michigan St.,So,19.8,76.0,G,72.6647,23.7146,0.5694,0.4953,3.9029,8.9382,14.4381,13.3794,1.3088,3.2059,30.0352,0.7841,6.0564,1.853,train,19.0,2014,0.7145,3,Quality Starter,0.2,3.6,32.62,27.5,12,666,True,3
842d6f9d-e9d8-5c1b-a5a8-42809ad799f6,P.J. Hairston,North Carolina,So,21.5,78.0,G,50.7931,24.4995,0.5587,0.6286,7.9527,11.2124,10.3373,11.4005,1.6687,2.5373,30.8313,0.789,7.6442,1.3026,train,26.0,2014,-0.8342,5,End of Bench,-3.7,-1.35,18.02,0.9,2,111,False,2
5f3d147f-9d98-5c5b-935b-e7be51317ab1,Travis Wear,UCLA,Sr,23.8,82.0,W,57.6579,16.3845,0.5646,0.0852,6.6438,11.7802,6.9302,10.1838,3.5691,1.651,21.9334,0.8178,2.1074,2.0672,train,,2014,-1.3263,5,End of Bench,-5.5,-1.8,13.18,-0.1,2,68,False,1
c6ee07a0-d65b-5278-9b37-f2b3011e9d6c,Cleanthony Early,Wichita St.,Sr,23.2,80.0,F,66.7084,26.5257,0.6087,0.4284,7.1401,17.617,5.9114,15.6028,3.7143,1.7314,44.2084,0.826,3.9749,1.6924,train,34.0,2014,-1.122,5,End of Bench,-5.2,-1.5,16.59,-0.6,2,56,False,1
bfb2aed1-a99a-50e6-abda-c0f97e9294fd,T.J. Warren,N.C. State,So,20.8,80.0,W,79.8054,29.3149,0.5917,0.153,10.4595,11.4662,7.8338,11.9162,1.7149,2.9581,31.6919,0.648,6.7861,0.5826,train,14.0,2014,0.646,3,Quality Starter,0.0667,3.0,32.59,20.9,9,385,False,3
89e6826a-7ca3-578b-bc74-17d0f120c4fa,Tyler Johnson,Fresno St.,Sr,22.1,76.0,G,72.3755,22.5091,0.5493,0.3133,5.0962,15.9247,19.8469,11.9146,0.9605,2.044,31.089,0.7564,4.2013,0.9581,train,,2014,0.5694,3,Quality Starter,0.6,3.3,28.14,16.6,8,354,False,3
6e59d0f5-e30d-5671-b0ad-b23b0f0ec182,Jabari Brown,Missouri,Jr,21.5,77.0,G,82.0654,23.4169,0.6036,0.4913,1.7139,10.8972,10.9599,16.2461,0.3196,1.0522,57.6583,0.7864,4.4549,-1.0153,train,,2014,,5,End of Bench,-4.3,-0.9,29.89,0.4,1,19,False,1
7fc01364-96b6-5aef-9f97-6a8b031a940d,Cory Jefferson,Baylor,Sr,23.5,81.0,F,68.3269,21.787,0.5765,0.0769,11.0109,20.5315,5.6022,11.6131,5.6207,0.8802,53.5986,0.6665,3.2513,2.0646,train,60.0,2014,-0.9446,5,End of Bench,-3.0,-0.3,10.62,0.9,2,58,False,1
7a969f92-137d-51e6-8405-ed0e0e3b6734,Joe Harris,Virginia,Sr,22.8,78.0,G,75.0365,23.0498,0.5744,0.5039,3.2426,10.9884,16.3308,14.3479,1.2797,1.9843,33.8691,0.6944,5.0621,2.2992,train,33.0,2014,0.6481,3,Quality Starter,0.2333,3.7,30.64,23.1,10,504,False,3
77c76024-cdae-5dba-8149-fcc5e73b373b,Mitch McGary,Michigan,So,22.1,82.0,C,36.7103,22.2114,0.5826,0.0126,15.5,23.8786,8.5622,18.021,3.721,3.9231,30.2493,0.5192,4.1284,5.0688,train,21.0,2014,-0.5785,5,End of Bench,-1.9,0.0,15.16,1.3,2,52,False,1
cb149c07-499b-5c6f-af93-218bc3608de6,Spencer Dinwiddie,Colorado,Jr,21.2,78.0,G,61.2348,22.2039,0.6179,0.4515,1.6624,10.0311,21.2042,16.2889,1.193,2.512,79.0574,0.8349,5.3033,1.9998,train,38.0,2014,0.7865,3,Quality Starter,1.0,4.7,29.31,36.1,11,621,False,3
5707ebbc-4b54-5c7c-97be-bc7b1c7310ea,Tyler Ennis,Syracuse,Fr,19.8,74.0,G,88.7,22.7,0.5107,0.236,2.6,9.0,32.5,13.8,0.7,3.9,41.4,0.765,4.8293,1.9897,train,18.0,2014,-0.9192,5,End of Bench,-3.2,-0.6,12.58,1.3,4,186,False,3
bba51d1e-6dda-5940-948f-23dd59efdfd8,Erick Green,Virginia Tech,Sr,22.1,76.0,G,83.6636,27.8112,0.5628,0.2943,1.6877,9.6205,23.8117,11.4352,0.622,2.353,41.5374,0.8111,6.9309,-0.7,train,46.0,2013,-1.2017,5,End of Bench,-4.3,-0.6,9.53,0.1,2,52,False,1
4dec9fcd-9a41-55e7-ae1c-3d6c374a9df7,Johnny O'Bryant III,LSU,Jr,21.1,81.0,F,69.4292,28.359,0.5145,0.0188,11.3929,18.2269,11.2639,21.6866,2.8437,1.0471,44.4836,0.6224,-0.7686,0.602,train,36.0,2014,-1.7201,5,End of Bench,-7.7,-2.25,12.25,0.2,4,147,False,2
e9114134-a279-50cc-bb60-f00412b41396,Kyle Anderson,UCLA,So,20.8,81.0,W,78.2239,24.4901,0.5406,0.1465,5.6009,24.7136,30.0535,19.7911,2.7315,3.1944,46.3432,0.7364,3.6676,5.509,train,30.0,2014,0.9337,3,Quality Starter,2.3333,5.9,25.74,41.3,12,757,True,3
b6e192aa-3048-5c37-85c7-6de91dcbcd1b,James Young,Kentucky,Fr,18.9,78.0,G,80.2,21.8,0.5364,0.522,3.7,11.0,10.8,15.9,0.6,1.4,39.3,0.706,4.178,0.4919,train,17.0,2014,-0.9993,5,End of Bench,-3.4,-0.3,10.71,0.8,4,95,False,1
17ac6a3f-7fe3-51e6-8c7b-f8ae4bedcd98,Doug McDermott,Creighton,Sr,22.5,80.0,F,81.6186,31.5671,0.6536,0.3113,7.2243,19.1116,11.1783,12.528,0.3906,0.4118,34.9838,0.851,7.2815,-1.2964,train,11.0,2014,-0.0678,4,Role Player,-0.6667,1.5,20.43,21.8,12,726,True,3
e9338678-c27b-501d-add6-e5aa39a763e6,Nick Johnson,Arizona,Jr,21.5,75.0,G,79.0755,22.9353,0.5432,0.3688,2.5403,11.3509,18.5037,15.1356,1.9717,2.4901,39.7648,0.7489,3.9479,3.4328,train,42.0,2014,,5,End of Bench,-6.5,-0.9,9.36,-0.1,1,28,False,1
d727a331-8c08-51ad-920e-791c5dbe26e8,Glenn Robinson III,Michigan,So,20.5,78.0,G,81.2298,19.18,0.5858,0.276,6.6163,11.3973,6.9495,11.018,0.9315,1.9,32.8542,0.7293,5.1461,1.453,train,40.0,2014,-0.2824,5,End of Bench,-0.7,0.8,16.59,7.9,7,304,False,3
cb3e76a7-3906-542d-b5f3-a7a6812b608e,Noah Vonleh,Indiana,Fr,18.8,82.0,F,61.8,21.5,0.6043,0.153,10.8,27.3,4.9,21.8,5.4,1.9,62.0,0.716,0.6647,4.5737,train,9.0,2014,-0.2288,5,End of Bench,-1.0,0.9,18.82,9.4,8,362,False,3
9754e374-02ea-5ab3-925e-13ab11a826b6,Jordan Adams,UCLA,So,20.0,77.0,G,71.8816,24.6224,0.593,0.3619,5.8347,12.4796,13.5898,10.7714,0.7633,4.7388,43.251,0.8383,7.062,2.7394,train,22.0,2014,,5,End of Bench,,,,0.4,2,32,False,0
c962fc15-1a7b-57ce-b9e4-9fb29880c259,Tim Frazier,Penn St.,Sr,23.6,73.0,G,83.2697,26.6774,0.5287,0.2151,3.3511,11.6121,34.9712,19.139,0.6587,2.9609,51.806,0.7836,4.0935,1.4995,train,,2014,-0.4089,5,End of Bench,-1.8,0.0,19.03,6.4,8,289,False,3
d3f1027c-e825-562c-b4aa-a848ef603d74,Dwight Powell,Stanford,Sr,22.9,82.0,W,75.2491,25.8656,0.5318,0.1002,7.4055,19.6853,17.6266,19.3953,3.1744,2.1452,51.7059,0.7183,1.5317,3.8544,train,45.0,2014,0.6306,3,Quality Starter,1.9333,4.5,22.42,50.5,12,768,True,3
c21fb779-796a-5f25-8801-8baee553cf76,Larry Drew II,UCLA,Sr,23.3,74.0,G,76.4848,16.2083,0.5071,0.3172,0.9031,7.1134,33.6871,27.0448,0.3732,2.2129,24.9403,0.6125,1.3239,-0.0223,train,,2013,,5,End of Bench,,,,-0.5,2,22,False,0
728de202-18a0-5eb4-b8c1-79f984916e31,Roy Devyn Marble,Iowa,Sr,21.8,78.0,G,72.7573,25.6949,0.5226,0.314,3.3012,9.5988,23.1171,14.037,0.8777,2.9914,43.8024,0.7353,5.2824,0.9231,train,56.0,2014,,5,End of Bench,,,,-0.2,2,44,False,0
888df755-aa8e-52ec-aa13-5c81ed761b23,JaMychal Green,Alabama,Sr,22.0,80.0,C,60.343,28.3442,0.5717,0.0233,11.8744,18.4915,12.7329,20.6459,6.783,2.1292,51.5713,0.7052,1.6675,5.1244,train,,2012,-0.2147,5,End of Bench,-1.2333,0.7,20.42,24.9,9,544,False,3
27dd783c-2b0c-5e35-bf43-544664887a76,Bryce Cotton,Providence,Sr,21.9,73.0,G,92.5093,24.6619,0.572,0.4714,1.7256,8.3777,26.4334,12.6453,0.249,1.5414,43.032,0.8409,6.8477,-1.3632,train,,2014,,5,End of Bench,,,,0.1,2,23,False,0
f76ccac6-3fe3-560c-b8c2-aab85ec92f83,James Michael McAdoo,North Carolina,Jr,21.5,81.0,C,71.938,25.3835,0.4773,0.0129,9.115,15.7862,9.3536,13.1691,2.5278,2.6402,56.8991,0.5571,1.0524,2.7044,train,,2014,-0.8615,5,End of Bench,-1.8,0.0,7.73,2.4,4,111,False,2
99b849bf-45ce-58ac-b728-fc3876ae80d1,Jarnell Stokes,Tennessee,Jr,20.5,80.0,C,75.1313,25.5427,0.5681,0.0016,15.5246,22.8142,12.2345,16.8113,3.3321,1.4869,63.4214,0.6472,4.4901,3.6051,train,35.0,2014,,5,End of Bench,,,,0.7,3,28,False,0
6d7abe9b-a424-51c1-9a25-fcebb9ec005a,Shayne Whittington,Western Michigan,Sr,23.2,83.0,C,71.037,23.7391,0.5714,0.0702,10.4194,22.7766,8.6264,15.1538,5.7831,1.4848,43.8864,0.7696,0.8151,2.5734,train,,2014,,5,End of Bench,,,,0.4,2,27,False,0
31122d58-d540-5701-bd5a-dc55aa1f676c,C.J. Wilcox,Washington,Sr,23.5,77.0,G,82.6065,22.9363,0.577,0.5049,2.9053,10.4725,13.5865,12.5392,2.7621,1.762,25.7185,0.8509,5.1727,0.8351,train,28.0,2014,,5,End of Bench,,,,0.1,3,66,False,0
ff037d86-dfed-5bad-83e3-d7609d008858,Jack Cooley,Notre Dame,Sr,22.2,81.0,F,67.2059,22.3616,0.6206,0.0044,17.3415,22.3968,6.3727,13.5597,4.5363,1.4033,53.2165,0.6803,4.5997,2.624,train,,2013,,5,End of Bench,,,,0.5,2,23,False,0
f243db2b-41a4-547e-8ef9-a2973f56dbbd,Sean Kilpatrick,Cincinnati,Sr,24.5,76.0,G,83.3421,26.4335,0.5575,0.5361,4.0527,11.6813,16.192,13.5834,0.3969,2.4543,35.3936,0.7974,5.6402,0.7342,train,,2014,-0.4916,5,End of Bench,-2.4333,-0.2,19.67,2.6,4,157,False,3
a499d48e-0648-50f3-9574-6ac52b63ac66,Drew Gordon,New Mexico,Sr,22.0,81.0,F,68.028,23.764,0.5739,0.0052,13.1449,27.9947,8.045,19.7204,4.1756,1.9599,38.0207,0.7252,0.7762,4.2255,train,,2012,,5,End of Bench,,,,-0.1,1,9,False,0
578489a6-a430-59e6-b58b-e2be0c5d887d,Will Cherry,Montana,Sr,22.4,73.0,G,70.54,26.313,0.5386,0.3488,2.7401,11.8696,24.2281,18.5008,1.0933,4.1174,50.8404,0.755,1.7908,1.8373,train,,2013,,5,End of Bench,,,,0.0,1,8,False,0
e4f2aff0-8e5e-535a-b9c6-f481cda6612c,Russ Smith,Louisville,Sr,23.2,72.0,G,70.6918,31.1976,0.5523,0.3592,3.2843,9.2521,27.4091,17.9415,0.3161,4.2982,44.9157,0.7397,5.4149,2.9173,train,47.0,2014,,5,End of Bench,,,,-0.2,2,27,False,0
7ea9d3d3-3154-514b-b698-049909ef58fa,Cameron Bairstow,New Mexico,Sr,23.5,81.0,F,71.3284,26.1901,0.5843,0.0064,9.5117,16.5665,10.2889,14.0235,4.3437,1.2249,70.066,0.7278,2.3235,2.7417,train,49.0,2014,,5,End of Bench,,,,-0.1,2,36,False,0
d5efe35c-93a4-5fa1-9a96-af25cca8a823,Grant Jerrett,Arizona,Fr,20.0,82.0,F,43.1,14.7,0.5351,0.513,7.6,16.4,5.7,12.8,5.8,1.6,14.3,0.818,2.936,4.0421,train,40.0,2013,,5,End of Bench,,,,-0.1,1,8,False,0
1bc78b89-4e98-5a7a-8422-97cf3812bd66,Jerel McNeal,Marquette,Sr,22.1,75.0,G,83.6574,27.5592,0.547,0.3634,3.6235,12.7,24.6709,18.1128,1.8097,3.5709,33.0657,0.7293,5.223,3.1194,train,,2009,,5,End of Bench,,,,-0.1,1,6,False,0
847d6c35-e210-50f6-8dec-be231b5a5820,David Stockton,Gonzaga,Sr,23.0,71.0,G,60.7338,17.7275,0.5127,0.3796,1.0793,8.2228,27.286,24.4341,0.4871,3.6791,39.8324,0.6929,1.3238,2.6786,train,,2014,,5,End of Bench,,,,0.1,2,6,False,0
41c1f64a-c356-517d-8828-f65849392130,Patrick Christopher,California,Sr,22.1,77.0,G,85.0703,21.732,0.5432,0.3579,4.8694,11.4218,11.5337,12.4916,0.3552,2.0783,21.9552,0.8424,5.3023,0.8761,train,,2010,,5,End of Bench,,,,-0.1,1,4,False,0
452652c5-3709-55ba-805d-3ea3aa2835cc,Andre Dawkins,Duke,Sr,22.8,77.0,G,43.9867,18.304,0.6088,0.7627,1.5332,9.1481,5.2411,12.2419,0.6383,1.5603,20.193,0.7779,5.1549,-0.2859,train,,2014,,5,End of Bench,,,,-0.1,1,4,False,0
024f65fe-f659-5ed9-9123-72bb207b36b9,Alex Kirk,New Mexico,Jr,22.6,84.0,C,70.7774,21.8862,0.54,0.1688,9.2416,21.3953,6.2493,14.8412,8.0496,0.7902,37.8449,0.6795,-0.0259,4.564,train,,2014,,5,End of Bench,,,,0.0,1,5,False,0
0c83fcb2-2b0e-5fd5-8d58-8651c30f0282,Julius Randle,Kentucky,Fr,19.6,81.0,C,76.3,26.2,0.5659,0.046,13.4,24.7,10.0,18.7,2.6,1.0,73.7,0.706,3.1203,2.066,train,7.0,2014,1.6781,2,All-Star,2.6667,9.4,36.13,56.8,12,789,True,3
8a174213-89ac-581f-bd77-c6b06d2e7870,David Wear,UCLA,Sr,23.8,82.0,W,58.1966,15.5249,0.5558,0.2278,7.7621,13.8416,6.0043,14.822,1.0031,1.4176,21.2133,0.752,1.8205,0.7367,train,,2014,,5,End of Bench,,,,0.0,1,2,False,0
943d4684-ee21-53a3-b14a-8634e895b2cb,Kalin Lucas,Michigan St.,Sr,22.1,73.0,G,78.1783,25.8611,0.5385,0.2811,1.9884,5.3985,25.4057,17.7454,0.2495,2.0298,40.2124,0.8013,3.5172,-0.79,train,,2011,,5,End of Bench,,,,0.0,2,2,False,0
bded140b-684b-5a3c-a44b-83573412dd5b,Sim Bhullar,New Mexico St.,So,21.6,89.0,C,56.8389,21.0,0.6132,0.0,12.7088,19.9177,9.5898,19.4523,10.8088,0.2364,64.7852,0.5117,1.5762,5.2523,train,,2014,,5,End of Bench,,,,0.0,1,3,False,0
5fc4c176-24a6-5a86-8a81-72db2d08af54,Jerrelle Benimon,Towson,Sr,22.9,80.0,F,85.8585,26.8943,0.5862,0.1272,8.3499,23.4299,19.6258,22.4152,4.0961,1.1825,64.8479,0.6905,2.4916,2.4534,train,,2014,,5,End of Bench,,,,0.0,1,2,False,0
68e7025a-bcc7-5ab4-98d6-5f3e113074e6,Eric Moreland,Oregon St.,Jr,22.5,82.0,F,54.2174,18.3019,0.5464,0.0488,10.8987,28.3849,9.5477,23.0222,7.8323,1.7006,62.5551,0.5416,0.1695,4.9526,train,,2014,-0.235,5,End of Bench,0.5,1.5,12.01,2.3,4,83,False,1
a4e056de-7ab5-5a8e-86c9-ad13acc5173a,Karl-Anthony Towns,Kentucky,Fr,19.6,83.0,C,52.3,24.2,0.6272,0.031,14.1,22.2,11.5,16.6,11.4,1.4,52.3,0.813,5.5278,9.1964,train,1.0,2015,2.4372,1,Franchise Star,6.3,13.2,34.28,94.8,11,720,True,3
e4eb47c9-9660-50ac-901e-1bf9f2b42f4f,D'Angelo Russell,Ohio St.,Fr,19.3,77.0,G,84.3,29.9,0.5729,0.449,3.6,15.4,30.1,17.3,1.1,2.8,30.3,0.756,6.8115,2.1997,train,2.0,2015,1.1127,3,Quality Starter,2.3,5.9,30.33,26.6,11,655,True,3
c72b6317-7ffd-5145-8f59-8b8816934b8a,Justise Winslow,Duke,Fr,19.2,78.0,G,72.3,22.4,0.572,0.309,5.4,19.8,13.2,16.8,2.9,2.8,43.8,0.641,4.6193,4.7664,train,10.0,2015,0.0159,4,Role Player,-1.7667,1.0,27.52,8.3,8,344,False,3
32894558-3710-5e01-a731-909a98be3e73,Devin Booker,Kentucky,Fr,18.7,78.0,G,51.9,20.5,0.6002,0.491,2.6,7.8,10.9,13.8,0.3,1.3,22.3,0.828,5.5674,1.1088,train,13.0,2015,1.8116,2,All-Star,3.7667,9.6,35.06,57.9,11,737,True,3
e63a7ad7-4cef-5b7b-8305-033f0fff6ff1,Frank Kaminsky,Wisconsin,Sr,22.2,84.0,F,73.718,26.7338,0.6177,0.2424,7.2399,22.8334,16.2431,10.8814,4.9813,1.711,39.3518,0.77,7.8167,4.8293,train,9.0,2015,-0.075,4,Role Player,0.3667,1.3,16.89,16.0,8,413,False,3
2ccdaf2b-8da5-5673-bf86-696beb384e50,Stanley Johnson,Arizona,Fr,19.1,78.0,W,70.9,26.0,0.551,0.297,8.9,19.1,11.6,17.4,1.6,3.2,45.6,0.742,4.0392,4.6091,train,8.0,2015,-0.4858,5,End of Bench,-2.0667,-0.2,18.48,6.8,8,449,False,3
605a791a-f7b9-5554-99c3-01fe9a36fba5,T.J. McConnell,Arizona,Sr,23.2,73.0,G,78.2205,19.2165,0.5644,0.298,2.5637,11.857,34.5968,19.8419,0.4797,4.124,21.1286,0.7638,5.1797,4.3033,train,,2015,0.4417,4,Role Player,2.2333,3.9,17.81,34.6,11,762,True,3
92f94805-6352-58ce-8e2f-13625e67bdf4,Jahlil Okafor,Duke,Fr,19.5,83.0,C,72.8,27.6,0.6414,0.0,14.8,18.2,9.4,18.2,4.5,1.5,46.2,0.51,5.6267,3.5608,train,3.0,2015,-0.4492,5,End of Bench,-1.1333,0.3,15.0,7.1,7,248,False,3
c1ee99ed-e55f-5da1-8e87-2fc7e1a26986,Willie Cauley-Stein,Kentucky,Jr,21.9,84.0,C,60.1543,17.6095,0.5843,0.0,11.6023,17.0267,7.0301,16.2442,8.6173,2.8276,51.8101,0.5516,3.8415,8.2277,train,6.0,2015,0.4796,3,Quality Starter,0.5333,3.5,25.74,23.2,7,422,False,3
5735b529-ef0d-5623-8f29-b7a580bfa904,Trey Lyles,Kentucky,Fr,19.6,82.0,F,52.6,20.6,0.5426,0.121,9.9,16.1,9.2,15.0,2.1,1.4,42.5,0.735,3.6169,3.4597,train,12.0,2015,-0.1592,4,Role Player,-0.7667,1.3,18.91,22.1,10,650,False,3
48229d68-fb3b-5c7a-aa7c-9ea78952cf69,Myles Turner,Texas,Fr,19.3,83.0,F,54.9,23.8,0.5561,0.241,7.2,24.9,6.2,16.6,12.3,0.8,43.6,0.839,0.5147,6.6032,train,11.0,2015,0.8013,3,Quality Starter,1.4667,4.5,28.38,51.6,11,713,True,3
1d6b5b3a-9f70-5e0a-b84e-364c5aba1b64,Larry Nance Jr.,Wyoming,Sr,22.5,80.0,W,73.5238,25.2658,0.5839,0.1214,6.4558,21.6024,15.8207,15.0435,4.8352,2.4578,44.0687,0.7751,1.3994,4.5162,train,27.0,2015,0.7999,3,Quality Starter,2.1667,5.0,24.8,35.3,11,581,True,3
13080b36-da63-5b84-876d-a1196ced7d90,Jerian Grant,Notre Dame,Sr,22.7,77.0,G,83.7144,25.0122,0.5829,0.3815,1.3008,8.1122,33.108,15.1713,1.1567,2.7476,48.2317,0.7862,6.9957,0.2478,train,19.0,2015,-0.2223,5,End of Bench,-0.9333,1.0,18.54,8.3,5,279,False,3
b6ab3029-1c4f-539b-8945-c827013f20d8,Josh Richardson,Tennessee,Sr,21.8,78.0,G,83.3208,21.5342,0.5539,0.3132,3.1928,11.5453,18.5641,17.9248,2.2908,2.9977,31.3052,0.7773,3.6703,2.0692,train,40.0,2015,0.7057,3,Quality Starter,-0.0333,3.7,33.05,27.5,10,554,False,3
9ee49a1f-1682-5a7c-816a-2f6fa81cec95,Bobby Portis,Arkansas,So,20.4,82.0,F,71.8173,24.3384,0.576,0.0764,12.5479,19.1479,9.4808,11.5309,5.1404,2.1,34.6759,0.737,4.3004,3.2632,train,22.0,2015,0.4924,3,Quality Starter,0.8,3.5,25.09,36.7,11,721,True,3
ce5de38a-8400-5a88-b205-88beba3a0ef4,Rashad Vaughn,UNLV,Fr,18.9,78.0,G,57.3,28.8,0.5473,0.43,2.3,13.9,12.2,14.4,1.1,1.5,29.9,0.694,2.5904,-1.6839,train,17.0,2015,-1.192,5,End of Bench,-4.65,-1.65,13.14,-0.6,3,139,False,2
ebd80681-f42d-511a-a898-ab7ec057c116,Jonathon Simmons,Houston,Jr,22.8,78.0,G,74.0,26.0,0.5904,0.278,5.7,13.1,14.9,25.5,1.0,1.4,44.3,0.705,1.4225,-1.4205,train,,2012,-0.5493,5,End of Bench,-2.8,-0.9,20.96,6.2,4,258,False,3
a3b5bd38-dde0-5b9f-8a90-7dfd59ba2583,Norman Powell,UCLA,Sr,22.1,76.0,G,75.819,21.5988,0.5522,0.2843,2.0277,12.1038,12.0947,15.2376,1.6518,2.9827,35.2706,0.7459,2.7023,2.0108,train,46.0,2015,0.6841,3,Quality Starter,0.7667,3.9,29.2,36.4,11,675,True,3
81952cfb-2d96-53b1-8d5a-9c01bb00e50a,Richaun Holmes,Bowling Green,Sr,21.7,80.0,F,69.3619,23.2039,0.605,0.1355,11.2128,19.409,6.5478,16.0948,10.7761,1.6782,50.9485,0.7022,1.4407,5.2936,train,37.0,2015,0.1211,4,Role Player,0.9,2.3,17.85,30.7,10,489,False,3
96985926-56af-5da7-800d-5be4665c973a,Cameron Payne,Murray St.,So,20.9,74.0,G,81.5673,30.731,0.5551,0.437,1.8314,10.7335,37.8922,16.3727,1.6335,3.0661,31.8355,0.7884,6.3981,0.164,train,14.0,2015,0.1696,4,Role Player,0.6333,2.3,20.03,15.0,11,499,True,3
fcf6ddeb-2772-5010-a3c7-eed823261c48,Kelly Oubre,Kansas,Fr,19.5,79.0,W,52.3,22.0,0.5545,0.383,6.4,19.2,8.1,15.4,1.8,3.3,44.4,0.718,3.7265,3.3889,train,15.0,2015,0.2159,4,Role Player,-1.1333,1.3,29.61,27.6,11,705,True,3
3441d5e5-0619-54a1-8e1c-369f8191dff5,Justin Anderson,Virginia,Jr,21.6,78.0,G,54.1509,22.065,0.5694,0.4346,3.7284,14.0225,15.2367,15.1327,3.5359,1.5692,38.7827,0.7593,3.8759,4.2918,train,21.0,2015,-0.3744,5,End of Bench,-0.6333,0.7,14.25,4.9,6,242,False,3
77c7c29e-e718-5ce8-a08b-7ed1cbe8cab0,Rondae Hollis-Jefferson,Arizona,So,20.5,79.0,W,68.7082,20.7483,0.5645,0.0853,9.4248,18.7648,10.3731,15.0145,3.6731,2.2179,70.4337,0.6994,3.398,5.7389,train,23.0,2015,0.1909,4,Role Player,-0.1333,1.7,24.55,12.8,6,305,False,3
2a8a2f69-02b3-5caf-a3e1-170eb62c9883,Anthony Brown,Stanford,Sr,22.7,78.0,G,82.7876,20.1511,0.5739,0.4258,3.6689,16.9131,13.6096,16.725,0.563,1.3625,37.3763,0.7847,3.4294,1.3461,train,34.0,2015,,5,End of Bench,-5.5,-1.5,20.66,-0.3,3,41,False,1
12954996-54a2-5135-ace0-22a534f70986,Tyus Jones,Duke,Fr,19.1,73.0,G,84.2,19.9,0.5749,0.383,1.8,9.9,27.5,17.4,0.2,2.7,50.0,0.889,6.2639,2.1708,train,24.0,2015,0.4564,4,Role Player,1.3667,4.0,21.13,34.9,11,749,True,3
8a6cfbd6-65c6-5e97-adb1-9ac679970a37,Willie Reed,Saint Louis,So,20.1,81.0,C,61.3246,23.9717,0.5646,0.0,10.6585,21.202,6.1916,16.1217,7.2321,1.3783,57.3057,0.5021,-0.6581,4.3782,train,,2010,-0.3773,5,End of Bench,-0.2,0.8,12.4,6.3,3,152,False,3
b6c37c98-2cd3-582a-9f56-7fc21b311e99,Lamar Patterson,Pittsburgh,Sr,22.9,77.0,G,73.48,25.2475,0.5609,0.436,4.7862,14.5343,26.6892,18.5664,1.2848,2.7661,37.1581,0.7291,6.0148,3.1876,train,48.0,2014,,5,End of Bench,-5.1,-0.9,11.29,0.1,2,40,False,1
6a01e5da-4133-507f-b848-43760dbe711d,Joseph Young,Oregon,Sr,23.0,74.0,G,85.0104,25.6652,0.5845,0.4313,2.122,10.2359,17.9461,12.674,0.1229,1.8337,29.2414,0.9064,6.0117,-1.1875,train,43.0,2015,-1.045,5,End of Bench,-3.5,-0.6,10.53,0.3,3,127,False,1
8a4d01d1-554a-5e0c-9e7a-dbc3c7edddb7,Darrun Hilliard,Villanova,Sr,22.2,78.0,G,69.5037,22.5171,0.5792,0.5145,2.3865,10.5406,16.3451,14.7057,1.4643,3.2901,35.2702,0.765,5.061,2.6793,train,38.0,2015,-1.1788,5,End of Bench,-4.25,-0.6,9.92,0.3,3,91,False,2
ac6d4d25-9200-5b4a-936d-33f733186f10,Jarell Martin,LSU,So,21.1,81.0,W,79.3572,23.2914,0.5619,0.1792,9.0457,16.3465,9.4793,18.2691,2.0094,1.8738,46.8865,0.6897,2.2343,1.6123,train,25.0,2015,-0.9515,5,End of Bench,-4.5,-1.5,18.3,3.2,4,184,False,3
3f7e7741-e4c3-580f-8bf2-5d22f9b11333,Montrezl Harrell,Louisville,Jr,21.4,80.0,F,78.1592,21.957,0.5878,0.0655,10.6913,18.9255,8.4127,14.277,4.0976,1.7342,47.2828,0.5532,3.2639,4.2175,train,32.0,2015,1.0752,3,Quality Starter,3.2667,6.6,24.48,43.0,8,515,False,3
bf0cf727-c521-5e95-a66b-14971ac1f808,Chris McCullough,Syracuse,Fr,20.4,82.0,F,36.0,21.1,0.5078,0.009,9.0,18.5,8.2,22.2,8.5,3.6,62.8,0.563,-1.7773,7.5601,train,29.0,2015,-0.6546,5,End of Bench,-2.4,0.0,15.08,0.6,3,59,False,1
cd8b01cc-08a8-55f8-a9b1-e7aa8e1d70bd,R.J. Hunter,Georgia St.,Jr,21.7,78.0,G,87.7676,26.7931,0.5689,0.5337,2.448,13.3043,16.3094,11.5035,3.5459,3.5459,41.4751,0.8682,5.364,1.4412,train,28.0,2015,,5,End of Bench,-2.1,0.0,8.75,0.4,4,45,False,1
4b8f7ac8-d6bc-5f35-b428-647a6f682d41,Terry Rozier,Louisville,So,21.3,73.0,G,78.4211,25.0273,0.5077,0.326,3.9281,13.8573,19.0379,13.1603,0.4573,3.4359,31.3652,0.7733,3.8078,3.1404,train,16.0,2015,1.0242,3,Quality Starter,0.9667,5.3,34.17,30.6,10,665,False,3
6ae832cc-87fa-5542-97d9-51433e04d60d,Bryce Dejean-Jones,Iowa St.,Sr,22.8,78.0,G,59.7263,24.6104,0.5429,0.3233,5.115,14.0384,19.3799,15.9392,1.1612,2.1998,42.5115,0.6978,3.5314,1.5528,train,,2015,,5,End of Bench,-2.5,0.0,19.93,0.2,1,14,False,1
0c469b4b-7768-5bb5-bf34-743f76e30fc1,Xavier Munford,Rhode Island,Sr,22.1,74.0,G,88.1406,26.6871,0.5126,0.4321,1.638,9.7406,15.4684,17.0368,1.1,1.8671,33.8393,0.7059,1.3946,-0.3481,train,,2014,,5,End of Bench,,,,0.0,2,20,False,0
4dc2da94-ce92-5102-b989-f29b710500af,Delon Wright,Utah,Sr,23.2,77.0,G,86.5313,23.8815,0.6225,0.211,4.2416,14.414,31.5613,16.5679,3.3062,3.9354,59.4005,0.8205,7.0257,6.2739,train,20.0,2015,0.8097,3,Quality Starter,2.6,5.1,23.27,28.9,10,548,False,3
dbea95fb-9c9d-563c-a691-175474726efd,Jordan McRae,Tennessee,Sr,23.2,78.0,G,77.7368,27.2283,0.5458,0.4347,2.8368,10.801,16.4612,16.5298,3.187,1.4279,39.5369,0.7774,4.2522,1.5969,train,58.0,2014,-0.4311,5,End of Bench,-1.6,0.15,17.45,1.8,4,123,False,2
5402423e-2181-5660-9224-0b763bbd9d22,Briante Weber,VCU,Sr,22.5,74.0,G,52.7863,18.8405,0.5138,0.1999,3.3118,13.1835,26.8244,19.3942,0.8462,7.7629,42.4026,0.7649,3.1948,6.9886,train,,2015,,5,End of Bench,,,,0.7,3,45,False,0
ee265d58-7b5e-5182-803b-63a7fd28792c,Jarell Eddie,Virginia Tech,Sr,22.7,79.0,W,76.2298,22.03,0.5141,0.5391,3.6582,15.6576,9.5546,15.9497,1.772,0.7635,25.1349,0.8047,1.0695,0.122,train,,2014,,5,End of Bench,,,,0.2,3,34,False,0
64298923-d141-5c2a-b8b1-9fdcf3da88f5,Christian Wood,UNLV,So,19.7,82.0,F,73.5465,25.2811,0.5564,0.2685,9.9277,22.0753,7.982,16.5905,7.8172,0.7371,40.5802,0.7415,1.1673,2.7434,train,,2015,0.8746,3,Quality Starter,2.0333,4.7,27.75,20.2,8,339,False,3
7d7d25c2-e220-5d45-a552-f76de6d91aab,Pat Connaughton,Notre Dame,Sr,22.5,77.0,F,86.0374,16.6334,0.5998,0.6092,3.9763,19.2563,10.529,11.7192,2.1223,1.3653,18.5558,0.7858,5.1904,1.7669,train,41.0,2015,0.2159,4,Role Player,0.6,2.6,20.71,25.3,11,637,True,3
c818bcf1-e4fe-5d8a-99ce-a11268376642,Sasha Kaun,Kansas,Sr,23.1,83.0,C,44.2,18.0,0.6033,0.0,11.0,13.4,3.0,13.9,8.2,1.4,67.4,0.552,3.2348,4.9606,train,56.0,2008,,5,End of Bench,,,,0.2,1,25,False,0
7de1ac53-a938-5087-a23e-3a7905599d0c,Aaron Harrison,Kentucky,So,20.7,78.0,G,70.3474,20.6738,0.5301,0.4732,2.055,8.6576,11.2937,12.0821,0.7162,2.4288,33.305,0.7851,4.668,2.0054,train,,2015,,5,End of Bench,,,,-0.2,3,35,False,0
159ec8b6-f21f-53ce-b63d-a22aaa509a6b,Alex Stepheson,USC,Sr,23.9,82.0,C,73.0238,18.5664,0.532,0.0,13.0136,20.615,1.5612,17.5339,4.6938,0.6184,45.1447,0.5036,-0.8743,2.4016,train,,2011,,5,End of Bench,,,,0.1,1,8,False,0
433d1df7-3660-5792-99af-1cede26bc411,Alan Williams,UC Santa Barbara,Sr,22.4,79.0,F,65.1168,32.0506,0.5329,0.0047,14.0833,29.371,10.9381,12.981,7.5931,2.1861,49.4626,0.7243,1.2298,3.777,train,,2015,-0.4711,5,End of Bench,-1.3,0.3,15.06,2.5,4,67,False,1
24ab3aef-8677-5dcb-852e-50a8b6b6daf3,Jordan Mickey,LSU,So,21.0,80.0,C,80.47,22.9845,0.5434,0.0213,9.4909,19.0618,7.1627,21.1618,9.5318,1.3655,39.4727,0.6625,-0.7217,5.6215,train,33.0,2015,-1.3022,5,End of Bench,-5.6,-0.9,12.35,0.5,3,64,False,1
3273e681-779c-5853-8599-60ca1b8ca71e,Josh Huestis,Stanford,Sr,22.5,79.0,F,80.8899,17.6775,0.5116,0.2341,9.6222,18.942,6.6054,12.2917,5.9689,1.1408,30.1556,0.6289,1.7946,4.2132,train,29.0,2014,-1.0271,5,End of Bench,-3.9,-1.5,14.23,0.7,3,76,False,1
09cebc75-2c93-5106-8af9-a7366a016315,Cliff Alexander,Kansas,Fr,19.6,80.0,C,34.1,20.4,0.5975,0.0,13.2,19.9,5.4,16.6,7.6,0.6,61.2,0.671,2.2893,4.1593,train,,2015,,5,End of Bench,,,,0.0,1,8,False,0
996ac395-e2c3-5ac9-9ecb-29dc4bbd8a92,Branden Dawson,Michigan St.,Sr,22.4,78.0,F,61.7151,21.9247,0.5565,0.0049,11.9335,21.2625,11.736,17.2156,5.2533,2.7378,30.4861,0.5397,3.026,5.8788,train,56.0,2015,,5,End of Bench,,,,0.0,1,6,False,0
52b5f9c5-d05a-5d9f-ba6b-10e1b4047128,Keith Appling,Michigan St.,Sr,22.4,73.0,G,75.5253,21.5432,0.5372,0.3401,1.6263,9.7036,23.2676,19.6233,1.6561,2.2693,46.4538,0.7156,2.8113,1.771,train,,2014,,5,End of Bench,,,,-0.1,1,5,False,0
94079d58-c3cb-5e5d-b751-e97517597639,Duje Dukan,Wisconsin,Sr,23.6,82.0,F,31.6151,18.3872,0.5211,0.541,6.7097,15.2999,7.4782,13.9934,0.4242,1.0181,27.8259,0.6449,3.1021,0.0118,train,,2015,,5,End of Bench,,,,0.0,1,1,False,0
d838965b-1b01-55e9-81d6-f3b2c70f30df,Kevon Looney,UCLA,Fr,19.4,81.0,F,76.8,20.0,0.5322,0.165,12.2,21.0,9.1,11.9,3.3,2.5,45.8,0.626,4.182,3.2968,train,30.0,2015,0.416,4,Role Player,1.2,4.1,20.53,38.2,11,620,True,3
05bf3a9d-737c-59b5-a26b-a2384bd1fd2c,Coty Clarke,Arkansas,Sr,22.0,79.0,W,53.0795,20.6903,0.5701,0.2082,8.1503,19.2743,17.0069,16.0714,2.7394,3.7617,51.5364,0.7893,3.1827,4.3356,train,,2014,,5,End of Bench,,,,0.0,1,3,False,0
83ef3a46-cc94-51c0-a0c1-1afcb09496ea,JJ O'Brien,San Diego St.,Sr,23.2,79.0,G,75.7064,18.6576,0.5014,0.0924,8.2165,10.8185,13.7226,16.5489,0.9224,2.2587,33.7348,0.62,1.7267,3.273,train,,2015,,5,End of Bench,,,,0.0,1,2,False,0
c199dd51-91b6-55d3-bccd-cbbd1b281b44,Sam Dekker,Wisconsin,Jr,21.1,81.0,W,73.8728,22.3356,0.5903,0.3842,7.8548,15.2204,9.5972,9.7263,1.6485,1.3312,30.9499,0.6997,6.7222,1.6019,train,18.0,2015,-0.4784,5,End of Bench,-1.6333,0.5,15.69,5.3,5,201,False,3
1ea4dede-98a7-58a6-8753-9b2a0ce48016,Rakeem Christmas,Syracuse,Sr,23.6,81.0,C,74.3274,21.2731,0.5978,0.002,10.1299,17.9585,8.3886,17.3209,9.2949,1.523,49.2649,0.6977,1.6532,6.1768,train,36.0,2015,,5,End of Bench,,,,0.5,2,30,False,0
9c393fb6-cf13-507d-8a84-c768c5177a51,Brandon Ingram,Duke,Fr,18.8,81.0,F,85.9,24.6,0.5525,0.403,6.1,15.4,11.3,13.7,3.6,1.9,35.1,0.682,4.0351,2.1854,train,2.0,2016,1.2657,3,Quality Starter,2.1,6.3,34.08,32.0,10,572,True,3
84f339b2-6e5c-5b80-92a9-080287f5089f,Malcolm Brogdon,Virginia,Sr,23.5,77.0,G,81.5779,25.4754,0.5661,0.3662,2.2812,13.6297,18.4322,12.0946,1.023,1.7985,33.2913,0.8854,5.5437,2.767,train,36.0,2016,1.1017,3,Quality Starter,2.4,5.4,30.69,33.3,9,463,False,3
515e53b5-985f-597f-8869-9e6c1fbdb0cf,Rodney McGruder,Kansas St.,Sr,21.9,76.0,G,81.3342,22.0664,0.5446,0.3612,7.5069,12.0693,11.9769,13.4816,0.914,2.1514,25.769,0.7561,5.2511,1.5739,train,,2013,-0.2376,5,End of Bench,-1.8667,0.0,23.55,9.0,7,317,False,3
fe3f7f92-bca3-5670-b03c-41e45d59fc37,Buddy Hield,Oklahoma,Sr,23.5,76.0,G,83.1887,26.9214,0.6124,0.5245,4.8536,12.1573,12.7958,15.7524,1.0889,2.1067,28.9099,0.8464,6.8637,1.297,train,6.0,2016,0.9399,3,Quality Starter,1.4,5.9,29.29,28.8,10,765,True,3
ff70308b-13ee-5e89-861e-1fe52d1aa1ae,Jamal Murray,Kentucky,Fr,19.3,76.0,G,87.1,25.4,0.59,0.515,4.9,11.1,12.1,15.3,0.9,1.6,28.3,0.783,7.2125,0.7956,train,7.0,2016,1.6047,2,All-Star,3.0,8.7,34.48,47.5,9,611,True,3
d1950e47-f461-59ca-9088-fa561e9b475e,Marquese Chriss,Washington,Fr,19.0,81.0,F,61.2,23.7,0.5864,0.177,9.8,11.7,6.3,17.6,5.9,1.9,38.3,0.685,1.9989,2.4759,train,8.0,2016,-0.6542,5,End of Bench,-3.2333,-0.2,18.52,6.5,6,292,False,3
c4090df3-7a6e-5f47-8f2a-7e1a3eee8a26,Isaiah Whitehead,Seton Hall,So,21.3,76.0,G,73.0663,30.6562,0.5028,0.4305,2.3138,10.2671,32.0658,20.6911,4.0095,2.3102,35.2871,0.7567,3.0706,2.7733,train,42.0,2016,-1.0622,5,End of Bench,-5.1,-3.9,22.51,-0.9,2,89,False,1
fef89191-b89d-5259-8ec5-d73d5fe4d836,Dorian Finney-Smith,Florida,Sr,23.1,80.0,F,72.0435,22.9755,0.5478,0.4621,9.3843,18.5664,13.7035,16.0965,2.7478,1.764,38.2806,0.6802,4.4025,4.0038,train,,2016,0.6977,3,Quality Starter,0.2333,3.8,31.68,28.8,10,628,True,3
bbe34d45-8852-5d74-b18f-6e5411120cfe,Domantas Sabonis,Gonzaga,So,20.1,83.0,F,73.3746,24.963,0.6542,0.0276,12.0047,27.1883,10.4642,18.93,2.3965,1.1253,52.2358,0.7409,3.7448,3.1732,train,11.0,2016,2.623,1,Franchise Star,5.8333,16.0,35.03,71.0,10,665,True,3
3c08f768-b712-57d0-a662-1d5e53dd0f2c,Andrew Harrison,Kentucky,So,20.7,78.0,G,69.0057,21.8,0.5216,0.3263,2.1985,8.1,25.1947,20.3941,0.8233,1.9248,60.9039,0.7813,3.3507,1.619,train,44.0,2015,-0.4255,5,End of Bench,-2.45,-0.45,21.88,3.2,3,145,False,2
59b2923e-1c89-59f4-b867-4aad48142cc3,Jaylen Brown,California,Fr,19.7,79.0,W,68.3,30.9,0.5176,0.27,4.5,16.5,15.1,21.0,2.2,1.7,57.4,0.654,-0.0223,2.6154,train,3.0,2016,1.2863,2,All-Star,1.9667,6.5,34.68,47.5,10,674,True,3
dc247990-298d-57ac-b300-fa14cff505e6,Kris Dunn,Providence,Jr,22.3,76.0,G,75.838,28.6889,0.5355,0.2385,3.4098,15.05,43.4067,22.8213,1.582,4.4073,44.9683,0.6979,4.7733,4.7149,train,5.0,2016,0.3139,4,Role Player,0.9667,2.4,22.22,15.8,10,489,True,3
f9821979-79c5-5dc1-ad7b-203a28697953,Malcolm Delaney,Virginia Tech,Sr,22.3,75.0,G,90.2621,26.3929,0.5722,0.4576,2.7363,8.5131,24.1532,18.2545,0.5029,2.3759,51.9541,0.8474,5.393,0.693,train,,2011,-0.9368,5,End of Bench,-4.1,-1.8,17.81,1.1,2,127,False,2
9c721faf-f72d-5a8d-a07b-632749f3280a,Caris LeVert,Michigan,Sr,21.8,79.0,G,50.199,24.3807,0.5707,0.3864,1.8949,16.3881,24.8807,13.9728,0.9145,2.3685,35.1799,0.7807,5.2848,2.2856,train,20.0,2016,0.5245,3,Quality Starter,0.3,3.3,28.11,25.5,10,584,True,3
0489f67f-2c8d-5fa1-94ed-1d0bd0a33b9c,Yogi Ferrell,Indiana,Sr,23.1,72.0,G,86.5,24.7,0.5999,0.439,3.5,9.3,28.4,16.9,0.1,1.8,38.3,0.829,6.7782,-0.4258,train,,2016,-0.1115,4,Role Player,-1.3,0.9,22.84,7.7,5,259,False,3
c9cc6c3c-4f31-5253-815d-3a6a7486e05c,Tyler Ulis,Kentucky,So,20.5,69.0,G,80.6888,21.8408,0.563,0.3872,1.8442,6.9077,32.5936,14.2738,0.276,2.3721,41.0717,0.8445,7.7715,0.7713,train,34.0,2016,-0.6923,5,End of Bench,-3.4,-1.65,21.07,0.5,3,133,False,2
7ea3ef46-e958-5dab-89be-31b4e993a709,Patrick McCaw,UNLV,So,20.7,79.0,G,79.6716,20.0017,0.567,0.5402,3.2509,11.4771,21.3595,16.5983,1.1702,3.5316,27.5979,0.752,3.8652,2.253,train,38.0,2016,-0.6513,5,End of Bench,-2.9667,-0.6,18.42,4.3,5,199,False,3
cf30433e-3bed-5cf4-8b07-d350cf73f0e5,Taurean Prince,Baylor,Sr,22.3,80.0,W,69.0102,26.7259,0.5483,0.3583,8.7615,15.1148,13.7792,19.2784,2.9151,2.6402,33.4877,0.7302,4.2644,2.2756,train,12.0,2016,-0.078,4,Role Player,-1.6333,0.6,25.49,15.6,10,608,True,3
b3ae0016-c189-5db1-b802-c50dfb16df86,Denzel Valentine,Michigan St.,Sr,22.6,77.0,G,73.9634,25.5529,0.5839,0.514,3.8717,19.4582,36.0779,18.6653,0.8654,1.8734,21.3968,0.813,8.3681,2.951,train,14.0,2016,-0.5264,5,End of Bench,-1.65,0.0,15.55,4.5,5,256,False,2
e63cbda4-6590-560a-ba2b-824d2bfd4ef3,Semaj Christon,Xavier,So,21.6,75.0,G,85.8755,27.7177,0.5306,0.1042,1.2126,7.9748,27.5035,18.5245,0.6723,2.4597,54.4033,0.6693,2.0179,0.8173,train,55.0,2014,-1.2351,5,End of Bench,-5.1,-2.4,15.2,0.1,1,64,False,1
4b556d1f-3e6e-5ac9-aa26-cbdd92e6b525,Pascal Siakam,New Mexico St.,So,22.2,81.0,C,84.0163,26.0621,0.5806,0.0236,13.523,21.6544,10.8001,14.2918,6.1847,1.7,41.8995,0.7118,2.6055,4.4031,train,27.0,2016,1.7216,2,All-Star,2.8333,9.7,36.01,58.1,10,691,True,3
f0784728-3838-582b-9888-c4986e73e184,Ron Baker,Wichita St.,Sr,23.2,76.0,G,77.6674,21.9856,0.5636,0.5165,2.3885,14.8087,19.8744,12.8468,2.4862,2.7686,34.6078,0.7864,4.9895,4.4421,train,,2016,-0.7144,5,End of Bench,-2.55,-0.6,15.33,0.3,3,96,False,2
369f84bf-867b-576a-94c3-428a70141cb8,Joel Embiid,Kansas,Fr,20.3,84.0,C,45.9,24.4,0.655,0.029,12.7,27.3,11.5,24.1,11.7,2.3,83.6,0.685,3.3405,9.338,train,3.0,2014,3.3029,1,Franchise Star,10.0,17.4,34.05,68.9,10,490,True,3
83baf329-e923-582f-ab78-a8b8e0323e96,Jakob Poeltl,Utah,So,20.7,84.0,C,70.2282,24.9384,0.6526,0.0014,12.9616,21.4828,11.8313,16.3427,5.916,1.1456,66.2189,0.6251,4.7514,4.5199,train,9.0,2016,0.4706,4,Role Player,1.7667,3.9,20.23,48.5,10,641,True,3
7985a0e9-7853-5ec8-9da9-d249ef1fc9ad,Skal Labissiere,Kentucky,Fr,20.3,83.0,C,39.0,20.9,0.54,0.011,7.3,14.6,3.6,16.3,10.3,0.9,32.6,0.661,0.046,4.9124,train,28.0,2016,-0.4997,5,End of Bench,-2.5,-0.3,19.91,4.5,6,155,True,2
26b3cf4a-d135-52cf-939e-93adfcc69677,Troy Williams,Indiana,Jr,21.5,79.0,W,63.6236,24.9876,0.5839,0.1719,7.8023,19.3498,13.5168,21.7871,2.5593,2.3764,47.0394,0.7039,2.2176,2.5971,train,,2016,-0.5962,5,End of Bench,-2.2333,-0.2,16.33,1.3,3,72,False,3
a0fc1d3d-4015-5822-83a0-f5c96f8e07dd,Derrick Jones Jr.,UNLV,Fr,19.4,79.0,F,47.1,22.2,0.609,0.193,7.9,13.5,8.2,14.7,6.1,1.8,64.1,0.602,1.3516,2.9529,train,,2016,0.0311,4,Role Player,-0.4,1.6,21.73,26.4,10,547,True,3
50f011df-8190-5aff-abce-a40dcf1a9d2b,Okaro White,Florida St.,Sr,21.9,79.0,F,70.7186,21.2834,0.6041,0.2231,9.2445,15.7933,6.4985,17.2447,3.7248,1.6746,52.775,0.799,3.5293,1.8583,train,,2014,,5,End of Bench,-3.1,-0.3,13.46,0.8,3,44,False,1
88132de1-e7d6-5de2-9c32-8bce368d65c1,Wade Baldwin IV,Vanderbilt,So,20.2,75.0,G,74.1389,24.3035,0.5756,0.3584,1.758,12.5031,32.8614,19.958,0.8065,2.558,56.6265,0.8019,4.7695,2.0529,train,17.0,2016,-1.2908,5,End of Bench,-5.5,-0.9,12.27,-0.3,3,56,False,1
19e30848-989b-5377-b464-0db5997b944f,David Nwaba,Cal Poly,Sr,23.4,76.0,G,64.8474,27.6756,0.4957,0.0426,7.4441,17.0393,23.4181,15.1759,2.1341,2.8048,57.8503,0.6321,1.6268,1.4995,train,,2016,-0.2261,5,End of Bench,-0.1,0.6,16.21,8.0,6,237,False,3
859c9235-8db5-503e-82a9-a0eb7851fb3c,Kahlil Felder,Oakland,Jr,21.2,69.0,G,91.3939,30.4384,0.5597,0.3262,2.1715,11.0504,45.434,18.2373,0.56,2.7529,48.2091,0.8288,6.4701,-0.7473,train,54.0,2016,-0.8904,5,End of Bench,-2.4,0.0,9.19,-0.4,2,58,False,1
b5df22fb-863e-5c28-8e04-a828c9563a65,DeAndre' Bembry,Saint Joseph's,Jr,22.0,78.0,G,91.9735,25.0884,0.5306,0.2894,4.3635,17.399,23.3049,14.8821,2.4708,2.4157,37.2676,0.6417,3.8617,3.4133,train,21.0,2016,-0.3627,5,End of Bench,-1.7,0.2,19.42,4.4,6,296,False,3
e0ad215d-7416-5162-be03-d2043e2c99ed,Maurice Ndour,Ohio,Sr,23.0,81.0,F,82.5605,25.3414,0.5794,0.1739,7.2188,19.3,10.6466,19.988,6.0481,1.6948,46.3068,0.7689,0.0767,2.4336,train,,2015,,5,End of Bench,-2.8,-0.3,10.34,0.4,1,32,False,1
9f75e374-ebd1-5cbe-b7b7-fd0eaac703a4,Dejounte Murray,Washington,Fr,19.8,76.0,G,82.2,26.0,0.4851,0.243,4.1,13.7,25.7,19.0,0.8,2.8,34.2,0.663,1.7365,1.6259,train,29.0,2016,1.6398,2,All-Star,2.7,9.1,35.65,26.8,9,517,True,3
9dc30751-668a-50b8-a32c-45891d8a598b,Chasson Randle,Stanford,Sr,22.4,73.0,G,86.6219,25.8,0.5658,0.438,1.4793,9.6398,17.0704,14.6596,0.3106,2.1084,41.7832,0.8295,4.7565,0.0589,train,,2015,-0.6959,5,End of Bench,-1.7,0.0,11.5,1.3,4,119,False,1
6cfa3f80-4fde-5088-b6f5-5b3adc21d713,Fred VanVleet,Wichita St.,Sr,22.3,72.0,G,70.9639,23.7462,0.5443,0.3469,2.515,12.0586,36.8838,14.4962,0.4,3.734,42.5198,0.8089,6.0447,3.4205,train,,2016,1.8382,2,All-Star,3.1667,10.0,37.11,46.1,9,550,False,3
2b8fff9a-984f-5373-a9c3-1e49edf3610a,Bryn Forbes,Michigan St.,Sr,22.9,75.0,G,70.361,17.8899,0.6342,0.641,1.5779,6.9082,8.9701,11.7388,0.2058,1.1708,24.7139,0.8296,5.457,-0.7744,train,,2016,-0.1558,4,Role Player,-1.7333,0.4,24.31,11.6,7,431,False,3
0b58552b-4661-5995-9690-5c7d9e84d627,Jake Layman,Maryland,Sr,22.3,81.0,W,76.5001,18.6068,0.6058,0.4907,4.7384,14.5826,7.9241,17.1952,3.1696,1.9597,35.2327,0.7972,3.3125,3.0417,train,47.0,2016,-0.4823,5,End of Bench,-2.1,0.3,17.69,3.8,6,243,False,3
b650dda7-1b9c-5f9c-ab98-7060eb380b43,Deyonta Davis,Michigan St.,Fr,19.6,82.0,C,46.1,18.5,0.6012,0.0,13.6,19.0,7.5,14.8,10.2,0.8,19.1,0.605,3.225,6.0137,train,31.0,2016,-0.4942,5,End of Bench,-1.5,0.3,15.21,3.6,3,107,False,1
c4cd2e5c-40ad-5f28-a527-5ebe07ff14c0,Wayne Selden Jr.,Kansas,Jr,21.7,77.0,G,73.6758,20.882,0.5435,0.4586,3.4833,8.2097,16.3129,17.8269,1.1843,1.3431,31.7164,0.6301,3.9643,1.5798,train,,2016,-0.9202,5,End of Bench,-4.25,-2.1,19.37,0.1,4,127,False,2
6f05749e-b229-5fd2-9e21-e7a1bd276567,Shawn Long,Louisiana,Sr,23.4,83.0,F,72.2238,28.1502,0.5689,0.1683,13.2448,27.8823,9.7129,16.7477,6.2762,1.2575,47.5575,0.6831,2.1886,2.0603,train,,2016,,5,End of Bench,,,,0.9,1,18,False,0
33082996-c389-5f36-a2a4-01acd909ddf7,Jonathan Gibson,New Mexico St.,Sr,22.6,74.0,G,77.3922,22.5063,0.5795,0.5565,1.5723,7.0292,15.47,16.0249,0.1731,2.3451,25.3195,0.789,4.1038,-1.7466,train,,2010,,5,End of Bench,,,,0.1,2,21,False,0
65aad87e-971a-578a-88b4-1a34dff20d3b,Cheick Diallo,Kansas,Fr,19.8,81.0,C,13.5,21.3,0.5718,0.0,10.4,27.2,0.9,22.7,11.9,2.0,46.6,0.556,-2.9177,6.2678,train,33.0,2016,-0.5613,5,End of Bench,-1.1333,0.4,12.0,6.4,5,183,False,3
d511b785-0038-5440-be66-24d9ff8050fe,Malachi Richardson,Syracuse,Fr,20.5,78.0,G,85.1,22.0,0.5097,0.544,1.7,12.1,12.8,17.3,0.9,2.1,38.1,0.72,1.0033,0.979,train,22.0,2016,-1.3561,5,End of Bench,-6.0,-0.9,12.46,-0.1,3,70,False,1
fd2d8d90-8784-5ce6-adf6-79f13d434c79,Treveon Graham,VCU,Sr,21.7,77.0,W,66.1912,26.4525,0.5448,0.4051,8.1573,19.525,12.97,10.8811,0.9424,1.5313,44.3101,0.6951,4.9158,0.5329,train,,2015,-0.8903,5,End of Bench,-4.0,-1.3,17.61,2.9,4,180,False,3
bacc3351-e11f-51d8-9362-4a09dab5da1c,Quinn Cook,Duke,Sr,22.3,74.0,G,83.1577,19.4609,0.5864,0.5485,1.5037,9.0037,19.4051,13.2936,0.1512,2.092,24.9269,0.8706,6.6913,1.1061,train,,2015,-0.6691,5,End of Bench,-2.5,-0.1,15.28,4.1,5,188,False,3
8ad5bb50-e6d1-5df6-b116-cdc68079a8df,Marshall Plumlee,Duke,Sr,23.9,84.0,C,65.4106,13.4912,0.6602,0.0031,12.5244,18.0105,5.7441,15.9509,5.0886,1.4963,94.163,0.5738,4.0995,4.2642,train,,2016,,5,End of Bench,,,,0.4,2,29,False,0
24370da8-9504-5d45-bf84-6206b4ebd43f,Malik Beasley,Florida St.,Fr,19.6,77.0,G,74.3,23.0,0.5829,0.361,5.0,15.1,9.8,14.0,0.6,1.8,32.6,0.813,4.0294,0.1062,train,19.0,2016,0.1083,4,Role Player,-0.7333,1.6,24.87,20.0,9,578,False,3
b352f28c-b01d-5d38-85bf-3d8e726503d2,A.J. Hammons,Purdue,Sr,23.8,84.0,C,58.4916,26.4431,0.5937,0.0269,11.5081,22.6393,8.9785,19.1561,11.1901,0.9047,43.7655,0.695,1.3521,6.5801,train,46.0,2016,,5,End of Bench,,,,0.0,1,22,False,0
89d4378c-293a-58ab-9179-ae89ecd16003,Alex Poythress,Kentucky,Sr,22.8,80.0,F,48.2811,18.6948,0.6142,0.1331,9.344,17.9508,3.094,16.8485,3.2046,1.3278,49.9447,0.7023,3.0424,1.6051,train,,2016,-0.8613,5,End of Bench,-3.5,-0.3,14.52,0.9,3,52,False,1
83f24449-4017-5976-88c9-ab0fe5f2641e,Henry Ellenson,Marquette,Fr,19.4,83.0,F,82.6,25.8,0.5335,0.239,7.8,24.1,11.0,15.0,4.4,1.4,43.9,0.749,1.1083,2.3823,train,18.0,2016,-0.9493,5,End of Bench,-2.95,-0.3,10.32,0.3,5,83,False,2
13363708-b409-558c-9d96-93774ca222cf,Jarrod Uthoff,Iowa,Sr,23.1,81.0,F,74.3993,23.7464,0.5544,0.3577,5.7245,16.955,8.9825,9.4024,7.6946,1.8775,29.4568,0.7908,4.3063,4.8258,train,,2016,,5,End of Bench,,,,0.2,2,16,False,0
7905e1b0-aa70-5c61-a12b-b16b4c907325,Stephen Zimmerman Jr.,UNLV,Fr,19.8,84.0,C,51.8,21.9,0.5099,0.078,9.0,26.1,6.5,19.5,7.2,1.0,48.3,0.636,-3.7842,3.6438,train,41.0,2016,,5,End of Bench,,,,0.0,1,19,False,0
7103015a-1385-597f-9395-510e21a60c73,Gary Payton II,Oregon St.,Sr,23.6,75.0,G,87.5159,25.0186,0.535,0.208,7.3899,18.2345,29.1893,14.6756,2.4991,4.6479,28.6479,0.6525,5.6157,5.8755,train,,2016,0.1999,4,Role Player,1.6333,2.5,16.75,15.4,10,343,True,3
4d7953b1-f303-59dc-9b63-8106b23bcf77,Georges Niang,Iowa St.,Sr,23.0,80.0,W,78.1742,27.286,0.5971,0.2846,4.5313,14.9761,20.196,16.5949,1.6973,1.2939,25.4788,0.7913,5.0786,0.9089,train,50.0,2016,-0.3052,5,End of Bench,-0.1333,1.2,13.16,16.0,9,544,False,3
4939897b-c9a7-58ec-b208-b4fa428d3abf,Damian Jones,Vanderbilt,Jr,21.0,84.0,C,67.1628,26.027,0.5764,0.0105,9.6742,16.862,7.7947,17.0424,6.3037,0.7429,57.7888,0.5588,0.6326,2.9166,train,30.0,2016,-0.3302,5,End of Bench,-0.6,0.5,15.63,11.3,8,279,False,3
c6a678ec-491b-585b-83d4-2596c569175c,Pierre Jackson,Baylor,Sr,21.8,70.0,G,83.5731,29.2056,0.5804,0.4735,2.5719,8.8873,40.3844,20.7691,0.093,2.8099,43.4336,0.8068,8.0326,0.2098,train,42.0,2013,,5,End of Bench,,,,0.0,1,8,False,0
6985e7f4-ea18-5dab-854a-b575573f97c8,Tim Quarterman,LSU,Jr,21.7,78.0,G,72.6043,20.3281,0.5215,0.4714,5.593,11.4132,22.0342,17.3902,1.4991,2.1035,44.1795,0.6563,3.532,1.147,train,,2016,,5,End of Bench,,,,-0.1,2,19,False,0
91d4d266-2b8c-5b71-9a88-6adf12964152,Daniel Ochefu,Villanova,Sr,22.5,83.0,C,54.8884,20.3658,0.6311,0.0042,12.0005,25.3271,13.5068,20.2224,7.0355,2.0766,46.3261,0.6589,3.4855,7.5255,train,,2016,,5,End of Bench,,,,0.0,1,19,False,0
e26f7bd5-790a-59f0-9ae0-f52d6d8f27fb,Joel Bolomboy,Weber St.,Sr,22.4,81.0,F,76.6111,24.1961,0.5895,0.137,13.3819,27.8582,6.6163,18.1418,3.7305,1.0822,68.5158,0.7046,-0.1536,1.5127,train,52.0,2016,,5,End of Bench,,,,0.3,2,18,False,0
712d8a61-50e9-56b4-b20c-b3799e19962f,Chinanu Onuaku,Louisville,So,19.6,82.0,C,56.7078,19.5169,0.6138,0.0037,13.3373,23.3392,11.0349,25.994,9.0042,2.0554,29.3928,0.5574,1.282,8.5714,train,37.0,2016,,5,End of Bench,,,,0.0,2,6,False,0
609a9f7b-99c4-5f52-a27d-6670d3d2e53b,Isaiah Taylor,Texas,Jr,22.0,75.0,G,71.5523,27.0472,0.511,0.1416,1.4236,9.334,33.5619,15.2264,0.5493,1.7906,48.8543,0.8083,3.6961,0.6083,train,,2016,-1.0201,5,End of Bench,-4.4,-2.1,17.42,0.6,2,71,False,1
73a409e4-00c2-52b5-808f-c99637c2e538,Marcus Georges-Hunt,Georgia Tech,Sr,22.2,77.0,G,77.9151,24.2544,0.557,0.2795,4.707,10.6489,16.9043,15.1746,0.9926,1.8521,54.9136,0.7762,4.5754,1.6196,train,,2016,,5,End of Bench,,,,0.3,2,47,False,0
26124d0f-2727-5727-b8ea-7a3509ba0b5d,Kyle Wiltjer,Gonzaga,Sr,23.7,82.0,F,76.1977,25.3826,0.6128,0.3968,5.8898,14.8681,10.8407,12.8688,2.3177,0.7612,26.0657,0.8308,5.4911,1.0151,train,,2016,,5,End of Bench,,,,0.0,1,14,False,0
fab9bf19-9ca8-5aa7-86e9-7ed3be95d30f,Patricio Garino,George Washington,Sr,23.1,78.0,G,76.0837,20.9758,0.5935,0.275,6.0573,10.3584,10.7332,19.4585,2.7125,2.9676,37.8308,0.6897,3.0283,2.7679,train,,2016,,5,End of Bench,,,,-0.2,1,5,False,0
453dd54e-883e-50ab-a40a-c79b1b6bf58d,Michael Gbinije,Syracuse,Sr,24.1,79.0,G,86.6767,22.7197,0.5636,0.4593,3.4675,9.8227,24.2005,18.3125,1.176,3.1284,33.998,0.6377,4.3867,2.1458,train,49.0,2016,,5,End of Bench,,,,-0.1,1,9,False,0
25f59f62-8725-5157-86c6-cae1b59dc9e3,Mike Tobey,Virginia,Sr,21.7,84.0,C,40.5243,23.2098,0.5771,0.0319,13.5828,20.7782,5.3623,12.7936,5.1479,1.0407,28.0351,0.6729,2.3071,3.2827,train,,2016,,5,End of Bench,,,,0.0,1,2,False,0
8909a629-08da-53fd-887d-f781cda0a8f6,Diamond Stone,Maryland,Fr,19.4,83.0,C,55.1,26.4,0.6067,0.0,13.0,15.3,4.1,15.1,7.2,1.3,44.6,0.75,1.5644,1.949,train,40.0,2016,,5,End of Bench,,,,-0.1,1,7,False,0
4d116504-de14-5d7d-bffa-5bb0b65fc864,Demetrius Jackson,Notre Dame,Jr,21.8,73.0,G,83.3313,21.9902,0.5775,0.3885,3.5132,8.0672,21.4758,15.5764,0.7762,2.22,33.8878,0.7897,5.4785,-0.0227,train,45.0,2016,,5,End of Bench,,,,0.2,3,26,False,0
27b19269-78e0-5403-b226-4d67c208e7cc,Ben Bentil,Providence,So,21.2,81.0,F,77.1849,25.7306,0.5538,0.2668,9.4291,16.1017,7.4495,13.0275,2.8367,1.2564,46.7872,0.7612,3.053,1.159,train,51.0,2016,,5,End of Bench,,,,-0.1,1,3,False,0
5399504e-58b8-5b5e-8677-5822ce90da07,Brice Johnson,North Carolina,Sr,22.0,82.0,C,64.372,24.0782,0.6204,0.0,11.5356,26.1071,8.9844,14.6066,5.4372,2.0435,37.4338,0.7324,5.034,4.6962,train,25.0,2016,,5,End of Bench,,,,0.2,2,21,False,0
77d3712e-b152-559f-9cd8-309c2263cc85,Danuel House,Texas A&M,Sr,23.0,79.0,G,69.0201,24.5898,0.5265,0.4956,4.1044,12.3649,13.8922,14.4589,1.6442,1.1968,37.839,0.6957,3.2563,0.8303,train,,2016,0.0909,4,Role Player,-0.9333,1.0,26.36,10.0,8,294,False,3
18e4fb9f-6b7e-50e3-a3cb-dfd2efed0dae,Ben Simmons,LSU,Fr,19.9,82.0,W,86.5,28.2,0.5995,0.008,9.6,26.8,27.4,18.6,2.5,3.1,76.9,0.67,5.2144,4.9937,train,1.0,2016,1.9216,2,All-Star,3.9,11.1,34.33,35.3,7,383,False,3
c47f55c9-d003-59e8-beef-82db18c62648,Donovan Mitchell,Louisville,So,20.8,75.0,G,72.6662,22.7264,0.5325,0.4792,4.3654,13.0377,15.9541,13.1359,1.4476,3.4247,25.6078,0.7941,5.4362,3.5381,train,13.0,2017,2.2867,1,Franchise Star,5.4667,12.5,34.95,60.1,9,609,True,3
1455f187-aa90-5e05-82ac-e029b87d3314,Jayson Tatum,Duke,Fr,19.3,80.0,W,65.3,25.4,0.5661,0.321,4.9,19.7,12.4,17.7,3.2,2.3,38.1,0.849,3.1346,3.2743,train,3.0,2017,2.4822,1,Franchise Star,5.2667,14.6,36.37,67.1,9,601,True,3
e2d0ea39-20ed-50f8-b71d-1888d6588438,Kyle Kuzma,Utah,Jr,21.9,81.0,F,64.497,25.9764,0.5607,0.2257,10.4726,21.188,14.2749,16.2613,1.6833,0.9793,36.4089,0.6448,3.0781,1.2387,train,27.0,2017,0.4334,4,Role Player,-0.7667,2.0,32.31,16.3,9,610,True,3
5fec745f-17b7-57ae-bbe8-8eea8b3539dc,Dillon Brooks,Oregon,Jr,21.4,79.0,G,67.9139,27.4695,0.5683,0.3124,5.9989,10.7627,20.0386,16.2797,1.7302,2.0594,30.4822,0.7786,4.9389,0.7871,train,45.0,2017,-0.065,4,Role Player,-2.4333,-0.6,31.12,16.9,9,548,True,3
934d1ec5-7fac-5093-bdcd-fd5ddfb7e184,Dennis Smith Jr.,N.C. State,Fr,19.6,75.0,G,86.4,28.2,0.5631,0.364,2.7,11.5,34.2,19.0,1.2,3.1,47.6,0.715,5.7757,0.5704,train,9.0,2017,-0.1949,5,End of Bench,-1.1667,0.3,21.47,2.3,7,326,False,3
7c994cfb-8821-5268-b6e3-a260ada6e74d,De'Aaron Fox,Kentucky,Fr,19.5,75.0,G,69.8,27.6,0.5481,0.154,2.1,12.2,28.6,15.8,0.7,2.7,47.1,0.739,4.3659,2.7212,train,5.0,2017,1.3445,2,All-Star,1.8667,7.2,35.1,40.3,9,603,True,3
98c25aea-3962-5ca9-aada-ef0db0e0d785,Lauri Markkanen,Arizona,Fr,20.1,84.0,F,77.0,21.5,0.6345,0.434,10.0,17.5,5.6,9.8,1.8,0.8,43.6,0.835,6.9241,0.8241,train,7.0,2017,1.3436,2,All-Star,2.6,7.0,32.81,36.7,9,492,True,3
7743e13e-d9aa-5786-b725-1ccdd1c66b82,Josh Jackson,Kansas,Fr,20.4,80.0,W,74.0,27.3,0.5595,0.21,8.7,17.4,18.2,18.4,3.5,3.1,40.3,0.566,4.3996,4.6022,train,4.0,2017,-0.502,5,End of Bench,-2.4667,-0.7,20.53,-1.8,5,291,False,3
19dedf32-7ed7-5ff9-b799-0b436c6809e6,John Collins,Wake Forest,So,19.8,82.0,C,59.9822,27.9938,0.6431,0.0024,15.5959,23.7954,4.2884,13.856,6.2614,1.2577,59.5581,0.7336,4.5367,0.8827,train,19.0,2017,1.0776,3,Quality Starter,2.3,5.2,30.85,43.8,9,541,True,3
30fc88d9-a9bc-56dd-baa2-d7bc7e1f3a6a,Lonzo Ball,UCLA,Fr,19.7,78.0,G,87.6,20.1,0.6726,0.566,3.2,14.3,31.4,18.9,2.1,2.8,28.6,0.673,8.1593,2.8421,train,2.0,2017,0.9729,3,Quality Starter,1.6,4.3,32.58,13.2,7,322,True,3
b826efcb-e442-52fb-a6ed-c0dd05082c9b,Justin Jackson,North Carolina,Jr,22.2,80.0,W,76.084,22.3659,0.5463,0.402,5.6425,9.7698,15.9658,12.2012,1.1666,1.3351,23.3376,0.7215,6.3386,1.4012,train,15.0,2017,-0.6062,5,End of Bench,-2.8333,-0.8,19.46,5.4,7,280,False,3
b1b3dbcd-8192-5d12-b08d-d8e797d583ff,OG Anunoby,Indiana,So,19.9,80.0,W,30.4688,19.442,0.6096,0.3256,9.558,14.4947,9.3947,18.6202,5.5365,3.1459,38.169,0.5313,4.2417,4.1538,train,23.0,2017,0.8602,3,Quality Starter,0.9667,4.0,32.67,37.6,9,559,True,3
6f89a955-0e03-553b-a0d2-593b75f5cce4,Luke Kennard,Duke,So,21.0,78.0,G,82.6838,22.2117,0.6093,0.4409,3.9544,11.6923,12.7845,10.4661,0.8185,1.5903,36.1535,0.865,6.6984,0.4907,train,12.0,2017,0.2766,4,Role Player,0.4333,2.4,23.23,28.1,9,538,True,3
fe0eb507-2fd2-5828-8497-f082f3b5f57d,Josh Hart,Villanova,Sr,22.3,77.0,G,78.089,24.7374,0.6155,0.3926,6.8952,16.6279,15.7922,13.2039,1.0677,2.6249,36.2719,0.7367,6.7986,3.0264,train,30.0,2017,1.3309,2,All-Star,1.9333,7.5,33.92,42.7,9,596,True,3
93abb321-73d5-563e-ab64-0b55d202176e,Jarrett Allen,Texas,Fr,19.2,83.0,C,80.4,22.9,0.5714,0.022,11.0,18.8,5.5,20.1,5.0,1.0,47.2,0.564,-0.1998,3.5351,train,22.0,2017,1.4121,2,All-Star,3.2667,8.5,29.1,73.1,9,624,True,3
9d30de53-7031-5c35-9cf3-3d3e3cb3b791,Edrice Adebayo,Kentucky,Fr,19.9,82.0,C,75.1,19.2,0.6236,0.004,11.2,17.2,4.7,15.5,4.9,1.2,83.1,0.653,3.3613,4.2344,train,14.0,2017,1.7863,2,All-Star,4.0333,9.7,33.26,64.0,9,640,True,3
05db1466-a42f-5000-979e-0247c32c6786,Sindarius Thornwell,South Carolina,Sr,22.6,77.0,G,75.9986,26.3162,0.5406,0.3519,6.2971,14.205,20.1292,16.2466,2.5451,3.0351,51.3354,0.7882,4.8827,4.1572,train,48.0,2017,-1.0327,5,End of Bench,-3.55,-0.45,10.72,1.1,4,160,False,2
42cc7cfd-89d6-5a38-a92f-ad99c99be8d5,Royce O'Neale,Baylor,Sr,22.1,78.0,G,77.4161,17.7984,0.5954,0.4331,7.0507,15.0724,20.8589,20.4895,1.1626,2.354,43.5623,0.7354,5.4626,2.7695,train,,2015,0.8387,3,Quality Starter,0.9,4.9,30.58,34.8,9,678,True,3
4ec0da71-8956-58da-a815-29892155ee7b,Semi Ojeleye,SMU,Jr,22.6,79.0,W,78.8742,23.8057,0.6136,0.4281,8.3193,15.1588,8.8075,10.4551,1.6054,0.9749,50.9076,0.7768,6.386,0.1411,train,37.0,2017,-0.7607,5,End of Bench,-2.7,-0.3,14.12,5.2,5,284,False,3
62249ded-1c27-5935-91f6-93624f3ea20c,Zach Collins,Gonzaga,Fr,19.6,84.0,C,43.1,24.8,0.7032,0.101,12.2,23.2,4.4,20.2,9.8,1.5,71.5,0.743,2.5815,6.9067,train,10.0,2017,-0.1219,4,Role Player,-0.7333,1.1,20.12,12.2,8,388,True,3
900d8eb7-69b7-5d72-8d54-accbdee113a6,Wesley Iwundu,Kansas St.,Sr,22.5,79.0,G,75.6198,21.7625,0.5554,0.1986,4.3766,16.7679,22.365,21.2576,1.3355,2.021,52.4864,0.7202,1.8782,2.9851,train,33.0,2017,-0.7896,5,End of Bench,-3.3667,-1.2,17.62,4.4,5,226,False,3
0d086b00-6f8f-5f71-86dc-66a93f2f62d2,Frank Mason III,Kansas,Sr,23.2,71.0,G,85.3697,23.4105,0.5904,0.3355,2.1262,10.5656,25.0799,15.3672,0.2398,2.1428,48.2711,0.7741,6.4258,1.4524,train,34.0,2017,-0.6946,5,End of Bench,-2.7,-0.3,15.77,1.2,4,103,False,2
920e19ea-4970-57d7-8461-bfbc713d845f,Tyler Dorsey,Oregon,So,21.3,76.0,G,73.9609,21.532,0.5927,0.5017,3.8756,10.0477,11.1239,14.9553,0.4959,1.5,36.8026,0.7382,4.497,-0.2202,train,41.0,2017,-0.791,5,End of Bench,-3.2,-0.75,16.08,1.1,3,107,False,2
4b36d2ab-1256-5f15-9e5e-44db7cdafea2,Malik Monk,Kentucky,Fr,19.4,75.0,G,79.9,25.1,0.5859,0.47,1.1,7.2,13.3,13.3,1.5,1.6,32.3,0.822,5.1429,0.9433,train,11.0,2017,0.3705,4,Role Player,0.1333,3.0,25.47,16.1,9,585,True,3
80b89da3-49de-5a2a-a975-a8719a18f909,Tyrone Wallace,California,Sr,22.0,77.0,G,73.9944,27.255,0.4982,0.2568,3.4744,15.6605,25.4049,16.4982,1.2276,2.0043,40.9772,0.6247,2.4396,2.5741,train,60.0,2016,-1.106,5,End of Bench,-4.95,-1.5,16.08,0.1,4,112,False,2
ac12c152-56a0-58ba-a473-0479f5a1462c,Jordan Bell,Oregon,Jr,22.5,81.0,C,64.5197,18.1954,0.6304,0.0355,11.2384,21.1383,11.2151,21.1295,8.7969,2.5836,36.8223,0.6343,3.2032,7.658,train,38.0,2017,-0.3602,5,End of Bench,-0.2,1.2,12.03,4.9,5,161,False,3
f671190d-0d48-56bc-8663-fc12017ec7ec,Jawun Evans,Oklahoma St.,So,20.9,73.0,G,65.1956,31.5518,0.544,0.1985,2.5686,11.8283,43.6087,17.0569,0.5514,2.9943,39.1656,0.8129,7.264,0.622,train,39.0,2017,-1.1321,5,End of Bench,-5.0,-1.8,16.21,-0.4,2,56,False,1
ea274ed9-7c72-5361-b955-1dfb1cb87593,Sterling Brown,SMU,Sr,22.4,78.0,G,74.6034,19.2781,0.6203,0.3649,6.3325,15.3603,16.936,20.3668,2.0233,2.5519,31.9794,0.7956,4.4623,3.2916,train,46.0,2017,-0.3868,5,End of Bench,-1.7,0.2,18.82,6.5,6,268,False,3
a1b77de4-56ae-5e15-a65d-0ab805df935b,Dwayne Bacon,Florida St.,So,21.8,79.0,G,71.9003,27.3668,0.5362,0.3198,4.4654,13.7282,11.2011,14.4989,0.3003,1.9,30.4271,0.7407,2.5295,-0.3083,train,40.0,2017,-1.1346,5,End of Bench,-5.0667,-1.6,15.99,0.8,4,207,False,3
00474230-c875-5313-88ef-1065cdd5bc37,C.J. Williams,N.C. State,Sr,22.4,78.0,G,66.3735,15.8808,0.548,0.2999,5.7704,8.2475,11.3616,16.4335,1.416,1.8958,16.3647,0.767,3.1191,1.2733,train,,2012,-0.4695,5,End of Bench,-2.1,0.0,18.61,0.8,2,53,False,1
495f3c97-668d-5b2a-8bb2-8b9322e1d5f7,Kobi Simmons,Arizona,Fr,20.0,77.0,G,58.9,21.1,0.5011,0.348,1.9,6.0,15.8,15.0,0.4,1.6,31.6,0.775,1.7153,0.0548,train,,2017,,5,End of Bench,-6.9,-2.4,20.09,-0.1,4,42,False,1
e5211a5a-2a98-5b03-8d7c-10cbd48b3487,Torrey Craig,USC Upstate,Sr,23.5,78.0,F,79.516,28.3717,0.5135,0.4773,6.9122,18.3734,14.3851,17.2593,2.9546,1.7234,29.3094,0.653,1.1983,-0.1249,train,,2014,-0.061,4,Role Player,-0.6667,1.3,21.0,17.1,8,458,False,3
44944b3f-fc9c-5e1b-a249-1efbb7cdb37a,Khem Birch,UNLV,Jr,21.7,81.0,C,68.8379,18.997,0.5735,0.0,13.5888,19.57,6.9402,14.1094,11.2098,1.3133,75.289,0.6789,1.9049,7.3776,train,,2014,-0.3496,5,End of Bench,-0.7,0.6,15.31,13.4,6,282,False,3
51e90b5f-0bf2-5c33-aa06-2c4e7a043822,Brandon Paul,Illinois,Sr,22.2,76.0,G,77.1022,27.9432,0.5229,0.4874,2.9387,14.2519,19.0625,19.3012,2.3543,2.5411,43.7281,0.7309,3.0672,2.2756,train,,2013,-1.1063,5,End of Bench,-3.5,-0.6,9.0,0.5,1,64,False,1
e52ab295-4f49-5a19-b52a-70fbd446c4e8,Alex Caruso,Texas A&M,Sr,22.3,77.0,G,72.7543,19.1493,0.5703,0.3284,3.3932,11.3036,32.7368,27.0697,1.4944,4.2236,36.0923,0.7326,2.9505,4.6454,train,,2016,0.7985,3,Quality Starter,2.8,4.9,22.66,23.1,9,473,True,3
5773e81c-4a5a-5b47-a819-2a2e4828e937,Jonathan Isaac,Florida St.,Fr,19.7,82.0,F,59.9,20.0,0.6137,0.348,7.7,25.0,7.5,15.7,6.2,2.4,46.1,0.78,3.5614,5.3147,train,6.0,2017,-0.0333,4,Role Player,0.9667,2.2,13.95,14.9,7,328,True,3
7500f788-cc0d-53a4-bf92-7759f46bcdd4,Abdel Nader,Iowa St.,Sr,22.7,78.0,G,66.157,22.9249,0.5421,0.4036,3.6367,15.2411,8.7288,20.0644,2.544,1.9127,29.2402,0.7409,0.7289,1.2254,train,58.0,2016,-0.5485,5,End of Bench,-1.4,0.2,13.69,2.8,5,202,False,3
1df2ca03-45d7-56c4-a3f5-0f4a8b270841,Tyler Cavanaugh,George Washington,Sr,23.4,81.0,F,74.93,26.5395,0.5896,0.3476,8.1391,20.0994,12.3334,17.2535,1.2068,0.9775,47.5832,0.8332,3.4059,-0.4764,train,,2017,-0.6538,5,End of Bench,-1.9,0.0,13.28,1.2,2,50,False,1
ce4eddc5-a65b-5faf-afed-dbe0aafdb619,Ivan Rabb,California,So,20.4,83.0,F,72.5177,22.9613,0.5721,0.0457,10.863,24.2983,9.4983,16.0762,3.5608,1.2348,59.5414,0.665,1.5962,4.1302,train,35.0,2017,-0.5618,5,End of Bench,-1.7,0.15,14.55,3.3,2,85,False,2
b5fe4216-ce07-5a32-b2fa-24281f91ff4b,Kyle Collinsworth,BYU,Sr,24.7,78.0,G,80.3169,26.4588,0.5225,0.0792,7.6799,18.964,35.3305,19.6411,1.4489,3.0682,52.4749,0.6573,3.9473,3.903,train,,2016,,5,End of Bench,-2.6,-0.3,15.0,0.5,1,32,False,1
6616264b-32d8-51e0-a3c9-65d859b2cb48,Damyean Dotson,Oregon,So,23.1,77.0,G,79.1627,20.3884,0.6012,0.52,5.3429,16.9605,7.374,9.9543,0.6298,1.5008,15.9331,0.8219,5.3935,0.198,train,44.0,2017,-0.4266,5,End of Bench,-2.1,-0.2,20.08,3.0,5,213,False,3
6120b2ee-49fb-5995-aa1c-45eeb356fac2,TJ Leaf,UCLA,Fr,20.2,82.0,F,72.8,21.5,0.6596,0.152,9.1,19.7,13.2,12.4,3.5,1.1,27.8,0.679,5.7972,2.2373,train,18.0,2017,-0.7905,5,End of Bench,-1.7,0.15,8.84,2.7,4,146,False,2
bb8fcf88-fbcd-5b8e-94af-07950c01aaf1,Damion Lee,Louisville,Sr,23.7,78.0,G,79.9446,24.1994,0.5799,0.4801,2.5899,13.4527,13.5302,13.0117,0.4147,2.5463,41.2507,0.8542,4.7213,1.1322,train,,2016,-0.2298,5,End of Bench,-1.1667,0.7,19.8,10.7,7,315,False,3
5c1aa387-b4ee-53d7-ab7d-5bd07aac39a6,Shaquille Harrison,Tulsa,Sr,22.7,75.0,G,78.1653,25.203,0.5133,0.1272,3.5896,14.4622,26.608,16.7966,1.2488,3.5461,55.1192,0.6353,2.0169,3.354,train,,2016,-0.1359,4,Role Player,0.2667,0.9,16.53,4.2,7,183,False,3
4c01e5b0-9c2c-50a3-99de-ef99009ffcf7,Myke Henry,DePaul,Sr,23.5,78.0,W,67.902,23.8405,0.5666,0.2347,8.9339,15.625,8.4571,19.8831,1.4979,1.9263,26.5685,0.7096,1.603,0.0256,train,,2016,,5,End of Bench,-1.3,0.3,18.9,0.1,1,20,False,1
2141bb9d-6718-53b3-9677-5dd0d445d772,Luke Kornet,Vanderbilt,Sr,21.9,85.0,F,69.4137,20.6752,0.5404,0.4713,6.2077,16.6886,9.2579,12.3834,7.2574,0.988,35.0528,0.798,2.6299,5.028,train,,2017,0.7401,3,Quality Starter,3.4333,5.1,18.5,26.4,9,421,True,3
41e2b913-5aae-50d4-aa5a-41164d03139f,Antonio Blakeney,LSU,So,20.7,76.0,G,80.3598,21.8743,0.5496,0.3909,3.2096,11.7213,9.0502,12.1377,0.3635,1.1317,32.2209,0.7316,2.8729,-2.3367,train,,2017,-1.1841,5,End of Bench,-5.2,-1.5,15.04,-0.5,2,76,False,2
5be14190-386f-51ba-899b-e9f244dc34ea,Ryan Arcidiacono,Villanova,Sr,22.3,75.0,G,78.6154,19.3504,0.568,0.5508,1.3343,7.5458,23.1621,15.0664,0.1185,2.3355,34.177,0.8121,5.0969,1.1725,train,,2016,-0.5255,5,End of Bench,-2.3333,-0.1,18.26,6.1,7,257,False,3
cf8cff0c-578e-5ea5-9fea-300d17c70ce6,Rodney Purvis,Connecticut,Sr,23.4,76.0,G,82.5163,21.5495,0.5138,0.5159,1.4805,10.0701,13.8883,14.753,0.5922,1.7372,24.6175,0.73,1.8259,0.1083,train,,2017,,5,End of Bench,-8.2,-1.5,18.12,-0.3,1,16,False,1
0835372f-f336-513d-8330-e5e3489e40a1,Jamel Artis,Pittsburgh,Sr,24.4,79.0,G,78.3386,25.3707,0.5895,0.4077,5.0739,13.1777,20.6115,17.3888,0.9533,0.9407,38.2048,0.7565,4.7869,0.0553,train,,2017,,5,End of Bench,-5.4,-0.6,18.6,0.0,1,15,False,1
8df16181-ff91-598f-8ae9-ac67f949a2df,Jamil Wilson,Marquette,Sr,23.6,79.0,F,65.3869,21.6237,0.5178,0.3033,6.6145,16.556,16.517,16.8682,2.9999,1.3267,31.9607,0.6961,2.4743,2.5916,train,,2014,,5,End of Bench,0.2,0.6,18.27,0.5,1,15,False,1
bc264234-d431-5823-b83e-542aeaa8b7ff,Markelle Fultz,Washington,Fr,19.1,76.0,G,71.6,31.7,0.558,0.287,4.0,14.0,35.5,15.6,3.1,2.4,38.3,0.649,6.532,1.0293,train,1.0,2017,0.186,4,Role Player,-0.2333,1.5,25.19,8.2,9,260,True,3
45587386-cd15-54e1-b12f-acc3385468f4,Davon Reed,Miami FL,Sr,22.0,78.0,G,78.9936,20.1221,0.5831,0.5067,2.8933,13.0686,12.7863,16.0787,1.4832,2.0755,32.6464,0.8112,4.012,2.399,train,32.0,2017,-0.8722,5,End of Bench,-2.8,0.0,11.1,1.5,4,122,False,2
1ca8811f-6b50-54e6-85c4-82e90b46cc40,Isaiah Hicks,North Carolina,Sr,22.9,81.0,C,50.5051,21.1825,0.6175,0.004,9.7563,15.6052,8.8421,18.0906,3.5538,1.1426,49.9063,0.7534,3.6038,3.0097,train,,2017,,5,End of Bench,,,,0.1,2,21,False,0
1e646043-0946-5e74-91a5-8a08e3b60a24,Alec Peters,Valparaiso,Sr,22.2,81.0,F,78.2391,26.288,0.6136,0.4008,7.9086,20.8871,12.0582,13.7093,0.9875,1.2809,38.4702,0.8644,4.6867,0.7077,train,54.0,2017,,5,End of Bench,,,,0.3,1,20,False,0
cd40899d-7728-5472-a417-a6fe491ad84a,Andrew White III,Syracuse,Sr,24.0,79.0,G,84.8438,21.7195,0.6046,0.5938,3.2303,13.5777,5.5923,12.7782,1.1653,2.5103,30.1397,0.8115,4.759,-0.1145,train,,2017,,5,End of Bench,,,,-0.1,1,15,False,0
880dd338-dce8-5ef1-ab92-749c5401c5b3,Caleb Swanigan,Purdue,So,20.2,81.0,F,75.313,27.2241,0.596,0.2167,9.8124,31.1744,17.1744,22.1482,2.0562,0.8,45.2955,0.7621,2.5318,4.1305,train,26.0,2017,-1.4278,5,End of Bench,-6.0,-0.9,10.67,-0.2,3,75,False,1
9d6f43ae-7e4c-5bd1-b0d0-e3029f6a6741,Johnathan Motley,Baylor,Jr,22.1,82.0,C,67.1915,28.0021,0.563,0.058,14.1179,20.0297,13.7678,18.9376,4.7855,0.9525,43.4938,0.6745,3.4839,3.2966,train,,2017,,5,End of Bench,,,,0.9,3,46,False,0
94919b54-ce25-5279-b1b2-13b4441c1e50,John Holland,Boston University,Sr,22.6,77.0,G,82.4326,27.7563,0.5541,0.4246,5.2251,14.0396,10.676,13.4471,1.0747,2.7146,38.9956,0.8343,3.4997,-0.4496,train,,2011,,5,End of Bench,,,,-0.2,2,25,False,0
79436b3b-ec25-56c4-a5c1-f86309117723,Dakari Johnson,Kentucky,So,19.8,84.0,C,38.4568,22.1189,0.5512,0.0,14.4703,17.8811,7.5027,16.6514,5.5649,1.2811,82.4,0.5721,2.6635,4.1319,train,48.0,2015,,5,End of Bench,,,,0.6,1,31,False,0
374dcc04-7fce-5460-9a9b-1a7e068c0644,Derrick Walton Jr.,Michigan,Sr,22.2,73.0,G,79.5182,22.7159,0.5878,0.5646,1.7648,16.5236,25.432,14.8692,0.1615,2.3182,41.473,0.8513,6.3373,1.9152,train,,2017,,5,End of Bench,,,,0.8,3,45,False,0
cc05762d-4e86-5628-99b7-a3ec13c809e8,Derrick White,Colorado,Sr,23.0,77.0,G,81.6,25.9,0.6267,0.355,3.5,10.7,28.3,16.6,4.8,2.2,43.5,0.805,7.061,2.466,train,29.0,2017,1.7917,2,All-Star,3.5,10.6,33.54,46.7,9,571,True,3
c44232e0-3489-5ad2-b8b8-40596c759bd6,Malcolm Miller,Holy Cross,Sr,22.3,79.0,W,74.5914,21.631,0.5705,0.3822,3.836,17.9997,11.2054,17.5102,5.963,2.2747,43.6307,0.7911,0.9673,2.7114,train,,2015,,5,End of Bench,,,,0.7,3,53,False,0
bcdb73c4-b18d-5714-8d08-a19c869e908b,Milton Doyle,Loyola Chicago,Sr,23.6,76.0,G,76.0198,28.5094,0.5358,0.3142,2.5054,15.3245,27.3415,21.1804,2.3543,2.704,38.4673,0.7411,0.7748,2.1709,train,,2017,,5,End of Bench,,,,-0.1,1,10,False,0
f1c6c5e8-9a3b-52dd-933e-037e18d73574,James Webb III,Boise St.,Jr,22.9,81.0,F,71.8693,22.7734,0.5922,0.357,8.4806,26.6204,6.6066,11.8398,2.5505,2.5301,39.4086,0.6771,2.715,2.603,train,,2016,,5,End of Bench,,,,-0.1,1,10,False,0
de5645bf-0539-5d6c-907a-38ffb89bc2be,Xavier Rathan-Mayes,Florida St.,Jr,23.2,76.0,G,72.0582,22.8948,0.5219,0.4233,2.1447,9.8023,28.3249,18.8803,0.2205,1.9,37.8398,0.6255,3.2607,-0.0565,train,,2017,,5,End of Bench,,,,-0.4,1,5,False,0
c1d76f46-c883-590f-a595-7a3d472a14e0,Jabari Bird,California,Sr,23.0,78.0,G,60.5743,20.0122,0.5642,0.5338,3.4765,11.6827,8.1873,14.116,1.0147,1.2054,17.3869,0.7403,2.5034,1.2569,train,56.0,2017,,5,End of Bench,,,,0.2,1,13,False,0
eb4d6dc3-92af-5077-91b1-94bca2608af9,Kadeem Allen,Arizona,Sr,24.4,75.0,G,66.4481,18.8597,0.5634,0.2919,1.4081,13.3016,20.1293,21.4049,2.5452,2.8855,47.6675,0.73,2.6693,4.4945,train,53.0,2017,,5,End of Bench,0.5,0.9,21.89,1.0,3,47,False,1
f16cb34f-9b4f-51d1-982b-a4d968631779,Josh Gray,LSU,Sr,22.8,73.0,G,50.0012,22.618,0.464,0.2478,2.0112,9.8618,24.6762,25.5322,0.1856,3.2012,27.0988,0.6363,-1.7464,-0.0273,train,,2016,,5,End of Bench,,,,-0.3,2,7,False,0
32469057-21e0-5a2e-8e41-3c15178955f5,Omari Johnson,Oregon St.,Sr,22.1,81.0,F,57.7415,17.5105,0.4978,0.3902,7.4249,18.2174,8.2193,20.3376,1.598,1.8462,25.3419,0.5634,-0.357,0.6597,train,,2011,,5,End of Bench,,,,0.1,1,4,False,0
a4a4d995-aa11-5b9c-ad78-59a97d955ae0,Thomas Bryant,Indiana,So,19.9,82.0,F,65.0212,22.2418,0.631,0.1685,10.1364,17.7237,9.3054,20.4054,5.2345,1.4836,53.9949,0.723,3.3054,2.7691,train,42.0,2017,0.4827,3,Quality Starter,1.7,2.9,22.77,22.8,9,393,True,3
c2e4c7cd-ffe5-57c2-9e07-97a51811b165,D.J. Wilson,Michigan,So,21.3,82.0,F,68.9969,18.2753,0.605,0.3696,6.31,16.0642,8.2068,13.6613,5.7169,1.0181,19.171,0.8014,3.8365,3.746,train,17.0,2017,-0.8343,5,End of Bench,-3.1667,-0.3,13.98,2.9,6,148,False,3
44c92002-369c-53a1-8033-1b3435fe4e43,London Perrantes,Virginia,Sr,22.7,74.0,G,78.4323,20.8535,0.5535,0.5185,1.3282,10.032,24.7795,16.7617,0.3724,1.7044,26.8699,0.8087,4.3563,2.2192,train,,2017,,5,End of Bench,,,,-0.1,1,14,False,0
9bf06caa-d3f8-50af-af16-68952cbd544d,Gian Clavell,Colorado St.,Sr,23.6,76.0,G,64.5902,25.7229,0.5401,0.4713,3.7499,14.8887,12.3586,12.0314,2.151,2.8396,33.2369,0.6961,3.7417,1.1904,train,,2017,,5,End of Bench,,,,0.1,1,7,False,0
44998b13-92f0-5a8c-99da-8ebf19f94e96,Alfonzo McKinnie,Green Bay,Sr,22.8,80.0,F,51.1974,21.5339,0.5214,0.1994,11.6014,19.5513,2.3461,18.0538,2.6566,1.4689,31.802,0.5836,-2.2916,-1.0023,train,,2015,-0.9278,5,End of Bench,-3.0667,-0.8,12.28,3.1,5,182,False,3
19e34979-43fe-5b95-b097-736a56c9afd7,Charles Cooke,Dayton,Sr,23.0,77.0,G,74.9517,24.8136,0.5572,0.3685,4.3079,14.6912,15.8168,15.131,3.3667,2.1693,48.5228,0.6964,2.3729,2.4912,train,,2017,,5,End of Bench,,,,-0.2,1,13,False,0
3348e31a-8165-56ff-851b-f7dd4ee116e5,Walt Lemon Jr.,Bradley,Sr,21.9,75.0,G,84.6759,29.5516,0.5136,0.2213,1.1455,10.9698,25.9844,21.5375,0.8434,3.8786,34.7929,0.737,0.1176,0.5681,train,,2014,,5,End of Bench,,,,0.0,2,11,False,0
cb2603fe-a930-5a2c-8efe-a25b8afcfbee,Jacob Wiley,Eastern Washington,Sr,22.8,79.0,F,83.6,29.5,0.6887,0.018,10.1,21.0,15.1,22.5,8.6,1.3,47.0,0.824,2.6509,2.9707,train,,2017,,5,End of Bench,,,,0.1,1,5,False,0
b82745d6-85e8-5945-9c69-d7961ef3fd38,Matt Costello,Michigan St.,Sr,22.9,81.0,C,51.9647,20.0777,0.6002,0.0244,14.1517,21.4245,9.6772,13.6733,6.3043,1.5399,41.1701,0.7227,4.4424,4.7781,train,,2016,,5,End of Bench,,,,0.1,1,4,False,0
e7ba9428-2b30-541b-a927-8e3a94010ef7,Ike Anigbogu,UCLA,Fr,18.7,82.0,C,26.2,18.7,0.5641,0.0,13.3,19.9,2.3,18.4,8.8,0.7,42.6,0.535,-1.1267,2.3264,train,47.0,2017,,5,End of Bench,,,,0.0,2,14,False,0
875d9d11-d13d-525d-b9d2-530838f99ecc,Tony Bradley,North Carolina,Fr,19.5,83.0,C,34.3,21.4,0.5821,0.0,18.2,19.0,7.4,11.5,4.6,1.0,57.6,0.616,5.2164,3.0239,train,28.0,2017,-0.2841,5,End of Bench,0.2667,1.2,12.23,8.9,8,234,True,3
17780043-decf-5c26-b118-1fc2df0b8d73,Daniel Hamilton,Connecticut,So,20.9,79.0,F,78.768,25.4343,0.4839,0.352,3.7651,25.9053,28.1053,17.9302,1.4337,1.9669,23.8692,0.796,1.7779,3.7846,train,56.0,2016,,5,End of Bench,,,,0.0,2,25,False,0
4e5e913a-8715-5334-8941-7f69b150af23,Marcus Paige,North Carolina,Sr,22.8,74.0,G,75.1353,19.4533,0.5519,0.564,1.4604,7.6323,21.0392,14.833,1.0576,2.4443,27.378,0.8211,6.1009,1.4514,train,55.0,2016,,5,End of Bench,,,,0.0,1,5,False,0
8d85c742-5bec-5bbc-a20c-f7bd2d209201,Jameel Warney,Stony Brook,Sr,22.4,80.0,C,81.5683,25.1722,0.6042,0.0,14.009,22.2688,12.4384,10.5585,8.6702,1.5335,40.5046,0.5999,4.2068,5.0946,train,,2016,,5,End of Bench,,,,0.1,1,3,False,0
92abe983-71b2-528a-bd12-14905671db7b,Monte Morris,Iowa St.,Sr,22.0,75.0,G,87.7053,21.2979,0.5616,0.297,3.0812,10.0652,29.9011,9.8028,0.8307,2.5664,25.5527,0.777,7.0553,1.5327,train,51.0,2017,0.3882,4,Role Player,0.4,2.5,25.94,24.7,9,426,True,3
b4378365-a7fd-5c11-b263-d2ecb427f1f4,Mangok Mathiang,Louisville,Sr,24.7,82.0,C,44.7166,18.5345,0.5385,0.0,13.9519,17.298,5.8239,16.9033,6.77,1.5429,47.3478,0.6305,1.6923,5.0152,train,,2017,,5,End of Bench,,,,0.1,1,4,False,0
82302032-7a70-5a3e-9927-9c779fc70a7c,Devin Robinson,Florida,Jr,22.3,80.0,F,61.2547,18.8162,0.5629,0.3899,7.0934,17.6815,4.95,12.2783,2.8862,1.6875,32.4109,0.725,3.0132,3.4514,train,,2017,,5,End of Bench,,,,0.3,2,8,False,0
4b0a69a3-8cf5-5d74-b48a-dfc866b2f5f8,Ben Moore,SMU,Sr,25.0,80.0,C,74.3479,20.0576,0.5741,0.0108,10.8941,17.0219,14.3054,16.5792,4.8643,1.753,47.1702,0.6562,3.2201,4.3716,train,,2017,,5,End of Bench,,,,0.0,1,2,False,0
79a65bc1-a376-578e-9710-3fd4cb169eeb,Erik McCree,Louisiana Tech,Sr,23.5,80.0,F,74.7777,25.3535,0.5666,0.347,5.7094,23.4517,7.8887,17.1817,1.5937,0.9431,38.6061,0.7471,-0.4472,-0.6607,train,,2017,,5,End of Bench,,,,-0.1,1,4,False,0
4de1e141-aabd-5c01-8e3f-f6072b70f01f,Reggie Hearn,Northwestern,Sr,21.9,76.0,G,71.0003,20.93,0.5755,0.438,3.9783,12.6435,11.6635,18.0466,1.2418,2.0812,43.4925,0.7448,1.939,0.3351,train,,2013,,5,End of Bench,,,,0.0,1,3,False,0
2db34d89-aa87-5552-9b28-f7622a2d50db,Jacob Pullen,Kansas St.,Sr,21.6,72.0,G,74.5864,27.4022,0.5639,0.4948,2.0389,7.9662,24.1175,18.6453,0.2199,2.938,47.6314,0.7764,6.1243,0.7467,train,,2011,,5,End of Bench,,,,0.0,1,3,False,0
14eec5fb-4844-5ee4-b10c-7820f19dd987,Justin Patton,Creighton,Fr,20.0,84.0,F,63.8,21.1,0.6745,0.049,7.7,18.9,8.6,17.7,5.9,1.9,29.0,0.518,2.98,5.6394,train,16.0,2017,,5,End of Bench,,,,0.4,4,22,False,0
3c9ea54a-4df7-5c82-95fa-8dc1b16af387,PJ Dozier,South Carolina,So,20.7,78.0,G,63.2496,27.669,0.4553,0.2695,4.2528,14.7616,22.7454,19.3626,1.4801,3.1218,28.3564,0.5835,0.2471,3.6399,train,,2017,-0.589,5,End of Bench,-2.8,-0.4,18.97,1.8,7,130,False,3
e01e05ad-373e-5e3a-b066-048d197f5fbf,Tyler Lydon,Syracuse,So,21.2,81.0,F,85.3179,17.4684,0.5999,0.4105,7.3751,18.3731,9.855,15.7295,5.4088,1.8772,35.9456,0.8177,3.7459,4.0323,train,24.0,2017,,5,End of Bench,,,,0.2,2,26,False,0
d56b1dbb-5463-5b53-99ce-68356b0a9aa9,Edmond Sumner,Xavier,So,21.5,78.0,G,49.312,24.3284,0.5411,0.2553,2.1415,12.6675,28.2098,19.7005,1.9287,2.4746,62.6063,0.7298,3.1424,2.486,train,52.0,2017,-0.7365,5,End of Bench,-2.85,-0.45,15.57,3.2,5,161,False,2
0559151e-469b-5145-9671-e3ab1ebf55d3,Chris Boucher,Oregon,Sr,24.5,82.0,F,54.0148,21.2251,0.604,0.3908,10.5319,20.0106,3.0589,11.7106,11.7821,1.3285,40.0897,0.6149,3.4404,4.9846,train,,2017,0.4347,4,Role Player,1.8,3.7,19.61,26.1,9,416,True,3
e6141a37-7a69-526b-9f0f-3082d0a20822,Collin Sexton,Alabama,Fr,19.5,75.0,G,68.6,32.5,0.5666,0.299,4.0,9.7,27.8,16.2,0.3,1.6,57.5,0.778,5.1052,-0.4654,train,8.0,2018,0.523,3,Quality Starter,0.6333,3.7,26.06,19.6,8,475,True,3
1cc30f74-5d5f-5f16-8a4a-b37959085fe8,Trae Young,Oklahoma,Fr,19.8,74.0,G,87.5,38.4,0.5862,0.53,1.3,9.9,48.3,20.0,0.7,2.5,44.4,0.861,9.5235,0.4223,train,5.0,2018,1.9723,1,Franchise Star,4.2667,10.9,34.66,44.8,8,498,True,3
0d5c22e0-8380-5790-a0ed-3401fa479de7,Mikal Bridges,Villanova,Jr,21.8,79.0,G,75.37,19.389,0.6591,0.4932,5.2776,13.4867,10.6992,12.7513,3.5098,2.9403,28.6847,0.862,7.098,4.6535,train,10.0,2018,1.4709,2,All-Star,2.2,8.5,34.45,50.0,8,638,True,3
e3fc7a67-6a0f-5987-97a2-843c6dff69db,Deandre Ayton,Arizona,Fr,19.9,85.0,C,82.5,26.2,0.6498,0.078,13.5,28.2,10.2,13.1,6.1,1.0,42.4,0.733,5.4467,3.4271,train,1.0,2018,0.9632,3,Quality Starter,1.6333,5.3,30.22,43.7,8,470,True,3
c7e65a72-1a89-580b-a507-0f478a3a3f57,Shai Gilgeous-Alexander,Kentucky,Fr,20.0,78.0,G,84.0,22.8,0.5787,0.151,3.2,10.0,28.8,19.8,1.7,2.8,46.2,0.822,4.9435,2.8243,train,11.0,2018,3.9128,1,Franchise Star,10.7333,23.8,33.84,75.4,8,530,True,3
78fb0b75-7780-52de-83e3-ddbba186e0ca,Kevin Knox,Kentucky,Fr,18.9,81.0,W,80.7,23.0,0.5569,0.379,3.3,14.5,8.7,17.5,1.0,1.5,37.2,0.774,2.7094,1.012,train,9.0,2018,-0.832,5,End of Bench,-3.7667,-2.6,20.81,1.0,7,320,False,3
f5380a76-e45c-50bf-bdc1-809194fdf6b0,Kevin Huerter,Maryland,So,19.8,79.0,G,82.0535,19.9581,0.6111,0.5764,3.5372,13.9767,19.3651,19.3116,2.1907,1.3419,24.8837,0.7482,4.8845,2.155,train,19.0,2018,0.5118,3,Quality Starter,-0.1667,3.1,29.89,21.7,8,551,True,3
e4e97559-7540-5ebf-b689-a1f34df7657b,Landry Shamet,Wichita St.,So,21.3,76.0,G,71.915,20.2102,0.6481,0.5958,1.9069,9.5047,26.4263,16.097,0.8243,1.4456,33.006,0.8216,7.2617,-0.1623,train,26.0,2018,-0.2766,5,End of Bench,-1.6667,0.2,21.45,15.7,8,449,True,3
f7479c9a-b2cf-57b2-aaa2-e434717478be,Josh Okogie,Georgia Tech,So,19.8,76.0,G,71.3489,26.7274,0.5486,0.2594,6.5376,13.2452,14.402,15.3007,2.6911,2.7185,52.7056,0.7941,2.5827,2.1314,train,20.0,2018,-0.0587,4,Role Player,0.2667,1.6,17.06,14.3,8,494,True,3
99b8d7f0-0572-5c29-afa3-1af64dd36a5b,Miles Bridges,Michigan St.,So,20.3,79.0,W,72.2938,25.1478,0.5748,0.4164,5.3478,19.5484,15.9793,15.3503,3.2094,1.2,24.4547,0.7977,4.4169,3.2509,train,12.0,2018,0.8728,3,Quality Starter,0.6,4.5,33.32,27.8,7,501,True,3
9acf8f09-eb65-5685-9223-ccc8dccd43c2,Jalen Brunson,Villanova,Jr,21.8,74.0,G,76.3654,24.8867,0.635,0.3897,1.5992,8.7439,25.6081,14.6273,0.0594,1.7,34.753,0.8205,6.9447,0.2394,train,33.0,2018,2.0944,1,Franchise Star,4.3333,12.0,35.27,54.3,8,561,True,3
488f3d9e-0ea5-5976-86e3-7455b2f64a5b,Marvin Bagley III,Duke,Fr,19.3,83.0,F,74.8,25.8,0.6435,0.132,13.8,21.4,8.8,14.7,2.6,1.4,47.5,0.627,6.3082,2.351,train,2.0,2018,-0.128,4,Role Player,-0.2667,1.3,17.87,16.5,8,349,True,3
51f3ac80-3c59-5df1-80fb-84c821598fd5,Jaren Jackson Jr.,Michigan St.,Fr,18.8,83.0,F,54.4,22.8,0.6471,0.414,8.7,19.7,9.3,20.8,14.2,1.6,57.3,0.797,3.4223,9.3493,train,4.0,2018,1.0371,3,Quality Starter,1.8333,5.9,30.14,30.3,8,455,True,3
d2d7cc7a-e0e7-5909-8965-21a6b8147aea,Allonzo Trier,Arizona,Jr,22.4,77.0,G,69.2212,23.3547,0.6409,0.479,1.3503,10.8083,16.0721,15.2715,0.9423,1.0307,52.2035,0.8467,5.614,-0.2356,train,,2018,-0.4032,5,End of Bench,-1.75,-0.45,19.89,1.4,2,88,False,2
4d5273cf-45cf-514b-810c-586cf6adc840,Bruce Brown Jr.,Miami FL,So,21.9,77.0,G,62.9019,21.8331,0.5198,0.3217,5.0449,17.9091,21.0331,18.0335,2.2331,2.5669,39.0685,0.6802,2.932,4.1589,train,42.0,2018,0.3359,4,Role Player,0.0333,2.8,25.37,22.9,8,539,True,3
fa788b68-02e0-58b9-99a1-80bcd8ca26f9,Frank Jackson,Duke,Fr,19.1,75.0,G,60.5,20.4,0.598,0.459,3.1,8.2,12.6,15.4,0.2,1.3,36.3,0.755,4.4958,-0.492,train,31.0,2017,-0.7972,5,End of Bench,-3.5667,-1.0,17.76,2.5,5,214,False,3
d0d5c572-14f0-5e50-af0c-22d570d38b91,Wendell Carter Jr.,Duke,Fr,19.2,82.0,F,66.6,23.4,0.6281,0.144,12.8,23.1,13.0,18.2,7.6,1.7,52.7,0.738,5.0257,6.6179,train,7.0,2018,0.72,3,Quality Starter,1.1667,4.0,28.44,33.4,8,461,True,3
ce11e4c7-76dd-5842-9b46-99e21e9ed553,Kenrich Williams,TCU,Sr,23.6,79.0,W,81.8636,18.7461,0.5636,0.337,10.5445,21.2086,16.3914,14.9113,1.8604,2.6755,32.5566,0.6499,5.7409,3.8923,train,,2018,-0.0442,4,Role Player,0.1,1.8,17.63,18.4,8,447,True,3
12a0c1ed-a030-5226-827a-f5921f30f7f9,De'Anthony Melton,USC,Fr,20.1,76.0,G,67.3,19.1,0.5305,0.32,6.0,13.6,22.5,19.7,3.9,4.1,47.2,0.706,2.7518,4.3927,train,46.0,2018,0.6447,3,Quality Starter,1.7,4.3,24.02,14.8,8,405,True,3
502d0e27-5c58-56ae-87ab-4bd3d50fe31f,Chandler Hutchison,Boise St.,Sr,22.2,79.0,G,72.3387,29.9463,0.556,0.2302,4.2958,23.5459,20.8706,17.7195,0.9614,2.4827,47.893,0.7041,2.0934,3.119,train,22.0,2018,-0.8304,5,End of Bench,-4.0333,-0.8,18.23,1.2,4,103,False,3
9b615465-738f-52f7-be7c-35e4d75abf92,Harry Giles,Duke,Fr,19.2,82.0,C,20.2,19.2,0.5705,0.0,16.5,21.6,5.6,18.0,5.3,1.7,30.8,0.5,1.9724,2.9311,train,20.0,2017,-0.757,5,End of Bench,-2.4,-0.2,12.92,3.2,4,165,False,3
afc3546b-1689-5b10-a05d-05cb31f8a01a,Omari Spellman,Villanova,Fr,20.9,80.0,F,69.7,17.9,0.5877,0.446,9.9,23.0,4.3,11.4,5.5,1.3,20.8,0.7,4.1564,3.8224,train,30.0,2018,-0.3785,5,End of Bench,-1.5,0.45,17.8,2.4,2,95,False,2
9ff6d5d6-01f3-5a59-a1fd-c97ea0aebbcb,Mohamed Bamba,Texas,Fr,20.1,83.0,C,64.3,21.5,0.5926,0.189,12.2,28.2,3.6,14.1,12.9,1.5,44.1,0.681,1.5316,8.1282,train,6.0,2018,0.1228,4,Role Player,0.4333,2.1,19.99,15.8,8,368,True,3
b7569282-439b-5030-92b2-4eb3e3668977,Troy Brown,Oregon,Fr,18.9,79.0,G,74.7,21.7,0.5324,0.342,5.9,18.1,18.7,21.0,0.8,2.9,32.6,0.743,0.9618,2.114,train,15.0,2018,-0.3854,5,End of Bench,-1.8,0.5,18.62,8.6,6,356,False,3
93852812-69b8-58e8-b6cb-79ab6ce6c49f,Devonte' Graham,Kansas,Sr,23.3,74.0,G,89.0248,22.0228,0.5758,0.5694,1.8003,9.112,26.4174,16.6885,0.2687,2.4262,35.6725,0.8041,6.3662,1.1598,train,34.0,2018,0.5859,3,Quality Starter,0.0667,3.0,31.09,12.7,6,336,False,3
df2a77b9-19c5-5802-ac7b-26134a82d0e8,Aaron Holiday,UCLA,Jr,21.7,73.0,G,84.2341,25.3699,0.5942,0.4226,1.6313,8.7604,27.458,21.3274,0.6908,2.0494,38.8516,0.8064,3.8945,-0.2019,train,23.0,2018,-0.475,5,End of Bench,-1.2333,0.5,14.32,11.5,8,505,True,3
57679d66-59eb-5227-a058-a85eb555667c,Gary Clark,Cincinnati,Sr,23.6,80.0,F,71.3735,19.9843,0.5957,0.1716,12.3192,20.9123,14.4055,11.6091,5.0075,2.6598,47.8532,0.7144,5.3509,6.5982,train,,2018,-0.7199,5,End of Bench,-2.2333,-0.3,13.44,3.0,4,170,False,3
b979d4ca-4751-5ba7-9a57-5cc525ea0c7b,Jonah Bolden,UCLA,So,21.5,82.0,F,51.9,12.4,0.4987,0.293,5.8,17.5,7.8,17.3,4.2,1.7,36.6,0.733,0.3814,4.2115,train,36.0,2017,-0.3813,5,End of Bench,-0.7,0.6,14.52,1.4,2,51,False,1
af95d9d4-6050-52dc-b5b7-c207aeba32cd,Jevon Carter,West Virginia,Sr,22.8,74.0,G,82.1956,22.5385,0.5463,0.4345,2.741,12.7793,28.8299,16.7401,1.0998,4.5336,30.8184,0.8191,6.441,3.7662,train,32.0,2018,-0.3236,5,End of Bench,-0.3667,1.0,13.95,9.5,8,465,True,3
f745c7bd-91cf-505a-a071-59e5112f3071,Isaiah Briscoe,Kentucky,So,21.2,75.0,G,72.9686,21.4408,0.4993,0.1538,5.3,13.3907,21.0316,18.9157,0.5656,1.6375,42.1845,0.5749,2.5275,2.5397,train,,2017,,5,End of Bench,-5.0,-1.2,14.33,0.3,1,39,False,1
dd6f612a-069e-53da-b0d7-2cb48b9480c3,Hamidou Diallo,Kentucky,Fr,19.9,77.0,G,61.8,21.3,0.4975,0.246,4.2,11.5,9.5,14.8,1.6,1.8,40.3,0.611,1.4275,1.2973,train,45.0,2018,-0.2129,5,End of Bench,-1.3333,0.6,21.03,6.2,6,265,False,3
e41dfa9e-540d-584c-968f-a98f3f8c2ae2,Keita Bates-Diop,Ohio St.,Jr,22.4,79.0,F,74.0524,25.4073,0.5702,0.3473,5.6701,22.5308,10.0552,12.5296,5.7014,1.5042,27.0448,0.784,3.4137,3.8193,train,48.0,2018,-0.3772,5,End of Bench,-1.4,0.6,17.17,7.4,6,283,False,3
cecf7c6f-481e-5a28-889a-7bc24fa4b2d5,Ryan Broekhoff,Valparaiso,Sr,22.8,79.0,F,77.7297,22.0503,0.6239,0.5539,6.1213,22.42,15.1787,15.322,2.5815,2.1625,37.999,0.8355,5.601,2.4082,train,,2013,-0.5984,5,End of Bench,-1.0,0.3,10.79,1.2,2,59,False,1
069ca08e-c111-5ae1-ab6c-29d6ddf8e616,Moritz Wagner,Michigan,Jr,21.2,83.0,F,61.488,24.1071,0.6285,0.3792,6.9528,21.5565,5.9437,14.1757,1.9126,2.3127,29.1641,0.6999,3.7325,2.6151,train,25.0,2018,0.3922,4,Role Player,2.2,3.0,18.49,17.8,8,399,True,3
459de9ee-b4ce-554a-ad91-2b6d66fd6d8f,Sviatoslav Mykhailiuk,Kansas,Sr,21.0,80.0,W,76.8169,18.7789,0.5707,0.5734,3.7192,8.644,11.8081,14.2307,0.9069,1.846,13.4338,0.7711,4.8602,1.1616,train,47.0,2018,-0.6461,5,End of Bench,-1.6,0.0,12.38,5.3,8,381,True,3
e46a6fb2-bf93-5f27-bd6b-2dbaa9d839b6,Jaron Blossomgame,Clemson,Sr,23.8,79.0,W,82.7911,24.4602,0.5703,0.2282,6.4737,16.5445,9.4776,12.4183,3.0122,1.3992,40.5198,0.727,3.5429,1.3908,train,59.0,2017,,5,End of Bench,-3.8,-0.6,16.26,0.3,1,27,False,1
0dd88325-7a51-5d22-af3f-bfdf9d7d678e,Jaylen Adams,St. Bonaventure,Sr,22.1,74.0,G,80.0187,25.5957,0.6094,0.5255,1.6348,9.0687,30.1289,18.6515,0.7488,2.5504,54.97,0.8424,5.4744,-0.3065,train,,2018,,5,End of Bench,-4.3,-0.6,12.59,0.0,2,41,False,1
6626afc9-9364-5679-baa7-042f4bfd5a93,Grayson Allen,Duke,Sr,22.7,77.0,G,82.8299,22.2704,0.5828,0.5978,2.083,9.3298,20.7595,16.0032,0.238,2.3772,36.2076,0.839,6.2606,0.985,train,21.0,2018,0.7418,3,Quality Starter,1.0333,4.2,29.07,26.5,8,454,True,3
329dd7e0-fc56-515d-9861-89c9a369527e,Donte DiVincenzo,Villanova,So,21.4,77.0,G,68.3159,21.6655,0.594,0.533,5.3714,13.3572,17.3578,17.5434,0.8627,2.1556,29.1763,0.6901,5.5032,2.3184,train,17.0,2018,1.0569,3,Quality Starter,2.0333,6.5,28.71,29.1,8,498,True,3
2983d6d5-700b-5829-9c74-a5adae224c54,Johnathan Williams,Gonzaga,Sr,23.1,81.0,F,69.2439,22.7596,0.5658,0.1259,9.8415,20.621,8.0442,17.5734,3.87,1.3139,50.2836,0.5574,0.9586,3.3281,train,,2018,,5,End of Bench,-3.2,-0.3,15.5,1.4,2,39,False,1
bcdcfaa8-d580-5ed3-ab51-86e87a968b27,Brad Wanamaker,Pittsburgh,Sr,21.9,76.0,G,73.1733,23.1,0.5396,0.2099,5.3493,14.2015,30.5389,21.3665,1.1709,2.7637,53.503,0.739,4.6846,3.8608,train,,2011,-0.499,5,End of Bench,-1.7667,0.1,16.46,5.4,4,191,False,3
9968f5c7-dcbe-5a17-877a-ee4919ab7dba,Jerome Robinson,Boston College,Jr,21.3,77.0,G,84.8875,26.9201,0.5697,0.3542,1.6565,10.3208,20.2355,17.1421,0.6936,1.9189,33.2706,0.7801,2.8222,-0.6555,train,13.0,2018,-1.1862,5,End of Bench,-5.2,-1.1,14.19,-0.2,4,135,False,3
0e3dccfa-4ef8-50f9-a7b6-f2975cbc88fc,Robert Williams,Texas A&M,So,20.7,82.0,C,58.493,20.8187,0.5973,0.0587,11.4594,24.6886,11.2445,18.674,10.2222,1.7259,33.5039,0.5151,2.1249,7.659,train,27.0,2018,1.2811,3,Quality Starter,5.5333,6.1,22.37,28.4,8,294,True,3
7a67805c-78d2-5da4-8f72-fa270cc38067,Shake Milton,SMU,Jr,21.7,78.0,G,73.854,21.2119,0.5968,0.5085,1.7251,12.1144,23.359,16.4174,1.6997,2.1826,32.3183,0.7957,4.4891,1.3423,train,54.0,2018,-0.2528,5,End of Bench,-1.6,0.2,21.8,11.7,7,359,False,3
84ef66c1-c0c7-575a-b4b3-6d330e6c3a15,Cameron Reynolds,Tulane,Sr,23.4,80.0,W,83.7605,21.5735,0.5091,0.4327,3.9343,16.5152,11.15,11.7009,1.5506,1.2768,21.9425,0.7304,1.1077,-0.7659,train,,2018,,5,End of Bench,-2.5,0.0,13.63,0.4,2,24,False,1
b0bd22b2-5a66-55bc-9b0f-c5c734ba604e,Deonte Burton,Iowa St.,Sr,23.4,77.0,W,62.4689,26.6327,0.5396,0.2367,5.3953,17.1609,10.8698,15.9715,4.428,3.3286,28.7723,0.6691,1.656,3.9498,train,,2017,-1.63,5,End of Bench,-6.8,-1.2,9.13,-0.4,3,73,False,1
99a33b34-3563-554e-9787-e2b7f493155c,Brandon Sampson,LSU,Jr,21.1,77.0,G,50.6314,19.2434,0.5813,0.5106,3.3244,10.5959,8.5387,17.8343,1.0101,1.8298,38.0539,0.7325,2.078,-1.0921,train,,2018,,5,End of Bench,,,,0.0,1,14,False,0
b2c849ba-6b9e-5137-81f2-ef7ae4f74553,Theo Pinson,North Carolina,Sr,22.6,78.0,G,63.2835,19.0415,0.5401,0.2454,5.6748,16.5632,25.7971,22.202,1.7596,1.9941,46.2767,0.779,3.8437,3.3537,train,,2018,-1.105,5,End of Bench,-3.4,-0.3,8.07,0.2,5,127,False,1
3e57d846-8c8d-5102-bd4b-858f6bc8bb24,Jacob Evans III,Cincinnati,Jr,21.0,78.0,G,75.4039,20.9994,0.5536,0.4523,5.2672,11.5226,18.0783,13.8713,3.5203,2.5019,29.6699,0.7531,4.1175,4.4598,train,28.0,2018,-1.4862,5,End of Bench,-7.1,-1.5,14.41,-0.6,2,59,False,1
36309f82-9cf0-572c-b8bb-276b56f74631,Khyri Thomas,Creighton,Jr,22.1,75.0,G,76.3113,20.2625,0.6271,0.4096,4.6099,12.5889,15.7796,16.0914,0.8945,2.9005,25.0765,0.7564,4.989,3.3365,train,38.0,2018,,5,End of Bench,,,,0.5,3,39,False,0
cacf9a6c-ee88-5e81-bf83-d3877e50c1a2,Deng Adel,Louisville,Jr,21.4,79.0,G,73.1481,22.2479,0.5461,0.3625,2.4821,14.1973,15.0317,16.2849,1.0948,1.1441,32.0223,0.7794,2.3052,1.0151,train,,2018,,5,End of Bench,,,,-0.2,1,19,False,0
362d6704-8d2c-5c2f-ba72-cb94323a04c4,Yuta Watanabe,George Washington,Sr,23.7,81.0,F,82.2003,20.4441,0.5382,0.3572,4.2909,14.1423,10.4904,13.0796,4.2272,1.4236,29.6119,0.799,1.6175,1.1955,train,,2018,-0.454,5,End of Bench,-1.1,0.5,14.36,4.1,6,213,False,3
8047bb64-c23b-574d-9679-63aca7794b16,Duncan Robinson,Michigan,Sr,24.2,80.0,W,62.1104,16.3524,0.6241,0.721,2.1813,9.9142,8.4115,9.6692,1.4471,1.4557,20.4223,0.8645,4.5715,2.0696,train,,2018,0.4026,4,Role Player,-0.3667,2.6,28.89,26.0,8,500,True,3
38dfa091-4ff7-5645-99dc-509ad854b87e,Ray Spalding,Louisville,Jr,21.3,82.0,C,62.8885,21.8936,0.5724,0.0472,12.7041,20.8741,8.9782,16.9396,5.9632,2.815,39.9406,0.6154,2.6508,5.4563,train,56.0,2018,,5,End of Bench,,,,0.1,2,16,False,0
46add7b4-6b1e-5d74-84dd-f0e2d69e71dd,Chimezie Metu,USC,Jr,21.3,83.0,C,71.5428,23.7728,0.5761,0.0622,7.568,19.9755,9.1852,15.8315,6.0302,1.4867,42.3155,0.7133,0.839,3.4692,train,49.0,2018,-0.3541,5,End of Bench,-0.9667,0.7,15.97,5.7,6,260,False,3
36872e60-6f13-5609-bd34-efffdc6175db,Jemerrio Jones,New Mexico St.,Sr,23.2,77.0,F,66.9725,24.4381,0.517,0.1135,14.1,33.4018,20.8232,20.3525,2.3094,2.1928,27.7667,0.552,1.3114,5.2019,train,,2018,,5,End of Bench,,,,0.3,2,8,False,0
3d6ced6e-db0d-5a00-b501-78117c7133aa,Rawle Alkins,Arizona,So,20.7,77.0,G,58.6796,22.7385,0.5553,0.3951,7.6326,11.884,14.0,19.3243,2.2142,2.1367,38.6765,0.7277,3.5111,2.293,train,,2018,,5,End of Bench,,,,-0.1,1,10,False,0
72251c3d-a96c-5902-903a-98fb0e744c6d,Lonnie Walker IV,Miami FL,Fr,19.5,77.0,G,68.8,21.1,0.5274,0.509,1.7,9.2,13.0,11.6,1.8,2.0,20.4,0.738,3.2751,1.1483,train,18.0,2018,-0.2971,5,End of Bench,-1.7333,0.4,20.78,4.8,7,342,False,3
7a7488fe-e452-5bfb-a57a-97e5617438be,Drew Eubanks,Oregon St.,Jr,21.4,82.0,C,75.6446,20.3991,0.6282,0.0,7.8318,19.2735,7.6695,19.4996,6.7783,1.0124,48.2758,0.6956,-0.1535,3.3037,train,,2018,-0.1527,4,Role Player,-0.4333,1.4,17.66,16.6,8,426,True,3
4175919c-eb0b-57ca-ba10-260c0c0ae83e,Gary Trent Jr.,Duke,Fr,19.4,78.0,G,83.8,17.3,0.5665,0.564,2.9,10.3,6.8,9.9,0.4,2.0,22.7,0.876,4.9233,1.5805,train,37.0,2018,0.5052,3,Quality Starter,-0.6333,2.4,32.82,19.0,8,480,True,3
175ef5dd-4c80-58cc-8f3e-f29cf3d83961,Jared Terrell,Rhode Island,Sr,23.4,75.0,G,80.8524,22.7598,0.539,0.3844,2.9265,8.9718,13.3272,13.6311,0.678,2.3981,35.032,0.7864,2.7491,0.9738,train,,2018,,5,End of Bench,,,,-0.3,1,14,False,0
f206df4c-2f57-5efa-ab32-a77ce8133f08,Zhaire Smith,Texas Tech,Fr,19.1,77.0,G,70.5,18.6,0.6151,0.144,9.1,11.2,12.1,12.6,4.4,2.4,45.8,0.717,4.9213,5.1229,train,16.0,2018,,5,End of Bench,,,,0.0,2,13,False,0
f055322d-183c-5692-bbc9-f63b494ed6ff,Bonzie Colson,Notre Dame,Sr,22.5,78.0,F,60.8655,26.228,0.5802,0.1423,9.8018,24.7705,8.2699,9.8794,5.6902,2.5735,38.546,0.7654,3.7021,3.884,train,,2018,,5,End of Bench,,,,0.2,1,8,False,0
3fac31eb-8f5f-5b99-91ae-347fc86bc365,Daryl Macon,Arkansas,Sr,22.6,75.0,G,72.5873,23.8956,0.6225,0.5251,1.692,9.1124,21.2144,14.5512,0.2,2.0752,46.7476,0.8724,6.9879,-1.0469,train,,2018,,5,End of Bench,,,,0.0,2,12,False,0
921929dd-bfe0-59aa-8c7c-4098448b7262,Jarred Vanderbilt,Kentucky,Fr,19.2,81.0,C,16.0,22.9,0.4765,0.015,23.2,27.9,10.7,15.7,5.3,1.4,55.9,0.632,2.6286,3.6764,train,41.0,2018,0.3056,4,Role Player,0.4,3.1,22.68,18.7,8,374,True,3
a7f41ab0-923e-5eeb-96d4-1ba1cb4fe469,Amile Jefferson,Duke,Sr,24.1,81.0,C,61.529,17.5482,0.6255,0.0,11.3913,21.109,8.772,15.2743,5.0461,1.4178,59.9983,0.6025,4.2241,4.4669,train,,2017,,5,End of Bench,,,,0.4,2,30,False,0
c77cf8b0-cd6c-5958-987a-33c9dbe9843e,Marcus Derrickson,Georgetown,Jr,22.4,79.0,F,67.1566,20.2411,0.6174,0.4129,7.9561,18.2053,10.5167,18.2958,2.3934,1.1547,40.7164,0.8558,3.4494,1.6263,train,,2018,,5,End of Bench,,,,0.2,1,11,False,0
241d61d4-357b-5170-b83f-7c5c419967f0,Alize Johnson,Missouri St.,Sr,22.2,81.0,F,77.306,27.5128,0.5432,0.3434,11.9195,30.3096,17.522,16.384,1.2418,0.9291,39.9688,0.7325,3.9791,0.657,train,50.0,2018,,5,End of Bench,,,,1.2,5,76,False,0
546949db-5615-5336-8995-aab2f0a43720,Billy Garrett Jr.,DePaul,Sr,22.7,78.0,G,71.5246,27.3942,0.5369,0.3418,1.2848,10.5173,25.6656,20.7743,0.8096,1.9224,53.1069,0.856,1.2811,-1.3596,train,,2017,,5,End of Bench,,,,0.0,1,4,False,0
16937531-7a91-52e6-94ac-575ba8e31735,Brandon Goodwin,Florida Gulf Coast,Sr,22.7,74.0,G,80.6156,26.5698,0.5629,0.3238,4.0361,12.927,24.5296,17.3332,0.2784,2.1234,42.4285,0.7322,3.0354,-0.3934,train,,2018,-0.7629,5,End of Bench,-2.5333,-0.2,13.26,1.0,4,133,False,3
21d818db-7d51-5c2e-a7e2-c52a93b206b1,Isaac Humphries,Kentucky,So,19.5,84.0,C,19.0742,17.0677,0.5053,0.0,15.9484,18.4226,3.9484,16.2387,6.1903,1.1935,30.5161,0.6343,0.8644,3.5922,train,,2017,,5,End of Bench,,,,-0.1,1,5,False,0
7ab9cb8f-9181-5f74-82d5-db8a380a5559,Jordan Loyd,Furman,So,19.9,75.0,G,33.2967,19.3706,0.4289,0.334,2.4505,18.2282,24.2571,17.0837,0.5601,1.1903,65.4172,0.5911,-2.3146,-1.5942,train,,2013,,5,End of Bench,,,,0.2,1,12,False,0
69302304-9414-574e-9772-275f3c606488,B.J. Johnson,La Salle,Sr,22.5,79.0,W,70.5759,27.587,0.5538,0.3746,6.4294,19.7961,5.5088,14.8928,1.9962,2.0704,32.7271,0.8407,0.7111,-0.4566,train,,2018,,5,End of Bench,,,,0.1,3,21,False,0
8c666d82-07d0-5e02-ac82-48f71d0a4c19,Melvin Frazier,Tulane,Jr,21.8,78.0,G,76.5622,21.215,0.5881,0.3253,4.3119,13.8382,14.9882,19.9609,1.9888,3.4362,39.4927,0.6817,1.9168,1.9555,train,35.0,2018,,5,End of Bench,,,,-0.3,3,32,False,0
739df4ef-6865-5813-a227-a55a1362de62,Thomas Welsh,UCLA,Sr,22.4,84.0,F,72.054,17.1638,0.585,0.2101,9.9807,24.6916,6.7629,9.0268,3.6323,0.9552,17.5097,0.825,2.992,2.0103,train,58.0,2018,,5,End of Bench,,,,0.1,1,11,False,0
52e45460-4f51-5800-bf0c-5f8c3ccb99ff,Chris Chiozza,Florida,Sr,22.6,72.0,G,70.512,20.203,0.5202,0.406,1.8113,13.503,33.5924,17.7443,0.2807,3.3641,31.8408,0.7847,4.2258,3.2853,train,,2018,-0.4861,5,End of Bench,-1.2,0.3,14.32,0.8,4,91,False,1
55b505fb-9e90-5ba0-8634-48118dcaca9b,Dusty Hannahs,Arkansas,Sr,23.8,75.0,G,61.9877,23.1654,0.5876,0.5164,2.4226,5.7943,8.6653,13.7586,0.303,1.1338,30.3249,0.8927,3.85,-2.81,train,,2017,,5,End of Bench,,,,-0.1,2,4,False,0
f93a8d5c-1740-5578-a4c0-42e8e9c6df91,DeVaughn Akoon-Purcell,Illinois St.,Sr,23.3,77.0,G,65.4165,28.9269,0.5123,0.2335,6.7694,15.0321,14.1888,18.5926,1.5239,2.1104,43.1963,0.7312,0.3785,0.9304,train,,2016,,5,End of Bench,,,,0.0,1,7,False,0
adc71f89-d050-5ebe-80b7-ebbd4a2ec562,J.P. Macura,Xavier,Sr,23.1,77.0,G,72.4506,20.9534,0.5852,0.442,5.3028,10.5662,16.898,16.8994,1.0192,2.6485,37.5314,0.806,5.5242,2.2718,train,,2018,,5,End of Bench,,,,0.0,2,3,False,0
6c49c789-07b8-5bfc-8ebb-041457ba4588,Vince Edwards,Purdue,So,22.2,80.0,W,66.8674,20.4351,0.5679,0.3737,8.3259,13.0482,20.0486,17.2422,1.2291,1.0709,26.8638,0.8097,5.1484,2.0222,train,52.0,2018,,5,End of Bench,,,,0.0,1,2,False,0
6d563c0d-6e9b-51ab-95e4-97172a03bce5,Troy Caupain,Cincinnati,Sr,21.6,76.0,G,78.7852,20.173,0.5078,0.4347,2.0784,12.7719,25.7315,15.0801,1.0612,2.2297,32.606,0.7325,2.8637,1.8662,train,,2017,,5,End of Bench,,,,0.1,1,4,False,0
4691c60a-b257-5edc-9d3e-d0d3393bad9e,Angel Delgado,Seton Hall,Sr,23.6,82.0,C,77.4166,24.2056,0.5396,0.004,14.6989,26.9038,14.1498,18.4175,2.1585,1.2456,45.1784,0.5745,2.503,3.0304,train,,2018,,5,End of Bench,,,,0.0,1,2,False,0
abf042be-2652-5571-8f30-1a0b7d1275fa,Yante Maten,Georgia,Sr,21.9,80.0,F,76.516,28.1963,0.569,0.1493,11.1265,16.1681,10.8432,14.1198,5.3574,0.9265,53.4331,0.7734,3.9167,3.1721,train,,2018,,5,End of Bench,,,,0.0,1,2,False,0
67e3c6ed-613f-5790-94c9-2ba990890023,Kostas Antetokounmpo,Dayton,Fr,20.6,82.0,C,34.8,20.8,0.5746,0.149,7.3,16.8,5.9,25.6,8.3,1.0,63.4,0.516,-3.8,2.3826,train,60.0,2018,,5,End of Bench,,,,-0.2,3,22,False,0
0e269016-7105-5e86-9f56-0d0a34e45ccc,Tahjere McCall,Tennessee St.,Sr,22.9,77.0,G,69.6449,27.5439,0.5156,0.1569,5.6109,11.767,27.8909,22.8723,1.8385,4.5411,62.6295,0.6805,0.9195,3.4024,train,,2017,,5,End of Bench,,,,0.0,1,1,False,0
2d87b32e-7e53-52dc-963c-00fa15d953c5,Trevon Duval,Duke,Fr,19.9,75.0,G,73.8,22.4,0.4893,0.309,2.1,4.9,30.3,23.4,0.5,2.8,25.7,0.596,1.4981,0.4998,train,,2018,,5,End of Bench,,,,0.1,1,3,False,0
5d5fd81f-7485-5317-a159-ddb2b20162ba,George King,Colorado,Sr,24.4,78.0,F,68.7013,21.9385,0.5698,0.4625,7.3546,20.7686,6.9354,17.8277,1.8478,1.0226,28.3101,0.741,1.5525,0.6503,train,59.0,2018,,5,End of Bench,,,,-0.1,2,5,False,0
561113e3-59d0-5342-b754-2038a398488e,Jordan Sibert,Dayton,Sr,22.9,76.0,G,75.5801,22.5817,0.5975,0.5942,1.2408,10.3163,13.4014,14.2059,0.4979,2.8259,42.1832,0.756,4.3196,1.0289,train,,2015,,5,End of Bench,,,,0.0,1,1,False,0
5a495195-b60e-5ef3-a6b1-c5fedd8314fe,Zach Lofton,New Mexico St.,Sr,25.6,76.0,G,76.5944,27.5112,0.5507,0.4293,3.3956,12.6008,13.1249,14.2809,0.6033,2.0719,41.9121,0.779,2.2417,-0.0141,train,,2018,,5,End of Bench,,,,0.0,1,1,False,0
1bd844dc-83ae-5d0b-b9e0-3e3ac2713c7a,Donte Grantham,Clemson,Sr,23.3,80.0,W,61.16,18.4901,0.5556,0.4503,5.4101,14.6286,13.4505,15.6039,2.6738,1.6423,20.4689,0.7602,3.3211,2.7574,train,,2018,,5,End of Bench,,,,0.0,1,3,False,0
8a99bb51-dcf2-5d4f-b63d-39bd5ca78bfa,Tyler Davis,Texas A&M,Jr,21.1,82.0,C,68.6542,24.287,0.6217,0.0444,13.4583,17.6018,9.4212,18.3051,4.7063,0.8903,52.0871,0.6425,3.388,2.7738,train,,2018,,5,End of Bench,,,,0.0,1,1,False,0
195618c2-a4f1-551d-bf5c-afbe7c7e195a,Ja Morant,Murray St.,So,19.9,75.0,G,93.5,36.0,0.6077,0.299,4.1,12.6,51.4,22.0,2.2,2.4,51.0,0.815,6.9422,2.0396,train,2.0,2019,1.7729,2,All-Star,4.9667,8.1,32.72,24.3,7,327,True,3
4634db0a-aa2a-5796-a26b-40a22442018d,De'Andre Hunter,Virginia,So,21.6,79.0,W,72.9628,23.9375,0.6099,0.2642,6.0605,13.7454,12.7237,11.9151,2.4691,1.3612,41.2276,0.7766,5.6559,2.7851,train,4.0,2019,0.0236,4,Role Player,-1.7667,0.1,29.51,13.1,7,372,True,3
ddf83463-0a9f-59bf-825d-f5301d527d00,Kendrick Nunn,Oakland,Sr,22.9,75.0,G,78.8773,26.5188,0.5647,0.5377,2.1197,12.3787,18.2902,13.7848,0.8016,2.2658,21.0285,0.8234,3.9295,-0.259,train,,2018,0.1234,4,Role Player,-1.4,0.75,29.37,5.1,3,193,False,2
1742049a-7117-5a01-9efa-50ae88224336,Darius Garland,Vanderbilt,Fr,19.4,74.0,G,10.8,26.9,0.6575,0.426,1.6,13.7,25.7,23.2,1.5,1.7,29.6,0.75,2.8296,0.0685,train,5.0,2019,1.1302,3,Quality Starter,1.5,6.2,33.08,27.2,7,427,True,3
ffa05a27-82b0-515e-a2af-a3ef6f924f73,PJ Washington,Kentucky,So,20.8,80.0,F,68.5012,24.0413,0.5805,0.1699,9.4378,18.2099,12.2053,16.7942,4.3692,1.6669,59.3055,0.6441,4.2691,4.3214,train,12.0,2019,0.3413,4,Role Player,-0.7667,1.9,30.21,16.7,7,446,True,3
f1e65d2b-1177-52b1-bcaf-bc4ff5e7c38f,R.J. Barrett,Duke,Fr,19.0,79.0,G,87.9,31.3,0.5319,0.338,4.8,17.2,23.5,15.9,1.2,1.4,31.9,0.665,4.5846,1.3448,train,3.0,2019,0.5726,3,Quality Starter,-0.0,2.8,31.4,17.4,7,444,True,3
e814b7a0-14a0-5259-8d81-4bf5edee83e3,Coby White,North Carolina,Fr,19.4,77.0,G,69.2,26.1,0.5556,0.525,1.3,11.4,24.4,19.0,1.3,2.0,29.3,0.8,4.9,1.7549,train,7.0,2019,0.3884,4,Role Player,-0.8,2.1,31.11,20.0,7,472,True,3
6e7ebf36-2008-512a-8e0b-9d9716da2e3b,Eric Paschall,Villanova,Sr,22.6,80.0,W,80.2102,21.9871,0.5843,0.4264,5.5329,14.8328,11.605,17.1294,1.8515,1.3889,38.4095,0.7607,2.9293,1.4182,train,41.0,2019,-0.4212,5,End of Bench,-1.9667,-0.1,19.53,5.0,3,158,False,3
abc0766a-de2d-512c-bbb6-8521a2da8bb2,Cam Reddish,Duke,Fr,19.8,80.0,W,70.1,23.6,0.4988,0.618,2.0,10.6,10.7,20.7,1.9,2.9,26.4,0.772,1.2438,1.9419,train,10.0,2019,-0.3661,5,End of Bench,-2.6333,-0.4,23.93,3.2,6,254,False,3
3e117430-30c1-559b-8780-a9e03d75b0d3,Tyler Herro,Kentucky,Fr,19.4,77.0,G,81.0,20.0,0.5803,0.419,1.6,14.0,15.2,14.8,1.1,2.0,23.1,0.935,4.7819,3.0341,train,13.0,2019,1.1863,3,Quality Starter,1.9667,5.6,33.98,22.4,7,394,True,3
43b5d4d1-9e31-5395-b9cc-bf0655afd17e,Jarrett Culver,Texas Tech,So,20.3,77.0,G,76.2614,29.0473,0.5468,0.3386,5.4397,16.9529,22.1399,15.5868,2.4892,2.6422,36.6298,0.6899,4.7541,4.6851,train,6.0,2019,-1.0648,5,End of Bench,-5.0,-1.6,17.49,-0.1,4,144,False,3
24ed49fd-fd4d-558a-acf7-e2ad8da6a9f9,Rui Hachimura,Gonzaga,Jr,21.4,80.0,W,67.8547,25.788,0.6337,0.0855,6.3348,17.3023,8.2103,13.1046,2.4885,1.7206,47.494,0.7481,3.3683,2.112,train,9.0,2019,0.0743,4,Role Player,-1.2667,1.0,27.16,18.7,7,405,True,3
cb4d3b22-2dd8-5d01-8fa8-a27b30d66039,Brandon Clarke,Gonzaga,Jr,22.8,80.0,C,72.7929,23.6056,0.6532,0.0293,12.1806,20.1612,13.9369,12.6186,9.3773,2.1435,42.0327,0.6398,5.6306,7.0916,train,21.0,2019,0.7946,3,Quality Starter,2.9333,5.0,21.88,24.7,7,309,True,3
13f46758-4011-51df-9fc6-d371c040a5fb,Matisse Thybulle,Washington,Sr,22.3,77.0,G,76.585,17.4704,0.5481,0.5337,3.1202,8.528,13.5001,20.8113,6.1754,5.6415,21.93,0.8045,2.026,6.8914,train,20.0,2019,0.5907,3,Quality Starter,3.3333,2.3,20.72,15.3,7,377,True,3
d24fd028-839c-5d6a-a9c4-3c26fbb9f622,Jordan Poole,Michigan,So,20.0,77.0,G,74.6045,20.4765,0.5735,0.5601,0.8,9.9062,12.4044,13.9213,0.8042,2.0744,25.1445,0.8311,3.6226,3.2644,train,28.0,2019,0.2968,4,Role Player,-0.4667,2.2,27.41,11.5,7,451,True,3
5aae99f1-92f3-5772-9938-0b6a5f98fae6,Cameron Johnson,North Carolina,Sr,23.3,81.0,W,69.3871,19.5239,0.6179,0.5357,5.7214,12.7468,13.5911,12.3636,1.0256,1.8463,25.1958,0.8205,7.191,1.9935,train,11.0,2019,0.9363,3,Quality Starter,2.0333,4.7,29.29,26.5,7,394,True,3
e9ae655e-848f-55b4-a758-ebe191642e57,Terence Davis,Mississippi,Sr,22.1,76.0,G,72.1325,26.695,0.5446,0.4361,4.9503,17.6353,20.3005,18.4439,2.6236,2.7712,25.7394,0.7491,3.3013,2.3399,train,,2019,-0.2158,5,End of Bench,-0.6,1.1,17.29,5.3,5,228,False,3
12ff6358-575d-524a-a57b-d69c9ff8cda1,Kevin Porter Jr.,USC,Fr,19.1,78.0,G,34.6,22.8,0.5591,0.433,4.8,15.0,12.0,20.8,2.6,2.1,29.3,0.522,0.5665,1.2885,train,30.0,2019,0.2758,4,Role Player,-1.5,1.2,32.64,9.0,6,309,True,3
4592e097-2318-59e6-a71e-ac2c877d7032,Jaxson Hayes,Texas,Fr,19.1,83.0,C,50.0,16.9,0.739,0.0,8.8,16.2,2.6,13.9,10.6,1.5,59.2,0.74,3.6047,6.8912,train,8.0,2019,-0.0221,4,Role Player,0.1667,1.9,17.74,25.2,7,433,True,3
473e52e7-f800-5f70-b551-f55b0912bd1c,Grant Williams,Tennessee,Jr,20.6,79.0,W,74.8505,27.0292,0.6096,0.0985,9.3814,16.0681,16.2215,15.5794,5.5393,1.7438,62.4354,0.7842,5.3631,4.3653,train,22.0,2019,0.0438,4,Role Player,-0.8667,0.5,25.94,17.4,7,416,True,3
7d119d54-754e-534d-be4e-7e17875be0f3,Ky Bowman,Boston College,Jr,22.0,73.0,G,93.305,25.8903,0.5384,0.4316,2.418,17.7598,23.0824,17.5497,1.3028,2.1403,29.3738,0.769,3.0595,1.3657,train,,2019,,5,End of Bench,-4.3,-1.8,22.56,-0.1,1,45,False,1
dff5a6c8-12fb-58b8-8d5f-2f1b3e568e19,Michael Porter Jr.,Missouri,Fr,20.0,82.0,F,4.1,33.3,0.4376,0.333,9.5,32.5,4.6,10.1,2.0,3.4,30.0,0.778,-3.9491,-0.9833,train,14.0,2018,0.9102,3,Quality Starter,1.0,4.6,32.6,29.4,7,397,True,3
f9fb559f-211b-5afb-ac24-3404600d263c,Cody Martin,Nevada,Sr,23.7,79.0,G,82.6336,19.0149,0.5761,0.2329,4.3671,11.8325,24.0182,16.6991,2.884,2.4162,35.2933,0.7239,3.4528,2.8842,train,36.0,2019,-0.2288,5,End of Bench,-1.5333,0.7,21.16,7.1,7,263,True,3
6410a1af-457a-5d71-aeab-8f3768b9f66a,Luguentz Dort,Arizona St.,Fr,20.2,76.0,G,77.8,27.1,0.5177,0.409,4.5,10.0,15.0,18.7,0.8,2.7,48.1,0.7,1.7301,0.8648,train,,2019,0.1658,4,Role Player,-1.1333,1.4,28.16,18.6,7,432,True,3
f857663d-7146-5187-b032-b6b8e1f7af74,Bruno Fernando,Maryland,So,20.9,82.0,C,69.3433,23.6148,0.6431,0.0297,11.1797,26.7591,12.489,22.7062,6.7354,1.2206,49.7622,0.7679,2.2891,5.8844,train,34.0,2019,-0.7158,5,End of Bench,-2.15,-0.15,12.94,3.8,6,220,False,2
cb53a310-d814-573c-89bd-b1a49e63d12c,Zion Williamson,Duke,Fr,19.0,79.0,W,64.9,28.2,0.7019,0.163,12.8,18.0,15.0,15.2,5.8,3.9,46.7,0.64,10.1571,6.3044,train,1.0,2019,1.713,2,All-Star,5.5333,7.1,31.16,30.4,6,276,True,3
6ee64871-4343-53a8-8791-720e47ca64f2,Daniel Gafford,Arkansas,So,20.7,83.0,C,63.7073,24.7884,0.6344,0.0,11.2,21.9062,6.0,16.0832,9.3114,1.6824,59.6824,0.5725,2.2487,4.5651,train,38.0,2019,0.7482,3,Quality Starter,2.4667,5.1,22.22,35.3,7,433,True,3
623a02e0-c124-5168-8263-3ed22ef46e8c,Nickeil Alexander-Walker,Virginia Tech,So,20.8,77.0,G,77.3221,24.9135,0.583,0.428,2.2955,13.3477,20.7462,18.8292,2.3551,2.9871,32.2939,0.7648,3.3351,3.2678,train,17.0,2019,0.5513,3,Quality Starter,0.3333,4.0,27.26,16.6,7,459,True,3
7ece81d6-c4b8-5220-b12a-8c5cd94f2552,Jordan McLaughlin,USC,Sr,22.2,73.0,G,84.0887,21.8928,0.5606,0.3704,2.4224,9.6104,34.0708,18.5846,0.5571,2.997,33.1077,0.7551,4.558,0.894,train,,2018,-0.0267,4,Role Player,1.3,1.8,13.7,10.1,7,332,True,3
1610f55a-b068-5a9f-a38e-55a4d5fac5c9,Nassir Little,North Carolina,Fr,19.4,78.0,W,45.3,24.0,0.5507,0.19,9.2,16.9,6.1,16.1,3.3,1.5,36.6,0.77,1.8542,2.02,train,25.0,2019,-0.5175,5,End of Bench,-2.3667,-0.2,18.78,4.8,5,237,False,3
303d9831-7972-5cf8-90d5-360cbab5d021,Naz Reid,LSU,Fr,19.8,82.0,F,64.5,25.9,0.5437,0.23,10.2,19.4,6.4,20.1,2.8,1.5,35.1,0.727,1.2638,0.6617,train,,2019,0.6132,3,Quality Starter,1.3667,4.7,23.65,24.8,7,483,True,3
ec0d25e8-af09-54ea-a11a-789dab0ff9ff,Kelan Martin,Butler,Sr,22.9,79.0,W,79.7472,28.2088,0.559,0.4252,3.9765,19.1658,9.9608,13.7016,1.6591,1.2671,29.8626,0.8147,3.2171,0.706,train,,2018,-0.9204,5,End of Bench,-3.4333,-0.5,13.2,0.6,3,96,False,3
d0bf0a07-9b5d-57ad-a25a-fd877eeba11a,Javonte Green,Radford,Sr,21.9,76.0,G,66.2103,29.5485,0.5713,0.0553,11.3652,26.2052,10.5642,14.8859,2.9375,4.2766,60.8624,0.6774,2.0075,1.7693,train,,2015,-0.031,4,Role Player,0.3333,1.4,17.91,15.2,7,345,True,3
867a7fce-a15b-5896-a8bf-a6c3208878c7,Matt Thomas,Iowa St.,Sr,22.9,77.0,G,74.3423,15.5581,0.6203,0.6743,2.0213,11.7194,8.5867,12.8863,0.5182,1.5695,16.8599,0.8715,4.819,0.9897,train,,2017,-0.8158,5,End of Bench,-2.0333,-0.0,9.72,2.0,3,126,False,3
819ea424-b6c8-58fc-98c7-c7ed5b7c464e,Romeo Langford,Indiana,Fr,19.7,78.0,G,76.8,25.5,0.5419,0.316,4.8,12.8,14.2,14.2,2.7,1.3,49.1,0.722,2.6028,1.2549,train,14.0,2019,-0.7549,5,End of Bench,-3.4,-0.6,17.41,2.0,4,141,False,3
83c19195-5660-5619-942a-92c5807d8b11,Admiral Schofield,Tennessee,Sr,22.2,78.0,W,71.496,23.8431,0.5592,0.3669,5.2615,17.3858,11.3685,14.7625,1.669,1.6554,20.8385,0.7288,3.5227,1.473,train,42.0,2019,-1.0821,5,End of Bench,-4.15,-0.75,12.27,1.2,4,131,False,2
5a6341f1-4ccf-5950-af7b-078e6db291d0,Terance Mann,Florida St.,Sr,22.7,79.0,W,72.8626,18.5605,0.6035,0.2173,8.6131,13.7018,15.0601,16.8439,1.0935,1.4784,41.7212,0.7269,4.7164,2.6584,train,48.0,2019,0.1721,4,Role Player,-0.3333,2.2,23.81,23.3,7,475,True,3
a0cb62d4-067f-5c9d-a723-d4215584a4f7,Carsen Edwards,Purdue,Jr,21.3,73.0,G,80.5898,32.1441,0.5497,0.5127,1.4466,11.2541,18.1938,14.818,0.8845,2.3311,30.6347,0.8208,5.3591,0.0746,train,33.0,2019,-1.2505,5,End of Bench,-4.55,-0.6,9.22,0.3,3,72,False,2
2e5ab33a-1706-53b8-a6bc-fa17a7d283dc,Chris Silva,South Carolina,Sr,22.8,81.0,F,63.2552,27.2013,0.5916,0.1026,11.6952,21.3155,8.2124,18.9424,7.4884,1.7302,83.4382,0.7364,1.7667,4.6448,train,,2019,-0.9291,5,End of Bench,-2.3,0.0,7.86,1.8,4,70,False,1
09a71eeb-ee44-55f4-b1fd-230b5dd8c343,Ty Jerome,Virginia,Jr,22.0,77.0,G,77.0868,23.0951,0.5545,0.496,1.581,12.594,29.7568,14.6243,0.1333,3.0888,19.1644,0.7891,6.3731,3.1345,train,24.0,2019,-0.2888,5,End of Bench,-1.2667,0.5,19.09,11.1,7,244,True,3
e8de83f2-a5ca-5997-bd90-aab938303ef7,Caleb Martin,Nevada,Sr,23.7,79.0,G,81.1922,24.9432,0.5599,0.6066,3.1266,13.7596,14.6532,12.079,2.3195,2.1864,36.6471,0.7271,4.8114,1.0832,train,,2019,0.178,4,Role Player,-0.7,1.5,26.69,12.6,7,369,True,3
712b431c-f243-5e5b-9e03-910ec5c5bcc6,Keldon Johnson,Kentucky,Fr,19.7,78.0,W,76.2,21.7,0.5575,0.316,5.5,16.5,10.6,14.5,0.6,1.5,41.6,0.703,3.8806,2.0838,train,29.0,2019,0.3334,4,Role Player,-0.2,1.4,28.95,23.2,7,452,True,3
afdf71fd-f368-55df-8622-8fcbd7356141,Jalen McDaniels,San Diego St.,So,21.4,82.0,F,73.7,25.2593,0.561,0.1409,8.2654,23.0407,13.2309,15.6198,2.0704,2.0432,35.1432,0.7547,0.7483,2.8,train,52.0,2019,-0.5009,5,End of Bench,-2.5333,-0.5,20.4,5.3,6,252,False,3
2b73c818-a51e-5e7b-a6e6-8a069da59c1b,Chris Clemons,Campbell,Sr,21.9,69.0,G,88.5755,36.0989,0.593,0.5487,2.0087,14.1301,19.264,11.8469,1.0448,2.6311,41.4688,0.8567,6.0833,-3.0743,train,,2019,,5,End of Bench,-1.0,0.3,8.82,0.4,1,33,False,1
001a15f5-5e3e-502a-bdf6-97b7300c0a02,Wenyen Gabriel,Kentucky,So,21.2,81.0,F,53.7857,14.7891,0.5442,0.507,9.3217,17.087,4.5989,17.6625,5.2614,1.6951,30.8392,0.6231,2.7658,4.3108,train,,2018,-0.9702,5,End of Bench,-4.05,-0.75,14.7,3.8,5,150,False,2
132e51bd-1985-5cba-ba26-2c23b613e0e9,Justin James,Wyoming,Sr,22.4,79.0,G,84.8253,33.5067,0.5312,0.2976,3.1289,20.4384,28.3707,16.5296,1.6462,2.0615,46.2672,0.7334,1.4577,0.8549,train,40.0,2019,-1.2385,5,End of Bench,-4.3,-0.6,8.61,0.2,2,72,False,1
757a6e74-0ce3-50e5-bc31-4efa3a4ce995,Garrison Mathews,Lipscomb,Sr,22.7,77.0,G,74.5681,27.9005,0.6103,0.5624,3.5802,16.3745,13.1068,14.1825,0.8487,1.5192,47.3827,0.8188,4.2895,-0.7819,train,,2019,-0.4804,5,End of Bench,-2.1667,-0.1,18.78,10.2,7,329,True,3
fb2406be-1403-5524-9200-ede42981345a,Mychal Mulder,Kentucky,Sr,23.0,76.0,G,19.2588,17.1176,0.5085,0.7175,6.3316,12.0588,7.3603,9.7184,1.4691,1.1897,10.0816,0.9372,3.9421,0.7764,train,,2017,-0.6596,5,End of Bench,-1.8,0.0,12.77,1.1,3,84,False,1
0aaa6050-8b0a-5956-91cf-db7739046873,Nicolas Claxton,Georgia,So,20.2,83.0,F,71.0218,21.2307,0.5278,0.2167,9.2575,19.7985,10.4105,17.0491,8.261,1.6577,64.7542,0.619,0.9492,5.1013,train,31.0,2019,0.8466,3,Quality Starter,1.6,5.2,27.63,30.9,7,380,True,3
0af6214d-b1ac-50bc-bdda-ad5c4ecaa2de,Rayjon Tucker,Little Rock,Jr,21.7,77.0,G,75.782,22.2702,0.6356,0.4426,3.1782,16.4721,9.363,16.8658,1.2319,1.5947,58.7805,0.7592,2.0419,-0.2809,train,,2019,,5,End of Bench,,,,0.8,3,39,False,0
31a89f52-2167-5af2-84e3-2cc2892d40d0,Amir Coffey,Minnesota,Jr,22.0,80.0,W,78.8526,23.4871,0.5452,0.3036,2.3681,9.7698,19.7646,15.7408,0.6882,1.5118,48.338,0.7316,3.0093,0.4547,train,,2019,-0.469,5,End of Bench,-2.3333,-0.1,19.67,12.4,7,369,True,3
cb3072a4-4b30-5455-8474-6d0d9c9d87be,Jaylen Nowell,Washington,So,20.0,76.0,G,84.0077,25.4512,0.5735,0.2606,3.5319,13.5909,19.8102,19.1186,0.8319,2.0723,28.0042,0.7857,1.8109,0.8331,train,43.0,2019,-0.3957,5,End of Bench,-1.5,0.3,17.67,4.8,6,205,False,3
f765ff6f-3971-5bf2-a9ff-18c90c03307a,Michael Frazier,Florida,Jr,21.3,76.0,G,62.62,19.068,0.6164,0.702,3.1455,13.5081,9.5702,16.8917,0.4334,2.4305,24.2854,0.8573,4.4685,3.0716,train,,2015,,5,End of Bench,,,,-0.2,1,13,False,0
55f6549e-63f5-57c8-bb92-c7c58bcb88a4,DaQuan Jeffries,Tulsa,Sr,21.8,77.0,W,59.9822,20.7594,0.6247,0.4042,6.5739,15.7357,12.3802,15.8897,5.4607,1.9019,37.1359,0.7659,3.6299,3.9911,train,,2019,-1.0288,5,End of Bench,-4.7,-0.9,15.9,1.3,6,114,True,1
53e7a72c-854a-5e95-a45d-820725c0e1aa,Oshae Brissett,Syracuse,So,21.0,80.0,F,86.5319,23.0452,0.4809,0.3207,7.2816,18.5096,9.5067,14.8356,3.1452,1.8364,43.085,0.7062,0.5721,2.1691,train,,2019,-0.3213,5,End of Bench,-1.6,-0.1,20.69,7.0,6,233,False,3
79cb530f-98eb-5ec0-a7d6-e1241e0c11df,Juwan Morgan,Indiana,Sr,22.2,80.0,F,69.9213,24.2856,0.6101,0.2115,10.26,19.8043,12.6594,14.7538,5.4831,2.2384,42.4314,0.6549,4.7865,4.319,train,,2019,,5,End of Bench,,,,0.7,3,52,False,0
c65e3305-7652-5d46-8b3a-f10ccd3d2c47,Donta Hall,Alabama,Sr,21.9,81.0,F,60.8028,17.1686,0.6579,0.003,11.2741,22.8281,4.6357,14.8392,7.419,1.2851,57.0977,0.654,2.3845,5.1535,train,,2019,,5,End of Bench,,,,1.2,2,22,False,0
41b2c1a3-052a-5438-a00f-114eacd98bee,Tremont Waters,LSU,So,21.5,71.0,G,77.2997,26.8552,0.5493,0.4555,1.1,9.3815,33.8934,21.3791,0.3645,4.5027,33.4275,0.8087,5.0651,1.2838,train,51.0,2019,,5,End of Bench,,,,0.1,3,40,False,0
0cc6edf1-060a-5082-884c-96e98b278142,Miye Oni,Yale,Jr,21.9,78.0,W,76.2632,26.6413,0.5464,0.4481,2.8395,18.641,20.6106,17.7416,3.5802,1.5409,30.5245,0.7784,1.4137,1.1137,train,58.0,2019,-0.7716,5,End of Bench,-1.7,0.0,9.61,1.0,3,80,False,1
a25a9b1e-b61d-5e05-a358-3507e7e2bbb8,Jaylen Hoard,Wake Forest,Fr,20.2,80.0,F,74.9,24.8,0.5187,0.16,9.0,19.6,12.5,19.8,2.5,1.2,38.3,0.717,0.3731,1.1925,train,,2019,,5,End of Bench,-2.5,0.0,16.84,1.3,3,39,False,1
def441bd-8fc0-5eb0-abd1-cff96b4cef94,Jeremiah Martin,Memphis,Sr,23.0,75.0,G,79.8791,24.8064,0.5666,0.3911,3.1213,9.9628,24.177,16.4548,2.1433,3.4551,52.0912,0.7507,4.6674,2.0063,train,,2019,,5,End of Bench,,,,0.1,2,18,False,0
30fa429a-3d91-5e8c-811f-8225acbf87ae,Jarrell Brantley,Charleston,Sr,23.0,79.0,F,77.7516,28.6202,0.5792,0.2419,6.7427,22.7729,13.4018,16.6094,2.7991,2.2787,35.5318,0.782,1.2148,1.9449,train,50.0,2019,,5,End of Bench,,,,0.6,3,41,False,0
c597e463-ef90-5539-86d3-4c51bbd9134e,Bol Bol,Oregon,Fr,19.6,86.0,F,17.6,30.4,0.6318,0.189,9.7,29.0,9.5,13.5,12.9,1.8,28.0,0.757,3.0688,7.4319,train,44.0,2019,-0.0645,4,Role Player,0.6667,1.2,16.26,5.0,6,202,False,3
b338b665-8214-5d78-9a8d-a29028539d38,Paul Watson,Fresno St.,Sr,22.5,79.0,W,74.7876,19.2386,0.5119,0.4302,3.7904,13.8068,6.7929,17.8934,2.4281,1.5714,32.7925,0.6945,-1.0833,0.7885,train,,2017,,5,End of Bench,-1.3,0.3,11.0,0.8,3,46,False,1
caca91e4-c2a7-5775-ab59-79e73f27f85c,Gabe Vincent,UC Santa Barbara,Sr,22.0,75.0,G,71.103,22.0276,0.5427,0.5049,1.2996,8.0536,19.0643,12.2785,0.5556,2.0438,24.6952,0.7903,3.0542,-1.1374,train,,2018,-0.6223,5,End of Bench,-3.4,-1.0,21.52,5.7,7,331,True,3
af947b7f-5ab4-5c1f-9aa7-e9cacf487441,Talen Horton-Tucker,Iowa St.,Fr,18.6,76.0,G,67.9,25.1,0.4884,0.416,2.9,16.7,16.2,14.6,2.7,2.8,23.0,0.625,1.7798,2.2175,train,46.0,2019,-0.4361,5,End of Bench,-1.7333,0.3,17.51,6.0,6,305,False,3
70e91d49-2514-5918-8911-ec525da3f06d,Devon Hall,Virginia,Sr,23.0,77.0,G,72.905,18.6994,0.5616,0.4216,1.8374,15.331,17.6494,12.4802,0.7035,1.6398,27.9604,0.8422,3.6208,3.4411,train,53.0,2018,,5,End of Bench,,,,-0.2,1,11,False,0
24458aa0-53c1-59ff-b891-670a53ebbb80,Quinndary Weatherspoon,Mississippi St.,Sr,22.8,76.0,G,80.4205,25.2584,0.5987,0.339,5.1321,12.9788,16.8994,18.866,1.1524,2.8337,40.1845,0.7929,4.5807,1.7665,train,49.0,2019,,5,End of Bench,,,,0.2,3,42,False,0
c8ac8b12-dce4-56f6-b1b9-d2b93e7c38b4,Dean Wade,Kansas St.,Sr,22.6,82.0,F,63.8375,21.46,0.5911,0.2679,7.024,16.2442,18.3271,12.2785,2.5441,2.0047,32.9195,0.7497,4.8055,4.1952,train,,2019,0.1365,4,Role Player,0.2,2.0,21.38,14.9,7,342,True,3
b60c4084-f4e8-5192-856f-cbfd64acba96,Mfiondu Kabengele,Florida St.,So,21.9,82.0,F,48.675,26.725,0.5837,0.1868,12.225,20.1,3.325,13.4,7.775,1.55,55.55,0.735,2.2386,2.9621,train,27.0,2019,-1.2958,5,End of Bench,-4.3,-0.6,7.18,0.5,3,55,False,1
af996d76-998e-592c-b89c-298bc5e83f4e,Louis King,Oregon,Fr,20.2,81.0,W,61.8,23.7,0.5523,0.45,5.4,16.0,9.0,17.5,1.0,1.7,23.2,0.785,1.0769,0.9563,train,,2019,,5,End of Bench,,,,0.4,4,27,False,0
9541d84f-6e27-58a0-a131-c81dffe90753,Vic Law,Northwestern,Sr,23.5,79.0,F,74.7318,23.6173,0.5255,0.4487,3.9213,18.2531,17.8235,15.3926,2.6348,1.958,30.1131,0.7873,1.9284,3.1244,train,,2019,,5,End of Bench,,,,-0.1,1,8,False,0
a7148c08-ac5e-5a2c-abef-fa1eb091fdcc,Tyler Cook,Iowa,Jr,21.8,81.0,C,68.7221,26.1204,0.5631,0.0206,8.5137,18.9622,14.4079,19.5741,1.9992,1.3301,57.1234,0.6435,1.2546,0.9049,train,,2019,-0.8216,5,End of Bench,-3.0,-0.3,13.69,1.5,3,65,False,1
c2dc3159-12d8-52be-80da-e9ca8bdaf229,Jordan Bone,Tennessee,Jr,21.6,75.0,G,72.262,21.3828,0.534,0.3386,1.762,8.3774,30.3315,16.1896,0.3456,1.3912,23.1848,0.8239,4.1303,-0.5376,train,57.0,2019,,5,End of Bench,,,,0.1,2,24,False,0
f29cbd48-c3c1-5ae1-ba5a-cba1d34db9e3,Ignas Brazdeikis,Michigan,Fr,20.5,79.0,W,74.1,24.6,0.5729,0.351,4.6,16.1,6.1,10.5,1.7,1.5,36.9,0.773,3.3769,2.7396,train,47.0,2019,-1.0963,5,End of Bench,-4.3,-0.9,12.76,0.5,3,64,False,1
7cad316c-b335-5b56-9a69-bb04d7123fba,Kevin Hervey,UT Arlington,Sr,22.0,79.0,F,72.7797,28.4426,0.551,0.4264,7.4816,22.5323,15.3221,15.1881,2.1432,2.0688,28.3897,0.7859,2.9056,1.2623,train,57.0,2018,,5,End of Bench,,,,-0.1,1,10,False,0
2fed6954-2388-572f-9e9f-4832b9c20326,Zylan Cheatham,Arizona St.,Sr,23.6,80.0,F,70.7378,21.5473,0.5821,0.0844,8.2949,24.4923,16.5839,23.585,3.0736,1.6925,70.2907,0.6578,0.6727,4.3644,train,,2019,,5,End of Bench,,,,-0.1,2,5,False,0
b1379da9-f5bb-52c8-a025-d89814fec03e,Nigel Williams-Goss,Gonzaga,Jr,22.8,75.0,G,82.791,25.2648,0.5566,0.2401,2.2833,14.2249,29.0556,16.5547,0.3041,2.4342,32.3472,0.8146,4.2566,2.4601,train,55.0,2017,,5,End of Bench,,,,0.0,1,10,False,0
ec24c3e2-a4b2-58d3-9fbc-571ad288064c,Justin Wright-Foreman,Hofstra,Sr,21.7,74.0,G,90.2656,30.1888,0.6107,0.4168,1.295,10.8507,17.3786,12.5519,0.5378,1.3358,30.779,0.8286,5.0187,-3.1511,train,53.0,2019,,5,End of Bench,,,,0.0,1,4,False,0
c966acdf-b829-5b07-8e7e-bc0bd7356970,Zach Norvell Jr.,Gonzaga,So,21.5,77.0,G,73.6696,21.6606,0.5915,0.6134,3.794,11.4394,15.5151,13.0394,0.3,2.3303,25.2212,0.8467,6.169,1.7465,train,,2019,,5,End of Bench,,,,-0.1,1,5,False,0
cea1fe88-fe0f-582b-99f8-a20c375fe883,Charlie Brown,Saint Joseph's,So,22.4,79.0,W,85.5711,24.2974,0.5401,0.4254,5.3771,13.232,8.9122,10.935,2.634,1.568,30.5994,0.8364,2.5249,-0.2673,train,,2019,,5,End of Bench,,,,-0.2,4,49,False,0
d4877c04-a6ad-5607-b8e9-615282064c95,Tacko Fall,UCF,Sr,23.5,90.0,C,56.7729,22.2105,0.6649,0.0007,13.2362,22.0756,4.4797,22.3484,11.2231,0.6252,67.8825,0.4035,0.6394,6.5467,train,,2019,,5,End of Bench,,,,0.8,3,37,False,0
94ee6cbd-d067-56b2-930f-644c6fd27101,Moses Brown,UCLA,Fr,19.7,85.0,C,55.9,21.3,0.5558,0.0,15.7,21.1,2.4,16.6,8.8,1.4,58.4,0.352,-0.0157,2.7497,train,,2019,-0.6981,5,End of Bench,-2.1,-0.1,13.1,5.5,6,163,False,3
cbdcb0f0-4f15-584c-982b-d6479a88df40,Dewan Huell,Miami FL,So,22.5,83.0,C,58.5647,20.6329,0.5886,0.0125,9.4235,18.5282,3.1282,15.4659,4.3224,1.1741,39.1153,0.6786,0.5999,1.8821,train,59.0,2019,,5,End of Bench,,,,0.0,1,6,False,0
46998222-7d48-5bda-8e73-e08b42d6c476,Josh Reaves,Penn St.,Sr,22.1,77.0,G,73.6887,18.9858,0.5327,0.4091,5.5368,12.3571,17.9895,20.398,2.8562,4.3707,23.0452,0.6785,3.4351,5.4918,train,,2019,,5,End of Bench,,,,0.0,1,4,False,0
50667099-96e0-57d3-bce3-c5616f3182b7,Marial Shayok,Iowa St.,Sr,23.9,78.0,G,68.7009,25.521,0.5819,0.356,4.1404,12.1174,12.0992,16.8379,1.1557,1.9477,25.0156,0.8264,3.2673,0.8818,train,54.0,2019,,5,End of Bench,,,,-0.1,1,4,False,0
9d1245f3-6f93-52f0-a80a-0724f5395d6d,KZ Okpala,Stanford,So,20.2,81.0,W,76.1,26.6,0.5432,0.237,4.1,14.9,13.0,18.3,1.4,1.7,47.1,0.671,-0.0405,1.0232,train,32.0,2019,-1.6035,5,End of Bench,-7.1,-1.8,12.08,1.0,4,98,False,1
f6490f05-4fb5-5636-aaec-e2fa5adc1722,Eric Mika,BYU,So,22.5,82.0,C,68.0734,28.555,0.5826,0.0014,11.7294,19.0249,11.1249,14.4706,5.5126,0.9706,66.8706,0.7189,2.4403,2.0515,train,,2017,,5,End of Bench,,,,0.1,1,1,False,0
db6186be-22a7-5e1f-9ae8-053bd4e2ce6d,Matt Mooney,Texas Tech,Sr,22.4,75.0,G,76.5331,25.1235,0.5422,0.3829,1.4889,11.3768,19.2842,18.5455,0.4273,3.5186,25.6499,0.785,2.3552,2.5969,train,,2019,,5,End of Bench,,,,0.0,2,5,False,0
873743ab-a801-5159-bc7c-4289a7c93ed9,Stanton Kidd,Colorado St.,Sr,23.3,79.0,W,77.7363,21.1121,0.5685,0.2399,9.0943,12.5714,11.0108,15.4005,2.741,1.6765,29.7428,0.7258,2.4559,1.4985,train,,2015,,5,End of Bench,,,,-0.1,1,4,False,0
230f0980-bcb9-5d52-83fa-fc1cb378d602,Tariq Owens,Texas Tech,Sr,24.0,82.0,C,64.4129,15.5153,0.6108,0.1413,9.055,16.3837,4.7446,15.6182,11.7392,1.1672,34.9468,0.7426,1.2847,7.7893,train,,2019,,5,End of Bench,,,,0.0,1,3,False,0
3eeb47d4-a58f-5363-8140-fc2331048d42,Kyle Alexander,Tennessee,Sr,22.7,83.0,C,52.766,14.2369,0.63,0.0298,13.8457,17.7024,3.1514,17.2373,8.4255,1.1578,45.5495,0.6511,2.7597,5.0613,train,,2019,,5,End of Bench,,,,0.0,1,2,False,0
d135a6ef-6c2e-5d60-8541-a58bbca503c7,Isaiah Roby,Nebraska,Jr,21.4,80.0,F,69.5907,20.5525,0.5543,0.2525,7.0292,18.0063,12.5978,18.9206,6.6548,2.1514,44.1685,0.6968,1.419,5.1018,train,45.0,2019,-0.5088,5,End of Bench,-2.4333,-0.2,19.24,4.1,4,151,False,3
98cfd777-0b09-5f7f-8c93-5c3ef64dfdd2,Shamorie Ponds,St. John's,Jr,21.0,73.0,G,83.8625,28.2532,0.561,0.3848,3.3271,10.682,27.7487,12.1076,0.6738,3.8442,36.0442,0.8395,6.111,1.0061,train,,2019,,5,End of Bench,,,,0.1,1,4,False,0
bdab5c02-2460-5bdd-882d-254cb409d35e,Kyle Guy,Virginia,Jr,21.9,74.0,G,82.1711,21.9692,0.5839,0.5858,2.2128,11.2613,11.5928,11.5763,0.1711,1.5398,16.7889,0.8206,5.4845,1.365,train,55.0,2019,,5,End of Bench,,,,0.0,3,53,False,0
c3a557bd-e407-5166-bfe4-c3e14b6c4dea,Devontae Cacok,UNC Wilmington,Sr,22.7,79.0,F,69.6644,24.6708,0.6126,0.0034,15.5153,32.106,4.8382,16.3546,2.7807,1.9621,46.3279,0.5987,0.973,-0.4276,train,,2019,,5,End of Bench,,,,0.8,3,36,False,0
61875142-ad49-5ada-a03a-ed6698d66444,Jared Harper,Auburn,Jr,21.8,71.0,G,78.1131,24.1639,0.5564,0.5715,1.1569,7.7752,31.3395,16.6171,0.1829,2.0835,48.7048,0.8127,5.8681,-1.2463,train,,2019,,5,End of Bench,,,,0.3,3,16,False,0
2caca9fe-e04c-51bb-aeb5-f2ccb767a5fd,Max Strus,DePaul,Sr,23.2,78.0,G,89.773,23.4,0.5654,0.5766,3.8952,14.2389,12.6175,14.3798,1.6659,1.5976,28.4294,0.8292,4.4017,-0.2074,train,,2019,0.3798,4,Role Player,-0.1667,2.0,28.79,15.9,7,321,True,3
6600ece5-1bc2-5689-b6e0-a3b632093410,Malik Newman,Kansas,So,21.3,75.0,G,74.6471,20.3099,0.5809,0.5266,1.7386,13.7318,12.1293,14.5907,0.4419,1.5805,27.148,0.792,3.591,0.5757,train,,2018,,5,End of Bench,,,,0.0,2,2,False,0
83a2e4f0-9a38-587d-99a0-65e67d708d37,Marques Bolden,Duke,Jr,21.2,83.0,C,38.2787,13.4062,0.6145,0.0451,11.2851,14.0434,4.3114,16.336,8.0704,1.4951,55.8324,0.6929,2.4676,5.4243,train,,2019,,5,End of Bench,,,,0.3,3,18,False,0
1bdda85d-cfa0-5c85-be71-269e444f623f,Anthony Edwards,Georgia,Fr,18.9,77.0,G,81.3,28.8,0.5173,0.486,2.4,14.5,17.9,15.4,1.6,2.3,33.8,0.77,3.5419,0.4233,holdout,1.0,2020,2.0447,1,Franchise Star,4.0333,11.8,35.52,31.3,6,442,True,3
9a036186-bc78-5c0a-9b41-3a5bc41127c6,Isaac Okoro,Auburn,Fr,19.4,78.0,G,69.3,20.0,0.5851,0.287,6.4,8.8,13.1,17.6,3.1,1.7,54.9,0.672,3.4811,2.2666,holdout,5.0,2020,0.0384,4,Role Player,-0.6333,1.5,22.96,18.2,6,397,True,3
cb44c42d-386b-5b71-891f-3bb426eacbfc,Jae'Sean Tate,Ohio St.,Sr,22.7,76.0,G,72.4258,22.6657,0.5739,0.1152,6.4096,17.2328,15.5893,18.1056,1.9909,2.0987,38.8131,0.5742,2.5789,3.0358,train,,2018,-0.6193,5,End of Bench,-2.1667,-0.2,15.51,11.7,6,342,True,3
efc5302e-672f-5e49-8498-0d0a1ac1bac1,Patrick Williams,Florida St.,Fr,18.8,80.0,W,52.1,21.9,0.5511,0.24,6.8,13.9,8.4,20.2,5.6,2.6,35.6,0.838,0.9065,3.8048,holdout,4.0,2020,-0.0271,4,Role Player,-1.7,0.3,27.6,8.4,6,348,True,3
e9d59875-b6a4-5fce-875f-4f5d1252c195,Saddiq Bey,Villanova,So,21.2,80.0,W,80.9583,19.7055,0.5968,0.499,5.6472,11.5717,12.998,11.6189,1.1906,1.5208,23.0188,0.7313,5.1968,1.5397,holdout,19.0,2020,0.4407,4,Role Player,-0.3667,2.8,29.44,20.1,5,364,True,3
bf698d2d-31b3-59a0-bf98-9b7fbeabca2f,Tyrese Haliburton,Iowa St.,So,20.3,77.0,G,70.8374,16.964,0.6452,0.5752,3.844,11.7503,28.138,17.6331,2.3183,3.3623,17.2859,0.7703,7.232,2.9546,holdout,12.0,2020,2.5273,1,Franchise Star,6.6333,14.3,33.12,37.5,5,333,False,3
00d1a676-6ca5-517c-8035-b25c3593e781,Desmond Bane,TCU,Sr,22.0,78.0,G,85.7742,21.0301,0.5913,0.4421,4.1983,15.3881,20.4542,15.6651,1.4895,2.0983,17.1215,0.8068,5.0614,2.1441,holdout,30.0,2020,1.421,2,All-Star,3.1667,7.1,32.48,32.9,6,395,True,3
ef54642a-e817-52bc-ad3a-13e237ab5263,Jaden McDaniels,Washington,Fr,19.7,81.0,F,74.6,25.2,0.5152,0.378,4.4,15.7,14.4,23.4,4.4,1.4,33.9,0.763,-0.5612,2.7534,holdout,28.0,2020,0.3593,4,Role Player,-0.9667,2.1,30.99,23.1,6,439,True,3
407f2682-3991-5a2e-b472-3334ce5d5e6b,Isaiah Stewart,Washington,Fr,19.1,81.0,C,80.2,24.2,0.6292,0.059,10.6,19.4,6.3,16.1,7.0,0.9,59.1,0.774,2.5149,3.2078,holdout,16.0,2020,0.0785,4,Role Player,-0.5667,1.5,23.72,19.5,6,365,True,3
e4cbee2e-fb4b-5c09-9bab-10a069086fb3,Cole Anthony,North Carolina,Fr,20.1,75.0,G,57.2,29.0,0.5015,0.409,1.4,16.4,23.9,19.6,0.9,2.1,37.1,0.75,2.6166,0.605,holdout,15.0,2020,0.2902,4,Role Player,0.5,3.0,22.13,10.4,6,355,True,3
b0030bcd-8b3f-5601-8b6c-fbffd9306b7b,Payton Pritchard,Oregon,Sr,22.4,74.0,G,87.4114,24.8447,0.5792,0.4833,2.4259,11.0385,28.596,16.186,0.1516,2.6301,28.9283,0.8144,6.4335,0.5508,holdout,26.0,2020,1.1184,3,Quality Starter,2.2667,7.4,27.6,29.4,6,426,True,3
f05fafbd-4b2a-587c-97e6-82c1e435ccec,Immanuel Quickley,Kentucky,So,21.0,75.0,G,71.4641,20.5776,0.5827,0.4718,1.7169,11.5395,11.5873,14.2196,0.4324,1.5549,46.2212,0.9016,4.4634,0.6516,holdout,25.0,2020,0.9958,3,Quality Starter,1.9667,5.2,30.02,27.8,6,394,True,3
ca4e4123-08af-59ce-9282-6a8f8d72d8e4,Chuma Okeke,Auburn,So,20.9,80.0,F,64.7812,19.6344,0.5877,0.4193,10.7469,17.3875,11.7562,15.3625,5.05,3.1375,26.9687,0.7082,5.8559,5.0843,train,16.0,2019,-0.0255,4,Role Player,-1.0667,1.0,23.94,5.1,5,198,False,3
8ba44148-fa80-5d82-86c3-f7587931dc0f,Xavier Tillman,Michigan St.,Jr,21.5,80.0,F,72.1525,20.9351,0.6112,0.1452,10.9268,22.6429,16.3639,16.9851,7.0457,2.1329,44.7832,0.6833,5.0076,7.6237,holdout,35.0,2020,0.0701,4,Role Player,0.8,2.2,17.14,10.3,6,290,True,3
cd04f1eb-acc1-548c-8bf8-65a2a705c547,Devin Vassell,Florida St.,So,19.8,79.0,G,62.3793,18.9291,0.5816,0.3843,5.069,14.9344,11.331,8.4201,3.9981,2.8291,22.3037,0.7294,5.2947,3.7256,holdout,11.0,2020,0.4997,3,Quality Starter,-0.0333,2.5,30.3,16.7,6,370,True,3
30e31c00-c302-58ec-9c6a-f9085be470df,Tyrese Maxey,Kentucky,Fr,19.6,75.0,G,85.4,22.1,0.5306,0.322,1.4,12.1,18.3,16.6,1.3,1.5,34.2,0.833,2.7915,1.3184,holdout,21.0,2020,1.936,1,Franchise Star,3.5,10.3,37.74,35.2,6,388,True,3
7e241264-d99c-5ab3-84c2-a78249cf2d42,Malachi Flynn,San Diego St.,Jr,22.1,73.0,G,83.9268,25.3129,0.5657,0.5285,2.1595,11.6973,27.2162,13.755,0.3014,2.7201,29.3921,0.8345,5.9478,0.7433,holdout,29.0,2020,-0.8042,5,End of Bench,-2.6,-0.3,12.67,2.8,5,217,False,3
a1c3c504-7291-59b3-a461-1c6307d50de7,Kira Lewis Jr.,Alabama,So,19.2,75.0,G,88.4077,23.8935,0.556,0.3641,2.0312,9.7441,25.1012,19.3727,1.3208,2.2013,29.8766,0.7963,3.3539,0.9138,holdout,13.0,2020,-0.8687,5,End of Bench,-3.7,-0.75,15.96,1.4,4,131,False,2
c48477fb-bf35-5916-8b9e-8e2a717d055d,James Wiseman,Memphis,Fr,19.2,85.0,C,5.5,26.8,0.7598,0.038,21.8,26.5,4.4,8.8,13.6,0.8,103.8,0.704,8.5256,5.2838,holdout,2.0,2020,-0.7766,5,End of Bench,-3.5,-1.05,18.13,4.2,5,152,True,2
0bd8fbcf-2f49-592b-9e0a-f3088dfdded2,Saben Lee,Vanderbilt,Jr,21.0,74.0,G,79.515,26.9444,0.5705,0.282,1.9855,10.6354,29.352,19.4306,0.747,2.4366,55.757,0.7263,3.0717,-0.1523,holdout,38.0,2020,-0.4568,5,End of Bench,-1.4,0.2,15.98,3.5,4,134,False,3
1577f055-cc8b-5b50-9572-ee2ce2d45756,Precious Achiuwa,Memphis,Fr,20.8,81.0,F,75.3,27.2,0.534,0.108,11.4,24.7,7.5,18.6,6.4,2.0,50.7,0.599,-0.8506,4.7859,holdout,20.0,2020,-0.2237,5,End of Bench,-1.6333,0.4,22.25,14.6,6,393,True,3
4768da1b-159f-54ef-83ec-b0b64b8bddde,Naji Marshall,Xavier,Jr,22.4,79.0,G,81.3177,25.5003,0.5273,0.3641,3.6596,17.1134,21.3277,20.8126,1.1305,1.9412,34.2862,0.7177,2.0248,2.2612,holdout,,2020,0.1604,4,Role Player,-0.7,1.8,25.65,14.6,6,373,True,3
3d25d01e-c8d4-52a1-b20c-8034be84b717,Obi Toppin,Dayton,So,22.3,81.0,W,74.4768,25.5204,0.6863,0.17,5.9387,20.5521,14.825,16.1978,3.9818,1.7114,34.1542,0.7053,5.4273,3.7665,holdout,8.0,2020,0.4648,4,Role Player,2.0667,3.4,19.99,17.7,6,386,True,3
77f9fa89-454c-5a2e-9ed8-9005f71cade0,Aaron Nesmith,Vanderbilt,So,20.7,78.0,G,54.898,21.8203,0.6136,0.5803,3.3194,15.5387,8.7797,13.7207,2.359,1.8662,29.1577,0.825,3.7139,0.5549,holdout,14.0,2020,0.0006,4,Role Player,-1.3333,0.8,25.96,11.2,6,333,True,3
4bb0c68b-3bbc-5510-954a-ebecfaf7deea,Onyeka Okongwu,USC,Fr,19.5,81.0,C,68.4,23.4,0.646,0.014,12.4,18.4,8.4,15.9,9.8,2.3,50.2,0.72,4.1197,7.3069,holdout,6.0,2020,0.4724,3,Quality Starter,0.5667,3.5,25.44,30.9,6,381,True,3
40ab3e0b-2871-5472-8389-d16f2db0d177,Armoni Brooks,Houston,Jr,21.1,75.0,G,67.623,18.4591,0.564,0.7331,4.0908,17.3009,5.3347,8.7386,1.3554,1.6931,10.6339,0.6833,4.4345,1.8388,train,,2019,-0.7599,5,End of Bench,-3.55,-0.9,18.43,0.5,3,84,False,2
8f774c6d-d4cf-5551-85b7-1e9ca27a9a8c,Dylan Windler,Belmont,Sr,22.8,80.0,F,82.7703,22.339,0.6695,0.4915,6.6604,24.8111,13.2174,14.9998,2.2551,2.0871,32.7931,0.7908,5.4011,2.5536,train,26.0,2019,-0.6759,5,End of Bench,-1.7,0.0,12.0,1.6,4,101,False,2
0761e2f9-8dbd-5fc0-83ea-0ac221276f57,Lamar Stevens,Penn St.,Sr,23.0,80.0,W,81.6904,29.1365,0.5036,0.1872,4.5977,18.7289,13.8644,14.9791,3.3206,1.5865,39.4957,0.7339,0.897,2.5012,holdout,,2020,-0.6625,5,End of Bench,-2.6333,-0.4,16.53,4.9,5,220,False,3
604e20bb-4fe5-5c7e-b65d-7f89da331ccc,Josh Green,Arizona,Fr,19.6,78.0,G,71.7,20.5,0.5269,0.289,4.8,11.9,16.0,14.7,1.6,2.8,38.0,0.78,2.9555,3.7721,holdout,18.0,2020,-0.3323,5,End of Bench,-2.0333,-0.2,22.19,11.1,6,349,True,3
dca80abb-b9ac-596b-90af-433065047e65,Anthony Lamb,Vermont,Sr,22.4,78.0,F,73.7958,31.0581,0.5545,0.3575,5.9304,21.1574,17.4308,14.6744,5.6686,1.8913,37.1324,0.7929,2.6918,3.4,holdout,,2020,-0.2254,5,End of Bench,-1.1,0.9,19.27,2.6,3,88,False,1
7264eadd-683b-5291-8a04-146de926019a,Zeke Nnaji,Arizona,Fr,19.5,83.0,F,75.8,24.1,0.6296,0.054,11.5,20.4,5.8,16.9,3.3,1.3,63.7,0.76,2.7354,2.702,holdout,22.0,2020,-0.7652,5,End of Bench,-2.5333,-0.3,13.4,7.6,6,303,True,3
fd310661-8738-51fc-b216-6b45e0de71c3,Freddie Gillespie,Baylor,Sr,23.0,81.0,C,63.7014,16.4848,0.594,0.0,15.6266,19.2334,3.3791,13.4553,8.5243,2.2605,43.7854,0.6658,3.6687,6.1752,holdout,,2020,,5,End of Bench,-3.2,-0.3,19.6,1.0,2,29,False,1
88d9de99-20f0-5d16-80d6-69832a994124,Isaiah Joe,Arkansas,So,21.0,77.0,G,73.0222,21.6363,0.5611,0.7637,1.9049,10.3387,10.5123,11.7342,0.7317,2.4049,24.4803,0.8442,4.5509,0.0044,holdout,49.0,2020,0.4655,4,Role Player,1.5667,4.1,20.43,18.9,6,392,True,3
640c31a9-0cc9-5cf9-9542-8f6bf4ff1c48,Nico Mannion,Arizona,Fr,19.3,75.0,G,80.2,24.8,0.5207,0.44,0.9,7.8,31.5,18.2,0.0,2.1,36.1,0.797,3.3024,0.3026,holdout,48.0,2020,,5,End of Bench,-3.9,-0.6,12.13,0.2,1,30,False,1
38a79135-5dcf-571e-ada3-aa5391a96a29,Mason Jones,Arkansas,Jr,21.9,77.0,G,78.1445,28.6162,0.6011,0.5088,2.2757,15.2121,21.477,16.2959,0.5622,2.3892,59.2161,0.8192,5.6655,0.5591,holdout,,2020,-0.9081,5,End of Bench,-2.7,-0.3,10.44,0.6,4,51,False,1
a9ca7fe3-3674-5b45-81d5-b33bbffd5bb4,Trent Forrest,Florida St.,Sr,22.0,76.0,G,72.5608,21.2028,0.5414,0.1597,4.1702,13.1437,23.8239,22.5101,1.8021,3.5485,46.7611,0.7903,2.2795,3.9607,holdout,,2020,-0.784,5,End of Bench,-2.4667,0.1,11.89,2.1,4,151,False,3
53e0fc36-b705-529c-9a23-901a146f98a3,Nathan Knight,William & Mary,Sr,22.8,82.0,F,73.3249,33.0854,0.6165,0.1683,10.4721,26.0979,18.5919,15.3282,6.1251,1.182,53.5164,0.7563,3.7643,1.7244,holdout,,2020,-0.9707,5,End of Bench,-2.5,-0.1,7.75,2.1,3,108,False,3
5977bb77-e9ae-529d-9e8b-82d2bec1941b,Jordan Nwora,Louisville,Jr,21.8,79.0,W,78.4131,25.8501,0.5699,0.4505,5.4388,20.1518,8.5876,15.2713,0.9927,1.4958,30.273,0.7962,3.9664,1.9207,holdout,45.0,2020,-0.6149,5,End of Bench,-2.4333,-0.5,17.19,3.0,4,206,False,3
11e1d500-1ccb-5c48-b100-54abb5a24012,Skylar Mays,LSU,Sr,22.8,76.0,G,81.816,20.3154,0.5983,0.4193,1.6449,12.297,15.8719,15.9645,0.7331,2.9889,42.4417,0.8515,5.28,0.9527,holdout,50.0,2020,-0.2335,5,End of Bench,1.9,0.9,8.15,2.2,4,105,False,1
2fbb82b8-8148-5a50-9663-88f8380a008d,Tre Jones,Duke,So,20.5,75.0,G,81.3022,21.7214,0.511,0.2956,2.3316,10.0059,28.9185,16.1052,0.7677,2.8662,30.909,0.7667,4.3421,1.885,holdout,41.0,2020,0.4853,3,Quality Starter,0.8,3.2,25.51,20.2,6,362,True,3
3c68a261-bfb3-5729-b66f-897e00967271,Sam Merrill,Utah St.,Sr,24.1,77.0,G,86.1565,23.5577,0.6226,0.5016,0.813,11.4366,23.2285,11.9205,0.5666,1.5859,36.8171,0.8889,6.2406,0.0447,holdout,60.0,2020,0.1482,4,Role Player,0.3,2.2,20.91,10.5,6,225,True,3
85039030-bca9-52cf-ab7c-2885f3ec8cb7,Anthony Gill,Virginia,Sr,23.7,80.0,F,65.4492,23.8775,0.6123,0.014,11.5583,17.2555,6.576,12.4294,2.5482,1.6493,58.9384,0.7096,4.3186,2.7649,train,,2016,-0.994,5,End of Bench,-3.1,-0.5,10.15,5.9,6,285,True,3
f4db97fd-6217-55a1-91a3-5538547c6ae9,Reggie Perry,Mississippi St.,So,20.3,82.0,F,72.6179,26.7009,0.582,0.1863,12.6486,24.4095,12.9789,18.52,3.879,1.5448,52.0057,0.7536,4.1875,1.7316,holdout,57.0,2020,,5,End of Bench,,,,0.4,2,36,False,0
2d9ba48c-ab4f-5374-be7e-d772eb0a07cb,Markus Howard,Marquette,Sr,21.3,71.0,G,78.4153,35.3748,0.5985,0.5197,1.7209,9.9971,25.214,16.468,0.1221,1.7054,40.0154,0.8729,7.4344,-1.5962,holdout,,2020,,5,End of Bench,,,,0.0,2,68,False,0
6e9f80d4-5390-5417-963e-084de5d1b39b,CJ Elleby,Washington St.,So,20.0,78.0,W,81.0891,27.7094,0.5226,0.4043,4.4989,22.1469,15.5603,15.3239,2.3412,2.5823,30.2625,0.7734,2.0188,2.0197,holdout,46.0,2020,-1.1103,5,End of Bench,-5.3,-3.0,20.24,0.5,2,88,False,1
6a32545c-d89c-5acd-aea9-602f8405b053,Killian Tillie,Gonzaga,Sr,22.3,82.0,F,44.5138,20.7195,0.6354,0.3729,6.4288,17.0947,12.5585,12.442,3.5997,2.1739,26.5662,0.7289,5.9886,3.4201,holdout,,2020,-0.8132,5,End of Bench,-2.7,-0.3,12.81,0.8,2,54,False,1
c7a48ca2-bbf2-50c7-8615-8d342651650a,Paul Reed,DePaul,Jr,21.0,81.0,F,68.0028,22.581,0.5774,0.1387,11.346,25.283,9.6079,16.7765,8.4357,2.9883,25.226,0.7514,2.4784,5.9433,holdout,58.0,2020,0.36,4,Role Player,2.8667,3.0,15.26,15.9,6,325,True,3
f5ba2d40-c796-53a2-a2f9-95b0a2e4e8d7,Jalen Harris,Nevada,Jr,21.9,77.0,G,69.9892,30.5784,0.559,0.3634,2.7424,16.3677,24.4624,13.9468,0.6656,1.9207,33.3584,0.8274,4.5867,-0.1318,holdout,59.0,2020,,5,End of Bench,,,,0.3,1,13,False,0
e9efe87b-321a-5577-8c9c-2d24b0352160,Daniel Oturu,Minnesota,So,20.8,82.0,F,77.4205,26.8982,0.6009,0.0934,11.949,22.8667,7.0138,17.1942,6.7432,1.0255,42.5196,0.6841,2.6601,3.5902,holdout,33.0,2020,,5,End of Bench,,,,0.4,2,33,False,0
80006a06-e0ca-585f-8ca3-15b5cb335f56,Sean McDermott,Butler,Sr,23.6,78.0,W,74.3973,14.9934,0.6333,0.6858,4.2871,16.7158,5.4542,9.6968,1.2676,1.2464,22.755,0.8438,4.9011,1.5721,holdout,,2020,,5,End of Bench,,,,0.2,1,18,False,0
6fb975d1-2a56-589e-9ca0-c9b9b436ab51,Jalen Smith,Maryland,So,20.3,82.0,F,74.2003,22.5707,0.6042,0.2679,11.7932,22.7611,6.3932,13.7429,7.3617,1.212,45.1423,0.723,4.126,4.5215,holdout,10.0,2020,0.0999,4,Role Player,0.8667,2.3,17.44,14.7,6,324,True,3
c14001e1-d010-50d7-b89c-ed9ee03fe1bb,Mamadi Diakite,Virginia,Sr,23.4,81.0,F,70.0362,22.6603,0.5639,0.1394,7.1324,17.837,4.2399,16.616,6.5135,1.5663,34.6169,0.7371,-0.1998,4.8508,holdout,,2020,,5,End of Bench,,,,0.9,4,55,False,0
704ce079-2e31-582f-b7ab-24d90c96c42f,Dakota Mathias,Purdue,Sr,23.0,76.0,G,74.2456,16.4758,0.6244,0.6523,0.7857,13.0391,21.1964,15.9928,0.627,1.9236,16.8787,0.8221,5.6437,2.1102,train,,2018,,5,End of Bench,,,,0.2,2,14,False,0
ef68c7a6-ebc7-5287-acc1-7403dd6b347b,Vernon Carey Jr.,Duke,Fr,19.3,82.0,F,61.1,30.3,0.6153,0.061,12.0,26.2,8.3,14.7,5.8,1.6,63.2,0.67,3.8862,2.7854,holdout,32.0,2020,,5,End of Bench,,,,0.3,3,37,False,0
48e0e160-cc59-533d-a718-ad1eb62f56a6,Robert Franks,Washington St.,Sr,22.5,81.0,F,71.2237,26.8387,0.6082,0.4488,5.267,18.1833,15.0196,17.7717,2.7011,0.9738,31.1252,0.8392,2.903,-0.665,train,,2019,,5,End of Bench,,,,0.3,1,7,False,0
f6ce2a09-76e0-5c0a-a7ea-5f899f869ee3,Cassius Winston,Michigan St.,Sr,22.3,73.0,G,77.8804,28.214,0.5966,0.4208,0.9105,7.9067,40.0862,19.6113,0.1965,1.9286,34.0142,0.8514,6.536,-0.1166,holdout,53.0,2020,,5,End of Bench,,,,0.1,2,29,False,0
c4364e70-4bc2-50d1-91c8-986726926f90,Jahmi'us Ramsey,Texas Tech,Fr,19.0,76.0,G,66.8,24.7,0.5442,0.42,3.0,12.3,16.1,15.2,2.5,2.5,23.2,0.641,3.0011,2.2579,holdout,43.0,2020,,5,End of Bench,,,,0.0,3,39,False,0
4815c177-15af-51a4-9f1d-d644bba17f06,Cassius Stanley,Duke,Fr,20.9,78.0,W,63.1,21.3,0.569,0.319,7.6,11.7,6.6,17.4,2.4,1.4,38.9,0.733,2.9324,1.1986,holdout,54.0,2020,,5,End of Bench,,,,0.0,2,33,False,0
5036dce2-1e25-5ccf-90fd-7b4c8e7af67f,Nate Hinton,Houston,So,21.0,77.0,W,68.6471,18.5398,0.5383,0.4378,8.8748,21.0049,12.369,13.6427,0.6515,2.8971,33.9175,0.7805,4.9032,3.5885,holdout,,2020,,5,End of Bench,,,,0.2,3,38,False,0
4ec5d1ff-7749-58e1-a9dd-5ba740125fa7,Cameron Oliver,Nevada,So,21.0,80.0,F,77.5632,23.6616,0.5583,0.3209,6.9668,23.3883,10.0948,17.2317,8.4583,1.405,30.9818,0.6831,0.5683,4.6968,train,,2017,,5,End of Bench,,,,0.4,2,6,False,0
1a40fca7-fbc3-508e-aa72-7c093b02919b,Keljin Blevins,Montana St.,Sr,23.6,78.0,W,63.8049,23.0411,0.4664,0.2328,6.1883,17.3361,9.5376,18.8409,1.3518,1.3447,36.9362,0.6436,-3.7872,-2.2126,train,,2019,,5,End of Bench,-8.5,-1.8,11.26,-0.7,2,48,False,1
754c2d55-43b9-5523-8224-aad55bbe6d64,Devin Cannady,Princeton,Sr,23.1,74.0,G,71.6159,22.2327,0.5897,0.6015,1.7313,15.4697,10.4822,11.7284,0.5478,2.002,26.873,0.8859,3.1734,0.343,train,,2019,,5,End of Bench,,,,0.2,2,13,False,0
c86b998c-6011-5bbf-b623-64ad30bc0836,Tyler Bey,Colorado,Jr,22.4,79.0,W,66.2345,23.9252,0.5994,0.0948,8.8595,28.3285,9.0978,19.1477,4.332,2.591,59.8023,0.748,0.9365,4.7641,holdout,36.0,2020,,5,End of Bench,,,,0.0,1,18,False,0
7d9652f1-798f-5965-b940-ffe31297e8bc,Elijah Hughes,Syracuse,Jr,22.3,78.0,G,84.6697,23.8324,0.5564,0.5362,1.6626,12.8383,16.8227,14.7069,3.0243,1.9298,33.5946,0.7838,4.1152,1.123,holdout,39.0,2020,-1.5512,5,End of Bench,-6.9,-1.5,12.06,-0.4,2,54,False,1
2b3417cd-9686-5ef2-b22c-7f5c3fb5fe1f,Nick Richards,Kentucky,Jr,22.6,83.0,C,63.3621,19.4927,0.6653,0.0,12.169,18.4752,2.0057,16.1487,8.519,0.2553,62.2093,0.7393,2.781,3.1541,holdout,42.0,2020,-0.4839,5,End of Bench,-2.1333,0.0,18.37,13.9,6,305,True,3
2c28aab3-a3ea-50f2-ac07-59d3e3ca9020,Udoka Azubuike,Kansas,Sr,20.8,84.0,C,62.6851,23.6127,0.6824,0.0,14.5392,25.5849,7.057,21.0039,10.2585,1.0558,56.772,0.4298,3.7351,6.8236,holdout,27.0,2020,-0.5729,5,End of Bench,-0.6,0.3,9.97,1.9,4,84,False,1
5001ba08-4196-5415-ae17-7ad60d1541c2,Tyrell Terry,Stanford,Fr,19.7,73.0,G,78.2,24.3,0.5892,0.456,1.4,14.4,20.3,19.4,0.2,2.5,33.0,0.891,2.9822,2.1924,holdout,31.0,2020,,5,End of Bench,,,,-0.1,2,13,False,0
2f2351d4-ea94-5020-813e-3d71be6b0ddc,Jontay Porter,Missouri,Fr,18.6,83.0,F,60.8,23.0,0.5706,0.476,7.3,23.1,20.1,20.5,7.1,2.0,43.2,0.758,2.8953,6.678,train,,2018,,5,End of Bench,1.7,0.9,13.85,0.7,2,37,False,1
84b6a759-1b62-5ea0-816e-b066a5bca335,Devon Dotson,Kansas,So,20.9,74.0,G,82.9096,24.2031,0.5791,0.3048,1.9968,10.3064,22.1386,17.1582,0.3645,3.2129,45.8969,0.8132,5.2935,2.6405,holdout,,2020,,5,End of Bench,,,,0.3,3,28,False,0
2a7c164f-b885-5320-83d9-9284d22b8f24,Ty-Shon Alexander,Creighton,Jr,21.9,76.0,G,81.7241,22.2261,0.5718,0.5712,1.22,13.8023,13.5285,12.4787,0.8498,2.0684,32.229,0.8314,4.723,1.1411,holdout,,2020,,5,End of Bench,,,,0.0,1,15,False,0
9c621adc-b0b2-5181-b53c-dbfb41018714,Robert Woodard II,Mississippi St.,So,20.8,79.0,W,74.3694,17.591,0.5548,0.2606,8.4717,15.5688,7.5791,17.5459,3.3582,1.9582,29.1733,0.6283,3.0409,1.8318,holdout,40.0,2020,,5,End of Bench,,,,-0.1,2,25,False,0
a8289737-ba3d-5ab7-8e5f-5c12581a3806,Elijah Bryant,BYU,Jr,23.2,77.0,G,75.5517,25.034,0.613,0.4727,2.4181,18.0201,15.812,16.8478,1.7189,2.1743,44.131,0.8283,2.682,1.4312,train,,2018,,5,End of Bench,,,,0.0,1,1,False,0
93b46472-5167-5441-983b-0d1ca9568d0d,Amida Brimah,Connecticut,Sr,23.4,84.0,C,57.0862,16.3727,0.6241,0.0,9.9526,15.4835,1.9383,19.3198,13.2283,0.5306,63.0914,0.6582,-0.9675,6.3686,train,,2017,,5,End of Bench,,,,0.0,1,5,False,0
3cb8a38a-4e91-59a5-8b10-b9b193f3609d,Grant Riller,Charleston,Sr,23.4,75.0,G,83.893,31.1854,0.614,0.2991,1.9089,12.4587,26.0106,15.0885,0.8162,2.562,41.744,0.8032,5.0779,-0.2494,holdout,56.0,2020,,5,End of Bench,,,,0.1,1,7,False,0
d2e76f59-e9c4-53d5-b9b9-b61c020a85e9,Nate Darling,Delaware,Jr,21.8,77.0,G,85.8347,23.9121,0.6093,0.5706,1.4875,10.0735,15.5719,17.9529,0.7724,1.0922,27.66,0.8412,3.1145,-2.2875,holdout,,2020,,5,End of Bench,,,,0.0,1,7,False,0
193fabff-0ac7-5fb1-afda-7a061c97bb04,Greg Whittington,Georgetown,So,20.4,80.0,W,41.152,18.068,0.5163,0.4293,5.4227,15.584,11.116,20.0493,3.024,2.1933,27.404,0.6167,1.1303,4.1298,train,,2013,,5,End of Bench,,,,-0.1,1,4,False,0
265b6799-24ec-5a12-8cd6-0d19d2db584a,Malik Fitts,Saint Mary's,Jr,23.0,80.0,W,79.1061,23.8041,0.5756,0.3876,4.7173,22.384,7.1963,14.1853,1.0571,2.3014,34.188,0.7648,2.694,1.0649,holdout,,2020,,5,End of Bench,,,,0.1,2,18,False,0
e0180d94-4935-52ed-bbfc-543ade273eee,Ashton Hagans,Kentucky,So,21.0,75.0,G,76.7914,22.5071,0.5288,0.2352,1.454,10.5688,33.276,26.1465,0.6077,3.3692,50.3374,0.7949,2.3394,2.4992,holdout,,2020,,5,End of Bench,-3.5,-0.3,16.63,0.0,2,21,False,1
14d8e2d2-cf76-57dc-afc1-68bdc5880951,Will Magnay,Tulsa,Fr,19.0,82.0,C,34.9,16.4,0.5834,0.012,8.9,15.9,3.6,26.3,7.5,0.3,59.0,0.571,-2.7765,3.1372,train,,2017,,5,End of Bench,,,,0.0,1,1,False,0
c9c73615-8447-517d-a6f2-c4780d076ca5,Scottie Barnes,Florida St.,Fr,19.9,81.0,G,58.9,25.3,0.5478,0.205,7.4,11.0,31.6,22.4,2.1,3.4,33.8,0.621,4.9449,3.3263,holdout,4.0,2021,1.7005,2,All-Star,3.4333,9.5,33.7,27.2,5,356,True,3
c603ef7e-1e50-5165-b9aa-d974cbb0132a,Franz Wagner,Michigan,So,19.8,81.0,W,75.0473,19.1636,0.5804,0.4322,3.0477,18.7726,14.0019,13.2387,2.7863,2.3295,27.7997,0.8344,4.5931,5.1115,holdout,8.0,2021,1.1747,3,Quality Starter,2.2667,5.7,32.4,24.2,5,325,True,3
2c6ebadf-c642-58bb-a59d-fbbde8250347,Herbert Jones,Alabama,Sr,22.7,80.0,W,62.5199,21.8987,0.5159,0.1609,8.3928,15.1617,19.1087,22.831,3.4821,3.0888,51.2677,0.656,1.5501,5.1857,holdout,35.0,2021,0.548,3,Quality Starter,-0.0667,3.3,30.03,16.2,5,296,True,3
b6b63ca1-ecab-527d-9b1d-7fc4085f7b19,Evan Mobley,USC,Fr,20.0,84.0,C,83.6,23.4,0.624,0.117,9.7,18.8,14.1,16.6,8.7,1.4,56.6,0.694,5.5314,7.4654,holdout,3.0,2021,1.4918,2,All-Star,3.5,8.1,31.04,34.7,5,334,True,3
ea95010d-9054-54af-919b-7c6babaedd86,Ayo Dosunmu,Illinois,Jr,21.4,77.0,G,78.8586,27.4867,0.5539,0.2314,3.1184,14.4735,25.8912,17.9667,0.6407,1.7199,29.3884,0.7651,4.2081,2.4666,holdout,38.0,2021,0.3497,4,Role Player,-0.4667,2.2,28.73,17.4,5,348,True,3
20ed38a5-b896-55ff-ac86-01addbc78bb3,Cade Cunningham,Oklahoma St.,Fr,19.7,80.0,W,78.0,28.6,0.5746,0.387,2.3,16.2,20.2,22.0,2.3,2.5,38.9,0.846,3.2109,3.0809,holdout,1.0,2021,1.7291,2,All-Star,3.5,9.5,34.17,15.0,5,272,True,3
de4e9a6a-1b1b-5ff9-87b6-4034b9d6d011,Davion Mitchell,Baylor,Jr,22.8,74.0,G,77.6856,20.1776,0.5767,0.4448,1.5164,8.0582,25.6604,21.0928,1.2107,3.0478,25.0258,0.6571,4.9446,2.0512,holdout,9.0,2021,-0.3011,5,End of Bench,-2.3,-0.1,23.74,10.2,5,371,True,3
2790267b-dcda-57de-97c4-40fa8818b0dc,Corey Kispert,Gonzaga,Sr,22.3,79.0,G,77.092,18.6799,0.6447,0.5508,3.8494,12.4784,8.7885,11.8807,1.3509,1.4607,23.4747,0.8496,6.7173,1.6226,holdout,15.0,2021,-0.1617,4,Role Player,-1.9667,0.0,25.81,11.1,5,350,True,3
2e4d27a2-3e54-51fb-9b07-7bb412c73f8b,Chris Duarte,Oregon,Sr,24.0,78.0,G,75.2944,22.559,0.6195,0.473,3.803,14.531,13.5725,16.3495,2.5935,3.3295,26.0525,0.8056,5.8031,2.5919,holdout,13.0,2021,-0.686,5,End of Bench,-3.4,-0.9,19.73,1.9,4,177,False,3
ada1d1bc-34ec-5fc5-9241-0140571be75b,Austin Reaves,Oklahoma,Sr,23.1,77.0,G,76.2664,26.0969,0.567,0.4096,2.5527,14.672,23.1493,17.4578,1.0194,1.5489,48.7066,0.8534,4.1484,0.9747,holdout,,2021,1.1918,3,Quality Starter,1.7,6.3,33.69,27.4,5,331,True,3
62f46ffa-c9ee-5e0e-a424-48f1c2485e77,Tre Mann,Florida,So,20.4,77.0,G,68.7309,24.6093,0.5511,0.4101,2.4519,15.7882,19.1685,19.4942,0.5577,2.3154,28.034,0.7938,3.0861,1.2537,holdout,18.0,2021,-0.4861,5,End of Bench,-2.5333,-0.4,20.57,1.9,5,234,True,3
a7513ad5-3a57-56a2-99dd-8985c99ca249,Ziaire Williams,Stanford,Fr,19.8,80.0,W,50.7,25.8,0.4729,0.389,2.4,16.4,16.4,23.2,2.2,1.7,24.1,0.796,-1.8936,2.0541,holdout,10.0,2021,-0.4601,5,End of Bench,-2.8333,-0.6,22.71,6.2,5,269,True,3
b4527ad5-a2e5-5f4f-908d-95f43a58cfce,Josh Christopher,Arizona St.,Fr,19.5,77.0,G,44.2,24.3,0.5294,0.335,2.4,16.2,9.8,13.2,1.9,2.7,31.3,0.8,1.3399,1.1941,holdout,24.0,2021,-0.9818,5,End of Bench,-3.9,-1.5,15.36,0.2,3,152,False,2
639a4e15-d8a1-5663-a2f3-ee42f35624ee,Nah'Shon Hyland,VCU,So,20.8,75.0,G,67.5971,26.704,0.5907,0.568,0.8851,14.4298,16.1369,18.2409,0.9111,3.0667,26.4749,0.8115,3.4193,1.4075,holdout,26.0,2021,-0.3683,5,End of Bench,-1.6,0.6,18.12,7.4,5,257,True,3
c80ed0e9-33dc-5b2e-b31b-347bfbd6ee6d,Jalen Suggs,Gonzaga,Fr,20.1,76.0,G,67.5,25.3,0.5939,0.339,2.7,18.0,23.7,21.5,1.1,3.5,37.1,0.754,4.8499,4.4713,holdout,5.0,2021,0.6958,3,Quality Starter,1.3,3.9,27.55,8.3,5,268,True,3
fd3fc0f4-b354-58d4-8e91-b0cb0a80caf4,Aaron Wiggins,Maryland,Jr,22.5,78.0,G,77.4533,22.9154,0.527,0.4796,4.5502,14.8631,14.2441,14.6576,1.7612,1.9821,19.2966,0.7646,3.3111,2.0817,holdout,55.0,2021,0.145,4,Role Player,0.3,2.6,20.03,15.0,5,339,True,3
e3d43aac-01af-5614-9e6b-1040169c7f26,Cameron Thomas,LSU,Fr,19.7,76.0,G,84.6,29.2,0.5525,0.418,2.0,8.2,8.3,9.4,0.7,1.4,44.0,0.882,5.4295,-2.6725,holdout,27.0,2021,0.0016,4,Role Player,-1.2,0.7,25.7,5.1,5,257,True,3
d2f196d9-41bc-5714-a05e-39cd89d215e0,Jeremiah Robinson-Earl,Villanova,So,20.6,81.0,F,84.3534,22.7177,0.5565,0.2611,8.7607,21.8429,12.7606,14.5004,2.1071,1.7964,30.7898,0.7461,3.5337,3.136,holdout,32.0,2021,-0.5121,5,End of Bench,-1.9667,0.0,17.06,5.9,5,219,True,3
cf7c02b6-f0c0-5648-a743-1f3024889020,Kessler Edwards,Pepperdine,Jr,20.9,80.0,F,81.609,20.5757,0.5976,0.3979,5.5417,18.1877,7.2898,13.5073,4.4101,1.5597,31.8257,0.8264,2.7653,1.9043,holdout,44.0,2021,-0.8566,5,End of Bench,-2.2667,-0.1,9.75,2.7,4,178,False,3
8db96174-f300-5213-a689-22628da5da7a,Duane Washington Jr.,Ohio St.,Jr,21.3,75.0,G,70.5186,25.0593,0.541,0.557,0.8271,11.5427,16.9262,14.9595,0.1383,0.8655,21.2169,0.8175,4.2309,-0.8981,holdout,,2021,-1.0158,5,End of Bench,-4.65,-1.5,17.24,-0.5,2,79,False,2
1633d084-a023-56c2-90d7-235afd06050a,Joshua Primo,Alabama,Fr,18.5,78.0,G,50.9,16.9,0.5651,0.579,4.7,10.5,6.5,19.3,1.3,1.3,22.6,0.75,1.8097,1.6816,holdout,12.0,2021,-1.0323,5,End of Bench,-5.0,-2.1,19.3,-0.2,3,56,False,1
29d44d5e-e521-53c8-89cd-774c1cbb99d5,Trendon Watford,LSU,So,20.6,81.0,W,81.5322,24.3241,0.5401,0.1764,6.1319,16.832,13.7762,18.0519,2.16,1.736,42.3241,0.6584,2.917,1.2702,holdout,,2021,-0.3903,5,End of Bench,-1.3333,0.5,16.8,7.9,5,270,True,3
2d70c87c-93a9-54db-9486-a79f460a0b43,Trey Murphy III,Virginia,Jr,21.0,81.0,W,69.7809,18.0096,0.6418,0.6605,3.2867,12.5977,8.1887,10.9696,1.7899,1.7249,23.5038,0.8786,4.8263,0.5842,holdout,17.0,2021,1.1709,3,Quality Starter,1.9,5.8,33.44,24.4,5,317,True,3
19b951f3-ea66-5bdf-9fd8-d5328fc60107,Jose Alvarado,Georgia Tech,Sr,23.2,72.0,G,82.773,21.1427,0.5914,0.4415,2.2375,9.6822,21.7731,17.1924,0.1754,4.0131,30.1256,0.8135,4.7457,1.7567,holdout,,2021,-0.0088,4,Role Player,0.2,1.6,18.55,9.4,5,296,True,3
cf647ce6-1ec9-5d05-9b8e-daee0550dac7,Quentin Grimes,Houston,Jr,21.1,77.0,G,74.6985,23.9593,0.5455,0.5469,4.2334,12.7346,14.3155,16.5448,1.0573,2.1979,28.2058,0.7308,4.839,1.2722,holdout,25.0,2021,0.2157,4,Role Player,-0.6333,2.1,26.19,14.5,5,318,True,3
cc130078-b786-52cc-bc6a-3abeb1d72e20,Brandon Boston Jr.,Kentucky,Fr,19.6,79.0,G,75.9,21.4,0.4472,0.345,4.7,11.1,11.3,12.5,0.5,2.5,22.4,0.785,1.9804,0.9585,holdout,51.0,2021,-1.1066,5,End of Bench,-5.75,-1.05,18.08,1.0,4,147,False,2
cb2af4b4-d6c3-5cf8-9f91-c51b4eb6a336,Terry Taylor,Austin Peay,Sr,21.8,77.0,F,90.501,27.2796,0.5862,0.2251,14.4213,21.3874,9.7072,14.3287,3.2362,1.8772,31.3359,0.7367,4.7058,0.2765,holdout,,2021,-0.6273,5,End of Bench,-2.35,0.15,15.28,3.0,4,98,False,2
99084b11-56a3-59b1-aba4-5510fa3086b8,Omer Yurtseven,Georgetown,Sr,22.0,84.0,C,54.5156,25.3953,0.5765,0.0721,13.9636,22.0355,8.3948,15.4424,6.3794,0.9292,28.0961,0.7054,2.768,2.0313,holdout,,2020,-0.5015,5,End of Bench,-1.0,0.6,12.61,3.2,4,122,True,1
a66ed35a-0621-50d3-9d9f-9ad053ebec40,Keon Johnson,Tennessee,Fr,19.3,77.0,G,62.5,27.3,0.5171,0.195,4.8,11.2,21.2,22.5,1.9,2.6,41.1,0.703,-0.3761,2.3161,holdout,21.0,2021,-1.2853,5,End of Bench,-5.65,-1.65,14.45,-0.4,4,161,False,2
d2f20e43-17c5-573e-a800-37c132466594,Dalano Banton,Nebraska,So,21.6,81.0,F,61.5522,22.163,0.4822,0.3746,3.7597,18.2607,27.1815,24.0698,3.6597,1.8602,38.4852,0.6489,-0.2497,3.6566,holdout,46.0,2021,-0.3427,5,End of Bench,-0.8667,0.6,16.09,2.0,5,222,True,3
bf1f944e-96e8-5754-ad44-4b94dafec2aa,Brandon Williams,Arizona,Fr,19.6,74.0,G,56.7,22.9,0.5269,0.494,0.8,11.1,23.7,16.1,0.8,1.7,45.5,0.819,1.9201,0.7848,train,,2019,0.1381,4,Role Player,0.7,1.95,19.7,3.2,4,140,True,2
91b11e17-ebc9-5c94-a217-84304c7599e3,Greg Brown III,Texas,Fr,19.8,81.0,F,48.9,25.8,0.5348,0.472,6.8,25.7,3.8,25.0,5.0,1.6,37.3,0.708,-1.8957,2.3342,holdout,43.0,2021,-1.1557,5,End of Bench,-4.7,-1.2,13.33,0.3,3,70,False,1
43b8faab-c80a-5d1f-b7ac-f0dec7afecc4,Moses Moody,Arkansas,Fr,19.1,78.0,G,84.2,21.6,0.5681,0.42,6.3,11.8,8.0,11.8,2.0,1.6,48.2,0.812,4.0373,1.4419,holdout,14.0,2021,0.052,4,Role Player,-0.3667,1.8,21.73,11.6,5,315,True,3
cfaceef5-6cea-52c8-87ed-9bc364250f2c,Jock Landale,Saint Mary's,Sr,22.7,83.0,C,75.1805,29.8316,0.6587,0.0272,12.915,26.3578,13.3438,15.297,3.5324,0.7287,44.267,0.7385,4.9775,2.4746,train,,2018,-0.1191,4,Role Player,0.0667,1.4,16.68,12.0,5,289,True,3
dfe39ad6-a76c-5b17-9c0d-4172da64d783,Keifer Sykes,Green Bay,Sr,21.5,72.0,G,86.3754,27.5955,0.5469,0.2669,2.5291,11.7774,27.6283,14.5715,0.3391,2.5389,44.2414,0.7864,4.0394,0.1496,train,,2015,,5,End of Bench,-6.9,-2.1,17.69,-0.5,1,32,False,1
4accbae3-3b35-598a-bc61-8ad6af37c679,Jericho Sims,Texas,Sr,22.7,82.0,C,53.8657,17.9117,0.6407,0.0046,10.8171,21.7405,5.2901,20.1892,4.4713,1.378,59.0753,0.5408,1.7505,3.9492,holdout,58.0,2021,-0.5128,5,End of Bench,-1.3333,0.3,14.14,10.1,5,258,True,3
177ae30b-9225-5464-8fc9-9b889b13185d,Isaiah Jackson,Kentucky,Fr,19.5,82.0,C,51.1,21.3,0.5869,0.015,11.3,23.4,7.5,19.8,12.8,2.1,65.7,0.7,1.2298,8.3743,holdout,22.0,2021,-0.2661,5,End of Bench,-0.2333,1.0,14.9,10.3,5,218,True,3
03700127-5a6a-55b1-9458-a6a7841c2a75,Lindy Waters III,Oklahoma St.,Sr,22.9,78.0,G,76.319,18.2069,0.5404,0.4766,2.4067,12.1665,15.9244,15.7185,0.5752,2.1551,27.2766,0.8299,3.1598,1.0671,holdout,,2020,-0.3419,5,End of Bench,0.1333,0.7,12.27,4.2,5,196,True,3
81b00136-4b04-51f6-beed-050f9bebdfe1,Olivier Sarr,Kentucky,Sr,22.3,84.0,F,59.0562,22.7112,0.5631,0.1068,10.0375,17.5994,9.3703,18.7442,4.8578,0.9075,53.692,0.7655,1.8407,2.2486,holdout,,2021,-0.7731,5,End of Bench,-4.0,-0.6,19.14,1.8,4,50,True,1
6a877626-030a-5535-92b9-31d4409b5233,Sandro Mamukelashvili,Seton Hall,Sr,22.1,83.0,W,76.8821,25.3209,0.5395,0.3289,6.9426,18.2892,17.2233,17.8877,2.3126,1.5767,33.0941,0.6879,2.8063,2.279,holdout,54.0,2021,0.1721,4,Role Player,1.5333,3.0,15.42,11.4,5,271,True,3
ef4fe8bb-90ea-538e-8866-e892f9b65e96,Day'Ron Sharpe,North Carolina,Fr,19.6,83.0,C,47.9,27.5,0.5209,0.009,18.3,23.8,15.4,20.6,5.1,2.3,46.8,0.505,2.8247,4.7813,holdout,29.0,2021,0.0709,4,Role Player,0.7667,2.2,17.28,11.9,5,253,True,3
2dadc8fe-801b-5325-b536-f5da8f925460,Luka Garza,Iowa,Sr,22.5,83.0,F,75.507,29.7038,0.6108,0.2034,11.0072,18.6556,10.8319,9.8554,5.1531,1.2338,38.8262,0.7,7.5135,1.6609,holdout,52.0,2021,0.3776,4,Role Player,2.4,3.6,16.2,8.3,5,193,True,1
a33cb6ef-8c68-57cf-8603-330d5341efe4,Isaiah Livers,Michigan,Sr,22.9,79.0,W,59.1936,18.0402,0.6031,0.5236,4.1855,14.9926,9.3793,10.9687,2.2429,1.1301,22.6849,0.8714,4.9554,3.1997,holdout,42.0,2021,-0.588,5,End of Bench,-3.4667,-0.6,21.82,2.0,4,130,True,3
7fa33b60-5089-575c-9c65-6c9c28af0069,Miles McBride,West Virginia,So,20.8,74.0,G,77.1077,22.7783,0.5322,0.3072,3.4044,9.2985,25.8167,13.7665,1.3941,3.1261,34.368,0.7967,6.0631,2.3292,holdout,36.0,2021,0.2549,4,Role Player,0.3667,2.3,23.13,10.4,5,277,True,3
58cfaaaf-d5fd-525a-af47-3a64a8c4a28e,Santi Aldama,Loyola MD,So,20.5,83.0,F,76.2656,29.0834,0.5835,0.3462,6.0747,27.2162,15.5127,17.8834,5.676,1.7,31.6996,0.6643,1.7133,2.7005,holdout,30.0,2021,0.7002,3,Quality Starter,1.5667,4.0,26.49,14.6,5,278,True,3
31dd967e-26e8-5012-ad59-4b7e494503fc,Jared Butler,Baylor,Jr,20.8,75.0,G,74.6066,26.2416,0.574,0.5071,1.8698,11.0327,25.3917,19.4216,0.9525,3.3629,23.4946,0.7803,6.1499,1.9867,holdout,40.0,2021,-0.4539,5,End of Bench,-1.55,0.45,16.1,2.5,4,148,False,2
2a2b7df7-ff9c-5336-9924-873a2aacc061,Ish Wainright,Baylor,Fr,19.8,77.0,G,17.4,17.1,0.4592,0.22,8.4,10.8,20.3,28.6,0.4,1.7,63.4,0.462,0.3432,0.485,train,,2014,-0.6321,5,End of Bench,-1.6,0.3,12.13,2.3,3,116,False,2
a8c3e9cd-8461-5176-8cb7-10adc62ec134,David Duke,Providence,Jr,21.7,77.0,G,84.7585,24.5573,0.5138,0.3503,2.7838,14.6398,24.17,19.4257,1.0096,2.115,36.0318,0.7816,2.3871,2.3362,holdout,,2021,-0.9043,5,End of Bench,-3.9,-0.6,15.5,0.3,4,55,False,1
84d1ea9f-dda6-550c-af27-c5644f9e83c8,James Bouknight,Connecticut,So,20.8,77.0,G,53.2464,28.176,0.5508,0.3129,5.7971,13.6862,12.3384,17.2029,0.9,2.0225,36.8225,0.7936,3.6853,0.1814,holdout,11.0,2021,-1.515,5,End of Bench,-6.8,-1.5,12.6,-0.3,3,79,False,2
c176f2d3-4e57-5774-aeeb-e5aa514bb0dd,Justin Champagnie,Pittsburgh,So,20.0,78.0,F,79.0554,23.0646,0.535,0.291,9.674,22.8362,8.4892,9.9588,3.8906,2.0,32.3528,0.7335,3.5223,1.8425,holdout,,2021,-0.0118,4,Role Player,-0.45,1.65,20.74,7.0,5,187,True,2
477c1572-b572-52ed-b0a7-5965e4aea877,JT Thor,Auburn,Fr,18.8,82.0,F,57.6,19.7,0.5467,0.387,7.7,15.3,7.1,18.5,5.8,1.9,44.5,0.741,1.3638,2.3653,holdout,37.0,2021,-1.1171,5,End of Bench,-4.0667,-1.3,12.19,1.3,4,185,False,3
f7af34ad-5741-5d14-ba95-a886f76809f2,Malcolm Hill,Illinois,Sr,21.7,78.0,G,81.804,26.1557,0.5639,0.3595,4.1749,15.579,18.2422,13.1594,1.2007,2.0258,48.9526,0.7938,4.2302,2.3148,train,,2017,,5,End of Bench,,,,0.6,2,24,False,0
aaf25b10-8f38-567f-9fe8-4b0de7303527,Joe Wieskamp,Iowa,Jr,21.8,78.0,G,74.9819,20.1689,0.6004,0.4785,4.8573,16.9661,9.6543,13.0998,1.3606,1.8,31.8503,0.7445,5.532,1.25,holdout,41.0,2021,,5,End of Bench,,,,0.0,2,38,False,0
9a690255-47df-5c0d-82f9-71dc6ad40a75,Javonte Smart,LSU,Jr,22.1,76.0,G,83.6294,21.0005,0.5528,0.4554,1.317,9.6348,19.6449,18.4773,0.3824,1.9438,19.4695,0.8423,4.3336,-0.354,holdout,,2021,,5,End of Bench,,,,-0.2,2,18,False,0
f6ce182b-86b7-5f48-b7c8-930ea1cffedb,Lindell Wigginton,Iowa St.,So,21.2,74.0,G,62.9849,27.2748,0.5475,0.4606,2.791,12.1666,16.2649,17.4775,1.4532,1.6532,48.0761,0.6919,2.7771,-0.2261,train,,2019,,5,End of Bench,,,,0.3,3,29,False,0
6cce8fb6-d774-541e-8d4f-675d61826d28,Braxton Key,Virginia,Sr,23.4,80.0,W,66.5786,20.3758,0.4973,0.3067,6.963,20.2441,12.8425,17.2203,2.6016,2.4003,38.8565,0.6258,0.9632,4.9336,holdout,,2020,,5,End of Bench,,,,0.3,4,37,False,0
a632e791-15d2-5bd5-81d4-c215d514a027,Jamorko Pickett,Georgetown,Sr,23.5,81.0,W,79.846,19.1978,0.5025,0.4187,4.2434,16.917,10.256,20.8041,2.4893,1.5262,26.8611,0.7836,0.7445,2.5122,holdout,,2021,,5,End of Bench,,,,0.1,1,13,False,0
230a5cfb-1c0e-523b-aaaa-79b4469a6d85,Zavier Simpson,Michigan,Sr,23.4,72.0,G,80.2226,23.0538,0.5245,0.3041,2.1098,13.1442,39.094,20.139,0.3156,2.1157,27.4513,0.5953,3.7465,2.7644,holdout,,2020,,5,End of Bench,,,,-0.3,2,11,False,0
f5dde03b-c801-5625-ad90-04243620d7aa,Hassani Gravett,South Carolina,Sr,22.9,74.0,G,66.8716,18.4638,0.5374,0.532,2.2638,12.3383,18.863,20.1499,0.9397,1.262,27.4659,0.7218,1.9485,1.0572,train,,2019,,5,End of Bench,,,,0.3,1,8,False,0
f419e62e-d389-5c1f-874d-cced3a66781c,Charles Bassey,Western Kentucky,Jr,20.7,83.0,C,68.2246,25.1284,0.6412,0.1517,12.7237,28.9662,5.9543,17.9651,10.3993,0.9672,38.445,0.7643,1.9981,4.2852,holdout,53.0,2021,-0.1537,4,Role Player,0.7,0.9,14.51,4.6,5,126,True,1
937e160d-2167-5192-b07f-6902968af7c2,Kevin Pangos,Gonzaga,Sr,22.4,74.0,G,84.8546,18.4247,0.6101,0.6002,1.3826,8.0131,21.0858,14.5621,0.1467,2.1989,35.0234,0.8387,6.1982,1.4218,train,,2015,,5,End of Bench,,,,0.1,1,24,False,0
0e173900-0a00-5c5d-8cf4-5562d770dbc4,Sam Hauser,Virginia,Sr,23.5,80.0,F,82.8818,20.4223,0.6317,0.5481,3.5799,20.3749,12.7702,10.1539,1.5409,1.21,17.6473,0.892,5.9626,1.4995,holdout,,2021,0.3129,4,Role Player,1.0,3.5,19.88,18.3,5,334,True,3
3ef6a1ae-5998-5562-a992-4f031a619f1c,Xavier Moon,Morehead St.,Sr,22.5,74.0,G,81.6108,20.7769,0.5753,0.447,1.4836,10.5574,22.0456,13.9278,0.7475,1.9049,25.3246,0.8625,3.5734,-1.3751,train,,2017,,5,End of Bench,,,,0.2,3,28,False,0
4b26644f-a6b2-57b4-8b89-bedff8a95210,Marcus Garrett,Kansas,Sr,22.6,77.0,G,76.5948,18.042,0.5245,0.2443,2.5287,13.0843,20.363,18.0529,1.1021,2.92,34.1562,0.7166,2.3663,3.6913,holdout,,2021,,5,End of Bench,,,,0.1,2,16,False,0
105a579d-b4d7-5267-857c-a018b35c0ec1,Neemias Queta,Utah St.,Jr,22.0,84.0,C,68.7686,24.7275,0.6054,0.0085,10.4445,25.9249,16.896,20.3308,11.8807,1.6971,50.6972,0.6792,1.4964,9.2851,holdout,39.0,2021,0.2592,4,Role Player,1.2,3.0,18.81,14.2,5,186,True,3
7e061285-31d4-59fa-b79c-25972b143aa7,Jalen Johnson,Duke,Fr,19.5,81.0,F,28.7,28.8,0.5791,0.167,7.9,25.3,20.5,23.8,6.0,3.1,35.2,0.632,2.032,5.1297,holdout,20.0,2021,1.3698,2,All-Star,2.4,6.7,34.79,15.8,5,256,True,3
bb851e94-f22e-51dd-854a-df120fad424c,Jeff Dowtin,Rhode Island,Sr,23.1,75.0,G,84.8472,19.0139,0.5326,0.2998,2.0047,8.6187,20.4415,11.2954,1.1169,1.9944,29.6753,0.7398,2.8015,0.7375,holdout,,2020,-0.2009,5,End of Bench,0.2,0.9,15.15,2.3,4,87,False,1
a41c11ed-01a6-57d9-b66c-b1a43ee6dfe4,Chaundee Brown Jr.,Michigan,Sr,22.6,77.0,W,55.0517,19.0347,0.5748,0.4438,5.5795,13.9,8.0715,13.8161,0.9334,0.7417,23.2237,0.7595,3.3137,0.4721,holdout,,2021,,5,End of Bench,,,,0.0,1,5,False,0
939ad909-8c48-5866-abac-1230e00e7696,Aleem Ford,Wisconsin,Sr,23.5,80.0,F,61.9038,17.9183,0.5273,0.5762,4.2296,14.5917,8.2783,12.6784,1.7966,1.2966,15.6289,0.7745,2.1244,2.171,holdout,,2021,,5,End of Bench,,,,-0.2,1,5,False,0
281e5d0b-88fa-5b9a-8e87-8b60299d0f75,Trevelin Queen,New Mexico St.,Sr,23.3,78.0,G,52.1616,24.0613,0.5694,0.5041,9.2933,15.12,18.6019,16.114,2.286,3.3193,15.4353,0.7621,5.3935,3.074,holdout,,2020,-0.349,5,End of Bench,-0.3,0.6,13.87,0.8,4,62,False,1
aa2ea08e-8510-5b4d-8fdb-d6208f34abe3,Yves Pons,Tennessee,Sr,22.1,78.0,F,70.9461,15.6736,0.5463,0.3261,6.3385,13.5687,5.8304,15.9144,7.2873,1.137,21.8567,0.7107,0.7438,4.5851,holdout,,2021,,5,End of Bench,,,,0.0,1,12,False,0
5e99efce-2f81-55c7-bb42-42b05b6c0970,RJ Nembhard,TCU,Jr,22.3,77.0,G,73.8912,26.1553,0.4916,0.3748,1.4959,12.7717,23.5726,21.6012,0.7711,1.7824,33.5726,0.747,0.171,0.0011,holdout,,2021,,5,End of Bench,,,,0.0,1,14,False,0
bd7aa868-d657-53a0-99da-8432d3b183c0,Kai Jones,Texas,So,20.4,83.0,F,49.7414,16.9405,0.6242,0.2576,9.2695,14.0046,5.1229,20.158,4.8549,2.0496,45.9567,0.6756,2.781,4.3509,holdout,19.0,2021,0.1264,4,Role Player,2.9,1.8,11.7,2.8,3,107,False,1
a129b151-30cf-56e9-808e-be4f8b3b3f5d,Myles Powell,Seton Hall,Sr,23.0,74.0,G,78.2772,30.062,0.554,0.5473,2.7857,10.261,18.9207,15.0831,0.6372,2.452,31.7359,0.8091,5.5792,0.1655,holdout,,2020,,5,End of Bench,,,,-0.1,1,11,False,0
28bca11e-a93b-53cb-bc1b-258741db7081,Cameron McGriff,Oklahoma St.,Sr,22.7,79.0,W,75.0798,21.0196,0.5466,0.3308,7.9685,16.743,9.2234,16.7341,1.807,1.2873,44.3929,0.8128,2.5383,0.8997,holdout,,2020,,5,End of Bench,,,,0.1,1,3,False,0
f270e554-b04f-5904-82da-a09e8ea2c4b8,Xavier Sneed,Kansas St.,Sr,22.5,77.0,G,77.594,22.0545,0.5067,0.5214,3.9523,15.2748,12.0562,12.2428,1.322,3.1091,37.5194,0.6929,2.702,2.8424,holdout,,2020,,5,End of Bench,,,,0.1,2,13,False,0
805c9e65-9689-51de-8c0f-246021fe1cd0,Sharife Cooper,Auburn,Fr,20.0,73.0,G,36.4,34.4,0.5195,0.31,2.2,11.3,51.9,19.9,0.7,1.6,56.0,0.825,5.6556,-1.3587,holdout,48.0,2021,-0.8654,5,End of Bench,-3.9,-0.9,17.07,0.4,2,54,True,1
32839785-e12b-55e1-9fb9-3a641572b5c8,Micah Potter,Wisconsin,Sr,23.2,82.0,F,46.8503,27.0122,0.6102,0.3584,9.9878,22.8985,12.0806,14.5358,4.0722,1.339,29.7179,0.8287,5.2218,2.9226,holdout,,2021,-0.3167,5,End of Bench,-1.4,0.45,18.98,3.5,5,111,True,2
a44c7351-aa38-5618-aca2-f9a2cde5cd41,Jordan Schakel,San Diego St.,Sr,23.0,78.0,G,67.8074,16.9446,0.6413,0.6819,3.4847,13.584,6.2229,8.2977,0.6043,1.9247,21.9225,0.8917,5.4037,1.3664,holdout,,2021,,5,End of Bench,,,,-0.1,2,6,False,0
b6432c7a-e067-52d8-8837-6583832fdd53,Mac McClung,Texas Tech,Jr,22.5,74.0,G,66.5419,26.5018,0.5288,0.3879,2.1013,8.9556,15.9978,14.1504,1.1117,1.8705,37.2767,0.7954,2.9186,-0.3628,holdout,,2021,,5,End of Bench,,,,0.1,4,17,False,0
736000e2-1124-541b-908c-8c15a81571b9,Carlik Jones,Louisville,Sr,23.5,73.0,G,85.8696,27.6511,0.5237,0.2239,2.1826,13.9946,29.9048,13.6949,0.434,2.3537,36.352,0.8062,3.9109,1.2012,holdout,,2021,,5,End of Bench,,,,0.0,2,12,False,0
6e087386-1dcd-54ff-ba80-ba20c4bacbd8,Gabe York,Arizona,Sr,22.9,75.0,G,72.083,19.6642,0.5672,0.5977,1.819,8.9167,12.2776,15.5815,0.9625,1.4882,21.753,0.7569,4.2217,1.5636,train,,2016,,5,End of Bench,,,,0.1,2,5,False,0
710b753c-8221-5aa1-8d60-e57705496f10,Jay Huff,Virginia,Sr,23.8,85.0,F,62.5338,21.6851,0.6579,0.327,9.1847,23.1283,8.1181,14.4362,11.6911,1.2185,24.4993,0.7387,3.927,7.5629,holdout,,2021,0.316,4,Role Player,1.95,3.3,16.9,6.4,5,177,True,2
fe13ab17-326f-5ee9-8eee-223d0148f83e,Joel Ayayi,Gonzaga,Jr,21.3,77.0,G,74.9105,16.7333,0.64,0.3902,6.397,18.3899,13.8835,15.2837,0.6499,2.0051,24.2439,0.7842,6.5745,3.1827,holdout,,2021,,5,End of Bench,,,,0.0,1,7,False,0
8542c590-241e-5eb1-9cf6-74383f3e55a9,Craig Sword,Mississippi St.,Sr,22.4,75.0,G,67.9041,27.1884,0.5315,0.2909,3.8446,10.5114,20.0974,23.1948,2.6881,2.8535,50.1711,0.666,0.1896,2.0706,train,,2016,,5,End of Bench,,,,0.1,1,3,False,0
918aa695-c4df-5057-9440-fa616d10d696,McKinley Wright IV,Colorado,Sr,22.7,72.0,G,82.3324,25.4469,0.563,0.2771,3.6835,13.341,34.3169,18.0874,0.9944,1.8997,33.4063,0.8199,5.3374,2.4496,holdout,,2021,,5,End of Bench,-2.7,-0.3,12.41,0.5,2,32,False,1
3ca7fa28-b725-56da-8439-d42e1de98e3b,Eugene Omoruyi,Oregon,Sr,24.4,78.0,G,69.5277,27.5282,0.5405,0.2232,8.8003,14.4254,15.3413,16.7107,2.096,2.4387,36.5587,0.7239,3.5314,1.556,holdout,,2021,-0.9439,5,End of Bench,-3.35,-0.6,12.51,1.3,3,87,False,2
a67e3f58-f8e4-573b-bdbb-c999b5cec13d,Aaron Henry,Michigan St.,Jr,21.8,78.0,G,75.2792,23.7653,0.5261,0.257,4.7327,13.7596,21.8314,19.713,3.3679,2.1364,27.7815,0.7386,2.4561,4.0443,holdout,,2021,,5,End of Bench,,,,-0.1,1,6,False,0
b0a5fd48-d413-5de2-9303-8af7bae29362,Trayvon Palmer,Chicago St.,Sr,22.6,78.0,W,80.7841,21.9305,0.5047,0.2599,7.9025,19.6259,9.2361,21.549,2.6136,2.2638,39.9828,0.7046,-1.8387,0.5917,train,,2017,,5,End of Bench,,,,0.0,1,1,False,0
83c8ec6f-15f0-5fb8-ad03-9bbffe9745fd,Moses Wright,Georgia Tech,Sr,22.5,81.0,F,76.3219,24.4645,0.5498,0.0997,9.6842,17.7239,11.2162,14.8961,4.8203,1.9194,31.3908,0.628,1.9997,3.0606,holdout,,2021,,5,End of Bench,,,,0.1,1,4,False,0
7df1e285-86f5-5927-9740-4c6045086c81,Jarron Cumberland,Cincinnati,Sr,22.8,77.0,G,72.7205,28.3612,0.5363,0.4607,3.2677,11.2753,27.3843,20.0364,1.9008,2.0814,50.7045,0.7443,3.6661,1.5165,holdout,,2020,,5,End of Bench,,,,0.0,1,3,False,0
16a5c651-2a70-58e9-b606-ccaef2f347f1,JaQuori McLaughlin,UC Santa Barbara,Sr,23.4,76.0,G,81.5565,23.1404,0.5763,0.3907,2.1092,10.0164,27.9734,15.965,0.6033,2.3333,42.5212,0.8066,4.1497,0.0279,holdout,,2021,,5,End of Bench,,,,0.0,1,4,False,0
2131c574-02dd-5bf3-85c5-d07997f257d9,Rob Edwards,Arizona St.,Sr,23.4,77.0,G,69.7089,21.546,0.5187,0.5644,2.0017,11.9992,7.1996,17.5128,0.4206,2.0659,27.6389,0.7742,0.3226,0.2598,holdout,,2020,,5,End of Bench,,,,0.0,1,2,False,0
d4bfb66b-76c4-55a2-8c95-af46821935e3,Tre Scott,Cincinnati,Sr,23.6,80.0,W,75.5456,18.468,0.5352,0.1764,9.77,22.8239,12.3905,17.6921,2.5189,2.3089,33.0682,0.6251,2.2158,4.2181,holdout,,2020,,5,End of Bench,,,,0.1,2,8,False,0
389adda6-c0bf-555d-9fb7-26d90956463a,Shaq Buchanan,Murray St.,Sr,22.4,75.0,G,85.9,17.2,0.5644,0.431,3.0,10.2,8.5,11.6,1.4,3.1,22.6,0.733,1.7634,1.6468,train,,2019,,5,End of Bench,,,,0.0,1,2,False,0
bb4e83c9-0072-5c9c-9c5d-cadb6311ce09,Jon Teske,Michigan,Sr,23.1,85.0,F,65.7309,20.3771,0.546,0.2294,8.7838,19.1285,7.1208,11.3655,6.5203,2.0039,34.9458,0.6667,2.3728,6.0391,holdout,,2020,,5,End of Bench,,,,0.0,1,3,False,0
84235ba3-678e-5aed-8b88-a520e77c456c,Feron Hunt,SMU,Jr,22.0,80.0,W,66.1831,18.5498,0.6072,0.2021,8.6444,21.3541,5.4222,19.2441,3.6743,1.9378,33.4331,0.7306,1.2495,1.9122,holdout,,2021,,5,End of Bench,,,,0.0,1,2,False,0
2cd6a8eb-81f5-5551-ac76-df6288c4a353,M.J. Walker,Florida St.,Sr,23.2,77.0,G,63.0477,21.1419,0.5476,0.5012,1.7317,7.3982,13.8374,21.3107,1.284,1.7455,32.2449,0.7937,2.0546,0.4499,holdout,,2021,,5,End of Bench,,,,0.0,1,2,False,0
fde62d7c-8d7d-57a0-895d-20d50ff7f40a,Jaysean Paige,West Virginia,Sr,21.9,74.0,G,50.4208,25.2039,0.5447,0.3961,7.4895,10.2408,11.7197,15.3724,1.3224,4.0237,30.0525,0.7271,4.7245,2.653,train,,2016,,5,End of Bench,,,,-0.1,1,1,False,0
1ca66df4-6204-5744-b3c6-1bd08a7fdfe4,Paris Bass,Detroit Mercy,So,20.8,80.0,F,61.7737,30.3217,0.5314,0.1949,7.5677,21.4157,15.1798,19.8076,5.0353,2.5,42.3819,0.6725,0.0731,1.1453,train,,2016,,5,End of Bench,,,,0.0,1,2,False,0
7576b449-71f9-5cb9-b4e7-3191e36c9dc7,Scottie Lewis,Florida,So,21.3,77.0,G,59.8902,16.9744,0.5448,0.3361,4.1183,10.1156,8.2305,20.0022,4.5183,3.1055,43.6706,0.7223,1.5809,4.3363,holdout,56.0,2021,,5,End of Bench,,,,0.0,1,2,False,0
a5e7a65a-2bbc-556e-ad9d-4960672f4f98,Jordan Goodwin,Saint Louis,Sr,22.7,75.0,G,83.8508,25.1866,0.4923,0.2411,9.6473,23.0554,20.7615,18.8469,0.8356,3.4462,34.081,0.599,2.5804,3.6294,holdout,,2021,0.0649,4,Role Player,0.0,2.0,20.32,8.2,5,220,True,3
d1aa7e94-3a30-5ee3-823f-c6f0ffed24f8,Jaden Springer,Tennessee,Fr,18.7,76.0,G,60.0,26.2,0.5701,0.203,4.6,10.9,24.1,20.6,2.2,2.7,44.1,0.81,2.2349,2.6988,holdout,28.0,2021,-1.0095,5,End of Bench,-3.05,-0.45,9.48,1.4,4,110,False,2
5b0d9551-1cb6-55e3-9b12-b5c9110dc84f,Matt Ryan,Chattanooga,Sr,23.2,79.0,W,68.7215,21.8975,0.5561,0.6888,2.2959,14.3522,11.0253,14.0326,0.3888,0.8288,21.7175,0.8418,2.5968,-1.4721,holdout,,2020,-0.925,5,End of Bench,-3.05,-0.3,11.29,0.7,4,82,False,2
f1383049-249c-5a01-b4cd-708b213015c7,Javin DeLaurier,Duke,Jr,22.2,82.0,C,34.1773,13.2848,0.6361,0.0625,11.1575,18.0547,5.406,22.8504,6.422,2.6712,56.8058,0.6008,2.2417,5.9427,holdout,,2020,,5,End of Bench,,,,0.0,1,1,False,0
e9b512fd-6c1a-5519-acbb-fffdd77521a1,Jaime Echenique,Wichita St.,Sr,23.2,83.0,C,48.6927,23.9144,0.5631,0.1027,9.5126,25.0595,5.1549,16.2982,8.037,1.6306,42.7702,0.7426,-0.4606,5.3071,holdout,,2020,,5,End of Bench,,,,0.0,1,1,False,0
22ead0f0-3ebd-5659-bef2-763662037d8c,David Johnson,Louisville,So,20.3,77.0,G,74.5635,24.0579,0.5077,0.3413,3.7784,14.7972,22.0109,24.1584,1.0722,1.9206,19.9363,0.6828,0.7181,2.8823,holdout,47.0,2021,,5,End of Bench,,,,0.0,1,2,False,0
59534ea8-1f5d-5039-93fc-afc2faee61d7,Tyler Hall,Montana St.,Sr,22.3,77.0,G,82.4732,26.3073,0.5834,0.5898,2.0708,14.0147,18.0589,12.6914,0.9853,1.6925,21.2678,0.8552,4.1703,-2.5356,train,,2019,,5,End of Bench,,,,0.0,1,1,False,0
99c2a51d-2f0e-5034-be2e-eba63db0050a,Ahmad Caver,Old Dominion,Sr,22.8,74.0,G,91.1151,24.4607,0.493,0.4666,1.6092,10.4587,31.9805,14.3644,0.8146,2.6925,32.7083,0.6712,3.0866,1.0686,train,,2019,,5,End of Bench,,,,0.0,1,1,False,0
1abff3ea-18b9-548b-9266-38fba217c9c7,DeJon Jarreau,Houston,Sr,23.4,77.0,G,63.4126,25.1287,0.5152,0.285,4.1692,16.6518,30.8416,23.6125,2.4829,2.3386,40.7801,0.7209,2.2834,3.3531,holdout,,2021,,5,End of Bench,,,,-0.2,3,21,False,0
0d6e9a87-100b-5bdd-8295-8e5cc8294145,Ade Murkey,Denver,Sr,22.4,77.0,G,72.5673,27.203,0.5496,0.1516,5.2691,15.8511,17.3869,15.104,2.4073,2.0399,42.5026,0.7334,1.3101,-0.1552,holdout,,2020,,5,End of Bench,,,,0.0,1,1,False,0
7ddfa4f1-1496-50ad-9f7b-96e20b24a952,Jabari Smith,Auburn,Fr,19.1,82.0,F,70.9,26.2,0.5715,0.439,3.5,23.4,13.8,14.0,3.8,2.1,38.5,0.799,4.0304,2.9746,holdout,3.0,2022,0.5092,3,Quality Starter,-0.6,2.5,32.6,18.3,4,289,True,3
9df8ec3e-931c-5fb6-b8d0-6098c3992b68,Paolo Banchero,Duke,Fr,19.6,82.0,W,82.2,27.2,0.557,0.253,6.5,19.1,17.5,15.4,2.7,1.9,36.6,0.729,4.8293,2.2042,holdout,1.0,2022,1.312,2,All-Star,2.0667,6.6,34.76,16.2,4,270,True,3
9eab06e7-df21-51a4-b2d0-d5318268600d,Keegan Murray,Iowa,So,21.8,80.0,F,69.7437,25.8239,0.6263,0.3056,9.8,19.9746,8.9958,8.0239,6.5803,2.3225,33.7592,0.7488,8.504,3.8501,holdout,4.0,2022,0.3873,4,Role Player,-1.0333,1.8,32.53,14.1,4,256,True,3
d6124c4e-c421-5f0c-abcc-c26d8a091422,Jaden Ivey,Purdue,So,20.4,76.0,G,69.2151,27.1596,0.5592,0.4139,3.0193,14.214,18.5122,16.7455,2.4422,1.7246,43.4873,0.7396,4.0555,1.2126,holdout,5.0,2022,0.0092,4,Role Player,-1.0333,0.2,26.28,3.0,4,218,True,3
d0eaef53-ce2b-55c7-b493-1e785d193f6a,Jalen Williams,Santa Clara,Jr,21.2,78.0,G,80.898,22.6311,0.5697,0.3013,2.1449,11.5515,19.5739,14.0073,1.7132,2.056,35.6831,0.7889,3.4082,0.8968,holdout,12.0,2022,1.2919,2,All-Star,2.8,6.8,31.19,23.7,4,248,True,3
78bacf1a-a702-5a2f-965b-2b450b7089e3,Bennedict Mathurin,Arizona,So,20.0,78.0,G,75.4116,22.1682,0.5903,0.4689,5.2942,13.6266,12.5237,13.3439,0.6613,1.6,38.2318,0.7868,5.4641,0.523,holdout,6.0,2022,-0.2911,5,End of Bench,-2.9333,-1.3,28.69,8.3,4,263,True,3
e1ae882d-cfc3-535f-be82-ed436c7fd151,Andrew Nembhard,Gonzaga,Sr,22.4,77.0,G,79.2708,18.7191,0.5585,0.4178,1.164,8.8087,26.1628,17.089,0.3334,2.3608,20.7056,0.8221,4.5332,1.5877,holdout,31.0,2022,-0.0036,4,Role Player,-1.7667,0.4,28.23,8.8,4,265,True,3
dded255a-5d90-5fd1-abd4-0f0fc0a9c8a8,Tari Eason,LSU,So,21.1,80.0,W,55.9176,28.9176,0.5836,0.2114,11.1176,20.3882,11.3353,19.1176,6.6471,4.2471,45.8235,0.7356,3.2933,5.7208,holdout,17.0,2022,0.4676,4,Role Player,1.2,2.6,24.81,11.8,4,221,True,3
99bfa986-293e-578d-97fa-20a09e4cbdde,Walker Kessler,Auburn,So,20.9,85.0,C,56.9142,19.5627,0.62,0.1658,12.0105,21.9371,7.0444,13.2554,17.6006,2.5333,35.0361,0.5873,3.6268,11.4453,holdout,22.0,2022,0.7634,3,Quality Starter,1.8667,4.9,25.18,17.1,4,201,True,3
4e3b0c82-b7a0-5fb9-9aa9-9ba82a715d5d,Jalen Duren,Memphis,Fr,18.6,83.0,C,55.5,23.0,0.6079,0.004,14.0,21.5,10.5,21.6,9.9,1.8,44.1,0.625,2.9707,6.4251,holdout,13.0,2022,1.1563,3,Quality Starter,2.6667,7.1,27.69,29.5,4,276,True,3
76faf438-7a30-5392-9086-3b9539081b98,Malaki Branham,Ohio St.,Fr,19.1,77.0,G,73.6,23.4,0.5944,0.28,3.5,10.5,14.7,15.1,1.0,1.6,29.8,0.833,4.2288,-0.018,holdout,20.0,2022,-0.9578,5,End of Bench,-3.6667,-1.6,15.31,0.1,4,216,True,3
eb3236e3-ca0c-538b-9fa4-0f0f39421dcb,Jeremy Sochan,Baylor,Fr,19.1,81.0,F,55.0,20.0,0.5458,0.384,8.9,20.6,12.3,18.1,3.2,2.9,42.7,0.589,3.9869,4.9609,holdout,9.0,2022,-0.2849,5,End of Bench,-1.9333,-0.4,23.41,5.5,4,228,True,3
afed844c-010d-5098-8b19-d626bd00817b,AJ Griffin,Duke,Fr,18.8,78.0,G,60.6,16.9,0.6305,0.537,3.8,13.5,6.8,9.1,2.2,1.2,17.9,0.792,5.8782,0.4604,holdout,16.0,2022,-0.1501,4,Role Player,-0.8,1.2,19.46,1.8,2,92,False,1
51ab5652-6a85-5100-af2c-222aa74d31d6,David Roddy,Colorado St.,Jr,21.2,77.0,W,78.8727,27.4692,0.6215,0.2632,7.7063,21.6599,18.5815,16.0317,3.4734,1.8362,41.4183,0.7245,4.7526,2.8514,holdout,23.0,2022,-0.8478,5,End of Bench,-3.4667,-1.4,16.93,2.0,4,173,True,3
ea169b04-8772-59b6-b348-d96f5af4f5b1,Ochai Agbaji,Kansas,Sr,22.2,77.0,G,83.0071,21.2393,0.57,0.5058,3.0946,11.4561,9.5484,14.6048,1.5851,1.6907,24.6724,0.7147,4.6652,2.0209,holdout,14.0,2022,-0.4518,5,End of Bench,-2.7,-0.8,22.83,5.4,4,263,True,3
4055911e-df67-5d67-b106-8e96509b0f89,Christian Braun,Kansas,Jr,21.2,78.0,G,79.8243,18.4156,0.568,0.4274,4.5812,15.2968,12.633,15.5209,2.1558,1.8357,30.5981,0.7506,4.4768,3.6882,holdout,21.0,2022,0.2265,4,Role Player,-0.9333,1.9,27.95,16.3,4,281,True,3
c2f90c86-0fdc-56c7-9ade-a1047020a162,Jaylin Williams,Arkansas,So,20.0,82.0,F,70.7115,17.6309,0.5441,0.2483,5.674,28.3309,14.0249,18.1731,4.102,2.164,45.398,0.7312,0.8987,5.8554,holdout,34.0,2022,0.4109,4,Role Player,2.7,3.4,16.34,11.7,4,230,True,3
8a9bfde2-5dca-55b2-bde4-cd6ec4f30379,Mark Williams,Duke,So,20.5,84.0,C,53.564,19.1877,0.7061,0.0031,13.4821,21.0709,7.5112,13.0757,10.9004,1.4881,31.1096,0.6823,6.232,6.171,holdout,15.0,2022,0.6687,3,Quality Starter,2.1,3.3,25.16,15.9,4,166,True,3
13ceb5c6-ba0d-5691-b330-9718be0c4fc8,Caleb Houstan,Michigan,Fr,19.5,80.0,W,80.0,17.0,0.5303,0.595,3.1,11.7,7.4,16.7,0.8,1.4,29.2,0.783,2.4774,1.0335,holdout,32.0,2022,-0.7583,5,End of Bench,-2.7,-0.4,14.38,4.2,4,186,True,3
6a72fedf-1517-5aec-82c3-40df8c2bd085,Christian Koloko,Arizona,So,22.0,85.0,C,56.0398,19.4042,0.6242,0.0104,12.9394,17.8444,7.9575,15.6115,10.0406,1.6306,48.9374,0.6889,3.6277,6.3995,holdout,33.0,2022,-1.0539,5,End of Bench,-3.75,-0.45,10.92,2.9,3,122,True,2
0cf8909e-cb06-5d4f-8578-87980e9a4d16,Bryce McGowens,Nebraska,Fr,19.6,79.0,G,79.1,26.2,0.5331,0.368,2.4,14.6,8.6,13.4,1.0,1.2,49.1,0.831,0.9765,-1.6498,holdout,40.0,2022,-1.234,5,End of Bench,-5.45,-2.1,15.9,2.3,4,160,True,2
572540b4-6a92-5c07-ac1a-37469998ffed,Blake Wesley,Notre Dame,Fr,19.3,77.0,G,72.7,30.7,0.494,0.401,2.9,11.4,17.4,15.2,0.2,2.6,32.9,0.667,1.2073,0.269,holdout,25.0,2022,-1.0413,5,End of Bench,-3.9333,-0.9,12.8,-0.2,4,187,True,3
b857f391-01f5-5f29-91ca-956f09de0de2,Jabari Walker,Colorado,So,19.9,81.0,F,62.7881,26.7264,0.5819,0.3053,9.3618,28.6672,9.6067,17.8684,2.7881,1.5855,44.4938,0.783,1.8357,2.0815,holdout,57.0,2022,-0.623,5,End of Bench,-2.2667,-0.5,16.38,6.8,4,252,True,3
c4c152fa-096a-57bb-a687-712d04897713,Max Christie,Michigan St.,Fr,19.4,78.0,G,74.9,17.2,0.4937,0.42,3.4,9.2,8.6,16.5,1.7,1.0,25.3,0.824,1.3496,0.9491,holdout,35.0,2022,-0.3511,5,End of Bench,-2.5333,-0.4,23.94,6.7,4,263,True,3
d5bdc31d-fe96-57ce-ae9b-1cef1fbfd90e,Kevon Harris,Stephen F. Austin,Sr,23.0,78.0,G,76.5089,25.4442,0.6041,0.39,5.8633,16.6702,12.9091,20.7321,1.2459,2.2145,53.2617,0.7567,1.6771,0.0332,holdout,,2020,,5,End of Bench,-3.6,-0.6,13.44,0.6,2,36,False,1
ed78c70b-8fbf-5754-95e3-4d50b14eebaf,Tyty Washington Jr.,Kentucky,Fr,20.6,75.0,G,65.9,22.2,0.528,0.306,2.6,10.7,23.0,14.7,0.7,2.6,19.0,0.75,5.1131,1.4951,holdout,29.0,2022,-1.3873,5,End of Bench,-6.3,-1.5,13.97,-0.2,4,74,True,1
0a39112e-2c97-5656-bbcf-c54776ddb1af,Orlando Robinson,Fresno St.,Jr,22.0,84.0,F,78.3365,30.8034,0.55,0.1976,9.8977,22.3401,19.8453,16.5348,4.1592,1.9161,47.2883,0.7121,3.294,3.5834,holdout,,2022,-0.7047,5,End of Bench,-2.2,-0.2,13.5,3.3,4,115,True,3
b9607ab9-82ec-53e9-8d5c-1020c10aec54,Johnny Davis,Wisconsin,So,20.3,77.0,W,80.4,31.6,0.5221,0.247,4.3,23.8,14.6,12.7,2.3,2.0,39.8,0.791,2.3058,2.8369,holdout,10.0,2022,-1.5529,5,End of Bench,-7.0,-1.95,13.28,-0.3,3,112,False,2
b39d5f36-8755-53ac-bbc7-ce514ff75331,Jake LaRavia,Wake Forest,Jr,20.6,80.0,W,75.6605,22.7471,0.615,0.2044,8.8313,15.1473,18.9828,19.0456,3.2401,2.6731,50.9889,0.7579,4.1052,3.8928,holdout,19.0,2022,-0.0681,4,Role Player,-1.1667,1.1,23.04,8.2,4,218,True,3
3d98fddc-911a-551f-ad84-d80caa11a04a,AJ Green,Northern Iowa,Jr,22.7,76.0,G,83.3264,27.3297,0.5741,0.5348,0.9504,11.3815,15.3441,14.7785,0.1957,1.3569,31.8964,0.8988,3.5995,-1.7016,holdout,,2022,-0.5221,5,End of Bench,-1.7333,0.0,15.96,7.1,4,242,True,3
d06f493e-6d64-58e7-b6da-3e8304b078d2,Julian Champagnie,St. John's,Jr,21.0,80.0,W,78.0726,24.7879,0.5255,0.3674,4.7377,17.7658,9.5075,10.4314,3.4405,2.8475,24.2363,0.8072,3.0865,1.7199,holdout,,2022,0.1412,4,Role Player,-0.6,2.3,23.81,10.9,4,255,True,3
2341010e-ecd1-5b0f-aeff-537f232f5054,Kennedy Chandler,Tennessee,Fr,19.8,72.0,G,74.3,25.2,0.5387,0.327,2.5,9.7,32.4,18.8,0.9,4.1,25.3,0.606,4.0403,3.3241,holdout,38.0,2022,,5,End of Bench,-2.7,0.0,7.81,0.5,2,47,True,1
3afec582-f073-57be-a58d-5d4042197106,Jamal Cain,Oakland,Sr,23.3,79.0,W,78.3323,22.457,0.572,0.3326,8.5868,21.2621,5.4748,14.741,1.659,2.6168,28.5734,0.7836,1.446,0.3223,holdout,,2022,-0.7766,5,End of Bench,-2.3667,-0.1,12.11,2.9,4,121,True,3
04860b84-3fc0-53b9-8030-ad318317f475,Johnny Juzang,UCLA,Jr,21.3,79.0,G,64.0174,24.3305,0.5268,0.3581,3.0212,14.0801,10.7797,12.3824,0.7223,1.3919,18.503,0.8478,2.9755,0.5137,holdout,,2022,-0.5989,5,End of Bench,-3.0,-0.45,19.55,1.9,4,123,True,2
d27166ae-ce9b-5052-b571-374474322947,Patrick Baldwin Jr.,Milwaukee,Fr,19.6,81.0,F,25.3,27.2,0.4505,0.489,3.7,17.8,12.2,15.9,2.5,1.7,26.7,0.743,-2.9194,-1.577,holdout,28.0,2022,-1.1316,5,End of Bench,-4.6,-0.9,12.97,0.6,4,102,True,1
b71479b4-59be-5a3c-979f-99433fb707ea,John Butler,Florida St.,Fr,19.6,85.0,F,47.0,16.4,0.5116,0.506,4.0,15.9,7.5,15.8,7.5,1.4,15.1,0.44,-0.4121,3.2573,holdout,,2022,,5,End of Bench,,,,0.0,1,19,False,0
3d4ae741-906a-5e94-94d3-32eb933195d6,Dalen Terry,Arizona,So,20.0,79.0,G,64.2813,14.8293,0.5662,0.3688,4.8105,12.9624,19.5012,19.5972,1.3707,2.3917,29.5159,0.703,3.8674,2.8209,holdout,18.0,2022,-0.8338,5,End of Bench,-2.6,-0.5,12.33,3.1,4,218,True,3
0dce91d6-d3c1-5d33-a05d-4fded2579beb,Jared Rhoden,Seton Hall,Sr,22.8,78.0,W,78.3455,23.1201,0.5069,0.3279,4.6651,17.6899,8.6268,12.6931,1.6704,2.0765,32.4954,0.7911,1.4494,1.6074,holdout,,2022,,5,End of Bench,,,,1.0,3,45,False,0
7def6348-b679-559b-a9c3-8a9e6624cc13,Moussa Diabate,Michigan,Fr,20.4,83.0,C,58.5,20.1,0.5647,0.065,11.9,17.0,6.2,17.5,3.7,0.8,38.9,0.619,1.7715,1.7959,holdout,43.0,2022,0.166,4,Role Player,-0.1,2.7,21.81,11.3,4,177,True,2
71ca4707-987d-52fc-a002-32b048ec8002,Peyton Watson,UCLA,Fr,19.8,80.0,F,28.4,21.2,0.3941,0.263,8.1,18.7,10.1,21.0,5.3,2.8,27.1,0.688,-2.5348,4.9481,holdout,30.0,2022,-0.197,5,End of Bench,-1.7333,0.3,23.48,7.9,4,225,True,3
003f2af6-ce53-563c-a5eb-4022823f3fed,Kenneth Lofton Jr.,Louisiana Tech,So,19.9,79.0,F,65.2964,32.8072,0.5733,0.036,13.4806,27.4482,21.7619,19.636,2.5245,2.459,50.823,0.6527,2.2642,4.2822,holdout,,2022,,5,End of Bench,,,,0.8,2,45,False,0
98c980da-4f33-5f31-a47f-2823af3f6760,Dru Smith,Missouri,Sr,23.5,75.0,G,79.139,22.1234,0.5765,0.3722,2.3109,10.383,25.3699,20.0966,1.2754,3.5757,37.1821,0.8576,4.1073,2.7825,holdout,,2021,0.2561,4,Role Player,2.15,2.25,16.77,4.3,4,108,True,2
7f866a17-9480-5c03-9d1c-b1c23072566e,Wendell Moore Jr.,Duke,Jr,20.8,77.0,G,76.9238,20.4383,0.5712,0.3206,4.7391,13.1447,19.4621,18.5155,0.6273,2.3248,30.1295,0.8163,4.7373,1.355,holdout,26.0,2022,-0.7711,5,End of Bench,-2.7,-0.3,13.86,1.0,4,96,True,1
ef202b45-ff9d-5830-b0ac-70ba5a6784ec,Quenton Jackson,Texas A&M,Sr,23.8,77.0,G,62.7506,25.4506,0.5927,0.3648,2.4576,12.0592,16.6852,21.174,1.6404,3.5071,50.4154,0.7927,2.7681,2.1602,holdout,,2022,-0.373,5,End of Bench,-1.05,0.3,16.6,2.6,4,89,True,2
63cf9a99-8078-573f-921f-880c2ab54344,Xavier Cooks,Winthrop,Sr,22.9,80.0,F,71.9566,29.6399,0.5644,0.2154,7.2367,23.991,21.4431,20.046,6.8985,1.6736,40.2719,0.6884,0.2633,3.8698,train,,2018,,5,End of Bench,,,,0.2,1,10,False,0
5b8ec4e0-35d3-59ab-ac51-f3c716f44d65,Jason Preston,Ohio,Jr,21.9,76.0,G,78.8196,23.7707,0.5656,0.2927,3.0899,18.5732,36.2399,20.2903,0.6054,2.0436,25.1189,0.6673,3.3845,1.6333,holdout,33.0,2021,,5,End of Bench,,,,0.1,2,21,False,0
48bfe0b3-bd66-5f04-ab38-2910b9fba52d,Vince Williams Jr.,VCU,Sr,21.8,78.0,G,70.24,21.3612,0.5995,0.5385,4.1653,16.8934,17.5641,21.8842,2.8599,2.7412,38.9617,0.8026,2.7939,4.0979,holdout,47.0,2022,-0.1522,4,Role Player,-1.5,0.6,23.15,3.2,4,134,True,3
05a26f55-dce2-5eed-8e94-52c32c28938d,Josh Minott,Memphis,Fr,19.6,80.0,F,36.7,21.7,0.5714,0.088,12.8,15.7,12.8,16.5,5.4,3.1,40.9,0.754,4.2991,4.2371,holdout,45.0,2022,0.0574,4,Role Player,2.35,1.95,11.68,4.0,4,142,True,2
76a93a09-ba9b-521e-a9c3-c8cbb968d57f,Buddy Boeheim,Syracuse,Sr,22.6,78.0,G,85.778,23.6772,0.5376,0.5283,1.719,6.9487,15.178,11.1053,0.3209,2.1692,18.2274,0.8482,4.9259,-1.6086,holdout,,2022,,5,End of Bench,,,,-0.1,3,24,False,0
11912acb-b26e-589e-9828-b6f5c6717952,Justin Minaya,Providence,Sr,23.2,79.0,W,73.3813,12.9214,0.499,0.5509,7.3068,13.0339,9.7058,15.9328,2.6828,1.3817,23.6496,0.5891,2.386,3.0247,holdout,,2022,-1.3478,5,End of Bench,-5.6,-0.9,11.21,0.0,3,57,False,1
516af4e3-03b7-512c-b869-3c98ef441bd7,Isaiah Mobley,USC,Jr,22.8,82.0,F,73.2747,21.4951,0.5278,0.2731,8.5886,18.5834,15.7048,14.825,2.9929,1.2433,38.9914,0.6294,3.4786,3.0333,holdout,49.0,2022,,5,End of Bench,,,,0.2,3,23,False,0
7aa8791e-4372-58f7-afcd-df2ee5a60f56,Jordan Hall,Saint Joseph's,So,20.4,79.0,G,84.3471,25.2531,0.4999,0.4826,2.9776,17.7306,35.0612,22.0673,0.4082,2.0612,18.1794,0.744,1.7029,1.4712,holdout,,2022,,5,End of Bench,,,,-0.1,1,9,False,0
162ca6cc-ecc0-5df2-b637-40d8f3701c51,Keon Ellis,Alabama,Sr,22.5,78.0,G,69.6087,16.391,0.6147,0.6141,6.1632,15.275,10.2215,17.584,2.0292,3.4,36.9889,0.847,5.4728,3.5734,holdout,,2022,0.3252,4,Role Player,0.8667,3.3,21.07,9.7,4,225,True,3
e89bb941-8660-50aa-83b3-53fe5b63ca75,Jamaree Bouyea,San Francisco,Sr,23.0,74.0,G,86.1839,23.1747,0.5642,0.384,1.9338,13.0093,21.6101,15.86,1.892,2.8116,21.4304,0.7329,3.5879,2.5055,holdout,,2022,-0.3344,5,End of Bench,-0.4,0.9,14.0,0.8,4,65,True,1
dd085c0f-8658-5b07-a9f3-0718357f91cb,JD Davison,Alabama,Fr,19.7,75.0,G,64.3,20.7,0.5585,0.388,4.5,15.1,29.4,29.2,1.4,2.1,37.9,0.728,2.4123,1.5341,holdout,53.0,2022,,5,End of Bench,,,,0.6,4,64,False,0
ab9237c5-c458-53e6-ac97-40ab2d23b462,Jack White,Duke,Sr,22.9,79.0,W,38.9651,11.166,0.5157,0.6701,6.2012,15.504,6.4598,20.4256,4.5065,2.2352,22.9635,0.7825,1.8802,4.6201,holdout,,2020,,5,End of Bench,,,,0.0,2,21,False,0
72ad2580-ea70-5c72-a0a4-3f9a45c691ce,Tyrese Martin,Connecticut,Sr,23.3,78.0,W,72.0649,20.4797,0.5263,0.3202,8.5563,17.1566,9.4771,15.5735,1.5719,1.6991,27.3646,0.6777,2.8535,1.3065,holdout,51.0,2022,-0.6153,5,End of Bench,-3.0,-0.75,19.74,1.0,3,122,True,2
0b7339c7-ed7d-58c4-a900-2c5442110697,Ryan Rollins,Toledo,So,20.0,76.0,G,79.9276,27.045,0.5488,0.3289,2.837,15.5693,18.5328,15.0359,0.7751,2.6503,31.1699,0.8025,2.4044,0.4539,holdout,44.0,2022,0.2456,4,Role Player,-0.15,2.4,24.58,5.1,4,155,True,2
573dac5b-2f71-5c9d-8bee-2c6cce0cc003,Ron Harper Jr.,Rutgers,Sr,22.2,78.0,G,79.3375,22.2385,0.5556,0.435,4.0643,16.0979,10.6192,11.5568,2.3998,1.675,29.5132,0.7621,3.4933,1.6139,holdout,,2022,,5,End of Bench,1.1,0.9,10.97,1.0,4,40,True,1
5e4d747b-1f0b-59b3-ac9d-3d286ac510f4,Cole Swider,Syracuse,Sr,23.1,81.0,F,72.581,17.5095,0.5786,0.5991,4.0356,16.0182,7.7882,12.0948,1.1726,1.5146,15.784,0.8213,3.9198,0.2628,holdout,,2022,,5,End of Bench,,,,0.0,3,35,False,0
f5eab13c-adcc-5063-9ac6-56c061e5d752,Jacob Gilyard,Richmond,Sr,23.9,69.0,G,94.4576,19.2912,0.5637,0.6262,1.3106,8.6877,25.9512,13.4029,0.3328,4.7776,26.2747,0.842,5.2045,2.0759,holdout,,2022,,5,End of Bench,-1.4,0.3,17.05,1.5,2,42,False,1
f6df8f9c-189d-5d26-9f94-276a74c9fb92,Kendall Brown,Baylor,Fr,19.1,80.0,W,67.0,17.5,0.6299,0.181,7.3,13.7,12.3,21.0,1.5,2.2,32.7,0.689,4.218,3.568,holdout,48.0,2022,,5,End of Bench,,,,0.2,2,21,False,0
9ad8f144-e588-5fdb-832b-e19037ec5331,Raiquan Gray,Florida St.,Jr,22.0,80.0,W,57.5906,22.5424,0.5527,0.1846,6.7642,18.9293,14.8736,21.6544,3.2213,2.8353,44.1751,0.7438,2.1299,4.201,holdout,59.0,2021,,5,End of Bench,,,,0.3,2,4,False,0
f27e38e6-2eb6-5791-ba2a-915ff9113b5a,Scotty Pippen Jr.,Vanderbilt,Jr,21.6,75.0,G,77.8818,33.2596,0.5479,0.3656,2.9447,8.9083,32.6638,18.2501,0.5864,3.1712,56.5834,0.7697,5.0223,0.5041,holdout,,2022,0.4613,4,Role Player,1.6,3.15,22.1,5.8,4,116,True,2
e2e0b7f4-6967-539f-add4-bdad984907a1,Darius Days,LSU,Sr,22.7,79.0,F,67.0651,19.9761,0.5765,0.5268,9.1858,20.8211,5.6666,11.6423,1.3406,2.6001,20.6006,0.7125,4.9728,1.1109,holdout,,2022,,5,End of Bench,,,,0.1,1,4,False,0
cfb2c054-204f-5f70-b2b6-c8db978ffc2b,Chance Comanche,Arizona,So,21.2,83.0,C,41.7911,17.5099,0.5992,0.0,7.9982,15.7982,3.9684,19.2304,2.5584,0.4,47.5093,0.7258,0.4534,1.3007,train,,2017,,5,End of Bench,,,,0.0,1,1,False,0
96095c16-3aab-5094-9737-a58e9ce52482,Lester Quinones,Memphis,Jr,21.6,77.0,G,66.4978,16.8518,0.5849,0.5821,4.9075,11.7943,10.7231,17.6007,0.5719,2.0985,38.4672,0.735,3.9075,1.4959,holdout,,2022,-0.9871,5,End of Bench,-3.3,-0.3,10.65,0.5,3,54,False,1
ab1149db-e309-53ed-bf7b-150ec9960c48,Dereon Seabron,N.C. State,So,22.1,79.0,G,78.9374,24.9076,0.5471,0.1242,7.7188,18.0425,17.1055,16.1548,0.6011,2.3,46.4507,0.6872,3.2821,0.4015,holdout,,2022,,5,End of Bench,,,,0.1,2,11,False,0
2f4b29be-c184-5a36-be04-6a945063be15,Trevor Keels,Duke,Fr,18.8,76.0,G,69.5,20.1,0.5201,0.493,3.3,9.0,14.6,12.1,0.2,2.3,27.6,0.67,4.8467,-0.0173,holdout,42.0,2022,,5,End of Bench,,,,-0.1,2,11,False,0
f080c55b-1e8f-5709-88b7-f3fc29da52ef,Alondes Williams,Wake Forest,Sr,23.0,77.0,G,72.5517,27.2301,0.5631,0.2819,4.7472,14.4663,25.8828,19.0352,1.1806,1.963,34.3024,0.7121,3.1584,1.708,holdout,,2022,,5,End of Bench,,,,0.1,4,13,False,0
43402019-244b-54ba-98ea-540ecc27fec3,Stanley Umude,Arkansas,Sr,23.2,78.0,W,73.4808,25.734,0.5542,0.3336,3.4039,17.8388,12.9519,14.5832,2.957,1.516,30.8136,0.746,1.3764,1.1645,holdout,,2022,,5,End of Bench,-1.6,0.0,12.79,0.3,4,49,True,1
23f7336a-e556-5f47-b2f4-345ee3dd386f,Chet Holmgren,Gonzaga,Fr,20.2,84.0,F,67.3,21.4,0.6911,0.375,8.0,28.7,11.4,17.9,11.9,1.6,35.4,0.717,5.3707,9.6336,holdout,2.0,2022,1.3255,2,All-Star,3.3333,7.4,28.89,21.2,3,183,True,3
904d4d97-bd7e-5cd1-bde2-f41974bb009f,Duop Reath,LSU,Sr,22.0,83.0,F,63.5844,23.9322,0.5691,0.135,9.2161,16.2825,5.7365,16.8488,5.0649,1.0635,29.3009,0.6195,0.5733,0.2787,train,,2018,-0.4305,5,End of Bench,-0.7,0.6,13.29,4.0,3,146,True,3
138272d9-672e-5ff7-90b5-f2880b38c78e,Javon Freeman-Liberty,DePaul,Sr,22.7,76.0,G,67.7614,28.649,0.523,0.3057,5.4595,15.2508,19.4754,14.1092,0.4634,2.9868,35.1425,0.7365,4.0497,0.688,holdout,,2022,,5,End of Bench,-5.2,-0.9,18.32,0.2,1,22,False,1
6963f9ed-f5d7-50d1-aa69-0d8641047c1c,Collin Gillespie,Villanova,Sr,23.0,75.0,G,79.6246,22.3721,0.5908,0.5946,1.5308,10.924,22.3031,13.7242,0.0459,1.9136,29.2087,0.8716,6.0997,0.7448,holdout,,2022,0.7992,3,Quality Starter,2.5,4.65,24.27,7.9,3,137,True,2
228fc79f-a483-5d04-bee8-a2ad00a79f77,Jules Bernard,UCLA,Sr,22.4,79.0,G,68.8079,20.1893,0.5506,0.4391,4.1393,15.4703,10.2775,12.0349,0.8119,1.6464,35.6575,0.7903,3.979,1.3401,holdout,,2022,,5,End of Bench,,,,0.1,1,19,False,0
3dce1523-83e0-5f16-aea6-8e050e5d601d,Mouhamadou Gueye,Pittsburgh,Sr,24.0,81.0,F,68.2336,19.7713,0.532,0.3588,6.8512,20.4543,11.2099,19.9497,10.1123,1.2734,29.335,0.747,-1.0476,5.262,holdout,,2022,,5,End of Bench,,,,-0.3,2,13,False,0
837ce880-e12d-510b-9530-b85372226433,Matthew Hurt,Duke,So,21.2,81.0,F,73.5027,20.6187,0.6464,0.4372,5.8865,15.7131,7.9808,10.3005,2.386,1.2762,25.271,0.7281,6.6241,0.3847,holdout,,2021,,5,End of Bench,,,,0.1,1,8,False,0
322edde8-d911-5fcc-bbba-4ff998d76306,Malik Williams,Louisville,Sr,23.8,83.0,F,46.6193,21.3081,0.5242,0.3657,9.2405,26.2378,7.1393,14.7786,3.2269,2.5594,31.8284,0.631,1.2254,3.3337,holdout,,2022,,5,End of Bench,,,,-0.2,1,7,False,0
b1d4e131-f2da-5967-9c9e-8e86da542823,Jermaine Samuels,Villanova,Sr,23.6,79.0,F,72.2019,20.4182,0.5738,0.3694,7.5171,17.8765,12.1986,14.1958,2.4217,1.5491,41.2329,0.7719,3.8828,2.9099,holdout,,2022,,5,End of Bench,,,,0.2,1,14,False,0
f5d73fb3-ce0b-50db-a6d4-eb42bef1d7d8,Taze Moore,Houston,Sr,24.0,77.0,G,63.0269,22.3258,0.529,0.3328,5.7624,13.8594,19.1191,17.7581,3.2781,3.3039,20.1604,0.7298,2.9489,3.7879,holdout,,2022,,5,End of Bench,,,,-0.1,2,6,False,0
de159191-b213-5fce-a0c6-f0871e244bf5,D.J. Carton,Marquette,So,20.9,74.0,G,69.7403,24.9597,0.5574,0.4262,2.2796,11.9016,24.3372,24.2979,1.5194,2.0806,37.0811,0.7462,2.1455,1.7317,holdout,,2021,,5,End of Bench,,,,-0.1,2,8,False,0
d36c9ee6-f3d6-59fa-8a2d-ed2b512f0672,Pat Spencer,Northwestern,Sr,24.0,75.0,G,72.6,23.8,0.5055,0.182,2.7,12.9,29.2,19.4,0.9,1.6,28.9,0.815,1.412,0.6462,holdout,,2020,-0.6406,5,End of Bench,-1.95,-0.15,14.09,1.7,3,111,True,2
0ebc1064-01d5-57a0-bf15-49154d358f79,E.J. Liddell,Ohio St.,Jr,21.5,79.0,F,75.1909,28.9462,0.5851,0.2713,8.395,18.8141,14.4257,14.2582,6.9777,1.1214,52.8827,0.7561,5.3233,3.6478,holdout,41.0,2022,,5,End of Bench,-3.3,-0.3,13.42,0.6,3,46,True,1
9a5d56ea-e6d2-5d6e-a143-099f2cc857f1,Jordan Ford,Saint Mary's,Sr,22.1,73.0,G,89.4491,26.2376,0.597,0.3637,1.9692,8.3616,13.8738,9.9858,0.1098,2.1436,27.5129,0.8159,5.905,-0.4024,holdout,,2020,,5,End of Bench,,,,0.1,1,6,False,0
4410f831-33cb-5f5f-b6c7-58e99ebc7830,Filip Petrusev,Gonzaga,So,21.2,83.0,C,58.104,29.1626,0.6049,0.0647,10.3697,22.4322,9.3679,14.3393,3.1768,1.2196,63.5982,0.6868,2.947,0.9524,holdout,50.0,2021,,5,End of Bench,,,,0.0,1,3,False,0
12d25622-9d73-5945-8156-b5339892ed6d,Kaiser Gates,Xavier,Jr,21.6,80.0,F,51.7784,13.3857,0.5796,0.7646,5.4853,16.6341,5.7931,12.2511,1.1876,1.2132,29.6914,0.7818,4.1769,1.4422,train,,2018,,5,End of Bench,,,,-0.1,1,1,False,0
1c7e3ea2-6589-55ca-bdbf-fbd32088a40a,Jalen Crutcher,Dayton,Sr,21.9,73.0,G,88.5286,24.5494,0.5823,0.4739,1.3185,9.6347,27.3793,17.8096,0.2371,1.3603,32.4877,0.7764,4.2853,-0.3886,holdout,,2021,,5,End of Bench,,,,0.0,1,1,False,0
602e0586-6577-546d-a1b0-9d3047bba41d,Izaiah Brockington,Iowa St.,Sr,23.0,76.0,G,77.8833,24.439,0.516,0.1885,4.9718,17.1377,11.4141,13.9568,0.89,2.1864,28.9822,0.7796,0.6881,1.9094,holdout,,2022,,5,End of Bench,,,,0.0,1,1,False,0
fba487d6-7211-5951-a74b-3fc46457be78,Alex Reese,Alabama,Sr,22.1,81.0,F,43.0649,18.8039,0.4978,0.6778,5.1989,16.1484,7.6497,14.4779,3.4367,1.4483,15.7719,0.6804,1.36,1.8397,holdout,,2021,,5,End of Bench,,,,0.5,1,15,False,0
79884c1e-e147-543d-a018-846dd5b6294b,Tyson Etienne,Wichita St.,So,22.8,74.0,G,80.7861,22.5985,0.5156,0.6128,1.5253,8.2489,13.7084,12.1994,0.1945,1.9529,29.0791,0.7703,3.1927,-0.5531,holdout,,2022,,5,End of Bench,-2.8,-0.3,15.83,0.4,2,31,True,1
ea9aaa83-27e0-55cb-a532-0545f0bf758a,Elijah Harkless,Oklahoma,Sr,22.4,75.0,G,57.844,20.7777,0.5122,0.3566,3.8043,15.6798,13.8557,21.6651,0.8439,3.1177,32.5172,0.6443,0.4602,2.1022,holdout,,2022,,5,End of Bench,-5.6,-1.5,20.96,0.2,2,36,True,1
ed4e28c6-3323-5971-b87c-4f58de963d59,Kylor Kelley,Oregon St.,Sr,22.8,84.0,C,68.7531,16.842,0.6333,0.0036,7.4574,15.1434,5.8562,13.5012,14.1722,0.5858,47.9257,0.6616,1.053,5.9198,holdout,,2020,,5,End of Bench,,,,0.3,1,11,False,0
9421d411-325e-520e-be9e-6fc584538946,Jaylen Sims,UNC Wilmington,Sr,23.5,78.0,G,78.1288,24.7858,0.5323,0.4137,3.411,15.979,12.8904,13.2089,0.5756,1.7508,49.4395,0.7838,1.4679,-1.6837,holdout,,2022,,5,End of Bench,,,,0.1,1,6,False,0
bff7535a-a08a-58ea-88d5-902fe7390ba0,Daeqwon Plowden,Bowling Green,Sr,23.8,78.0,F,75.237,22.9501,0.5279,0.3068,8.2657,16.6809,6.5069,13.0467,3.8047,1.6419,32.0428,0.7627,0.8747,-0.399,holdout,,2022,,5,End of Bench,-4.4,-1.5,26.38,1.0,2,38,True,1
b2558125-715b-5957-a52b-f8ffd2161df9,Jackson Rowe,Cal St. Fullerton,Sr,23.5,79.0,F,63.5864,22.4604,0.5988,0.3,6.1577,21.5133,13.0014,20.0485,3.6852,1.551,47.2017,0.6999,0.7642,2.0401,holdout,,2020,,5,End of Bench,,,,0.2,1,6,False,0
3ad43a28-a4ce-56cc-8a52-9c4b20932135,Jack McVeigh,Nebraska,Jr,22.0,80.0,W,42.2248,15.6799,0.4986,0.668,3.2092,10.7925,5.6254,14.1172,1.3384,1.6921,17.2359,0.8061,0.5934,0.3514,train,,2018,,5,End of Bench,,,,0.0,1,9,False,0
3eb5bc9d-fd10-5e4f-a7f2-e445529ebbf5,Ethan Thompson,Oregon St.,Sr,22.1,77.0,G,85.4241,25.1441,0.54,0.3714,2.7411,11.57,25.2416,18.2091,1.0864,2.0116,44.047,0.7862,3.3588,0.189,holdout,,2021,,5,End of Bench,-4.9,-1.5,20.41,0.3,1,32,True,1
8fa8004e-11e8-582f-b74a-b98f67e56894,Lucas Williamson,Loyola Chicago,Sr,23.4,76.0,G,74.8031,20.6222,0.5736,0.5879,2.8287,15.5354,16.022,16.8029,1.0633,2.8252,33.6358,0.7256,2.6417,3.1377,holdout,,2022,,5,End of Bench,,,,0.0,1,7,False,0
e9875bc0-63f0-5d2b-894d-f04ffbdc7650,Alex Morales,Wagner,Sr,24.6,78.0,G,81.8192,27.8337,0.5313,0.214,7.7837,18.3173,23.5504,17.492,1.5797,2.829,35.3992,0.7263,2.256,1.1438,holdout,,2022,,5,End of Bench,,,,-0.1,1,4,False,0
cb86b7b7-5ac1-5da2-af2f-2fee74e17c9a,Trent Plaisted,BYU,Jr,21.5,83.0,C,66.7,30.3,0.5506,0.0,9.4,21.2,13.8,16.8,3.7,0.9,68.7,0.54,-0.1788,3.1906,train,46.0,2008,,5,End of Bench,,,,,0,0,False,0
dc427bbf-218b-5674-a0bf-e31e566e5596,Richard Hendrix,Alabama,Jr,21.5,81.0,F,73.1,26.2,0.5936,0.018,13.1,23.5,11.5,12.3,7.2,2.4,52.5,0.537,5.205,4.5293,train,49.0,2008,,5,End of Bench,,,,,0,0,False,0
71689179-7c4c-54bf-9166-7228e4940240,DeVon Hardin,California,Sr,22.5,83.0,C,53.5,19.9,0.5841,0.0,9.4,26.4,5.3,17.6,5.9,1.4,74.6,0.636,1.2871,2.9603,train,50.0,2008,,5,End of Bench,,,,,0,0,False,0
546c4f33-5181-5ca5-ba3c-ca7f608956db,Shan Foster,Vanderbilt,Sr,22.5,78.0,W,82.2,21.5,0.6793,0.618,4.1,12.3,10.7,13.1,0.7,1.8,20.7,0.76,7.7916,0.6825,train,51.0,2008,,5,End of Bench,,,,,0,0,False,0
fb348b75-ac13-5016-a15d-66ff905682e0,Maarty Leunen,Oregon,Sr,22.5,81.0,F,85.8,19.0,0.6959,0.427,7.9,23.5,15.5,14.1,1.1,1.5,50.5,0.789,8.7799,1.9029,train,54.0,2008,,5,End of Bench,,,,,0,0,False,0
caadfaee-32d6-5e3f-958c-c62edbbe5baa,James Gist,Maryland,Sr,22.5,81.0,F,77.4,23.7,0.5644,0.182,6.7,18.9,9.0,19.9,6.7,2.2,39.9,0.737,1.2427,4.6183,train,57.0,2008,,5,End of Bench,,,,,0,0,False,0
a78e99be-da5b-573b-9222-3d31de315eb9,Deron Washington,Virginia Tech,Sr,22.5,79.0,W,81.6,22.8,0.5022,0.19,6.9,15.6,14.2,16.3,2.1,1.7,62.0,0.671,1.7634,3.352,train,59.0,2008,,5,End of Bench,,,,,0,0,False,0
d58f77d5-a8ee-5f3d-9a09-69a4fc18bc54,Goran Suton,Michigan St.,Sr,22.5,82.0,F,60.128,19.0513,0.6009,0.1458,13.0973,23.3425,12.4203,20.6513,2.869,2.5628,31.1214,0.8212,5.1844,5.6429,train,50.0,2009,,5,End of Bench,,,,,0,0,False,0
b19a49ce-3bf9-5d12-9703-cfa0e458a04b,Jack McClinton,Miami FL,Sr,22.5,73.0,G,78.0529,26.387,0.6042,0.5144,1.7776,8.1329,19.8294,18.0,0.1,1.3682,29.5953,0.8934,6.1103,-0.8651,train,51.0,2009,,5,End of Bench,,,,,0,0,False,0
8f0c6d80-1dc6-59d9-9ad4-a08361e558b7,Robert Vaden,UAB,Sr,22.5,77.0,W,88.4733,26.3715,0.5432,0.6332,2.0122,12.221,13.4029,16.1436,1.4163,1.668,20.8308,0.7793,3.6671,1.0537,train,54.0,2009,,5,End of Bench,,,,,0,0,False,0
f413a7ed-bdde-5638-a2c8-ecb6b41cb079,Ahmad Nivins,Saint Joseph's,Sr,22.5,81.0,F,91.9691,22.0412,0.6737,0.0021,11.3747,19.7571,5.182,19.0403,4.4815,1.2704,77.0888,0.7734,2.8836,1.7896,train,56.0,2009,,5,End of Bench,,,,,0,0,False,0
20e48abd-dde1-5a11-9846-8c2016edfb5c,Chinemelu Elonu,Texas A&M,Jr,21.5,82.0,F,53.3522,20.3246,0.6398,0.0,13.5284,21.8168,2.9603,23.6392,6.519,0.7698,59.8621,0.5923,1.586,2.8198,train,59.0,2009,,5,End of Bench,,,,,0,0,False,0
d0d26ae8-0b54-5db7-b56d-101649df50f6,Robert Dozier,Memphis,Sr,22.5,81.0,F,70.8946,20.6021,0.5668,0.1582,10.7568,16.6705,8.6463,17.8589,5.9979,2.4716,50.2188,0.7079,3.2035,6.5962,train,60.0,2009,,5,End of Bench,,,,,0,0,False,0
9ad7de3e-aa52-5c90-8a6d-9ecd83078401,Terrico White,Mississippi,So,20.5,77.0,G,76.6945,22.627,0.5262,0.4236,4.554,9.7054,11.5326,12.0623,0.6973,1.6,24.881,0.6861,4.0299,-0.7586,train,36.0,2010,,5,End of Bench,,,,,0,0,False,0
68e77e64-1ce8-52cb-b258-c16a9f360ccc,Da'Sean Butler,West Virginia,Sr,22.5,79.0,G,84.83,24.1396,0.5398,0.3658,6.0314,14.7809,16.0971,14.0097,1.1145,1.8571,37.478,0.7612,5.3716,1.8064,train,42.0,2010,,5,End of Bench,,,,,0,0,False,0
1c18c0d6-21be-51e6-9533-b2c88e0a0b7e,Tiny Gallon,Oklahoma,Fr,19.5,81.0,F,57.0,24.7,0.5843,0.076,13.2,25.5,7.6,23.4,3.3,1.7,39.9,0.697,0.4609,1.4193,train,47.0,2010,,5,End of Bench,,,,,0,0,False,0
205bb406-984d-5647-b09a-8f75102eca35,Magnum Rolle,Louisiana Tech,Sr,22.5,83.0,C,69.2422,24.3955,0.5483,0.0024,12.8567,19.364,6.9048,17.0299,7.2364,1.6773,40.3097,0.6582,0.1331,3.4752,train,51.0,2010,,5,End of Bench,,,,,0,0,False,0
c4d5cc55-365f-5d59-8c01-9d3fa10822e2,Stanley Robinson,Connecticut,Sr,22.5,81.0,W,75.9978,19.8206,0.5607,0.1935,8.995,14.64,7.2552,18.7065,3.4849,1.4451,25.6739,0.6417,2.4524,2.4088,train,59.0,2010,,5,End of Bench,,,,,0,0,False,0
a85b0266-99be-5b51-91f0-1d0015e5f656,Dwayne Collins,Miami FL,Sr,22.5,80.0,C,55.4444,25.0086,0.5887,0.0,13.9879,20.3611,10.0313,20.6618,4.0432,1.8199,79.8478,0.5568,2.8023,2.5194,train,60.0,2010,,5,End of Bench,,,,,0,0,False,0
057dd3f3-62c8-5d6d-bb7e-a1b71825bfab,Jon Diebler,Ohio St.,Sr,23.0,78.0,G,88.6763,14.3357,0.6745,0.8059,1.2056,8.3246,10.6044,13.0091,0.4746,1.7859,25.0545,0.8252,6.9922,1.5161,train,51.0,2011,,5,End of Bench,,,,,0,0,False,0
40625c4c-acf0-5aaf-9cab-516ff7e3531f,Ater Majok,Connecticut,Fr,19.5,82.0,C,28.2,11.9,0.4248,0.0,9.6,12.3,1.9,26.6,10.1,0.6,37.3,0.409,-3.2125,4.7638,train,58.0,2011,,5,End of Bench,,,,,0,0,False,0
e9fefa05-2e57-5f0c-9d20-e7cccb4b7293,Marcus Denmon,Missouri,Sr,22.3,75.0,G,78.6198,21.4046,0.6152,0.5369,3.938,12.1327,11.7083,9.3763,0.2245,2.8296,30.1181,0.8354,7.7369,0.1911,train,59.0,2012,,5,End of Bench,,,,,0,0,False,0
94c2a5c9-b28c-5831-bb1b-1268f9c40406,Romero Osby,Oklahoma,Sr,23.1,80.0,F,68.2619,23.7545,0.5789,0.0776,8.63,18.4338,8.7075,13.5086,3.3546,1.205,52.6908,0.7541,3.7236,1.759,train,51.0,2013,,5,End of Bench,,,,,0,0,False,0
53802603-79df-554b-8f05-7ed8c398f574,Colton Iverson,Colorado St.,Sr,24.0,82.0,C,64.3482,23.1018,0.5635,0.0,12.7002,23.4166,9.8946,19.7041,3.7199,1.0774,69.9157,0.5727,2.479,2.0657,train,53.0,2013,,5,End of Bench,,,,,0,0,False,0
bfc79866-2045-5af4-a000-6b33cea4d64a,Arsalan Kazemi,Oregon,Sr,23.2,79.0,F,68.9692,19.3162,0.6142,0.004,11.4292,29.1566,10.6992,17.8182,2.9401,3.762,81.1232,0.6776,3.0355,5.5704,train,54.0,2013,,5,End of Bench,,,,,0,0,False,0
7d04c79a-968e-5086-9c40-b650905c2f71,Alex Oriakhi,Missouri,Sr,23.0,81.0,C,62.5229,18.3384,0.6026,0.0005,12.9153,19.2127,2.6303,16.6145,6.2507,0.9682,55.8827,0.6739,2.1295,2.5265,train,57.0,2013,,5,End of Bench,,,,,0,0,False,0
79ba59d3-6356-5dbf-b02b-cd3335aa9189,Deshaun Thomas,Ohio St.,Jr,21.8,79.0,W,81.9198,25.5353,0.565,0.3399,7.5789,13.2084,7.7346,9.7443,0.9904,0.8936,27.3007,0.8068,5.9531,0.112,train,58.0,2013,,5,End of Bench,,,,,0,0,False,0
6ee7f043-e724-59c9-bbe9-5b6339824712,Deandre Daniels,Connecticut,Jr,22.2,81.0,F,66.4973,22.2176,0.5446,0.2915,6.1149,16.2155,4.4086,14.8736,5.2195,1.5522,24.8227,0.7617,0.324,2.6112,train,37.0,2014,,5,End of Bench,,,,,0,0,False,0
53b1da55-6629-526c-b34a-34536d5d35ca,Alec Brown,Green Bay,Sr,21.9,85.0,F,74.3992,24.9275,0.5568,0.2174,8.3839,14.5166,7.753,18.1836,8.798,1.187,37.3979,0.7529,0.0879,2.8528,train,50.0,2014,,5,End of Bench,,,,,0,0,False,0
ceaaaf3e-f89b-5f1a-bb34-1a033c4255ab,Xavier Thames,San Diego St.,Sr,23.4,75.0,G,74.3996,24.7604,0.5283,0.3471,2.0275,8.7159,22.1505,14.1977,0.6776,2.8107,47.7015,0.8283,4.4764,1.6545,train,59.0,2014,,5,End of Bench,,,,,0,0,False,0
1e35cc91-47f2-5786-ab09-58949984c0a7,Olivier Hanlan,Boston College,Jr,22.4,76.0,G,90.511,28.2385,0.5692,0.39,2.3175,11.2445,24.801,15.314,0.1415,1.9038,40.2455,0.7721,5.2102,-1.0598,train,42.0,2015,,5,End of Bench,,,,,0,0,False,0
aa2ed9dd-7465-5f3f-b98b-38f1a5f717a0,Marcus Thornton,William & Mary,Sr,22.4,76.0,G,90.3796,27.2764,0.5842,0.516,1.0311,7.4008,17.2387,15.5707,0.6297,1.3221,31.9558,0.802,3.3006,-4.3305,train,45.0,2015,,5,End of Bench,,,,,0,0,False,0
b1c0dc36-e6bd-5e70-b648-8e4154ec7b55,Aaron White,Iowa,Sr,22.8,81.0,W,74.1527,22.1001,0.6296,0.1742,7.7739,17.9725,10.5141,13.1476,2.0251,2.3889,71.5299,0.8005,6.2472,2.8085,train,49.0,2015,,5,End of Bench,,,,,0,0,False,0
b924325c-cde8-52aa-a47a-3e7104c1e353,Tyler Harvey,Eastern Washington,Jr,21.9,76.0,G,84.9801,25.7496,0.6211,0.5795,2.1685,9.7957,14.3778,12.6324,0.4631,1.7899,36.9989,0.8521,5.6002,-3.3594,train,51.0,2015,,5,End of Bench,,,,,0,0,False,0
c847d342-0619-5c57-8143-232570abc573,Sir'Dominic Pointer,St. John's,Sr,23.1,78.0,F,76.6023,19.9358,0.5498,0.1051,5.2906,16.3811,17.5223,17.8898,6.4047,3.2376,44.3159,0.7067,2.2488,5.938,train,53.0,2015,,5,End of Bench,,,,,0,0,False,0
6fb6a81e-f80c-5466-87d8-34bed0bb0b63,Cady Lalanne,Massachusetts,Sr,23.2,81.0,C,69.2158,20.5135,0.584,0.0589,13.3074,21.4005,2.0445,21.2282,6.6384,1.1028,52.7319,0.655,-0.3854,1.9402,train,55.0,2015,,5,End of Bench,,,,,0,0,False,0
93b2a38f-f17d-5009-bbc5-54fb47260071,J.P. Tokoto,North Carolina,Jr,21.8,77.0,G,69.148,19.4643,0.4911,0.1235,6.8491,14.3452,22.1613,21.922,1.5264,3.077,40.685,0.5676,3.0914,4.2856,train,58.0,2015,,5,End of Bench,,,,,0,0,False,0
64945eb2-bd7f-58d7-be55-4234620408bf,Isaiah Cousins,Oklahoma,Sr,22.3,76.0,G,78.1657,21.1948,0.5131,0.3776,2.9017,11.7592,20.5119,18.4593,0.97,2.3403,23.6578,0.6816,2.8129,2.3325,train,59.0,2016,,5,End of Bench,,,,,0,0,False,0
1fa94e6c-e0f6-50e5-9590-027b336e7738,Justin Jackson,Maryland,So,21.3,79.0,F,51.2448,21.5563,0.5218,0.3937,8.9161,18.3989,8.9793,20.477,3.0,1.7575,33.0103,0.7556,0.9913,2.3781,train,43.0,2018,,5,End of Bench,,,,,0,0,False,0
ea782235-8fbd-59ca-9733-f7a01cc62958,Tony Carr,Penn St.,So,20.7,77.0,G,82.4197,27.9023,0.5138,0.3175,2.7392,13.5956,28.3871,14.5629,0.9,1.3022,34.3844,0.7899,3.8087,0.4914,train,51.0,2018,,5,End of Bench,,,,,0,0,False,0
b790ff6b-032f-5939-9e38-d06828ed4375,Jaylen Hands,UCLA,So,20.4,75.0,G,71.8587,24.4627,0.5345,0.4604,1.6549,11.4554,31.6409,20.7356,0.5546,2.2727,29.3736,0.7685,3.0775,-0.1863,train,56.0,2019,,5,End of Bench,,,,,0,0,False,0
bb44cd90-bbfb-5740-b331-37ff37eb18b5,Justinian Jessup,Boise St.,Sr,22.1,79.0,G,85.5146,19.4771,0.5802,0.6132,2.6289,13.2841,12.7774,11.2759,1.7039,2.1,16.4325,0.8753,4.1516,1.7528,holdout,51.0,2020,,5,End of Bench,,,,,0,0,False,0
75e788dc-8c8e-5ed0-96ec-19ffdafd7dbb,Marcus Zegarowski,Creighton,Jr,22.9,74.0,G,79.2508,22.9219,0.599,0.5236,1.0709,10.6532,24.6592,16.9184,0.2199,2.0698,21.2943,0.7737,5.3327,0.7504,holdout,49.0,2021,,5,End of Bench,,,,,0,0,False,0
53ca5bc8-2e06-57d4-a87c-aee98233c808,Balsa Koprivica,Florida St.,So,21.1,85.0,F,41.7283,21.556,0.6367,0.0056,13.5421,18.4769,7.3525,17.8193,7.0541,1.093,43.5463,0.683,3.4833,3.6431,holdout,57.0,2021,,5,End of Bench,,,,,0,0,False,0
