player_id,player_name,clean_name,birth_date,height_inches,primary_position,draft_year,overall_pick,drafting_team
001a15f5-5e3e-502a-bdf6-97b7300c0a02,Wenyen Gabriel,wenyen gabriel,1997-03-26,81,F,,,
003f2af6-ce53-563c-a5eb-4022823f3fed,Kenneth Lofton Jr.,kenneth lofton,2002-08-14,79,F,,,
00474230-c875-5313-88ef-1065cdd5bc37,C.J. Williams,cj williams,1990-02-06,78,G,,,
0099b257-0e96-520f-a19d-05c9fde7ac4a,Josh Selby,josh selby,1991-03-27,74,G,2011.0,49.0,MEM
00d1a676-6ca5-517c-8035-b25c3593e781,Desmond Bane,desmond bane,1998-06-25,78,G,2020.0,30.0,BOS
021c4a69-d93f-5e36-b10f-456a2ea7a45c,Chris Babb,chris babb,1990-02-14,77,G,,,
024f65fe-f659-5ed9-9123-72bb207b36b9,Alex Kirk,alex kirk,1991-11-14,84,C,,,
02732b99-35a6-57e7-8cdd-0d05227cb926,Will Riley,will riley,2006-02-10,80,W,2025.0,21.0,UTA
02e5d88b-b249-552a-beee-d30e82701ad7,Trey Burke,trey burke,1992-11-12,72,G,2013.0,9.0,MIN
034609b5-ca10-5bef-a517-08c6230a4216,Manny Harris,manny harris,1989-09-21,77,G,,,
03700127-5a6a-55b1-9458-a6a7841c2a75,Lindy Waters III,lindy waters,1997-07-28,78,G,,,
03783743-7fc7-59d1-aff0-a32c326a4929,Scott Machado,scott machado,1990-06-08,73,G,,,
03cb8684-2390-54e1-bf62-835673add564,Derrick Brown,derrick brown,1987-09-08,80,F,2009.0,40.0,CHA
03ebf3d9-8de0-5d5a-bd58-7ad4117b0daa,Jorge Gutierrez,jorge gutierrez,1988-12-27,75,G,,,
04087c39-41f2-58f5-af4a-4fef50866419,Dewayne Dedmon,dewayne dedmon,1989-08-12,84,C,,,
04860b84-3fc0-53b9-8030-ad318317f475,Johnny Juzang,johnny juzang,2001-03-17,79,G,,,
0489f67f-2c8d-5fa1-94ed-1d0bd0a33b9c,Yogi Ferrell,yogi ferrell,1993-05-09,72,G,,,
0525d2e9-4682-50f8-872b-a6c1b6358c72,Greivis Vasquez,greivis vasquez,1987-01-16,78,G,2010.0,28.0,MEM
0559151e-469b-5145-9671-e3ab1ebf55d3,Chris Boucher,chris boucher,1993-01-11,82,F,,,
057dd3f3-62c8-5d6d-bb7e-a1b71825bfab,Jon Diebler,jon diebler,1988-06-22,78,G,2011.0,51.0,POR
05a26f55-dce2-5eed-8e94-52c32c28938d,Josh Minott,josh minott,2002-11-25,80,F,2022.0,45.0,CHO
05bf3a9d-737c-59b5-a26b-a2384bd1fd2c,Coty Clarke,coty clarke,1992-07-04,79,W,,,
05db1466-a42f-5000-979e-0247c32c6786,Sindarius Thornwell,sindarius thornwell,1994-11-15,77,G,2017.0,48.0,MIL
06527228-92c4-51c8-af16-90418e5b7f7e,Labaron Philon,labaron philon,2005-11-24,76,G,2026.0,22.0,PHI
06962ef6-4ddc-510b-96a8-41ef9f28da54,Dexter Dennis,dexter dennis,1999-02-09,77,W,,,
0698b07e-d00b-53c0-aebd-e87a31de5c6f,Emanuel Miller,emanuel miller,2000-06-19,79,G,,,
069ca08e-c111-5ae1-ab6c-29d6ddf8e616,Moritz Wagner,moritz wagner,1997-04-26,83,F,2018.0,25.0,LAL
06b2108a-b465-5d3d-b2ea-f12e032d2712,Marcus Bagley,marcus bagley,2001-10-23,80,W,,,
06d85f67-69aa-51c5-8b15-2fac1b98e54f,Sean Pedulla,sean pedulla,2002-10-10,73,G,,,
0761e2f9-8dbd-5fc0-83ea-0ac221276f57,Lamar Stevens,lamar stevens,1997-07-09,80,W,,,
07732e8b-ad78-5e1a-915f-bb578e7cb3e1,Leaky Black,leaky black,1999-06-14,81,W,,,
0835372f-f336-513d-8330-e5e3489e40a1,Jamel Artis,jamel artis,1993-01-12,79,G,,,
08a82edb-0b17-5690-ad65-f63de7b457e6,Myron Gardner,myron gardner,2001-05-21,77,W,,,
08e12113-370c-5051-b2f3-b0233e35fcf5,Julian Strawther,julian strawther,2002-04-18,79,W,2023.0,29.0,IND
08f8e5e6-6b12-5c67-ad80-770cfe92962f,Walter Clayton Jr.,walter clayton,2003-03-06,75,G,2025.0,18.0,WAS
096aba04-b366-5e76-8a7d-3dd54ea37b07,Aday Mara,aday mara,2005-04-07,87,C,2026.0,12.0,OKC
09a71eeb-ee44-55f4-b1fd-230b5dd8c343,Ty Jerome,ty jerome,1997-07-08,77,G,2019.0,24.0,PHI
09c470e7-7707-5df7-b4fd-1a20f60dd98c,Anthony Randolph,anthony randolph,1989-07-15,82,F,2008.0,14.0,GSW
09cebc75-2c93-5106-8af9-a7366a016315,Cliff Alexander,cliff alexander,1995-11-16,80,C,,,
0a09d434-d7ee-549b-ba95-6cdfa1660d86,Jermaine Taylor,jermaine taylor,1986-12-08,76,G,2009.0,32.0,WAS
0a39112e-2c97-5656-bbcf-c54776ddb1af,Orlando Robinson,orlando robinson,2000-07-10,84,F,,,
0a3cff7b-45f0-5a0a-b00a-5f6f88e9b79d,Marquis Teague,marquis teague,1993-02-28,74,G,2012.0,29.0,CHI
0a7018c3-0362-566d-a859-e30f460757fd,Perry Jones III,perry jones,1991-09-24,83,F,2012.0,28.0,OKC
0a887fa8-9c3f-57cf-983e-8d2428b3308c,Othello Hunter,othello hunter,1986-05-28,80,F,,,
0aaa6050-8b0a-5956-91cf-db7739046873,Nicolas Claxton,nic claxton,1999-04-17,83,F,2019.0,31.0,BRK
0af6214d-b1ac-50bc-bdda-ad5c4ecaa2de,Rayjon Tucker,rayjon tucker,1997-09-24,77,G,,,
0b13aed1-4ae7-539e-b81d-4c0a29448aa4,Jeremiah Fears,jeremiah fears,2006-10-14,76,G,2025.0,7.0,NOP
0b1cd5d4-7690-5258-b995-b9a91018fc4f,Khaman Maluach,khaman maluach,2006-09-14,86,C,2025.0,10.0,HOU
0b58552b-4661-5995-9690-5c7d9e84d627,Jake Layman,jake layman,1994-03-07,81,W,2016.0,47.0,ORL
0b5bf635-1d44-5c47-9803-d08bd1c7c62e,Hannes Steinbach,hannes steinbach,2006-05-01,83,F,2026.0,14.0,CHA
0b7339c7-ed7d-58c4-a900-2c5442110697,Ryan Rollins,ryan rollins,2002-07-03,76,G,2022.0,44.0,ATL
0b7431dd-ee21-5b48-a9a4-4b663d0a43bd,Ishmael Smith,ishmael smith,1988-07-05,72,G,,,
0bd56257-0ec8-5726-9f58-8f8aafb492f9,Tony Mitchell,tony mitchell,1992-04-07,80,F,2013.0,37.0,DET
0bd8fbcf-2f49-592b-9e0a-f3088dfdded2,Saben Lee,saben lee,1999-06-23,74,G,2020.0,38.0,UTA
0bf09837-b1dd-5b1c-8c11-6373a7ee9499,Toure' Murry,toure murry,1989-11-08,77,G,,,
0c18de2b-3117-531f-be8b-8507e872c4f4,Jrue Holiday,jrue holiday,1990-06-12,75,G,2009.0,17.0,PHI
0c469b4b-7768-5bb5-bf34-743f76e30fc1,Xavier Munford,xavier munford,1992-06-01,74,G,,,
0c83fcb2-2b0e-5fd5-8d58-8651c30f0282,Julius Randle,julius randle,1994-11-29,81,C,2014.0,7.0,LAL
0cbcf4f2-8bc8-542d-bc3f-ff19b995b375,Darren Collison,darren collison,1987-08-23,73,G,2009.0,21.0,NOH
0cc6edf1-060a-5082-884c-96e98b278142,Miye Oni,miye oni,1997-08-04,78,W,2019.0,58.0,GSW
0cd28d7a-f823-5c1c-bc75-62f6e705f685,Jeremy Evans,jeremy evans,1987-10-24,81,C,2010.0,55.0,UTA
0cf8909e-cb06-5d4f-8578-87980e9a4d16,Bryce McGowens,bryce mcgowens,2002-11-08,79,G,2022.0,40.0,MIN
0d086b00-6f8f-5f71-86dc-66a93f2f62d2,Frank Mason III,frank mason,1994-04-03,71,G,2017.0,34.0,SAC
0d13a1cb-f554-5338-855d-0621ad40b951,Brayden Burries,brayden burries,2005-09-18,76,G,2026.0,10.0,MIL
0d27f29a-41b4-5e5e-bd4f-247d910230e2,Malachi Smith,malachi smith,1999-12-06,76,G,,,
0d5c22e0-8380-5790-a0ed-3401fa479de7,Mikal Bridges,mikal bridges,1996-08-30,79,G,2018.0,10.0,PHI
0d6e9a87-100b-5bdd-8295-8e5cc8294145,Ade Murkey,ade murkey,1998-01-29,77,G,,,
0dce91d6-d3c1-5d33-a05d-4fded2579beb,Jared Rhoden,jared rhoden,1999-08-27,78,W,,,
0dd88325-7a51-5d22-af3f-bfdf9d7d678e,Jaylen Adams,jaylen adams,1996-05-04,74,G,,,
0e173900-0a00-5c5d-8cf4-5562d770dbc4,Sam Hauser,sam hauser,1997-12-08,80,F,,,
0e269016-7105-5e86-9f56-0d0a34e45ccc,Tahjere McCall,tahjere mccall,1994-08-17,77,G,,,
0e2d962d-0b65-5d6d-b1e2-490ad173f0cd,Marcus Cousin,marcus cousin,1986-12-18,83,C,,,
0e2fbb45-8838-5bf1-bd1f-b4a58023e9ef,Kobe Brown,kobe brown,2000-01-01,80,W,2023.0,30.0,LAC
0e3dccfa-4ef8-50f9-a7b6-f2975cbc88fc,Robert Williams,robert williams,1997-10-17,82,C,2018.0,27.0,BOS
0e6ba06c-0422-5601-8563-8dbce10b59ed,Reed Sheppard,reed sheppard,2004-06-24,75,G,2024.0,3.0,HOU
0ebc1064-01d5-57a0-bf15-49154d358f79,E.J. Liddell,ej liddell,2000-12-18,79,F,2022.0,41.0,NOP
0ee62412-8360-5ef3-97c7-4437aa7834a5,Gary Harris,gary harris,1994-09-14,76,G,2014.0,19.0,CHI
0f2c1f8b-0ae7-5d4a-b09c-1d0266b358da,Earl Clark,earl clark,1988-01-17,81,F,2009.0,14.0,PHO
105a579d-b4d7-5267-857c-a018b35c0ec1,Neemias Queta,neemias queta,1999-07-13,84,C,2021.0,39.0,SAC
1170031e-bcbf-54d6-86c2-7a363b365e6c,DeMarcus Cousins,demarcus cousins,1990-08-13,83,C,2010.0,5.0,SAC
11912acb-b26e-589e-9828-b6f5c6717952,Justin Minaya,justin minaya,1999-03-26,79,W,,,
11e1d500-1ccb-5c48-b100-54abb5a24012,Skylar Mays,skylar mays,1997-09-05,76,G,2020.0,50.0,ATL
128660ce-5a45-581c-9fd0-e9ecda1d4439,Tyler Kolek,tyler kolek,2001-03-27,75,G,2024.0,34.0,POR
12954996-54a2-5135-ace0-22a534f70986,Tyus Jones,tyus jones,1996-05-10,73,G,2015.0,24.0,CLE
12a0c1ed-a030-5226-827a-f5921f30f7f9,De'Anthony Melton,deanthony melton,1998-05-28,76,G,2018.0,46.0,HOU
12d25622-9d73-5945-8156-b5339892ed6d,Kaiser Gates,kaiser gates,1996-11-08,80,F,,,
12f378a5-377f-5448-9ea8-df3a1348c160,Brook Lopez,brook lopez,1988-04-01,84,C,2008.0,10.0,NJN
12ff6358-575d-524a-a57b-d69c9ff8cda1,Kevin Porter Jr.,kevin porter,2000-05-04,78,G,2019.0,30.0,MIL
1307ad98-a775-554b-9e90-e853d9c2c391,Izaiyah Nelson,izaiyah nelson,2003-10-01,82,C,2026.0,51.0,WAS
13080b36-da63-5b84-876d-a1196ced7d90,Jerian Grant,jerian grant,1992-10-09,77,G,2015.0,19.0,WAS
131a00bf-8095-5204-9eb3-03d095320868,Gorgui Dieng,gorgui dieng,1990-01-18,83,C,2013.0,21.0,UTA
132e51bd-1985-5cba-ba26-2c23b613e0e9,Justin James,justin james,1997-01-24,79,G,2019.0,40.0,SAC
13363708-b409-558c-9d96-93774ca222cf,Jarrod Uthoff,jarrod uthoff,1993-05-19,81,F,,,
133bd5d9-fcc2-551b-b682-b95031369c05,Darryn Peterson,darryn peterson,2007-01-17,77,G,2026.0,2.0,UTA
1378c2e9-9bf6-5af3-a74e-611e31a1ea5e,Quincy Acy,quincy acy,1990-10-06,79,F,2012.0,37.0,TOR
138272d9-672e-5ff7-90b5-f2880b38c78e,Javon Freeman-Liberty,javon freemanliberty,1999-10-20,76,G,,,
13ceb5c6-ba0d-5691-b330-9718be0c4fc8,Caleb Houstan,caleb houstan,2003-01-09,80,W,2022.0,32.0,ORL
13f46758-4011-51df-9fc6-d371c040a5fb,Matisse Thybulle,matisse thybulle,1997-03-04,77,G,2019.0,20.0,BOS
1455f187-aa90-5e05-82ac-e029b87d3314,Jayson Tatum,jayson tatum,1998-03-03,80,W,2017.0,3.0,BOS
14d8e2d2-cf76-57dc-afc1-68bdc5880951,Will Magnay,will magnay,1998-06-10,82,C,,,
14de38fd-4c16-5658-983f-4276ee541879,Malevy Leons,malevy leons,1999-09-23,81,F,,,
14e53aec-dbe4-5d9e-9562-9deb29e1dcb0,Julian Reese,julian reese,2003-06-30,81,C,,,
14eec5fb-4844-5ee4-b10c-7820f19dd987,Justin Patton,justin patton,1997-06-14,84,F,2017.0,16.0,CHI
14ffdeb5-a77a-53ce-9035-7eeb29ed3a5c,Dariq Whitehead,dariq whitehead,2004-08-01,78,G,2023.0,22.0,BRK
15243af2-6cec-58bd-91ef-6ea32dcefb06,DeMar DeRozan,demar derozan,1989-08-07,79,W,2009.0,9.0,TOR
153423b5-1b7a-50a8-bb00-45e177e2d0ac,Tyler Zeller,tyler zeller,1990-01-17,84,C,2012.0,17.0,DAL
1577f055-cc8b-5b50-9572-ee2ce2d45756,Precious Achiuwa,precious achiuwa,1999-09-19,81,F,2020.0,20.0,MIA
159ec8b6-f21f-53ce-b63d-a22aaa509a6b,Alex Stepheson,alex stepheson,1987-08-07,82,C,,,
15a8ecf1-3cba-5485-9c74-9d0212d3e727,Anthony Morrow,anthony morrow,1985-09-27,77,W,,,
1610f55a-b068-5a9f-a38e-55a4d5fac5c9,Nassir Little,nassir little,2000-02-11,78,W,2019.0,25.0,POR
162ca6cc-ecc0-5df2-b637-40d8f3701c51,Keon Ellis,keon ellis,2000-01-08,78,G,,,
1633d084-a023-56c2-90d7-235afd06050a,Joshua Primo,joshua primo,2002-12-24,78,G,2021.0,12.0,SAS
16519fd4-d08e-52b0-827e-523478765456,Jason Thompson,jason thompson,1986-07-21,83,C,2008.0,12.0,SAC
16937531-7a91-52e6-94ac-575ba8e31735,Brandon Goodwin,brandon goodwin,1995-10-02,74,G,,,
16a5c651-2a70-58e9-b606-ccaef2f347f1,JaQuori McLaughlin,jaquori mclaughlin,1998-01-29,76,G,,,
16d15fd4-7ecb-5d7a-b7be-a37ed7a72511,Emanuel Sharp,emanuel sharp,2004-03-07,75,G,2026.0,45.0,SAC
1742049a-7117-5a01-9efa-50ae88224336,Darius Garland,darius garland,2000-01-26,74,G,2019.0,5.0,CLE
175ef5dd-4c80-58cc-8f3e-f29cf3d83961,Jared Terrell,jared terrell,1995-02-10,75,G,,,
17780043-decf-5c26-b118-1fc2df0b8d73,Daniel Hamilton,daniel hamilton,1995-08-08,79,F,2016.0,56.0,DEN
177ae30b-9225-5464-8fc9-9b889b13185d,Isaiah Jackson,isaiah jackson,2002-01-10,82,C,2021.0,22.0,LAL
17ac6a3f-7fe3-51e6-8c7b-f8ae4bedcd98,Doug McDermott,doug mcdermott,1992-01-03,80,F,2014.0,11.0,DEN
18370d01-cc60-5235-a992-5c26cdda06f3,Drew Timme,drew timme,2000-09-09,82,F,,,
184b4be6-fa55-57e6-8f59-32c9d2140cf6,Luke Harangody,luke harangody,1988-01-02,80,F,2010.0,52.0,BOS
18e4fb9f-6b7e-50e3-a3cb-dfd2efed0dae,Ben Simmons,ben simmons,1996-07-20,82,W,2016.0,1.0,PHI
18f65765-7ad2-50a1-9c7a-ca56c0811713,Jimmy Butler,jimmy butler,1989-09-14,78,G,2011.0,30.0,CHI
192397c0-6e53-5b7d-b51b-4291f923aa6d,Javon Small,javon small,2002-12-19,74,G,2025.0,48.0,MEM
19243ea8-fc3e-583f-90ab-abb79a849510,Brandon Rush,brandon rush,1985-07-07,78,W,2008.0,13.0,POR
193fabff-0ac7-5fb1-afda-7a061c97bb04,Greg Whittington,greg whittington,1993-02-07,80,W,,,
195618c2-a4f1-551d-bf5c-afbe7c7e195a,Ja Morant,ja morant,1999-08-10,75,G,2019.0,2.0,MEM
196ded46-70c3-5636-8fb6-c8f272ad055e,Blake Griffin,blake griffin,1989-03-16,82,F,2009.0,1.0,LAC
19b951f3-ea66-5bdf-9fd8-d5328fc60107,Jose Alvarado,jose alvarado,1998-04-12,72,G,,,
19dedf32-7ed7-5ff9-b799-0b436c6809e6,John Collins,john collins,1997-09-23,82,C,2017.0,19.0,ATL
19e30848-989b-5377-b464-0db5997b944f,David Nwaba,david nwaba,1993-01-14,76,G,,,
19e34979-43fe-5b95-b097-736a56c9afd7,Charles Cooke,charles cooke,1994-07-01,77,G,,,
1a1970ad-56c4-5e40-a799-08903d3d8ccb,Wesley Matthews,wesley matthews,1986-10-14,77,W,,,
1a29bbfd-37a8-557c-b514-13bdc90b2ece,Trey Kaufman-Renn,trey kaufmanrenn,2002-08-19,81,C,2026.0,59.0,MIN
1a40fca7-fbc3-508e-aa72-7c093b02919b,Keljin Blevins,keljin blevins,1995-11-24,78,W,,,
1abff3ea-18b9-548b-9266-38fba217c9c7,DeJon Jarreau,dejon jarreau,1998-01-23,77,G,,,
1b33fc36-f944-5ed7-82d1-d33f935730d1,Drake Powell,drake powell,2005-09-08,78,G,2025.0,22.0,ATL
1b376be4-6307-5d6e-9ddd-0f9a74e1b475,Nate Wolters,nate wolters,1991-05-15,75,G,2013.0,38.0,WAS
1bc78b89-4e98-5a7a-8422-97cf3812bd66,Jerel McNeal,jerel mcneal,1987-06-01,75,G,,,
1bd844dc-83ae-5d0b-b9e0-3e3ac2713c7a,Donte Grantham,donte grantham,1995-03-19,80,W,,,
1bdda85d-cfa0-5c85-be71-269e444f623f,Anthony Edwards,anthony edwards,2001-08-05,77,G,2020.0,1.0,MIN
1c18c0d6-21be-51e6-9533-b2c88e0a0b7e,Tiny Gallon,tiny gallon,,81,F,2010.0,47.0,MIL
1c7e3ea2-6589-55ca-bdbf-fbd32088a40a,Jalen Crutcher,jalen crutcher,1999-07-18,73,G,,,
1ca059fb-2418-52da-8ab2-9329222e4204,Tyler Hansbrough,tyler hansbrough,1985-11-03,81,F,2009.0,13.0,IND
1ca66df4-6204-5744-b3c6-1bd08a7fdfe4,Paris Bass,paris bass,1995-08-29,80,F,,,
1ca8811f-6b50-54e6-85c4-82e90b46cc40,Isaiah Hicks,isaiah hicks,1994-07-24,81,C,,,
1cc161a7-8261-5f14-b20e-82ba1013c9f3,Gani Lawal,gani lawal,1988-11-07,81,C,2010.0,46.0,PHO
1cc30f74-5d5f-5f16-8a4a-b37959085fe8,Trae Young,trae young,1998-09-19,74,G,2018.0,5.0,DAL
1cdfe8c4-5eaa-5952-82e2-a8bdb52b58b5,Trevon Brazile,trevon brazile,2003-01-07,82,F,2026.0,35.0,SAS
1d10de77-62b4-5917-b54d-4d9bbbedc369,Justin Harper,justin harper,1989-08-30,82,F,2011.0,32.0,CLE
1d599c3d-1c5c-5f57-8cf8-66c982d81bce,Brice Sensabaugh,brice sensabaugh,2003-10-30,78,F,2023.0,28.0,UTA
1d6b5b3a-9f70-5e0a-b84e-364c5aba1b64,Larry Nance Jr.,larry nance,1993-01-01,80,W,2015.0,27.0,LAL
1dc8b68d-0d0c-5535-8858-222082d205c9,Vander Blue,vander blue,1992-07-17,76,G,,,
1dd11892-dd2c-5d93-9838-5363fd4985cf,Jaden Bradley,jaden bradley,2003-09-14,75,G,2026.0,50.0,TOR
1df2ca03-45d7-56c4-a3f5-0f4a8b270841,Tyler Cavanaugh,tyler cavanaugh,1994-02-09,81,F,,,
1e35cc91-47f2-5786-ab09-58949984c0a7,Olivier Hanlan,olivier hanlan,1993-02-15,76,G,2015.0,42.0,UTA
1e646043-0946-5e74-91a5-8a08e3b60a24,Alec Peters,alec peters,1995-04-13,81,F,2017.0,54.0,PHO
1e7f920c-bc97-5e53-b71d-5febd1029c31,Kim English,kim english,1988-09-24,78,G,2012.0,44.0,DET
1ea4dede-98a7-58a6-8753-9b2a0ce48016,Rakeem Christmas,rakeem christmas,1991-12-01,81,C,2015.0,36.0,MIN
1eed9019-fe53-58f8-b3df-bb80cdcf0fb1,Tyler Bilodeau,tyler bilodeau,2004-04-17,81,F,2026.0,43.0,BRK
1fa94e6c-e0f6-50e5-9590-027b336e7738,Justin Jackson,justin jackson,1997-02-18,79,F,2018.0,43.0,DEN
1ffbc2b0-0715-53d1-a021-45046bd2a20e,Yaxel Lendeborg,yaxel lendeborg,2002-09-30,81,F,2026.0,11.0,GSW
205bb406-984d-5647-b09a-8f75102eca35,Magnum Rolle,magnum rolle,,83,C,2010.0,51.0,OKC
20daab76-e861-521a-9878-a90fc60dcaa2,Seth Curry,seth curry,1990-08-23,74,G,,,
20e48abd-dde1-5a11-9846-8c2016edfb5c,Chinemelu Elonu,chinemelu elonu,,82,F,2009.0,59.0,LAL
20ed38a5-b896-55ff-ac86-01addbc78bb3,Cade Cunningham,cade cunningham,2001-09-25,80,W,2021.0,1.0,DET
20fa4d62-1987-51d7-a6d1-cc9085fa8328,Dylan Harper,dylan harper,2006-03-02,78,G,2025.0,2.0,SAS
2131c574-02dd-5bf3-85c5-d07997f257d9,Rob Edwards,rob edwards,1997-01-20,77,G,,,
2141bb9d-6718-53b3-9677-5dd0d445d772,Luke Kornet,luke kornet,1995-07-15,85,F,,,
21d818db-7d51-5c2e-a7e2-c52a93b206b1,Isaac Humphries,isaac humphries,1998-01-05,84,C,,,
228fc79f-a483-5d04-bee8-a2ad00a79f77,Jules Bernard,jules bernard,2000-01-21,79,G,,,
22c1a4f6-f366-5725-95bf-0a3004ccda6a,Reggie Bullock,reggie bullock,1991-03-16,79,G,2013.0,25.0,LAC
22ead0f0-3ebd-5659-bef2-763662037d8c,David Johnson,david johnson,2001-02-26,77,G,2021.0,47.0,TOR
230a5cfb-1c0e-523b-aaaa-79b4469a6d85,Zavier Simpson,zavier simpson,1997-02-11,72,G,,,
230f0980-bcb9-5d52-83fa-fc1cb378d602,Tariq Owens,tariq owens,1995-06-30,82,C,,,
2341010e-ecd1-5b0f-aeff-537f232f5054,Kennedy Chandler,kennedy chandler,2002-09-16,72,G,2022.0,38.0,SAS
23817e9c-aad9-5741-ba0c-23d726bfc2b2,Brandon Miller,brandon miller,2002-11-22,81,F,2023.0,2.0,CHO
23c32cdf-ceed-5c7d-be07-9d6327396c0c,Hasheem Thabeet,hasheem thabeet,1987-02-16,87,C,2009.0,2.0,MEM
23f7336a-e556-5f47-b2f4-345ee3dd386f,Chet Holmgren,chet holmgren,2002-05-01,84,F,2022.0,2.0,OKC
241d61d4-357b-5170-b83f-7c5c419967f0,Alize Johnson,alize johnson,1996-04-22,81,F,2018.0,50.0,IND
24370da8-9504-5d45-bf84-6206b4ebd43f,Malik Beasley,malik beasley,1996-11-26,77,G,2016.0,19.0,DEN
24458aa0-53c1-59ff-b891-670a53ebbb80,Quinndary Weatherspoon,quinndary weatherspoon,1996-09-10,76,G,2019.0,49.0,SAS
246e800d-6731-5cd6-8947-65d0a53ef9d0,Sundiata Gaines,sundiata gaines,1986-04-18,73,G,,,
24ab3aef-8677-5dcb-852e-50a8b6b6daf3,Jordan Mickey,jordan mickey,1994-07-09,80,C,2015.0,33.0,BOS
24b0cfc6-8885-5419-b67b-8f8e87951149,Shane Larkin,shane larkin,1992-10-02,71,G,2013.0,18.0,ATL
24c9348a-d61d-5767-97ac-f5f1996080d4,Isaiah Collier,isaiah collier,2004-10-08,77,G,2024.0,29.0,UTA
24ed49fd-fd4d-558a-acf7-e2ad8da6a9f9,Rui Hachimura,rui hachimura,1998-02-08,80,W,2019.0,9.0,WAS
2523e169-6722-525a-a61c-87bb3874c738,Terrence Ross,terrence ross,1991-02-05,78,W,2012.0,8.0,TOR
25508ec1-0e8d-5bdd-be14-fcd2c8e8631e,Hayden Gray,hayden gray,2003-05-11,76,G,,,
255f9c6e-b5af-51c3-b0a8-03ffa1a4d960,DeAndre Liggins,deandre liggins,1988-03-31,78,G,2011.0,53.0,ORL
25ba4379-bba1-5ecc-83b7-a55e3995f9df,Tarris Reed Jr.,tarris reed,2003-08-05,82,C,2026.0,26.0,DEN
25e85751-7111-5d74-a04e-a93883d707aa,Nerlens Noel,nerlens noel,1994-04-10,82,C,2013.0,6.0,NOH
25f59f62-8725-5157-86c6-cae1b59dc9e3,Mike Tobey,mike tobey,1994-10-10,84,C,,,
26124d0f-2727-5727-b8ea-7a3509ba0b5d,Kyle Wiltjer,kyle wiltjer,1992-10-20,82,F,,,
265b6799-24ec-5a12-8cd6-0d19d2db584a,Malik Fitts,malik fitts,1997-07-04,80,W,,,
26b3cf4a-d135-52cf-939e-93adfcc69677,Troy Williams,troy williams,1994-12-30,79,W,,,
272261bf-5495-5d48-b34c-bd6370569de8,Oscar Tshiebwe,oscar tshiebwe,1999-11-27,81,C,,,
2774110e-90d7-586b-8636-6df9b6da1bd8,Adou Thiero,adou thiero,2004-05-08,78,G,2025.0,36.0,BRK
277ab674-5990-5c6c-ae18-db9fa13bcb6e,John Henson,john henson,1990-12-28,83,C,2012.0,14.0,MIL
2790267b-dcda-57de-97c4-40fa8818b0dc,Corey Kispert,corey kispert,1999-03-03,79,G,2021.0,15.0,WAS
2795e8a9-4df0-5c1c-ad85-65c08d1a52e4,Trey Jemison,trey jemison,1999-11-28,83,C,,,
27b19269-78e0-5403-b226-4d67c208e7cc,Ben Bentil,ben bentil,1995-03-29,81,F,2016.0,51.0,BOS
27dd783c-2b0c-5e35-bf43-544664887a76,Bryce Cotton,bryce cotton,1992-08-11,73,G,,,
281e5d0b-88fa-5b9a-8e87-8b60299d0f75,Trevelin Queen,trevelin queen,1997-02-25,78,G,,,
28bca11e-a93b-53cb-bc1b-258741db7081,Cameron McGriff,cameron mcgriff,1997-09-30,79,W,,,
292d8a7a-66e7-58d6-9d89-9fe7c1d4a5d8,Jett Howard,jett howard,2003-09-14,80,W,2023.0,11.0,ORL
2983d6d5-700b-5829-9c74-a5adae224c54,Johnathan Williams,johnathan williams,1995-05-22,81,F,,,
29d44d5e-e521-53c8-89cd-774c1cbb99d5,Trendon Watford,trendon watford,2000-11-09,81,W,,,
2a02bf82-1a95-53cc-a69e-c9d6af7d67ec,Cameron Carr,cameron carr,2004-11-24,77,G,2026.0,24.0,NYK
2a2b7df7-ff9c-5336-9924-873a2aacc061,Ish Wainright,ish wainright,1994-09-12,77,G,,,
2a361bf5-1287-5813-8c3b-c4870bbe03d6,Caleb Wilson,caleb wilson,2006-07-18,82,F,2026.0,4.0,CHI
2a37016f-fb96-5af1-8ba4-867fb1942f1a,Andrew Nicholson,andrew nicholson,1989-12-08,81,F,2012.0,19.0,ORL
2a7c164f-b885-5320-83d9-9284d22b8f24,Ty-Shon Alexander,tyshon alexander,1998-07-16,76,G,,,
2a8a2f69-02b3-5caf-a3e1-170eb62c9883,Anthony Brown,anthony brown,1992-10-10,78,G,2015.0,34.0,LAL
2a8a6bef-8d00-582b-bacb-f5a3b379c987,Jonny Flynn,jonny flynn,1989-02-06,72,G,2009.0,6.0,MIN
2afe959b-2745-55bc-a1c7-774da1773484,Aaron Gordon,aaron gordon,1995-09-16,80,W,2014.0,4.0,ORL
2b3417cd-9686-5ef2-b22c-7f5c3fb5fe1f,Nick Richards,nick richards,1997-11-29,83,C,2020.0,42.0,NOP
2b73c818-a51e-5e7b-a6e6-8a069da59c1b,Chris Clemons,chris clemons,1997-07-23,69,G,,,
2b7d64dc-a95a-5fe7-94c0-9e3262a49e72,Jalen Pickett,jalen pickett,1999-10-22,76,G,2023.0,32.0,IND
2b8fff9a-984f-5373-a9c3-1e49edf3610a,Bryn Forbes,bryn forbes,1993-07-23,75,G,,,
2bad2cf3-4246-5c7d-8d37-73a404f6e1aa,Dennis Horner,dennis horner,1988-02-05,81,W,,,
2bc1ea1f-a1a1-53e3-a09b-093938817953,Paul George,paul george,1990-05-02,80,W,2010.0,10.0,IND
2bd3058e-a58f-5942-ab60-818e17434141,Alex Karaban,alex karaban,2002-11-11,80,W,2026.0,29.0,CLE
2c28aab3-a3ea-50f2-ac07-59d3e3ca9020,Udoka Azubuike,udoka azubuike,1999-09-17,84,C,2020.0,27.0,UTA
2c65dee3-b2da-55d9-90a2-d10a94d5d2d9,Jeremy Pargo,jeremy pargo,1986-03-17,74,G,,,
2c6ebadf-c642-58bb-a59d-fbbde8250347,Herbert Jones,herbert jones,1998-10-06,80,W,2021.0,35.0,NOP
2caca9fe-e04c-51bb-aeb5-f2ccb767a5fd,Max Strus,max strus,1996-03-28,78,G,,,
2ccdaf2b-8da5-5673-bf86-696beb384e50,Stanley Johnson,stanley johnson,1996-05-29,78,W,2015.0,8.0,DET
2cd6a8eb-81f5-5551-ac76-df6288c4a353,M.J. Walker,mj walker,1998-03-28,77,G,,,
2cef25d1-eef8-50db-8462-1b86e82aebf4,Solomon Hill,solomon hill,1991-03-18,79,G,2013.0,23.0,IND
2cf657b5-98b9-5e76-871f-6167d273a6d3,Marcus Thornton,marcus thornton,1987-06-05,76,G,2009.0,43.0,MIA
2d3ccd3d-7ad0-5642-a512-87187c9c9751,Russell Westbrook,russell westbrook,1988-11-12,75,G,2008.0,4.0,SEA
2d428aab-91b1-5dec-977b-89a822f60e90,Mikel Brown Jr.,mikel brown,2006-04-03,77,G,2026.0,6.0,BRK
2d70c87c-93a9-54db-9486-a79f460a0b43,Trey Murphy III,trey murphy,2000-06-18,81,W,2021.0,17.0,MEM
2d87b32e-7e53-52dc-963c-00fa15d953c5,Trevon Duval,trevon duval,1998-08-03,75,G,,,
2d9ba48c-ab4f-5374-be7e-d772eb0a07cb,Markus Howard,markus howard,1999-03-03,71,G,,,
2dadc8fe-801b-5325-b536-f5da8f925460,Luka Garza,luka garza,1998-12-27,83,F,2021.0,52.0,DET
2db34d89-aa87-5552-9b28-f7622a2d50db,Jacob Pullen,jacob pullen,1989-11-10,72,G,,,
2e4d27a2-3e54-51fb-9b07-7bb412c73f8b,Chris Duarte,chris duarte,1997-06-13,78,G,2021.0,13.0,IND
2e5ab33a-1706-53b8-a6bc-fa17a7d283dc,Chris Silva,chris silva,1996-09-19,81,F,,,
2f2351d4-ea94-5020-813e-3d71be6b0ddc,Jontay Porter,jontay porter,1999-11-15,83,F,,,
2f4b29be-c184-5a36-be04-6a945063be15,Trevor Keels,trevor keels,2003-08-26,76,G,2022.0,42.0,NYK
2fb58ed2-29de-53d6-bc03-337d5fe40e8e,Jaron Pierre Jr.,jaron pierre,2002-07-12,78,G,2026.0,58.0,NOP
2fbb82b8-8148-5a50-9663-88f8380a008d,Tre Jones,tre jones,2000-01-08,75,G,2020.0,41.0,SAS
2fed6954-2388-572f-9e9f-4832b9c20326,Zylan Cheatham,zylan cheatham,1995-11-17,80,F,,,
30232d18-4b5e-5d1c-ac13-b3192fb4ac0e,D'Moi Hodge,dmoi hodge,1998-12-20,76,G,,,
303d9831-7972-5cf8-90d5-360cbab5d021,Naz Reid,naz reid,1999-08-26,82,F,,,
30473fa4-be83-51f7-a8f6-3f4f317d9586,Chris Singleton,chris singleton,1989-11-21,81,F,2011.0,18.0,WAS
30e31c00-c302-58ec-9c6a-f9085be470df,Tyrese Maxey,tyrese maxey,2000-11-04,75,G,2020.0,21.0,PHI
30fa429a-3d91-5e8c-811f-8225acbf87ae,Jarrell Brantley,jarrell brantley,1996-06-07,79,F,2019.0,50.0,IND
30fc88d9-a9bc-56dd-baa2-d7bc7e1f3a6a,Lonzo Ball,lonzo ball,1997-10-27,78,G,2017.0,2.0,LAL
31122d58-d540-5701-bd5a-dc55aa1f676c,C.J. Wilcox,cj wilcox,1990-12-30,77,G,2014.0,28.0,LAC
31a89f52-2167-5af2-84e3-2cc2892d40d0,Amir Coffey,amir coffey,1997-06-17,80,W,,,
31dd967e-26e8-5012-ad59-4b7e494503fc,Jared Butler,jared butler,2000-08-25,75,G,2021.0,40.0,NOP
31e6a289-6e0b-522d-acbc-66a4bc5c1db7,Pelle Larsson,pelle larsson,2001-02-23,78,G,2024.0,44.0,HOU
322edde8-d911-5fcc-bbba-4ff998d76306,Malik Williams,malik williams,1998-08-26,83,F,,,
32469057-21e0-5a2e-8e41-3c15178955f5,Omari Johnson,omari johnson,1989-05-26,81,F,,,
32594d98-49d9-503c-9e97-664670c3f87d,Ugonna Onyenso,ugonna onyenso,2004-09-25,84,C,2026.0,53.0,HOU
3273e681-779c-5853-8599-60ca1b8ca71e,Josh Huestis,josh huestis,1991-12-19,79,F,2014.0,29.0,OKC
32753bfd-7cb7-53ba-8f52-af556f136c7c,Andre Drummond,andre drummond,1993-08-10,82,C,2012.0,9.0,DET
32839785-e12b-55e1-9fb9-3a641572b5c8,Micah Potter,micah potter,1998-04-06,82,F,,,
32894558-3710-5e01-a731-909a98be3e73,Devin Booker,devin booker,1996-10-30,78,G,2015.0,13.0,PHO
329dd7e0-fc56-515d-9861-89c9a369527e,Donte DiVincenzo,donte divincenzo,1997-01-31,77,G,2018.0,17.0,MIL
32db3e09-c5ef-5194-96f6-b114d8afa1b4,N'Faly Dante,nfaly dante,2001-10-19,83,C,,,
32eec1d3-9367-5017-9687-fe442c814426,Doron Lamb,doron lamb,1991-11-06,76,G,2012.0,42.0,MIL
33082996-c389-5f36-a2a4-01acd909ddf7,Jonathan Gibson,jonathan gibson,1987-11-08,74,G,,,
3325f6fe-2ec0-5beb-aead-108bd4b80465,Caleb Love,caleb love,2001-09-27,76,G,,,
3348e31a-8165-56ff-851b-f7dd4ee116e5,Walt Lemon Jr.,walt lemon,1992-07-26,75,G,,,
334b9c15-d03f-5b5c-b204-b2761a833c2c,James Southerland,james southerland,1990-04-28,80,W,,,
3441d5e5-0619-54a1-8e1c-369f8191dff5,Justin Anderson,justin anderson,1993-11-19,78,G,2015.0,21.0,DAL
3453796e-5fdf-57de-8782-5c2f533972c9,Ryan Conwell,ryan conwell,2004-06-15,75,G,2026.0,37.0,OKC
34eb2849-aa76-5028-9391-1379177d3dc7,Darnell Jackson,darnell jackson,1985-11-07,81,F,2008.0,52.0,MIA
362d6704-8d2c-5c2f-ba72-cb94323a04c4,Yuta Watanabe,yuta watanabe,1994-10-13,81,F,,,
36309f82-9cf0-572c-b8bb-276b56f74631,Khyri Thomas,khyri thomas,1996-05-08,75,G,2018.0,38.0,PHI
367e5d9b-dc1e-53df-ae14-2a4b129b6581,Diante Garrett,diante garrett,1988-11-03,76,G,,,
36872e60-6f13-5609-bd34-efffdc6175db,Jemerrio Jones,jemerrio jones,1995-04-09,77,F,,,
369f84bf-867b-576a-94c3-428a70141cb8,Joel Embiid,joel embiid,1994-03-16,84,C,2014.0,3.0,PHI
36a11242-e3f4-5d0b-b404-708539e71412,Kris Murray,kris murray,2000-08-19,80,F,2023.0,23.0,POR
372d200e-621c-50a0-a7a0-d50c839f3147,Arnett Moultrie,arnett moultrie,1990-11-18,83,F,2012.0,27.0,MIA
374dcc04-7fce-5460-9a9b-1a7e068c0644,Derrick Walton Jr.,derrick walton,1995-04-03,73,G,,,
37609b7f-f0e4-538b-b390-9b9c62705f29,Baba Miller,baba miller,2004-02-07,83,F,2026.0,36.0,LAC
37723146-d083-51d8-8c26-ca634ad62476,Liam Robbins,liam robbins,1999-07-12,84,C,,,
378b45b8-855d-51d7-93e1-8fbbec278654,Trayce Jackson-Davis,trayce jacksondavis,2000-02-22,81,C,2023.0,57.0,WAS
37972790-6ab6-5d83-9928-90b38942e0b2,Keyontae Johnson,keyontae johnson,2000-05-24,78,G,2023.0,50.0,OKC
37fdeeee-33e0-55c9-9275-357ee5441f46,Hamady Ndiaye,hamady ndiaye,1987-01-12,84,C,2010.0,56.0,MIN
382e0908-9825-5ac2-9a3e-5ed79e6661a0,Jimmer Fredette,jimmer fredette,1989-02-25,74,G,2011.0,10.0,MIL
38489221-5249-5232-9337-ce4c7af5a7e2,Orlando Johnson,orlando johnson,1989-03-11,77,G,2012.0,36.0,SAC
389adda6-c0bf-555d-9fb7-26d90956463a,Shaq Buchanan,shaq buchanan,1997-01-30,75,G,,,
38a79135-5dcf-571e-ada3-aa5391a96a29,Mason Jones,mason jones,1998-07-21,77,G,,,
38dfa091-4ff7-5645-99dc-509ad854b87e,Ray Spalding,ray spalding,1997-03-11,82,C,2018.0,56.0,PHI
39de5618-b1da-5bdd-9651-4811c239ae01,Craig Porter Jr.,craig porter,2000-02-26,74,G,,,
3ace4c5d-050d-5f1a-badd-d83d3a000e9a,Quincy Pondexter,quincy pondexter,1988-03-10,78,W,2010.0,26.0,OKC
3ad43a28-a4ce-56cc-8a52-9c4b20932135,Jack McVeigh,jack mcveigh,1996-06-27,80,W,,,
3afec582-f073-57be-a58d-5d4042197106,Jamal Cain,jamal cain,1999-03-20,79,W,,,
3b1e0d0d-924e-54e5-8107-b27bc7f04fa1,Zyon Pullin,zyon pullin,2001-03-03,76,G,,,
3b2c3d1e-b835-511d-82a6-d3a5601129bc,Damion James,damion james,1987-10-07,79,F,2010.0,24.0,ATL
3c08f768-b712-57d0-a662-1d5e53dd0f2c,Andrew Harrison,andrew harrison,1994-10-28,78,G,2015.0,44.0,PHO
3c2f782a-228b-54d0-b58c-904121c051e4,J.R. Giddens,jr giddens,1985-02-13,77,W,2008.0,30.0,BOS
3c68a261-bfb3-5729-b66f-897e00967271,Sam Merrill,sam merrill,1996-05-15,77,G,2020.0,60.0,NOP
3c79f4cf-b7cf-56c6-80d0-87fc127d0cee,Andersson Garcia,andersson garcia,2000-08-23,79,F,,,
3c88ab26-1ee5-5397-af16-9bff9bc0f893,Carter Bryant,carter bryant,2005-11-26,80,F,2025.0,14.0,SAS
3c986eb8-1a20-5fd3-925e-dd4bcab2c9c1,Derrick Caracter,derrick caracter,1988-05-04,81,F,2010.0,58.0,LAL
3c9ea54a-4df7-5c82-95fa-8dc1b16af387,PJ Dozier,pj dozier,1996-10-25,78,G,,,
3ca05b99-4338-5bd6-aa6b-d00725166e70,Dalton Knecht,dalton knecht,2001-04-19,78,G,2024.0,17.0,LAL
3ca7fa28-b725-56da-8439-d42e1de98e3b,Eugene Omoruyi,eugene omoruyi,1997-02-14,78,G,,,
3cb8a38a-4e91-59a5-8b10-b9b193f3609d,Grant Riller,grant riller,1997-02-08,75,G,2020.0,56.0,CHO
3d25d01e-c8d4-52a1-b20c-8034be84b717,Obi Toppin,obi toppin,1998-03-04,81,W,2020.0,8.0,NYK
3d4ae741-906a-5e94-94d3-32eb933195d6,Dalen Terry,dalen terry,2002-07-12,79,G,2022.0,18.0,CHI
3d6ced6e-db0d-5a00-b501-78117c7133aa,Rawle Alkins,rawle alkins,1997-10-29,77,G,,,
3d7a4b76-99b1-51c1-bc84-8b4972a96c9f,Jodie Meeks,jodie meeks,1987-08-21,77,W,2009.0,41.0,MIL
3d98fddc-911a-551f-ad84-d80caa11a04a,AJ Green,aj green,1999-09-27,76,G,,,
3dc2adbd-56b2-548e-b225-cf3cfa73934a,Tyler Nickel,tyler nickel,2003-09-05,79,G,2026.0,47.0,PHO
3dce1523-83e0-5f16-aea6-8e050e5d601d,Mouhamadou Gueye,mouhamadou gueye,1998-07-06,81,F,,,
3e117430-30c1-559b-8780-a9e03d75b0d3,Tyler Herro,tyler herro,2000-01-20,77,G,2019.0,13.0,MIA
3e57d846-8c8d-5102-bd4b-858f6bc8bb24,Jacob Evans III,jacob evans,1997-06-18,78,G,2018.0,28.0,GSW
3eb5bc9d-fd10-5e4f-a7f2-e445529ebbf5,Ethan Thompson,ethan thompson,1999-05-04,77,G,,,
3eeb47d4-a58f-5363-8140-fc2331048d42,Kyle Alexander,kyle alexander,1996-10-21,83,C,,,
3eebd7e2-5aac-5086-8ded-752bb9e70a4d,Shabazz Muhammad,shabazz muhammad,1992-11-13,78,W,2013.0,14.0,UTA
3ef6a1ae-5998-5562-a992-4f031a619f1c,Xavier Moon,xavier moon,1995-01-02,74,G,,,
3f5070ad-4ddc-5a14-bbac-e03dccfeaf06,Darius Miller,darius miller,1990-03-21,80,W,2012.0,46.0,NOH
3f7e7741-e4c3-580f-8bf2-5d22f9b11333,Montrezl Harrell,montrezl harrell,1994-01-26,80,F,2015.0,32.0,HOU
3f816864-9863-57ad-8270-ccec3531a892,Al-Farouq Aminu,alfarouq aminu,1990-09-21,81,F,2010.0,8.0,LAC
3fac31eb-8f5f-5b99-91ae-347fc86bc365,Daryl Macon,daryl macon,1995-11-29,75,G,,,
40505236-b9d8-5f84-b085-41e566d0a9b1,Travis Leslie,travis leslie,1990-03-29,76,G,2011.0,47.0,LAC
4055911e-df67-5d67-b106-8e96509b0f89,Christian Braun,christian braun,2001-04-17,78,G,2022.0,21.0,DEN
40625c4c-acf0-5aaf-9cab-516ff7e3531f,Ater Majok,ater majok,,82,C,2011.0,58.0,LAL
407f2682-3991-5a2e-b472-3334ce5d5e6b,Isaiah Stewart,isaiah stewart,2001-05-22,81,C,2020.0,16.0,POR
40ab3e0b-2871-5472-8389-d16f2db0d177,Armoni Brooks,armoni brooks,1998-06-05,75,G,,,
4154d1e4-eb6b-5594-adaa-29b3115b4c51,Tre Johnson,tre johnson,2006-03-07,78,G,2025.0,6.0,WAS
4175919c-eb0b-57ca-ba10-260c0c0ae83e,Gary Trent Jr.,gary trent,1999-01-18,78,G,2018.0,37.0,SAC
41b2c1a3-052a-5438-a00f-114eacd98bee,Tremont Waters,tremont waters,1998-01-10,71,G,2019.0,51.0,BOS
41c1f64a-c356-517d-8828-f65849392130,Patrick Christopher,patrick christopher,1988-06-03,77,G,,,
41e2b913-5aae-50d4-aa5a-41164d03139f,Antonio Blakeney,antonio blakeney,1996-10-04,76,G,,,
42559c07-d197-5c3b-9e01-6ab87411a32b,Dion Waiters,dion waiters,1991-12-10,76,G,2012.0,4.0,CLE
425b4483-06cf-52e9-a46d-7543818d26c0,Mario Chalmers,mario chalmers,1986-05-19,73,G,2008.0,34.0,MIN
428712dc-d231-5b44-8100-80165cf4d1a7,Craig Brackins,craig brackins,1987-10-09,82,F,2010.0,21.0,OKC
42cc7cfd-89d6-5a38-a92f-ad99c99be8d5,Royce O'Neale,royce oneale,1993-06-05,78,G,,,
42f1d4c1-7a98-5018-ab75-ac73b3173089,Malcolm Thomas,malcolm thomas,1988-11-08,81,C,,,
433d1df7-3660-5792-99af-1cede26bc411,Alan Williams,alan williams,1993-01-28,79,F,,,
43402019-244b-54ba-98ea-540ecc27fec3,Stanley Umude,stanley umude,1999-04-12,78,W,,,
434361bd-ad36-5e55-9555-1ba1e3dc3b86,Spencer Jones,spencer jones,2001-06-14,79,G,,,
43473d90-3b47-550f-8ffd-8056030f1e07,D.J. White,dj white,1986-08-31,81,F,2008.0,29.0,DET
43b5d4d1-9e31-5395-b9cc-bf0655afd17e,Jarrett Culver,jarrett culver,1999-02-20,77,G,2019.0,6.0,PHO
43b8faab-c80a-5d1f-b7ac-f0dec7afecc4,Moses Moody,moses moody,2002-05-31,78,G,2021.0,14.0,GSW
43e8c2ce-b6de-501a-93d1-47b327e66232,Alex Ducas,alex ducas,2000-12-11,79,W,,,
4410f831-33cb-5f5f-b6c7-58e99ebc7830,Filip Petrusev,filip petrusev,2000-04-15,83,C,2021.0,50.0,PHI
44944b3f-fc9c-5e1b-a249-1efbb7cdb37a,Khem Birch,khem birch,1992-09-28,81,C,,,
44982205-af2f-5f67-af1d-8ed45b55d7b2,D.J. Stephens,dj stephens,1990-12-19,77,F,,,
44998b13-92f0-5a8c-99da-8ebf19f94e96,Alfonzo McKinnie,alfonzo mckinnie,1992-09-17,80,F,,,
44c92002-369c-53a1-8033-1b3435fe4e43,London Perrantes,london perrantes,1994-10-03,74,G,,,
452652c5-3709-55ba-805d-3ea3aa2835cc,Andre Dawkins,andre dawkins,1991-09-19,77,G,,,
453dd54e-883e-50ab-a40a-c79b1b6bf58d,Michael Gbinije,michael gbinije,1992-06-05,79,G,2016.0,49.0,DET
454f462c-991c-57cf-87b6-d975a0a8b760,Vladislav Goldin,vladislav goldin,2001-05-12,85,C,,,
45587386-cd15-54e1-b12f-acc3385468f4,Davon Reed,davon reed,1995-06-11,78,G,2017.0,32.0,PHO
4592e097-2318-59e6-a71e-ac2c877d7032,Jaxson Hayes,jaxson hayes,2000-05-23,83,C,2019.0,8.0,ATL
459dc349-fd21-5386-89b9-d37b03b9e566,Taylor Griffin,taylor griffin,1986-04-18,79,W,2009.0,48.0,PHO
459de9ee-b4ce-554a-ad91-2b6d66fd6d8f,Sviatoslav Mykhailiuk,svi mykhailiuk,1997-06-10,80,W,2018.0,47.0,LAL
4634db0a-aa2a-5796-a26b-40a22442018d,De'Andre Hunter,deandre hunter,1997-12-02,79,W,2019.0,4.0,LAL
4651c8fe-bf2f-540d-803a-8d831409b0ac,Grant Nelson,grant nelson,2002-03-18,83,F,,,
4691c60a-b257-5edc-9d3e-d0d3393bad9e,Angel Delgado,angel delgado,1994-11-20,82,C,,,
46998222-7d48-5bda-8e73-e08b42d6c476,Josh Reaves,josh reaves,1997-06-04,77,G,,,
46a58afd-288b-5702-89a5-f43fc5679142,Adama Bal,adama bal,2003-12-18,79,G,,,
46add7b4-6b1e-5d74-84dd-f0e2d69e71dd,Chimezie Metu,chimezie metu,1997-03-22,83,C,2018.0,49.0,SAS
46ec0824-42cd-540e-9ebb-e3b6a4ee0f32,Chandler Parsons,chandler parsons,1988-10-25,82,F,2011.0,38.0,HOU
473e52e7-f800-5f70-b551-f55b0912bd1c,Grant Williams,grant williams,1998-11-30,79,W,2019.0,22.0,BOS
4768da1b-159f-54ef-83ec-b0b64b8bddde,Naji Marshall,naji marshall,1998-01-24,79,G,,,
477c1572-b572-52ed-b0a7-5965e4aea877,JT Thor,jt thor,2002-08-26,82,F,2021.0,37.0,DET
4815c177-15af-51a4-9f1d-d644bba17f06,Cassius Stanley,cassius stanley,1999-08-18,78,W,2020.0,54.0,IND
48229d68-fb3b-5c7a-aa7c-9ea78952cf69,Myles Turner,myles turner,1996-03-24,83,F,2015.0,11.0,IND
4851b2c3-ad65-5733-a80b-727c6016f42c,Jaylen Clark,jaylen clark,2001-10-13,77,G,2023.0,53.0,MIN
4863d68b-bd99-530e-95fc-2faff71a5d92,Gerald Henderson,gerald henderson,1987-12-09,77,W,2009.0,12.0,CHA
4887ed41-d68f-5620-a765-749971aaa813,Koby Brea,koby brea,2002-11-06,79,G,2025.0,41.0,GSW
488d6c61-7970-5afd-b99d-f87e4e47b213,Andrew Goudelock,andrew goudelock,1988-12-07,74,G,2011.0,46.0,LAL
488f3d9e-0ea5-5976-86e3-7455b2f64a5b,Marvin Bagley III,marvin bagley,1999-03-14,83,F,2018.0,2.0,SAC
48bfe0b3-bd66-5f04-ab38-2910b9fba52d,Vince Williams Jr.,vince williams,2000-08-30,78,G,2022.0,47.0,MEM
48e0e160-cc59-533d-a718-ad1eb62f56a6,Robert Franks,robert franks,1996-12-18,81,F,,,
4936a4ed-1c4f-5bdd-bc4f-f2dbff62dd6f,Brandin Podziemski,brandin podziemski,2003-02-25,77,G,2023.0,19.0,GSW
4939897b-c9a7-58ec-b208-b4fa428d3abf,Damian Jones,damian jones,1995-06-30,84,C,2016.0,30.0,GSW
495f3c97-668d-5b2a-8bb2-8b9322e1d5f7,Kobi Simmons,kobi simmons,1997-07-04,77,G,,,
49c70c00-fe3a-5165-97a7-c6a1468bd1b9,Darius Brown II,darius brown,1999-07-28,74,G,,,
49f3fc45-f6d9-5586-aa17-4fb8dd6cbec9,Nikola Vucevic,nikola vucevic,1990-10-24,82,F,2011.0,16.0,PHI
49fd67a4-8888-509e-a355-7a103a474ed2,Matthew Dellavedova,matthew dellavedova,1990-09-08,76,G,,,
4a2b5b08-7b51-50da-a31b-6f5b6ead5087,Andrew Wiggins,andrew wiggins,1995-02-23,80,W,2014.0,1.0,CLE
4a362555-1da1-5ba2-bcca-b46342d59f15,Brandon Knight,brandon knight,1991-12-02,75,G,2011.0,8.0,DET
4a3fc870-3b9b-5337-bec3-d9af72681c28,Larry Sanders,larry sanders,1988-11-21,83,C,2010.0,15.0,MIL
4a686e5c-b5b4-58b1-8553-ec56185c2dd1,D.J. Kennedy,dj kennedy,1989-11-05,77,G,,,
4accbae3-3b35-598a-bc61-8ad6af37c679,Jericho Sims,jericho sims,1998-10-20,82,C,2021.0,58.0,NYK
4b0a69a3-8cf5-5d74-b48a-dfc866b2f5f8,Ben Moore,ben moore,1992-07-01,80,C,,,
4b26644f-a6b2-57b4-8b89-bedff8a95210,Marcus Garrett,marcus garrett,1998-11-09,77,G,,,
4b36d2ab-1256-5f15-9e5e-44db7cdafea2,Malik Monk,malik monk,1998-02-04,75,G,2017.0,11.0,CHO
4b556d1f-3e6e-5ac9-aa26-cbdd92e6b525,Pascal Siakam,pascal siakam,1994-04-02,81,C,2016.0,27.0,TOR
4b8f7ac8-d6bc-5f35-b428-647a6f682d41,Terry Rozier,terry rozier,1994-03-17,73,G,2015.0,16.0,BOS
4bb0c68b-3bbc-5510-954a-ebecfaf7deea,Onyeka Okongwu,onyeka okongwu,2000-12-11,81,C,2020.0,6.0,ATL
4c01e5b0-9c2c-50a3-99de-ef99009ffcf7,Myke Henry,myke henry,1992-12-23,78,W,,,
4c4869ec-721e-5d5a-802d-8d843f8a6b59,Eric Maynor,eric maynor,1987-06-11,74,G,2009.0,20.0,UTA
4c9a433c-6402-53c5-bd18-90fdf491e818,Thomas Robinson,thomas robinson,1991-03-17,81,F,2012.0,5.0,SAC
4d116504-de14-5d7d-bffa-5bb0b65fc864,Demetrius Jackson,demetrius jackson,1994-09-07,73,G,2016.0,45.0,BOS
4d5273cf-45cf-514b-810c-586cf6adc840,Bruce Brown Jr.,bruce brown,1996-08-15,77,G,2018.0,42.0,DET
4d7953b1-f303-59dc-9b63-8106b23bcf77,Georges Niang,georges niang,1993-06-17,80,W,2016.0,50.0,IND
4dc2da94-ce92-5102-b989-f29b710500af,Delon Wright,delon wright,1992-04-26,77,G,2015.0,20.0,TOR
4de1e141-aabd-5c01-8e3f-f6072b70f01f,Reggie Hearn,reggie hearn,1991-08-14,76,G,,,
4dec9fcd-9a41-55e7-ae1c-3d6c374a9df7,Johnny O'Bryant III,johnny obryant,1993-06-01,81,F,2014.0,36.0,MIL
4e114a73-7342-526c-9cdc-b186c2e4daaf,Chaz Lanier,chaz lanier,2001-12-19,77,G,2025.0,37.0,DET
4e3b0c82-b7a0-5fb9-9aa9-9ba82a715d5d,Jalen Duren,jalen duren,2003-11-18,83,C,2022.0,13.0,CHO
4e5e913a-8715-5334-8941-7f69b150af23,Marcus Paige,marcus paige,1993-09-11,74,G,2016.0,55.0,BRK
4ea0e30c-a3d7-5acf-846d-c941c2cebf5d,Sean Singletary,sean singletary,1985-09-06,72,G,2008.0,42.0,SAC
4ec0da71-8956-58da-a815-29892155ee7b,Semi Ojeleye,semi ojeleye,1994-12-05,79,W,2017.0,37.0,BOS
4ec5d1ff-7749-58e1-a9dd-5ba740125fa7,Cameron Oliver,cameron oliver,1996-07-11,80,F,,,
4f27b123-49b8-5bcd-8605-2200bb603591,Mychel Thompson,mychel thompson,1988-06-01,79,F,,,
4f27dbe5-8ab1-5fc7-b005-108964906723,Stephon Castle,stephon castle,2004-11-01,78,G,2024.0,4.0,SAS
4f2c372c-a136-575a-b803-50e6c415ddb9,Jahmyl Telfort,jahmyl telfort,2001-04-30,79,G,,,
4f5eac04-d215-545e-bb3f-12c3f9f7ff93,Hunter Sallis,hunter sallis,2003-03-26,77,G,,,
4f72fc4e-6f18-5426-af0f-73a5dff524eb,Ryan Nembhard,ryan nembhard,2003-03-10,72,G,,,
4f73ba95-df1f-5ff1-8443-61804d1e6bc0,Lachlan Olbrich,lachlan olbrich,2003-12-30,82,F,2025.0,55.0,LAL
4fbda642-56ae-5df9-b90e-3b767e7e2d32,DeMarcus Nelson,demarcus nelson,1985-11-02,76,G,,,
4ff4fa5d-c549-566e-98be-48b91e534c10,Edwin Ubiles,edwin ubiles,1986-11-26,78,G,,,
4ff95146-0fb2-515a-a2da-8dd7f662f985,Tristen Newton,tristen newton,2001-04-26,77,G,2024.0,49.0,IND
5001ba08-4196-5415-ae17-7ad60d1541c2,Tyrell Terry,tyrell terry,2000-09-28,73,G,2020.0,31.0,DAL
502d0e27-5c58-56ae-87ab-4bd3d50fe31f,Chandler Hutchison,chandler hutchison,1996-04-26,79,G,2018.0,22.0,CHI
5036dce2-1e25-5ccf-90fd-7b4c8e7af67f,Nate Hinton,nate hinton,1999-06-08,77,W,,,
50667099-96e0-57d3-bce3-c5616f3182b7,Marial Shayok,marial shayok,1995-07-26,78,G,2019.0,54.0,PHI
507e119f-d486-5509-892e-ddbaf3a41df6,Tyler Burton,tyler burton,2000-02-11,79,W,,,
509e858d-c26d-5df2-b456-475e56ada311,Kingston Flemings,kingston flemings,2007-01-03,76,G,2026.0,8.0,ATL
50a9b5db-6e05-562f-b66f-b2e1a92baf08,Peyton Siva,peyton siva,1990-10-24,72,G,2013.0,56.0,DET
50f011df-8190-5aff-abce-a40dcf1a9d2b,Okaro White,okaro white,1992-08-13,79,F,,,
515e53b5-985f-597f-8869-9e6c1fbdb0cf,Rodney McGruder,rodney mcgruder,1991-07-29,76,G,,,
516af4e3-03b7-512c-b869-3c98ef441bd7,Isaiah Mobley,isaiah mobley,1999-09-24,82,F,2022.0,49.0,CLE
51ab5652-6a85-5100-af2c-222aa74d31d6,David Roddy,david roddy,2001-03-27,77,W,2022.0,23.0,PHI
51e90b5f-0bf2-5c33-aa06-2c4e7a043822,Brandon Paul,brandon paul,1991-04-30,76,G,,,
51f3ac80-3c59-5df1-80fb-84c821598fd5,Jaren Jackson Jr.,jaren jackson,1999-09-15,83,F,2018.0,4.0,MEM
51fb42b0-2ac1-569c-a010-afd20dfbe53f,JaJuan Johnson,jajuan johnson,1989-02-08,82,F,2011.0,27.0,NJN
52b5f9c5-d05a-5d9f-ba6b-10e1b4047128,Keith Appling,keith appling,1992-02-13,73,G,,,
52cad303-f659-507c-9708-2565dd91e201,Jalen Bridges,jalen bridges,2001-05-14,81,W,,,
52e45460-4f51-5800-bf0c-5f8c3ccb99ff,Chris Chiozza,chris chiozza,1995-11-21,72,G,,,
52ec62bc-6741-54e6-89c3-578ea259c8c9,Robin Lopez,robin lopez,1988-04-01,84,C,2008.0,15.0,PHO
53002cf0-0465-5167-a549-1b3f0b8cdbd2,JJ Hickson,jj hickson,1988-09-04,84,C,2008.0,19.0,CLE
5321e85e-1d51-52f6-971c-563013ef64bb,C.J. McCollum,cj mccollum,1991-09-19,75,G,2013.0,10.0,POR
53348a77-6de0-5823-8e19-0fd8a0c1e667,D.J. Augustin,dj augustin,1987-11-10,72,G,2008.0,9.0,CHA
53802603-79df-554b-8f05-7ed8c398f574,Colton Iverson,colton iverson,1989-06-29,82,C,2013.0,53.0,IND
5399504e-58b8-5b5e-8677-5822ce90da07,Brice Johnson,brice johnson,1994-06-27,82,C,2016.0,25.0,LAC
53b1da55-6629-526c-b34a-34536d5d35ca,Alec Brown,alec brown,1992-07-23,85,F,2014.0,50.0,PHO
53ca5bc8-2e06-57d4-a87c-aee98233c808,Balsa Koprivica,balsa koprivica,2000-05-01,85,F,2021.0,57.0,CHO
53e0fc36-b705-529c-9a23-901a146f98a3,Nathan Knight,nathan knight,1997-09-20,82,F,,,
53e7a72c-854a-5e95-a45d-820725c0e1aa,Oshae Brissett,oshae brissett,1998-06-20,80,F,,,
53f65e38-341d-58ff-8992-2de431daf359,Jaylon Tyson,jaylon tyson,2002-12-02,79,G,2024.0,20.0,CLE
53f8525e-e82d-535b-bc7f-843a059017f6,Kyle Weaver,kyle weaver,1986-02-18,78,W,2008.0,38.0,CHA
5402423e-2181-5660-9224-0b763bbd9d22,Briante Weber,briante weber,1992-12-29,74,G,,,
542baeae-f75e-5c52-9780-f349eef2cb81,Keion Brooks Jr.,keion brooks,2000-08-07,79,W,,,
5463cb25-a607-5716-8779-4855738dd44c,Norris Cole,norris cole,1988-10-13,74,G,2011.0,28.0,CHI
546949db-5615-5336-8995-aab2f0a43720,Billy Garrett Jr.,billy garrett,1994-10-16,78,G,,,
546c4f33-5181-5ca5-ba3c-ca7f608956db,Shan Foster,shan foster,,78,W,2008.0,51.0,DAL
548d1750-8ef0-5804-98ac-401f5d18881c,Isaiah Evans,isaiah evans,2005-12-06,78,G,2026.0,33.0,BRK
54a51492-71e2-5479-bf44-8e681c8df228,Lester Hudson,lester hudson,1984-08-07,75,G,2009.0,58.0,BOS
55b505fb-9e90-5ba0-8634-48118dcaca9b,Dusty Hannahs,dusty hannahs,1993-09-02,75,G,,,
55f6549e-63f5-57c8-bb92-c7c58bcb88a4,DaQuan Jeffries,daquan jeffries,1997-08-30,77,W,,,
561113e3-59d0-5342-b754-2038a398488e,Jordan Sibert,jordan sibert,1992-08-01,76,G,,,
561bb7ef-1441-5a9d-ba11-a56e07ea023b,Lazar Hayward,lazar hayward,1986-11-26,78,W,2010.0,30.0,WAS
5629f257-5b60-5171-b3dd-b10f763a94ff,Colin Castleton,colin castleton,2000-05-25,83,C,,,
563d5b81-43fa-5d2c-925d-c5bd5fd29643,Cam Whitmore,cameron whitmore,2004-07-08,79,G,2023.0,20.0,HOU
56dcf593-0e95-5d9a-9bb8-b405eae423e0,Mike Scott,mike scott,1988-07-16,80,F,2012.0,43.0,ATL
5707ebbc-4b54-5c7c-97be-bc7b1c7310ea,Tyler Ennis,tyler ennis,1994-08-24,74,G,2014.0,18.0,PHO
572540b4-6a92-5c07-ac1a-37469998ffed,Blake Wesley,blake wesley,2003-03-16,77,G,2022.0,25.0,SAS
5735b529-ef0d-5623-8f29-b7a580bfa904,Trey Lyles,trey lyles,1995-11-05,82,F,2015.0,12.0,UTA
5738d026-4db8-5d81-92a0-c2e7e2a41369,Devin Ebanks,devin ebanks,1989-10-28,81,W,2010.0,43.0,LAL
573dac5b-2f71-5c9d-8bee-2c6cce0cc003,Ron Harper Jr.,ron harper,2000-04-12,78,G,,,
574819b3-f914-5745-a362-64c71e76bef4,Yanic Konan Niederhauser,yanic konan niederhauser,2003-03-14,84,C,2025.0,30.0,LAC
57679d66-59eb-5227-a058-a85eb555667c,Gary Clark,gary clark,1994-11-16,80,F,,,
5773e81c-4a5a-5b47-a819-2a2e4828e937,Jonathan Isaac,jonathan isaac,1997-10-03,82,F,2017.0,6.0,ORL
578489a6-a430-59e6-b58b-e2be0c5d887d,Will Cherry,will cherry,1991-02-08,73,G,,,
578bbab6-adc6-5a86-88a0-ffe6a0ff4c8b,Tarik Black,tarik black,1991-11-22,81,C,,,
587e461d-4ece-5f44-a647-c4192ded03bd,Isaiah Wong,isaiah wong,2001-01-28,76,G,2023.0,55.0,IND
58cfaaaf-d5fd-525a-af47-3a64a8c4a28e,Santi Aldama,santi aldama,2001-01-10,83,F,2021.0,30.0,UTA
58e1c257-656d-5653-b3d4-e714a6b0d60e,Jayson Kent,jayson kent,2002-02-03,80,W,,,
591478d1-0116-5f93-9186-c58598733895,Samardo Samuels,samardo samuels,1989-01-09,81,C,,,
59534ea8-1f5d-5039-93fc-afc2faee61d7,Tyler Hall,tyler hall,1997-03-25,77,G,,,
5977bb77-e9ae-529d-9e8b-82d2bec1941b,Jordan Nwora,jordan nwora,1998-09-09,79,W,2020.0,45.0,MIL
5996abc5-c60b-556a-aa39-789b9574b3c2,Felix Okpara,felix okpara,2004-04-20,83,C,2026.0,46.0,ORL
59b2923e-1c89-59f4-b867-4aad48142cc3,Jaylen Brown,jaylen brown,1996-10-24,79,W,2016.0,3.0,BOS
59d57119-c4fc-5a89-b21b-a07fe14c4d60,Alonzo Gee,alonzo gee,1987-05-29,78,W,,,
5a48a939-765a-5e8a-ba70-87de7670d014,K.J. McDaniels,kj mcdaniels,1993-02-09,77,F,2014.0,32.0,PHI
5a495195-b60e-5ef3-a6b1-c5fedd8314fe,Zach Lofton,zach lofton,1992-11-18,76,G,,,
5a6341f1-4ccf-5950-af7b-078e6db291d0,Terance Mann,terance mann,1996-10-18,79,W,2019.0,48.0,LAC
5aae99f1-92f3-5772-9938-0b6a5f98fae6,Cameron Johnson,cameron johnson,1996-03-03,81,W,2019.0,11.0,MIN
5b0d9551-1cb6-55e3-9b12-b5c9110dc84f,Matt Ryan,matt ryan,1997-04-17,79,W,,,
5b2d4567-9824-5d95-b872-0f916c321d00,Tristan da Silva,tristan da silva,2001-05-15,81,W,2024.0,18.0,ORL
5b8ec4e0-35d3-59ab-ac51-f3c716f44d65,Jason Preston,jason preston,1999-08-10,76,G,2021.0,33.0,ORL
5b950d7a-878f-585a-a449-ef2ad6c28183,Moussa Cisse,moussa cisse,2002-09-10,84,C,,,
5baf56fb-dab6-5783-b376-6c402b67c459,Jordan Crawford,jordan crawford,1988-10-23,76,G,2010.0,27.0,NJN
5bb1af2a-d8e8-59ae-a2e9-152c3ce6735b,Bennett Stirtz,bennett stirtz,2003-10-03,76,G,2026.0,16.0,MEM
5bca02b8-e829-5ea6-bb2d-7e3b9af6dd7a,Branden Carlson,branden carlson,1999-06-14,84,F,,,
5bcea035-e8f3-518f-88d1-af463fa6966c,Jahmai Mashack,jahmai mashack,2002-11-10,76,G,2025.0,59.0,HOU
5bd1a7fc-d8db-5197-a8ee-8a89e5a86fa3,Hunter Tyson,hunter tyson,2000-06-13,80,F,2023.0,37.0,OKC
5be14190-386f-51ba-899b-e9f244dc34ea,Ryan Arcidiacono,ryan arcidiacono,1994-03-26,75,G,,,
5c1aa387-b4ee-53d7-ab7d-5bd07aac39a6,Shaquille Harrison,shaquille harrison,1993-10-06,75,G,,,
5c2a0799-48e7-56d6-8a64-ed2cec3ab9bb,Kasparas Jakucionis,kasparas jakucionis,2006-05-29,78,G,2025.0,20.0,MIA
5c2a0902-9d63-559c-8091-dcb885f343e6,Ray McCallum,ray mccallum,1991-06-12,73,G,2013.0,36.0,SAC
5c2c0020-ac4c-5578-b9bb-9acc068338be,Jae Crowder,jae crowder,1990-07-06,78,G,2012.0,34.0,CLE
5c5ac2fd-aec0-5440-a4b3-069c5b498e44,Jeff Foote,jeff foote,1987-07-14,84,C,,,
5d14f158-07e8-572b-aa89-54beb19eb785,Rob Dillingham,robert dillingham,2005-01-04,75,G,2024.0,8.0,SAS
5d5fd81f-7485-5317-a159-ddb2b20162ba,George King,george king,1994-01-15,78,F,2018.0,59.0,PHO
5d61f258-659a-5573-b630-fbbd985c5db0,Festus Ezeli,festus ezeli,1989-10-21,83,C,2012.0,30.0,GSW
5d623408-51c2-5ef4-8a88-d22b36c309a3,Tony Wroten,tony wroten,1993-04-13,77,G,2012.0,25.0,MEM
5dd94974-56ba-51ab-ab69-263ffc04c9a7,Wayne Ellington,wayne ellington,1987-11-29,76,G,2009.0,28.0,MIN
5e38de21-aa53-5f13-8cd8-30c00d443ce6,Rob Kurz,rob kurz,1985-03-05,81,F,,,
5e4d747b-1f0b-59b3-ac9d-3d286ac510f4,Cole Swider,cole swider,1999-05-08,81,F,,,
5e717f19-d187-5774-a866-435508546d3b,Timmy Allen,timmy allen,2000-01-09,78,G,,,
5e99efce-2f81-55c7-bb42-42b05b6c0970,RJ Nembhard,rj nembhard,1999-03-22,77,G,,,
5f3d147f-9d98-5c5b-935b-e7be51317ab1,Travis Wear,travis wear,1990-09-21,82,W,,,
5fa87c99-f715-5476-a238-5fef7df6ea4c,Mark Sears,mark sears,2002-02-19,73,G,,,
5fade6d6-ef9e-5633-b157-743e4e17aafe,Maliq Brown,maliq brown,2003-11-16,81,W,2026.0,44.0,SAS
5fc4c176-24a6-5a86-8a81-72db2d08af54,Jerrelle Benimon,jerrelle benimon,1991-08-01,80,F,,,
5fc86cec-0341-56d1-ab90-2642e234b35d,Gordon Hayward,gordon hayward,1990-03-23,81,F,2010.0,9.0,UTA
5fec745f-17b7-57ae-bbe8-8eea8b3539dc,Dillon Brooks,dillon brooks,1996-01-22,79,G,2017.0,45.0,HOU
601a4c8a-0138-5778-9e93-c23bf36c48fb,John Poulakidas,john poulakidas,2003-04-04,77,G,,,
602e0586-6577-546d-a1b0-9d3047bba41d,Izaiah Brockington,izaiah brockington,1999-07-12,76,G,,,
604e20bb-4fe5-5c7e-b65d-7f89da331ccc,Josh Green,josh green,2000-11-16,78,G,2020.0,18.0,DAL
605a791a-f7b9-5554-99c3-01fe9a36fba5,T.J. McConnell,tj mcconnell,1992-03-25,73,G,,,
607e4564-7537-5ae8-809f-7965e48f49bd,Jakarr Sampson,jakarr sampson,1993-03-20,81,C,,,
609a9f7b-99c4-5f52-a27d-6670d3d2e53b,Isaiah Taylor,isaiah taylor,1994-07-11,75,G,,,
60ada237-58be-5ffa-ba3f-bdbba9020881,Dailyn Swain,dailyn swain,2005-07-15,80,W,2026.0,15.0,CHI
60f5f624-9d7a-5368-822d-7458b52f0b89,Xavier Henry,xavier henry,1991-03-15,78,G,2010.0,12.0,MEM
6120b2ee-49fb-5995-aa1c-45eeb356fac2,TJ Leaf,tj leaf,1997-04-30,82,F,2017.0,18.0,IND
61840fbe-4c6d-51f5-9525-663f78a24ee8,Josh Harrellson,josh harrellson,1989-02-12,82,C,2011.0,45.0,NOH
61875142-ad49-5ada-a03a-ed6698d66444,Jared Harper,jared harper,1997-09-14,71,G,,,
6188a323-69fd-58ed-aca1-7af5a64a6c3b,Chris Manon,chris manon,2001-12-09,77,G,,,
62249ded-1c27-5935-91f6-93624f3ea20c,Zach Collins,zach collins,1997-11-19,84,C,2017.0,10.0,SAC
623a02e0-c124-5168-8263-3ed22ef46e8c,Nickeil Alexander-Walker,nickeil alexanderwalker,1998-09-02,77,G,2019.0,17.0,BRK
62aaa68b-67ce-5db9-8520-cd36dc313234,Oso Ighodaro,osasere ighodaro,2002-07-14,83,C,2024.0,40.0,POR
62b2193c-979e-57ab-9c9f-a353a864bb1f,Ricky Council IV,ricky council,2001-08-03,78,G,,,
62f46ffa-c9ee-5e0e-a424-48f1c2485e77,Tre Mann,tre mann,2001-02-03,77,G,2021.0,18.0,OKC
6362e968-f855-58ea-87dc-201fd081c49f,Reggie Jackson,reggie jackson,1990-04-16,75,G,2011.0,24.0,OKC
639a4e15-d8a1-5663-a2f3-ee42f35624ee,Nah'Shon Hyland,bones hyland,2000-09-14,75,G,2021.0,26.0,DEN
63cf9a99-8078-573f-921f-880c2ab54344,Xavier Cooks,xavier cooks,1995-08-19,80,F,,,
640c31a9-0cc9-5cf9-9542-8f6bf4ff1c48,Nico Mannion,nico mannion,2001-03-14,75,G,2020.0,48.0,GSW
6410a1af-457a-5d71-aeab-8f3768b9f66a,Luguentz Dort,luguentz dort,1999-04-19,76,G,,,
64298923-d141-5c2a-b8b1-9fdcf3da88f5,Christian Wood,christian wood,1995-09-27,82,F,,,
6438524d-9ba8-5d29-93a4-db179eddd1ee,Shabazz Napier,shabazz napier,1991-07-14,73,G,2014.0,24.0,CHO
646e4917-6b8b-56c6-a4ce-9639ebf50ed3,Fab Melo,fab melo,1990-06-20,84,C,2012.0,22.0,BOS
64945eb2-bd7f-58d7-be55-4234620408bf,Isaiah Cousins,isaiah cousins,1994-03-13,76,G,2016.0,59.0,SAC
650c4309-4425-5fb9-a87c-993a226b9621,Christian Anderson,christian anderson,2006-04-02,75,G,2026.0,18.0,CHA
65aad87e-971a-578a-88b4-1a34dff20d3b,Cheick Diallo,cheick diallo,1996-09-13,81,C,2016.0,33.0,LAC
65f34831-ea58-57c6-b4d2-87c2a782eb40,Nathan Mensah,nathan mensah,1998-04-09,82,F,,,
6600ece5-1bc2-5689-b6e0-a3b632093410,Malik Newman,malik newman,1997-02-21,75,G,,,
660e0646-6617-5673-aa6f-98cf3b7b1155,Lajae Jones,lajae jones,2004-05-21,79,W,2026.0,54.0,GSW
6616264b-32d8-51e0-a3c9-65d859b2cb48,Damyean Dotson,damyean dotson,1994-05-06,77,G,2017.0,44.0,NYK
6626afc9-9364-5679-baa7-042f4bfd5a93,Grayson Allen,grayson allen,1995-10-08,77,G,2018.0,21.0,UTA
6661aaa9-0b6d-595b-9531-cf2b6794a4da,Zach LaVine,zach lavine,1995-03-10,77,G,2014.0,13.0,MIN
66712837-f758-530d-9ae6-cfcb42aacc86,Tyler Honeycutt,tyler honeycutt,1990-07-15,80,F,2011.0,35.0,SAC
66ba287e-16ec-577c-81f7-dee905fa4a6d,Chris Youngblood,chris youngblood,2002-02-09,76,G,,,
672b3582-3022-52c8-9398-83e15a83527c,Jeff Ayres,jeff ayres,1987-04-29,82,F,2009.0,31.0,SAC
6751a0c0-65c6-561d-97ba-45a2c7036ee2,Cedric Jackson,cedric jackson,1986-03-05,74,G,,,
67595f2b-58fb-509e-8054-8de846189500,Chaney Johnson,chaney johnson,2002-06-20,79,W,,,
675d95a8-76b0-59be-bd8c-af167546c9c5,Jesse Edwards,jesse edwards,2000-03-18,83,C,,,
677191c8-8157-51d6-905f-a9ec6d0e8b32,Markquis Nowell,markquis nowell,1999-12-25,68,G,,,
67abc99e-c414-5ef1-b55a-a26f0bca8136,Jacob Toppin,jacob toppin,2000-05-08,81,W,,,
67e3c6ed-613f-5790-94c9-2ba990890023,Kostas Antetokounmpo,kostas antetokounmpo,1997-11-20,82,C,2018.0,60.0,PHI
67f2b2ef-df2e-553d-bf11-a6e358084672,Michael Beasley,michael beasley,1989-01-09,81,F,2008.0,2.0,MIA
680c72ef-2e5c-5e57-b968-b405c594b326,Darington Hobson,darington hobson,1987-09-29,79,W,2010.0,37.0,MIL
687f8ee8-252f-51d7-b7bd-3da82b0aa2f1,Marcus Smart,marcus smart,1994-03-06,76,G,2014.0,6.0,BOS
68a330d3-00f9-562b-ad9e-68d8c8e9c93a,Taj Gibson,taj gibson,1985-06-24,81,F,2009.0,26.0,CHI
68b3b74c-39f6-50ae-bead-b80eedfa623c,Jared Cunningham,jared cunningham,1991-05-22,76,G,2012.0,24.0,CLE
68c51b5e-1b88-5e22-b35f-c03034d620d5,Danny Wolf,danny wolf,2004-05-05,84,F,2025.0,27.0,BRK
68e7025a-bcc7-5ab4-98d6-5f3e113074e6,Eric Moreland,eric moreland,1991-12-24,82,F,,,
68e77e64-1ce8-52cb-b258-c16a9f360ccc,Da'Sean Butler,dasean butler,,79,G,2010.0,42.0,MIA
690cd31a-af75-52bd-8371-48f2f310e6c4,Malik Hairston,malik hairston,1987-02-23,78,W,2008.0,48.0,PHO
690e2a21-d009-5219-9d0e-e39ff90876da,Damion Baugh,damion baugh,2000-08-03,76,G,,,
69302304-9414-574e-9772-275f3c606488,B.J. Johnson,bj johnson,1995-12-21,79,W,,,
695c3caf-baa8-50c5-8eae-7be9797e6b16,Bronny James,bronny james,2004-10-06,76,G,2024.0,55.0,LAL
6963f9ed-f5d7-50d1-aa69-0d8641047c1c,Collin Gillespie,collin gillespie,1999-06-25,75,G,,,
6973c467-b496-5183-87a9-31315cb7feb7,Cam Spencer,cameron spencer,2000-04-06,76,G,2024.0,53.0,DET
6985e7f4-ea18-5dab-854a-b575573f97c8,Tim Quarterman,tim quarterman,1994-10-27,78,G,,,
69e1b37c-2f95-586a-99ce-9228eb8a7923,Jamaal Franklin,jamaal franklin,1991-07-21,77,W,2013.0,41.0,MEM
6a01e5da-4133-507f-b848-43760dbe711d,Joseph Young,joe young,1992-06-27,74,G,2015.0,43.0,IND
6a0a2c23-f2a7-5f97-a8b3-95f393bfb1c3,Micah Peavy,micah peavy,2001-07-16,80,W,2025.0,40.0,WAS
6a32545c-d89c-5acd-aea9-602f8405b053,Killian Tillie,killian tillie,1998-03-05,82,F,,,
6a51cbab-5843-5dbf-896b-93e223b1e2be,Drew Peterson,drew peterson,1999-11-09,81,W,,,
6a72fedf-1517-5aec-82c3-40df8c2bd085,Christian Koloko,christian koloko,2000-06-20,85,C,2022.0,33.0,TOR
6a877626-030a-5535-92b9-31d4409b5233,Sandro Mamukelashvili,sandro mamukelashvili,1999-05-23,83,W,2021.0,54.0,IND
6a95cb7a-6952-5161-bc46-92be21cc5004,Joe Alexander,joe alexander,1986-12-26,80,F,2008.0,8.0,MIL
6ae832cc-87fa-5542-97d9-51433e04d60d,Bryce Dejean-Jones,bryce dejeanjones,1992-08-21,78,G,,,
6ba3479d-2816-5801-8456-476b8115eb13,Jeff Withey,jeff withey,1990-03-07,84,F,2013.0,39.0,POR
6bef524c-78ad-5e1d-bde5-6ba758809329,Isaiah Canaan,isaiah canaan,1991-05-21,73,G,2013.0,34.0,HOU
6c282488-e47c-5c2a-99cf-6f47941e5da6,Kawhi Leonard,kawhi leonard,1991-06-29,78,F,2011.0,15.0,IND
6c3b7475-25b7-521d-ac5e-9a675e29ab7c,Justin Hamilton,justin hamilton,1990-04-01,83,C,2012.0,45.0,PHI
6c3f3b56-19cb-5aa1-a0c1-0cc8610b517a,Kevin McCullar Jr.,kevin mccullar,2001-03-15,79,G,2024.0,56.0,PHO
6c49c789-07b8-5bfc-8ebb-041457ba4588,Vince Edwards,vince edwards,1996-04-05,80,W,2018.0,52.0,UTA
6c546dba-354e-5cdc-a841-b328b111670d,Otega Oweh,otega oweh,2003-06-21,76,G,2026.0,41.0,MIA
6c61230a-0b0e-523f-8650-596d738a39db,Cody Zeller,cody zeller,1992-10-05,84,C,2013.0,4.0,CHA
6c9a5039-600d-5940-a3ef-99fda928599a,Lance Stephenson,lance stephenson,1990-09-05,77,G,2010.0,40.0,IND
6c9c4a56-4839-524a-b85e-2af289691289,Jamal Shead,jamal shead,2002-07-24,73,G,2024.0,45.0,SAC
6cce8fb6-d774-541e-8d4f-675d61826d28,Braxton Key,braxton key,1997-02-14,80,W,,,
6ce75673-0349-5f22-aec5-3de82d6e68fa,Elias Harris,elias harris,1989-07-06,80,W,,,
6cfa3f80-4fde-5088-b6f5-5b3adc21d713,Fred VanVleet,fred vanvleet,1994-02-25,72,G,,,
6d078701-6f96-5815-a199-846ffe63b5bd,Iman Shumpert,iman shumpert,1990-06-26,77,G,2011.0,17.0,NYK
6d563c0d-6e9b-51ab-95e4-97172a03bce5,Troy Caupain,troy caupain,1995-11-29,76,G,,,
6d7abe9b-a424-51c1-9a25-fcebb9ec005a,Shayne Whittington,shayne whittington,1991-03-27,83,C,,,
6e06048f-45a5-55ec-ae03-66c4a58e11a3,Jamir Watkins,jamir watkins,2001-07-06,79,G,2025.0,43.0,UTA
6e087386-1dcd-54ff-ba80-ba20c4bacbd8,Gabe York,gabe york,1993-08-02,75,G,,,
6e59d0f5-e30d-5671-b0ad-b23b0f0ec182,Jabari Brown,jabari brown,1992-12-18,77,G,,,
6e7ebf36-2008-512a-8e0b-9d9716da2e3b,Eric Paschall,eric paschall,1996-11-04,80,W,2019.0,41.0,GSW
6e837496-e60b-5aaa-a74a-6c45d2249e29,Mason Plumlee,mason plumlee,1990-03-05,82,C,2013.0,22.0,BRK
6e88bbe8-1c52-5000-885f-92a986a1e36e,E'Twaun Moore,etwaun moore,1989-02-25,76,G,2011.0,55.0,BOS
6e9f80d4-5390-5417-963e-084de5d1b39b,CJ Elleby,cj elleby,2000-06-16,78,W,2020.0,46.0,POR
6ee64871-4343-53a8-8791-720e47ca64f2,Daniel Gafford,daniel gafford,1998-10-01,83,C,2019.0,38.0,CHI
6ee7f043-e724-59c9-bbe9-5b6339824712,Deandre Daniels,deandre daniels,1992-04-15,81,F,2014.0,37.0,TOR
6f05749e-b229-5fd2-9e21-e7a1bd276567,Shawn Long,shawn long,1993-01-29,83,F,,,
6f42bcaf-e19b-59a5-8fee-717c253fa269,Kyshawn George,kyshawn george,2003-12-12,80,W,2024.0,24.0,NYK
6f5349a8-ab20-5530-98d2-ea74b811f773,Mike Muscala,mike muscala,1991-07-01,83,C,2013.0,44.0,DAL
6f89a955-0e03-553b-a0d2-593b75f5cce4,Luke Kennard,luke kennard,1996-06-24,78,G,2017.0,12.0,DET
6f8db554-74d7-54b4-b547-a13c45e4f00a,Cedric Coward,cedric coward,2003-09-11,78,F,2025.0,11.0,POR
6fadf902-06aa-51ee-afcf-431d22a67fb9,Noah Clowney,noah clowney,2004-07-14,82,F,2023.0,21.0,BRK
6fb1ca7f-7381-584e-ae5a-00fd9a2854af,Asa Newell,asa newell,2005-10-05,83,F,2025.0,23.0,IND
6fb6a81e-f80c-5466-87d8-34bed0bb0b63,Cady Lalanne,cady lalanne,1992-04-22,81,C,2015.0,55.0,SAS
6fb975d1-2a56-589e-9ca0-c9b9b436ab51,Jalen Smith,jalen smith,2000-03-16,82,F,2020.0,10.0,PHO
704ce079-2e31-582f-b7ab-24d90c96c42f,Dakota Mathias,dakota mathias,1995-07-11,76,G,,,
705a9464-72de-547d-92a4-45c098905fab,DeMarre Carroll,demarre carroll,1986-07-27,80,F,2009.0,27.0,MEM
7073d289-c6c0-5e98-859e-d1804fd96c7a,Andre Roberson,andre roberson,1991-12-04,79,F,2013.0,26.0,MIN
70dfd8b6-971c-5c0c-8571-137b7ebf87a2,Chris Smith,chris smith,1987-10-13,74,G,,,
70e91d49-2514-5918-8911-ec525da3f06d,Devon Hall,devon hall,1995-07-07,77,G,2018.0,53.0,OKC
7103015a-1385-597f-9395-510e21a60c73,Gary Payton II,gary payton,1992-12-01,75,G,,,
710b753c-8221-5aa1-8d60-e57705496f10,Jay Huff,jay huff,1997-08-25,85,F,,,
712b431c-f243-5e5b-9e03-910ec5c5bcc6,Keldon Johnson,keldon johnson,1999-10-11,78,W,2019.0,29.0,SAS
712d8a61-50e9-56b4-b20c-b3799e19962f,Chinanu Onuaku,chinanu onuaku,1996-11-01,82,C,2016.0,37.0,HOU
71689179-7c4c-54bf-9166-7228e4940240,DeVon Hardin,devon hardin,,83,C,2008.0,50.0,SEA
71929082-e2b4-5235-a4e6-2b13607f3e19,Jalen Slawson,jalen slawson,1999-10-22,79,W,2023.0,54.0,SAC
719e56b8-96ab-5333-970b-b39529f98b9d,Jon Brockman,jon brockman,1987-03-20,79,W,2009.0,38.0,POR
71abc598-3439-55ac-9d8b-b4d7876b66ac,Miles Norris,miles norris,2000-04-15,82,F,,,
71afb484-1b24-53e3-b8b7-af69425da7d7,Jaylen Wells,jaylen wells,2003-08-26,80,W,2024.0,39.0,MEM
71ca4707-987d-52fc-a002-32b048ec8002,Peyton Watson,peyton watson,2002-09-11,80,F,2022.0,30.0,OKC
72251c3d-a96c-5902-903a-98fb0e744c6d,Lonnie Walker IV,lonnie walker,1998-12-14,77,G,2018.0,18.0,SAS
7264eadd-683b-5291-8a04-146de926019a,Zeke Nnaji,zeke nnaji,2001-01-09,83,F,2020.0,22.0,DEN
7277ac47-312a-5fab-a2cf-0a0a3e4b2cac,Antonio Anderson,antonio anderson,1985-06-05,78,W,,,
728de202-18a0-5eb4-b8c1-79f984916e31,Roy Devyn Marble,devyn marble,1992-09-21,78,G,2014.0,56.0,DEN
72ad2580-ea70-5c72-a0a4-3f9a45c691ce,Tyrese Martin,tyrese martin,1999-03-07,78,W,2022.0,51.0,GSW
736000e2-1124-541b-908c-8c15a81571b9,Carlik Jones,carlik jones,1997-12-23,73,G,,,
73724eed-5628-5c33-9024-3dbac7f27144,Braden Smith,braden smith,2003-07-25,72,G,2026.0,38.0,CHI
738ac034-0d6e-5edc-a98f-487ea4c59551,Kenneth Faried,kenneth faried,1989-11-19,80,C,2011.0,22.0,DEN
739df4ef-6865-5813-a227-a55a1362de62,Thomas Welsh,thomas welsh,1996-02-03,84,F,2018.0,58.0,DEN
73a409e4-00c2-52b5-808f-c99637c2e538,Marcus Georges-Hunt,marcus georgeshunt,1994-03-28,77,G,,,
73b2c760-cfc6-5a11-bb2f-c3a2118a554c,CJ Huntley,cj huntley,2002-01-06,83,F,,,
73cac11d-f238-5685-bbb7-9eefa16d9605,Darius Morris,darius morris,1991-01-03,76,G,2011.0,41.0,LAL
73e6024b-0a79-53bd-9e54-e9692abd3ef9,Troy Daniels,troy daniels,1991-07-15,76,G,,,
74276a22-47d2-5dde-b160-ed729cb22835,Pete Nance,pete nance,2000-02-19,83,F,,,
747afeb6-857c-5380-bc23-4992091b3779,Jabari Parker,jabari parker,1995-03-15,80,F,2014.0,2.0,MIL
74c6e43d-49d5-50eb-96e6-574874f8cbc2,Cole Aldrich,cole aldrich,1988-10-31,83,C,2010.0,11.0,NOH
7500f788-cc0d-53a4-bf92-7759f46bcdd4,Abdel Nader,abdel nader,1993-09-25,78,G,2016.0,58.0,BOS
75062bdc-c2ba-5fc4-8ee0-b0987495558d,Tobias Harris,tobias harris,1992-07-15,80,F,2011.0,19.0,CHA
754c2d55-43b9-5523-8224-aad55bbe6d64,Devin Cannady,devin cannady,1996-05-21,74,G,,,
7554c62e-6e18-56c8-a432-2d334f6fd3c2,Ben Sheppard,ben sheppard,2001-07-16,78,G,2023.0,26.0,IND
756b728f-45fe-5cfa-a0b9-3b1e5baf71be,Adam Flagler,adam flagler,1999-12-01,75,G,,,
7576b449-71f9-5cb9-b4e7-3191e36c9dc7,Scottie Lewis,scottie lewis,2000-03-12,77,G,2021.0,56.0,CHO
757a6e74-0ce3-50e5-bc31-4efa3a4ce995,Garrison Mathews,garrison mathews,1996-10-24,77,G,,,
7595ac84-f26d-5a39-803d-7569a3b5e8ae,Scotty Hopson,scotty hopson,1989-08-08,79,G,,,
75e788dc-8c8e-5ed0-96ec-19ffdafd7dbb,Marcus Zegarowski,marcus zegarowski,1998-08-03,74,G,2021.0,49.0,BRK
7679fc34-e167-5126-8b28-2db92979101e,Wesley Johnson,wesley johnson,1987-07-11,79,W,2010.0,4.0,MIN
76a93a09-ba9b-521e-a9c3-c8cbb968d57f,Buddy Boeheim,buddy boeheim,1999-11-11,78,G,,,
76faf438-7a30-5392-9086-3b9539081b98,Malaki Branham,malaki branham,2003-05-12,77,G,2022.0,20.0,SAS
7743e13e-d9aa-5786-b725-1ccdd1c66b82,Josh Jackson,josh jackson,1997-02-10,80,W,2017.0,4.0,PHO
7797cce7-12c2-52c0-bdce-43c4d336e524,Ryan Kalkbrenner,ryan kalkbrenner,2002-01-17,85,C,2025.0,34.0,CHO
77c76024-cdae-5dba-8149-fcc5e73b373b,Mitch McGary,mitchell mcgary,1992-06-06,82,C,2014.0,21.0,OKC
77c7c29e-e718-5ce8-a08b-7ed1cbe8cab0,Rondae Hollis-Jefferson,rondae hollisjefferson,1995-01-03,79,W,2015.0,23.0,POR
77d3712e-b152-559f-9cd8-309c2263cc85,Danuel House,danuel house,1993-06-07,79,G,,,
77f9fa89-454c-5a2e-9ed8-9005f71cade0,Aaron Nesmith,aaron nesmith,1999-10-16,78,G,2020.0,14.0,BOS
7807a3d7-16ad-56b5-b2d9-b7aa535628a4,Dominique Jones,dominique jones,1988-10-15,76,G,2010.0,25.0,MEM
787d729b-17d4-5647-affe-64a684497579,Marcus Sasser,marcus sasser,2000-09-21,74,G,2023.0,25.0,MEM
78bacf1a-a702-5a2f-965b-2b450b7089e3,Bennedict Mathurin,bennedict mathurin,2002-06-19,78,G,2022.0,6.0,IND
78fb0b75-7780-52de-83e3-ddbba186e0ca,Kevin Knox,kevin knox,1999-08-11,81,W,2018.0,9.0,NYK
7905e1b0-aa70-5c61-a12b-b16b4c907325,Stephen Zimmerman Jr.,stephen zimmerman,1996-09-09,84,C,2016.0,41.0,ORL
79436b3b-ec25-56c4-a5c1-f86309117723,Dakari Johnson,dakari johnson,1995-09-22,84,C,2015.0,48.0,OKC
79626bf4-3616-5c43-a41a-17dc432363ef,Ryan Kelly,ryan kelly,1991-04-09,83,F,2013.0,48.0,LAL
7985a0e9-7853-5ec8-9da9-d249ef1fc9ad,Skal Labissiere,skal labissiere,1996-03-18,83,C,2016.0,28.0,PHO
79884c1e-e147-543d-a018-846dd5b6294b,Tyson Etienne,tyson etienne,1999-09-17,74,G,,,
79a65bc1-a376-578e-9710-3fd4cb169eeb,Erik McCree,erik mccree,1993-12-20,80,F,,,
79ba59d3-6356-5dbf-b02b-cd3335aa9189,Deshaun Thomas,deshaun thomas,1991-08-29,79,W,2013.0,58.0,SAS
79cb530f-98eb-5ec0-a7d6-e1241e0c11df,Juwan Morgan,juwan morgan,1997-04-17,80,F,,,
79e98036-6437-58f9-af04-858301716057,Max Shulga,max shulga,2002-06-25,77,G,2025.0,57.0,ORL
7a10afce-2b0d-529e-8f6a-26c515a3257c,Olivier-Maxence Prosper,oliviermaxence prosper,2002-07-03,80,W,2023.0,24.0,SAC
7a432d2d-51a9-540a-9fc5-4ab734961b64,Elijah Millsap,elijah millsap,1987-08-12,78,W,,,
7a67805c-78d2-5da4-8f72-fa270cc38067,Shake Milton,shake milton,1996-09-26,78,G,2018.0,54.0,DAL
7a7488fe-e452-5bfb-a57a-97e5617438be,Drew Eubanks,drew eubanks,1997-02-01,82,C,,,
7a969f92-137d-51e6-8405-ed0e0e3b6734,Joe Harris,joe harris,1991-09-06,78,G,2014.0,33.0,CLE
7aa8791e-4372-58f7-afcd-df2ee5a60f56,Jordan Hall,jordan hall,2002-01-14,79,G,,,
7ab9cb8f-9181-5f74-82d5-db8a380a5559,Jordan Loyd,jordan loyd,1993-07-27,75,G,,,
7ad061c2-68bb-5af3-9685-4503cbdd3a6d,Isaiah Thomas,isaiah thomas,1989-02-07,69,G,2011.0,60.0,SAC
7c10084c-7a6f-5dff-ba57-893ce26b638b,Robert Sacre,robert sacre,1989-06-06,84,C,2012.0,60.0,LAL
7c606a83-3e4a-5971-8649-3fb579463804,Jerryd Bayless,jerryd bayless,1988-08-20,75,G,2008.0,11.0,IND
7c994cfb-8821-5268-b6e3-a260ada6e74d,De'Aaron Fox,deaaron fox,1997-12-20,75,G,2017.0,5.0,SAC
7cad316c-b335-5b56-9a69-bb04d7123fba,Kevin Hervey,kevin hervey,1996-07-09,79,F,2018.0,57.0,OKC
7cb75642-cac6-5de5-b7c2-d9e2173b5042,Sion James,sion james,2002-12-04,78,G,2025.0,33.0,CHO
7d00a0a6-0785-5f4b-981c-505ebe439a60,Cooper Flagg,cooper flagg,2006-12-21,81,F,2025.0,1.0,DAL
7d01ef0b-f2dc-5e14-affb-f88e4736e9e3,Egor Demin,egor demin,2006-03-03,81,G,2025.0,8.0,BRK
7d04c79a-968e-5086-9c40-b650905c2f71,Alex Oriakhi,alex oriakhi,1990-06-21,81,C,2013.0,57.0,PHO
7d119d54-754e-534d-be4e-7e17875be0f3,Ky Bowman,ky bowman,1997-06-16,73,G,,,
7d28a1c6-87c5-5bf4-a6ae-4541f85b9db6,Glen Rice,glen rice,1991-01-01,77,W,2013.0,35.0,PHI
7d7d25c2-e220-5d45-a552-f76de6d91aab,Pat Connaughton,pat connaughton,1993-01-06,77,F,2015.0,41.0,BRK
7d9652f1-798f-5965-b940-ffe31297e8bc,Elijah Hughes,elijah hughes,1998-03-10,78,G,2020.0,39.0,NOP
7ddfa4f1-1496-50ad-9f7b-96e20b24a952,Jabari Smith,jabari smith,2003-05-13,82,F,2022.0,3.0,HOU
7de1ac53-a938-5087-a23e-3a7905599d0c,Aaron Harrison,aaron harrison,1994-10-28,78,G,,,
7def6348-b679-559b-a9c3-8a9e6624cc13,Moussa Diabate,moussa diabate,2002-01-21,83,C,2022.0,43.0,LAC
7df1e285-86f5-5927-9740-4c6045086c81,Jarron Cumberland,jarron cumberland,1997-09-22,77,G,,,
7e061285-31d4-59fa-b79c-25972b143aa7,Jalen Johnson,jalen johnson,2001-12-18,81,F,2021.0,20.0,ATL
7e241264-d99c-5ab3-84c2-a78249cf2d42,Malachi Flynn,malachi flynn,1998-05-09,73,G,2020.0,29.0,TOR
7e418ad3-5c8f-5a00-838e-9224aaa8a38e,Tyreke Evans,tyreke evans,1989-09-19,78,W,2009.0,4.0,SAC
7e8a8a9d-ab60-56e7-85c5-c1b963cd9f01,Colby Jones,colby jones,2002-05-28,78,G,2023.0,34.0,CHO
7ea3ef46-e958-5dab-89be-31b4e993a709,Patrick McCaw,patrick mccaw,1995-10-25,79,G,2016.0,38.0,MIL
7ea9d3d3-3154-514b-b698-049909ef58fa,Cameron Bairstow,cameron bairstow,1990-12-07,81,F,2014.0,49.0,CHI
7eb74759-0aa8-5bb1-8631-35b4f60636bd,Tyrese Proctor,tyrese proctor,2004-04-01,78,G,2025.0,49.0,CLE
7ece81d6-c4b8-5220-b12a-8c5cd94f2552,Jordan McLaughlin,jordan mclaughlin,1996-04-09,73,G,,,
7f042f1d-1e95-55a2-a840-f6c481013f50,Dexter Pittman,dexter pittman,1988-03-02,82,C,2010.0,32.0,MIA
7f28fdfb-6609-5bd9-a0ac-f94edb30f3c4,Justin Edwards,justin edwards,2003-12-16,80,W,,,
7f866a17-9480-5c03-9d1c-b1c23072566e,Wendell Moore Jr.,wendell moore,2001-09-18,77,G,2022.0,26.0,DAL
7f954aad-8f78-59cf-97f1-6913dc8eddcc,Devin Carter,devin carter,2002-03-18,75,G,2024.0,13.0,SAC
7fa33b60-5089-575c-9c65-6c9c28af0069,Miles McBride,miles mcbride,2000-09-08,74,G,2021.0,36.0,OKC
7fb095af-166e-5c75-b11f-60ff308fff47,Kel'el Ware,kelel ware,2004-04-20,84,F,2024.0,15.0,MIA
7fc01364-96b6-5aef-9f97-6a8b031a940d,Cory Jefferson,cory jefferson,1990-12-26,81,F,2014.0,60.0,SAS
80006a06-e0ca-585f-8ca3-15b5cb335f56,Sean McDermott,sean mcdermott,1996-11-03,78,W,,,
8047bb64-c23b-574d-9679-63aca7794b16,Duncan Robinson,duncan robinson,1994-04-22,80,W,,,
805c9e65-9689-51de-8c0f-246021fe1cd0,Sharife Cooper,sharife cooper,2001-06-11,73,G,2021.0,48.0,ATL
805ec358-6b37-57ab-8b67-3c9849107abd,Nolan Smith,nolan smith,1988-07-25,74,G,2011.0,21.0,POR
807d88f8-42b3-57bf-9971-d27bf129acbc,Tristan Enaruna,tristan enaruna,2001-06-26,80,W,,,
80b89da3-49de-5a2a-a975-a8719a18f909,Tyrone Wallace,tyrone wallace,1994-06-10,77,G,2016.0,60.0,UTA
80d77bbf-f505-54c2-9afd-15d696a680e2,Tobi Lawal,tobi lawal,2003-05-01,80,F,2026.0,48.0,DAL
8144b44a-a1ca-523e-a36a-69beda197824,Aron Baynes,aron baynes,1986-12-09,82,F,,,
8152a65d-c04e-5f6d-85d7-dd9979c5f5ea,James Harden,james harden,1989-08-26,77,W,2009.0,3.0,OKC
81952cfb-2d96-53b1-8d5a-9c01bb00e50a,Richaun Holmes,richaun holmes,1993-10-15,80,F,2015.0,37.0,PHI
819ea424-b6c8-58fc-98c7-c7ed5b7c464e,Romeo Langford,romeo langford,1999-10-25,78,G,2019.0,14.0,BOS
81b00136-4b04-51f6-beed-050f9bebdfe1,Olivier Sarr,olivier sarr,1999-02-20,84,F,,,
81b876b9-913c-560e-9598-a3e9d565b93d,Taylor Hendricks,taylor hendricks,2003-11-22,81,F,2023.0,9.0,UTA
822162b5-8ec7-5716-a598-4df044dad3ac,Jarvis Varnado,jarvis varnado,1988-03-01,81,C,2010.0,41.0,MIA
82302032-7a70-5a3e-9927-9c779fc70a7c,Devin Robinson,devin robinson,1995-03-07,80,F,,,
825be994-bb5a-5678-9a1d-dca69206cf39,Donovan Clingan,donovan clingan,2004-02-23,86,C,2024.0,7.0,POR
8297da8a-eefd-5171-b508-0e76c72dcf5e,Cory Joseph,cory joseph,1991-08-20,75,G,2011.0,29.0,SAS
82b497ef-8511-59f8-a723-5041253a2cd5,Justin Dentmon,justin dentmon,1985-09-05,71,G,,,
837ce880-e12d-510b-9530-b85372226433,Matthew Hurt,matthew hurt,2000-04-20,81,F,,,
83a2e4f0-9a38-587d-99a0-65e67d708d37,Marques Bolden,marques bolden,1998-04-17,83,C,,,
83baf329-e923-582f-ab78-a8b8e0323e96,Jakob Poeltl,jakob poeltl,1995-10-15,84,C,2016.0,9.0,TOR
83bdddd3-db41-5083-94c5-e19c4f381ae4,Henry Sims,henry sims,1990-03-27,82,C,,,
83c19195-5660-5619-942a-92c5807d8b11,Admiral Schofield,admiral schofield,1997-03-30,78,W,2019.0,42.0,PHI
83c8ec6f-15f0-5fb8-ad03-9bbffe9745fd,Moses Wright,moses wright,1998-12-23,81,F,,,
83ef3a46-cc94-51c0-a0c1-1afcb09496ea,JJ O'Brien,jj obrien,1992-04-08,79,G,,,
83f24449-4017-5976-88c9-ab0fe5f2641e,Henry Ellenson,henry ellenson,1997-01-13,83,F,2016.0,18.0,DET
83fd0674-2ee5-5b2f-83d5-e57ec139758b,Ja'Kobe Walter,jakobe walter,2004-09-04,77,G,2024.0,19.0,TOR
840328a8-20b3-5115-8369-6040a63c53b8,Kam Jones,kam jones,2002-02-25,76,G,2025.0,38.0,SAS
840693c4-f354-56ac-9a14-23bc73367bbe,Joey Dorsey,joey dorsey,1983-12-16,80,F,2008.0,33.0,POR
84235ba3-678e-5aed-8b88-a520e77c456c,Feron Hunt,feron hunt,1999-07-05,80,W,,,
842d6f9d-e9d8-5c1b-a5a8-42809ad799f6,P.J. Hairston,pj hairston,1992-12-24,78,G,2014.0,26.0,MIA
8469d3ec-3321-5ecb-b301-30a3f04a8142,AJ Dybantsa,aj dybantsa,2007-01-29,81,W,2026.0,1.0,WAS
847d6c35-e210-50f6-8dec-be231b5a5820,David Stockton,david stockton,1991-06-24,71,G,,,
84846556-e03d-5414-b9ac-343af4fc3b3d,Nick Smith Jr.,nick smith,2004-04-18,77,G,2023.0,27.0,CHO
84b34209-525e-5163-9b6e-05edbdd5f09f,KJ Simpson,kj simpson,2002-08-08,74,G,2024.0,42.0,CHO
84b6a759-1b62-5ea0-816e-b066a5bca335,Devon Dotson,devon dotson,1999-08-02,74,G,,,
84d1ea9f-dda6-550c-af27-c5644f9e83c8,James Bouknight,james bouknight,2000-09-18,77,G,2021.0,11.0,CHO
84e24504-f17f-565c-a779-3152b2bdfff9,Ryan Reid,ryan reid,1986-10-30,80,C,2010.0,57.0,IND
84ef66c1-c0c7-575a-b4b3-6d330e6c3a15,Cameron Reynolds,cameron reynolds,1995-02-07,80,W,,,
84f339b2-6e5c-5b80-92a9-080287f5089f,Malcolm Brogdon,malcolm brogdon,1992-12-11,77,G,2016.0,36.0,MIL
85039030-bca9-52cf-ab7c-2885f3ec8cb7,Anthony Gill,anthony gill,1992-10-17,80,F,,,
8540b9a5-0fe3-5cec-b746-5afd3e7e5406,Gradey Dick,gradey dick,2003-11-20,80,W,2023.0,13.0,TOR
8542c590-241e-5eb1-9cf6-74383f3e55a9,Craig Sword,craig sword,1994-01-16,75,G,,,
859c9235-8db5-503e-82a9-a0eb7851fb3c,Kahlil Felder,kay felder,1995-03-29,69,G,2016.0,54.0,ATL
86169f15-ac60-5d6f-b3b5-8e59d349e1fc,Anthony Davis,anthony davis,1993-03-11,82,C,2012.0,1.0,NOH
867a7fce-a15b-5896-a8bf-a6c3208878c7,Matt Thomas,matt thomas,1994-08-04,77,G,,,
86d61ac8-ad95-5d42-bcde-5627972979e0,Greg Stiemsma,greg stiemsma,1985-09-26,83,C,,,
873743ab-a801-5159-bc7c-4289a7c93ed9,Stanton Kidd,stanton kidd,1992-03-18,79,W,,,
874b56ae-5bec-53c3-ba09-f519f14e51ee,George Hill,george hill,1986-05-04,74,G,2008.0,26.0,SAS
875d9d11-d13d-525d-b9d2-530838f99ecc,Tony Bradley,tony bradley,1998-01-08,83,C,2017.0,28.0,LAL
876a9dca-80c5-56c2-bb36-b1376193b4b7,Kevin Love,kevin love,1988-09-07,82,F,2008.0,5.0,MEM
876c3552-7edc-56dd-bac5-94d3693e388d,John Tonje,john tonje,2001-04-23,77,G,2025.0,53.0,UTA
8774cf3b-60a9-5bdb-a0c0-c16c6d6e4344,Miles Kelly,miles kelly,2003-01-26,78,G,,,
8799dae8-23aa-5531-9ee0-4813489d2132,Avery Bradley,avery bradley,1990-11-26,74,G,2010.0,19.0,BOS
87fb92b3-c8e6-5380-8a55-4fb3954438b1,Baylor Scheierman,baylor scheierman,2000-09-26,79,W,2024.0,30.0,BOS
880dd338-dce8-5ef1-ab92-749c5401c5b3,Caleb Swanigan,caleb swanigan,1997-04-18,81,F,2017.0,26.0,POR
88132de1-e7d6-5de2-9c32-8bce368d65c1,Wade Baldwin IV,wade baldwin,1996-03-29,75,G,2016.0,17.0,MEM
88195e31-4752-5229-9cf1-3db7e8aa6074,Adreian Payne,adreian payne,1991-02-19,82,F,2014.0,15.0,ATL
888df755-aa8e-52ec-aa13-5c81ed761b23,JaMychal Green,jamychal green,1990-06-21,80,C,,,
88d9de99-20f0-5d16-80d6-69832a994124,Isaiah Joe,isaiah joe,1999-07-02,77,G,2020.0,49.0,PHI
8909a629-08da-53fd-887d-f781cda0a8f6,Diamond Stone,diamond stone,1997-02-10,83,C,2016.0,40.0,NOP
89c8c9ce-a481-5c8d-b6bb-34c61da6eabd,Adama Sanogo,adama sanogo,2002-02-12,81,F,,,
89d4378c-293a-58ab-9179-ae89ecd16003,Alex Poythress,alex poythress,1993-09-06,80,F,,,
89e6826a-7ca3-578b-bc74-17d0f120c4fa,Tyler Johnson,tyler johnson,1992-05-07,76,G,,,
8a174213-89ac-581f-bd77-c6b06d2e7870,David Wear,david wear,1990-09-21,82,W,,,
8a4d01d1-554a-5e0c-9e7a-dbc3c7edddb7,Darrun Hilliard,darrun hilliard,1993-04-13,78,G,2015.0,38.0,DET
8a6cfbd6-65c6-5e97-adb1-9ac679970a37,Willie Reed,willie reed,1990-05-16,81,C,,,
8a76adb0-6696-5053-8f6e-3baef85c08ab,James Ennis,james ennis,1990-07-01,79,W,2013.0,50.0,ATL
8a99bb51-dcf2-5d4f-b63d-39bd5ca78bfa,Tyler Davis,tyler davis,1997-05-22,82,C,,,
8a9bfde2-5dca-55b2-bde4-cd6ec4f30379,Mark Williams,mark williams,2001-12-16,84,C,2022.0,15.0,CHO
8a9d4741-89d6-511e-9761-81fa3a838850,Maalik Wayns,maalik wayns,1991-05-02,74,G,,,
8ad5bb50-e6d1-5df6-b116-cdc68079a8df,Marshall Plumlee,marshall plumlee,1992-07-14,84,C,,,
8b5fede2-8aa5-52ed-8b16-d7c421d01ce9,Roy Hibbert,roy hibbert,1986-12-11,86,C,2008.0,17.0,TOR
8ba44148-fa80-5d82-86c3-f7587931dc0f,Xavier Tillman,xavier tillman,1999-01-12,80,F,2020.0,35.0,SAC
8bbd4305-d432-5a06-b188-3f286109a0f4,Hollis Thompson,hollis thompson,1991-04-03,80,W,,,
8c666d82-07d0-5e02-ac82-48f71d0a4c19,Melvin Frazier,melvin frazier,1996-08-30,78,G,2018.0,35.0,ORL
8cabfeb3-095f-5a71-a8db-0544fac35448,Courtney Lee,courtney lee,1985-10-03,77,W,2008.0,22.0,ORL
8d7905e8-62cd-58dd-8c7b-6f57299a2b60,Jeremy Lin,jeremy lin,1988-08-23,75,G,,,
8d85c742-5bec-5bbc-a20c-f7bd2d209201,Jameel Warney,jameel warney,1994-01-31,80,C,,,
8db96174-f300-5213-a689-22628da5da7a,Duane Washington Jr.,duane washington,2000-03-24,75,G,,,
8dd8bcfb-ee79-56b8-9fba-b1fa01f24068,Tony Snell,tony snell,1991-11-10,79,G,2013.0,20.0,CHI
8df16181-ff91-598f-8ae9-ac67f949a2df,Jamil Wilson,jamil wilson,1990-11-21,79,F,,,
8dfb3f63-29ad-5889-9afa-57fc4bd6320e,Terrence Shannon Jr.,terrence shannon,2000-07-30,78,G,2024.0,27.0,MIN
8e90f49d-174a-5bdc-8913-f7420bd5b8cc,Jerome Dyson,jerome dyson,1987-05-01,76,G,,,
8f0c6d80-1dc6-59d9-9ad4-a08361e558b7,Robert Vaden,robert vaden,,77,W,2009.0,54.0,CHA
8f774c6d-d4cf-5551-85b7-1e9ca27a9a8c,Dylan Windler,dylan windler,1996-09-22,80,F,2019.0,26.0,CLE
8fa8004e-11e8-582f-b74a-b98f67e56894,Lucas Williamson,lucas williamson,1999-01-28,76,G,,,
900d8eb7-69b7-5d72-8d54-accbdee113a6,Wesley Iwundu,wes iwundu,1994-12-20,79,G,2017.0,33.0,ORL
904d4d97-bd7e-5cd1-bde2-f41974bb009f,Duop Reath,duop reath,1996-06-26,83,F,,,
912220ca-cec1-5e61-a6ad-382a9aed00dd,Jamison Battle,jamison battle,2001-05-10,79,W,,,
914f1500-f148-55b4-acb7-49031ef3eff2,Trey Thompkins,trey thompkins,1990-05-29,82,F,2011.0,37.0,LAC
91559185-7e8d-54ac-b55c-e73b94dc754b,Shelvin Mack,shelvin mack,1990-04-22,75,G,2011.0,34.0,WAS
916a9188-e982-5926-83ef-c9d8a344b493,Liam McNeeley,liam mcneeley,2005-10-10,79,W,2025.0,29.0,PHO
916ee875-e63b-524f-b0ba-6908580460c5,Keshad Johnson,keshad johnson,2001-06-23,79,W,,,
9170b4f7-8357-5e94-9d2b-33c26f708047,Alec Burks,alec burks,1991-07-20,78,G,2011.0,12.0,UTA
918aa695-c4df-5057-9440-fa616d10d696,McKinley Wright IV,mckinley wright,1998-10-25,72,G,,,
91a798a3-f4e1-518e-9f50-138744e175f1,Royce White,royce white,1991-04-10,80,W,2012.0,16.0,HOU
91b11e17-ebc9-5c94-a217-84304c7599e3,Greg Brown III,greg brown,2001-09-01,81,F,2021.0,43.0,NOP
91d4d266-2b8c-5b71-9a88-6adf12964152,Daniel Ochefu,daniel ochefu,1993-12-15,83,C,,,
920e19ea-4970-57d7-8461-bfbc713d845f,Tyler Dorsey,tyler dorsey,1996-02-18,76,G,2017.0,41.0,ATL
921929dd-bfe0-59aa-8c7c-4098448b7262,Jarred Vanderbilt,jarred vanderbilt,1999-04-03,81,C,2018.0,41.0,ORL
92a5b0f3-cff0-5440-8c60-56998524a7da,Harrison Barnes,harrison barnes,1992-05-30,80,W,2012.0,7.0,GSW
92abe983-71b2-528a-bd12-14905671db7b,Monte Morris,monte morris,1995-06-27,75,G,2017.0,51.0,DEN
92eb7018-505d-5a3e-b9c0-66f6743bfb79,Kevin Murphy,kevin murphy,1990-03-06,78,G,2012.0,47.0,UTA
92f94805-6352-58ce-8e2f-13625e67bdf4,Jahlil Okafor,jahlil okafor,1995-12-15,83,C,2015.0,3.0,PHI
930dcb88-eeac-5bf3-b751-4d3164a8c74b,Jon Leuer,jon leuer,1989-05-14,82,F,2011.0,40.0,MIL
934c137b-c8d7-5d4f-abf3-fb78fd180bed,Tyshawn Taylor,tyshawn taylor,1990-04-12,75,G,2012.0,41.0,POR
934d1ec5-7fac-5093-bdcd-fd5ddfb7e184,Dennis Smith Jr.,dennis smith,1997-11-25,75,G,2017.0,9.0,DAL
937d9a8c-c068-5554-8600-70e3eed05c0b,Gregory Jackson,gregory jackson,2004-12-17,81,F,2023.0,45.0,MEM
937e160d-2167-5192-b07f-6902968af7c2,Kevin Pangos,kevin pangos,1993-01-26,74,G,,,
93852812-69b8-58e8-b6cb-79ab6ce6c49f,Devonte' Graham,devonte graham,1995-02-22,74,G,2018.0,34.0,ATL
939ad909-8c48-5866-abac-1230e00e7696,Aleem Ford,aleem ford,1997-12-22,80,F,,,
93abb321-73d5-563e-ab64-0b55d202176e,Jarrett Allen,jarrett allen,1998-04-21,83,C,2017.0,22.0,BRK
93b2a38f-f17d-5009-bbc5-54fb47260071,J.P. Tokoto,jp tokoto,1993-09-15,77,G,2015.0,58.0,PHI
93b46472-5167-5441-983b-0d1ca9568d0d,Amida Brimah,amida brimah,1994-02-11,84,C,,,
94079d58-c3cb-5e5d-b751-e97517597639,Duje Dukan,duje dukan,1991-12-04,82,F,,,
94104c74-c69f-5b82-a5e1-cf695926447a,Jordan Miller,jordan miller,2000-01-23,79,G,2023.0,48.0,LAC
9421d411-325e-520e-be9e-6fc584538946,Jaylen Sims,jaylen sims,1998-12-11,78,G,,,
943485f7-98fb-5e0b-ac28-1505da6abc73,Chris Douglas-Roberts,chris douglasroberts,1987-01-08,79,W,2008.0,40.0,NJN
943d4684-ee21-53a3-b14a-8634e895b2cb,Kalin Lucas,kalin lucas,1989-05-24,73,G,,,
94420359-3f30-538a-9b69-f699de8cf1c0,Chase Budinger,chase budinger,1988-05-22,79,W,2009.0,44.0,DET
94919b54-ce25-5279-b1b2-13b4441c1e50,John Holland,john holland,1988-11-06,77,G,,,
94a601f7-1738-5830-9614-5ab6ef2ca9e2,Jerami Grant,jerami grant,1994-03-12,80,C,2014.0,39.0,PHI
94c2a5c9-b28c-5831-bb1b-1268f9c40406,Romero Osby,romero osby,1990-05-07,80,F,2013.0,51.0,ORL
94d992fa-b099-5c22-a401-6537c7132856,Elliot Williams,elliot williams,1989-06-20,77,G,2010.0,22.0,POR
94ee6cbd-d067-56b2-930f-644c6fd27101,Moses Brown,moses brown,1999-10-13,85,C,,,
9541d84f-6e27-58a0-a131-c81dffe90753,Vic Law,vic law,1995-12-19,79,F,,,
95ba807b-725d-516c-9049-64aa843c38a6,Keaton Wagler,keaton wagler,2007-02-03,78,G,2026.0,5.0,LAC
96095c16-3aab-5094-9737-a58e9ce52482,Lester Quinones,lester quinones,2000-11-16,77,G,,,
961b3ae0-1028-5738-925d-fbfcecc78613,Koa Peat,koa peat,2007-01-20,80,W,2026.0,30.0,DAL
96985926-56af-5da7-800d-5be4665c973a,Cameron Payne,cameron payne,1994-08-08,74,G,2015.0,14.0,OKC
96a26e31-f79f-53cb-b65b-0f82c01b09ea,Anthony Black,anthony black,2004-01-20,79,G,2023.0,6.0,ORL
96ab4f0a-0c50-5dec-90d8-fcde1adecbae,Enrique Freeman,enrique freeman,2000-07-29,79,F,2024.0,50.0,IND
96bc2204-3177-5d21-8cab-21f780b6a32d,Marcus Morris,marcus morris,1989-09-02,81,F,2011.0,14.0,HOU
96e09756-0143-572c-bc57-b2aba60a9537,Jahmir Young,jahmir young,2000-10-07,73,G,,,
9754e374-02ea-5ab3-925e-13ab11a826b6,Jordan Adams,jordan adams,1994-07-08,77,G,2014.0,22.0,MEM
97f6a412-bba7-5f45-a391-694a4976ef64,Jarace Walker,jarace walker,2003-09-04,80,F,2023.0,8.0,WAS
98a94f06-b2be-5565-9fc3-96e950a546bf,Lance Thomas,lance thomas,1988-04-24,80,C,,,
98c25aea-3962-5ca9-aada-ef0db0e0d785,Lauri Markkanen,lauri markkanen,1997-05-22,84,F,2017.0,7.0,MIN
98c980da-4f33-5f31-a47f-2823af3f6760,Dru Smith,dru smith,1997-12-30,75,G,,,
98cfd777-0b09-5f7f-8c93-5c3ef64dfdd2,Shamorie Ponds,shamorie ponds,1998-06-29,73,G,,,
98df8892-675d-5914-8e87-238ec25c8b87,Markieff Morris,markieff morris,1989-09-02,82,F,2011.0,13.0,PHO
99084b11-56a3-59b1-aba4-5510fa3086b8,Omer Yurtseven,omer yurtseven,1998-06-19,84,C,,,
9968f5c7-dcbe-5a17-877a-ee4919ab7dba,Jerome Robinson,jerome robinson,1997-02-22,77,G,2018.0,13.0,LAC
996ac395-e2c3-5ac9-9ecb-29dc4bbd8a92,Branden Dawson,branden dawson,1993-02-01,78,F,2015.0,56.0,NOP
99a33b34-3563-554e-9787-e2b7f493155c,Brandon Sampson,brandon sampson,1997-05-01,77,G,,,
99b849bf-45ce-58ac-b728-fc3876ae80d1,Jarnell Stokes,jarnell stokes,1994-01-07,80,C,2014.0,35.0,UTA
99b8d7f0-0572-5c29-afa3-1af64dd36a5b,Miles Bridges,miles bridges,1998-03-21,79,W,2018.0,12.0,LAC
99bfa986-293e-578d-97fa-20a09e4cbdde,Walker Kessler,walker kessler,2001-07-26,85,C,2022.0,22.0,MEM
99c2a51d-2f0e-5034-be2e-eba63db0050a,Ahmad Caver,ahmad caver,1996-09-12,74,G,,,
9a036186-bc78-5c0a-9b41-3a5bc41127c6,Isaac Okoro,isaac okoro,2001-01-26,78,G,2020.0,5.0,CLE
9a5d56ea-e6d2-5d6e-a143-099f2cc857f1,Jordan Ford,jordan ford,1998-05-26,73,G,,,
9a690255-47df-5c0d-82f9-71dc6ad40a75,Javonte Smart,javonte smart,1999-06-03,76,G,,,
9acf8f09-eb65-5685-9223-ccc8dccd43c2,Jalen Brunson,jalen brunson,1996-08-31,74,G,2018.0,33.0,DAL
9ad7de3e-aa52-5c90-8a6d-9ecd83078401,Terrico White,terrico white,,77,G,2010.0,36.0,DET
9ad8f144-e588-5fdb-832b-e19037ec5331,Raiquan Gray,raiquan gray,1999-07-07,80,W,2021.0,59.0,BRK
9b615465-738f-52f7-be7c-35e4d75abf92,Harry Giles,harry giles,1998-04-22,82,C,2017.0,20.0,POR
9bf06caa-d3f8-50af-af16-68952cbd544d,Gian Clavell,gian clavell,1993-11-26,76,G,,,
9c393fb6-cf13-507d-8a84-c768c5177a51,Brandon Ingram,brandon ingram,1997-09-02,81,F,2016.0,2.0,LAL
9c621adc-b0b2-5181-b53c-dbfb41018714,Robert Woodard II,robert woodard,1999-09-22,79,W,2020.0,40.0,MEM
9c721faf-f72d-5a8d-a07b-632749f3280a,Caris LeVert,caris levert,1994-08-25,79,G,2016.0,20.0,IND
9c85324e-e23c-5efe-a963-38bff2302b7e,Trevor Booker,trevor booker,1987-11-25,79,W,2010.0,23.0,MIN
9cb5a483-3620-5ac6-af3b-a243873fdfaf,Armon Johnson,armon johnson,1989-02-23,75,G,2010.0,34.0,POR
9d1245f3-6f93-52f0-a80a-0724f5395d6d,KZ Okpala,kz okpala,1999-04-28,81,W,2019.0,32.0,PHO
9d30de53-7031-5c35-9cf3-3d3e3cb3b791,Edrice Adebayo,bam adebayo,1997-07-18,82,C,2017.0,14.0,MIA
9d3f920c-5321-5ee2-9e7b-06ca7150bd2a,Jeff Adrien,jeff adrien,1986-02-10,79,W,,,
9d6f43ae-7e4c-5bd1-b0d0-e3029f6a6741,Johnathan Motley,johnathan motley,1995-05-04,82,C,,,
9d8e6059-3776-5ea7-b7a0-3f9b04061b24,Archie Goodwin,archie goodwin,1994-08-17,76,G,2013.0,29.0,OKC
9dc30751-668a-50b8-a32c-45891d8a598b,Chasson Randle,chasson randle,1993-02-05,73,G,,,
9df8ec3e-931c-5fb6-b8d0-6098c3992b68,Paolo Banchero,paolo banchero,2002-11-12,82,W,2022.0,1.0,ORL
9e5aca22-783f-54e5-9bcc-01d4a225d437,Taelon Peter,taelon peter,2002-02-27,76,G,2025.0,54.0,IND
9eab06e7-df21-51a4-b2d0-d5318268600d,Keegan Murray,keegan murray,2000-08-19,80,F,2022.0,4.0,SAC
9ee49a1f-1682-5a7c-816a-2f6fa81cec95,Bobby Portis,bobby portis,1995-02-10,82,F,2015.0,22.0,CHI
9eed5c0f-174b-554d-975c-605c6a2acca8,Donald Sloan,donald sloan,1988-01-15,75,G,,,
9f0196ce-4115-538f-b189-5a438a34a2f2,Eric Bledsoe,eric bledsoe,1989-12-09,73,G,2010.0,18.0,OKC
9f75e374-ebd1-5cbe-b7b7-fd0eaac703a4,Dejounte Murray,dejounte murray,1996-09-19,76,G,2016.0,29.0,SAS
9fbdcf35-d2f6-5c50-90d1-65fc0d8d38b4,A.J. Price,aj price,1986-10-07,74,G,2009.0,52.0,IND
9ff6d5d6-01f3-5a59-a1fd-c97ea0aebbcb,Mohamed Bamba,mohamed bamba,1998-05-12,83,C,2018.0,6.0,ORL
a07bf9c5-e9d0-573b-8e27-853a75b78f19,Byron Mullens,byron mullens,1989-02-14,84,C,2009.0,24.0,DAL
a0cb62d4-067f-5c9d-a723-d4215584a4f7,Carsen Edwards,carsen edwards,1998-03-12,73,G,2019.0,33.0,PHI
a0fc1d3d-4015-5822-83a0-f5c96f8e07dd,Derrick Jones Jr.,derrick jones,1997-02-15,79,F,,,
a129b151-30cf-56e9-808e-be4f8b3b3f5d,Myles Powell,myles powell,1997-07-07,74,G,,,
a16c9281-0bcd-54da-a541-461aa9187184,Toby Okani,toby okani,2001-10-05,80,W,,,
a1b77de4-56ae-5e15-a65d-0ab805df935b,Dwayne Bacon,dwayne bacon,1995-08-30,79,G,2017.0,40.0,NOP
a1c3c504-7291-59b3-a461-1c6307d50de7,Kira Lewis Jr.,kira lewis,2001-04-06,75,G,2020.0,13.0,NOP
a1f782be-52b8-543d-87d2-edf5ee984ddc,Amari Bailey,amari bailey,2004-02-17,77,G,2023.0,41.0,CHO
a25a9b1e-b61d-5e05-a358-3507e7e2bbb8,Jaylen Hoard,jaylen hoard,1999-03-30,80,F,,,
a263ce45-f98d-56c7-bf57-a6c3f72b50b8,Ekpe Udoh,ekpe udoh,1987-05-20,82,C,2010.0,6.0,GSW
a2863ea0-c320-5aec-8ecf-1b62ddbb581f,Will Richard,will richard,2002-12-24,76,G,2025.0,56.0,MEM
a2e0e08b-b352-5211-abdb-cfc92eb5b39d,Nick Martinelli,nick martinelli,2004-04-20,79,W,2026.0,55.0,NYK
a33cb6ef-8c68-57cf-8603-330d5341efe4,Isaiah Livers,isaiah livers,1998-07-28,79,W,2021.0,42.0,DET
a3b5bd38-dde0-5b9f-8a90-7dfd59ba2583,Norman Powell,norman powell,1993-05-25,76,G,2015.0,46.0,MIL
a3dd36a2-bcaf-53ec-bab7-4a960ec863b0,Adem Bona,adem bona,2003-03-28,82,C,2024.0,41.0,PHI
a41c11ed-01a6-57d9-b66c-b1a43ee6dfe4,Chaundee Brown Jr.,chaundee brown,1998-12-04,77,W,,,
a44c7351-aa38-5618-aca2-f9a2cde5cd41,Jordan Schakel,jordan schakel,1998-06-13,78,G,,,
a499d48e-0648-50f3-9574-6ac52b63ac66,Drew Gordon,drew gordon,1990-07-12,81,F,,,
a4a4d995-aa11-5b9c-ad78-59a97d955ae0,Thomas Bryant,thomas bryant,1997-07-31,82,F,2017.0,42.0,UTA
a4e056de-7ab5-5a8e-86c9-ad13acc5173a,Karl-Anthony Towns,karlanthony towns,1995-11-15,83,C,2015.0,1.0,MIN
a54f77b6-023f-5231-a3be-647c7a73941c,Keshon Gilbert,keshon gilbert,2003-06-30,76,G,,,
a573fb71-403f-5c84-9917-157ff0f4c0da,DaJuan Summers,dajuan summers,1988-01-24,80,F,2009.0,35.0,DET
a595882e-2344-5549-bb6d-bacd1df145c9,Amari Williams,amari williams,2002-01-28,84,C,2025.0,46.0,ORL
a5e7a65a-2bbc-556e-ad9d-4960672f4f98,Jordan Goodwin,jordan goodwin,1998-10-23,75,G,,,
a60be497-5e62-51a0-83ba-b1b213118f05,Solomon Alabi,solomon alabi,1988-03-21,85,C,2010.0,50.0,DAL
a632e791-15d2-5bd5-81d4-c215d514a027,Jamorko Pickett,jamorko pickett,1997-12-24,81,W,,,
a66ed35a-0621-50d3-9d9f-9ad053ebec40,Keon Johnson,keon johnson,2002-03-10,77,G,2021.0,21.0,NYK
a67e3f58-f8e4-573b-bdbb-c999b5cec13d,Aaron Henry,aaron henry,1999-08-30,78,G,,,
a7148c08-ac5e-5a2c-abef-fa1eb091fdcc,Tyler Cook,tyler cook,1997-09-23,81,C,,,
a7224a5a-b7fe-5464-9956-556cda0d884f,Henry Walker,henry walker,1987-10-09,78,W,2008.0,47.0,WAS
a7513ad5-3a57-56a2-99dd-8985c99ca249,Ziaire Williams,ziaire williams,2001-09-12,80,W,2021.0,10.0,NOP
a78e99be-da5b-573b-9222-3d31de315eb9,Deron Washington,deron washington,,79,W,2008.0,59.0,DET
a7a44acb-7a5d-53ba-8adf-c8d9327b276a,Elfrid Payton,elfrid payton,1994-02-22,75,G,2014.0,10.0,PHI
a7adb34f-8f13-5900-b44d-17b0458241fa,Justin Holiday,justin holiday,1989-04-05,78,G,,,
a7f41ab0-923e-5eeb-96d4-1ba1cb4fe469,Amile Jefferson,amile jefferson,1993-05-07,81,C,,,
a7fd52eb-e898-575b-9536-b949f2095bef,Steven Hill,steven hill,1985-11-14,84,C,,,
a8289737-ba3d-5ab7-8e5f-5c12581a3806,Elijah Bryant,elijah bryant,1995-04-19,77,G,,,
a84d3350-9962-53f5-8f9c-d8123d5ea2d4,Terrel Harris,terrel harris,1987-08-10,77,W,,,
a85b0266-99be-5b51-91f0-1d0015e5f656,Dwayne Collins,dwayne collins,,80,C,2010.0,60.0,PHO
a863ded6-b320-55c5-b5dc-3706280c8071,Kyrie Irving,kyrie irving,1992-03-23,74,G,2011.0,1.0,CLE
a88a204f-c348-5b78-8beb-1b7cb36f95fa,Austin Daye,austin daye,1988-06-05,83,C,2009.0,15.0,DET
a8c3e9cd-8461-5176-8cb7-10adc62ec134,David Duke,david duke,1999-10-13,77,G,,,
a8fc00e3-3621-5cfd-89e6-d53576b8f01e,Zuby Ejiofor,zuby ejiofor,2004-04-20,81,F,2026.0,23.0,ATL
a93392f3-5637-545e-9c5e-985351cdcd51,Cason Wallace,cason wallace,2003-11-07,76,G,2023.0,10.0,DAL
a98201f4-e52b-5159-9930-3d98c3f70994,Kobe Sanders,kobe sanders,2002-05-30,81,G,2025.0,50.0,NYK
a9ca7fe3-3674-5b45-81d5-b33bbffd5bb4,Trent Forrest,trent forrest,1998-06-12,76,G,,,
aa2ea08e-8510-5b4d-8fdb-d6208f34abe3,Yves Pons,yves pons,1999-05-07,78,F,,,
aa2ed9dd-7465-5f3f-b98b-38f1a5f717a0,Marcus Thornton,marcus thornton,1993-02-09,76,G,2015.0,45.0,BOS
aaf25b10-8f38-567f-9fe8-4b0de7303527,Joe Wieskamp,joe wieskamp,1999-08-23,78,G,2021.0,41.0,SAS
ab1149db-e309-53ed-bf7b-150ec9960c48,Dereon Seabron,dereon seabron,2000-05-26,79,G,,,
ab7e4710-4d2a-54b3-9db9-74dc9906615e,Anthony Bennett,anthony bennett,1993-03-14,80,F,2013.0,1.0,CLE
ab9237c5-c458-53e6-ac97-40ab2d23b462,Jack White,jack white,1997-08-05,79,W,,,
abc0766a-de2d-512c-bbb6-8521a2da8bb2,Cam Reddish,cameron reddish,1999-09-01,80,W,2019.0,10.0,ATL
abf042be-2652-5571-8f30-1a0b7d1275fa,Yante Maten,yante maten,1996-08-14,80,F,,,
ac12c152-56a0-58ba-a473-0479f5a1462c,Jordan Bell,jordan bell,1995-01-07,81,C,2017.0,38.0,CHI
ac421ddd-7188-5b76-936e-a9f66ce2d42e,Kosta Koufos,kosta koufos,1989-02-24,84,C,2008.0,23.0,UTA
ac6d4d25-9200-5b4a-936d-33f733186f10,Jarell Martin,jarell martin,1994-05-24,81,W,2015.0,25.0,MEM
ace5825e-0e58-58d6-8bee-f01dc17b36d5,Kyle O'Quinn,kyle oquinn,1990-03-26,82,C,2012.0,49.0,ORL
ada1d1bc-34ec-5fc5-9241-0140571be75b,Austin Reaves,austin reaves,1998-05-29,77,G,,,
adc71f89-d050-5ebe-80b7-ebbd4a2ec562,J.P. Macura,jp macura,1995-06-05,77,G,,,
ae43679f-335d-5d04-a5b6-3ac54bb86cb9,Andrew Funk,andrew funk,1999-09-21,77,G,,,
aeac13c5-8024-5e12-a3bd-5af65adede2a,Michael Carter-Williams,michael carterwilliams,1991-10-10,78,G,2013.0,11.0,PHI
aef33d12-fac4-5340-9bfc-9cd6cb627a58,Harrison Ingram,harrison ingram,2002-11-27,79,W,2024.0,48.0,SAS
af542013-37a6-5f98-b4f7-d851e214f62d,Jordan Walsh,jordan walsh,2004-03-03,79,W,2023.0,38.0,SAC
af5ae582-a23b-507a-858f-71158bc7f34b,Jonathan Mogbo,jonathan mogbo,2001-10-29,81,C,2024.0,31.0,TOR
af84dc2a-ac9c-5e4e-a829-9b8bf1196a11,Keyonte George,keyonte george,2003-11-08,76,G,2023.0,16.0,UTA
af947b7f-5ab4-5c1f-9aa7-e9cacf487441,Talen Horton-Tucker,talen hortontucker,2000-11-25,76,G,2019.0,46.0,ORL
af95d9d4-6050-52dc-b5b7-c207aeba32cd,Jevon Carter,jevon carter,1995-09-14,74,G,2018.0,32.0,MEM
af996d76-998e-592c-b89c-298bc5e83f4e,Louis King,louis king,1999-04-06,81,W,,,
afc3546b-1689-5b10-a05d-05cb31f8a01a,Omari Spellman,omari spellman,1997-07-21,80,F,2018.0,30.0,ATL
afdf71fd-f368-55df-8622-8fcbd7356141,Jalen McDaniels,jalen mcdaniels,1998-01-31,82,F,2019.0,52.0,CHO
afed844c-010d-5098-8b19-d626bd00817b,AJ Griffin,aj griffin,2003-08-25,78,G,2022.0,16.0,ATL
b0030bcd-8b3f-5601-8b6c-fbffd9306b7b,Payton Pritchard,payton pritchard,1998-01-28,74,G,2020.0,26.0,BOS
b011f3ea-2cb0-5050-91de-1355efbb5599,Henri Veesaar,henri veesaar,2004-03-28,84,F,2026.0,52.0,LAC
b0a5fd48-d413-5de2-9303-8af7bae29362,Trayvon Palmer,trayvon palmer,1994-11-13,78,W,,,
b0bd22b2-5a66-55bc-9b0f-c5c734ba604e,Deonte Burton,deonte burton,1994-01-31,77,W,,,
b1379da9-f5bb-52c8-a025-d89814fec03e,Nigel Williams-Goss,nigel williamsgoss,1994-09-16,75,G,2017.0,55.0,UTA
b19a49ce-3bf9-5d12-9703-cfa0e458a04b,Jack McClinton,jack mcclinton,,73,G,2009.0,51.0,SAS
b1b3dbcd-8192-5d12-b08d-d8e797d583ff,OG Anunoby,og anunoby,1997-07-17,80,W,2017.0,23.0,TOR
b1c0dc36-e6bd-5e70-b648-8e4154ec7b55,Aaron White,aaron white,1992-09-10,81,W,2015.0,49.0,WAS
b1d4e131-f2da-5967-9c9e-8e86da542823,Jermaine Samuels,jermaine samuels,1998-11-13,79,F,,,
b1e80e4a-d8b6-5f76-952b-45908e8e7adf,Dante Cunningham,dante cunningham,1987-04-22,81,F,2009.0,33.0,POR
b2302887-7673-59a4-af83-a3df8af02a85,Trey Alexander,trey alexander,2003-05-02,76,G,,,
b23533c2-c2f0-51a2-bbcf-a88e1798509e,Daniss Jenkins,daniss jenkins,2001-08-17,76,G,,,
b2558125-715b-5957-a52b-f8ffd2161df9,Jackson Rowe,jackson rowe,1997-01-04,79,F,,,
b2b40b81-02fc-504c-b725-9aed23f50c9a,Richie Saunders,richie saunders,2001-09-19,77,G,2026.0,32.0,MEM
b2c849ba-6b9e-5137-81f2-ef7ae4f74553,Theo Pinson,theo pinson,1995-11-05,78,G,,,
b32aa41a-faaf-570f-9828-97c3e80f1211,Jordan Hill,jordan hill,1987-07-27,82,F,2009.0,8.0,NYK
b338b665-8214-5d78-9a8d-a29028539d38,Paul Watson,paul watson,1994-12-30,79,W,,,
b3427fac-4be0-5a57-a29f-16d8659ebfe3,Kemba Walker,kemba walker,1990-05-08,73,G,2011.0,9.0,CHA
b352f28c-b01d-5d38-85bf-3d8e726503d2,A.J. Hammons,aj hammons,1992-08-27,84,C,2016.0,46.0,DAL
b39d5f36-8755-53ac-bbc7-ce514ff75331,Jake LaRavia,jake laravia,2001-11-03,80,W,2022.0,19.0,MIN
b3ae0016-c189-5db1-b802-c50dfb16df86,Denzel Valentine,denzel valentine,1993-11-16,77,G,2016.0,14.0,CHI
b4378365-a7fd-5c11-b263-d2ecb427f1f4,Mangok Mathiang,mangok mathiang,1992-10-08,82,C,,,
b4527ad5-a2e5-5f4f-908d-95f43a58cfce,Josh Christopher,josh christopher,2001-12-08,77,G,2021.0,24.0,HOU
b49b8178-9ede-51e4-9d00-0229b34d974f,Kent Bazemore,kent bazemore,1989-07-01,77,G,,,
b5df22fb-863e-5c28-8e04-a828c9563a65,DeAndre' Bembry,deandre bembry,1994-07-04,78,G,2016.0,21.0,ATL
b5fe4216-ce07-5a32-b2fa-24281f91ff4b,Kyle Collinsworth,kyle collinsworth,1991-10-03,78,G,,,
b60c4084-f4e8-5192-856f-cbfd64acba96,Mfiondu Kabengele,mfiondu kabengele,1997-08-14,82,F,2019.0,27.0,BRK
b6432c7a-e067-52d8-8837-6583832fdd53,Mac McClung,mac mcclung,1999-01-06,74,G,,,
b650dda7-1b9c-5f9c-ab98-7060eb380b43,Deyonta Davis,deyonta davis,1996-12-02,82,C,2016.0,31.0,BOS
b6951eb7-6843-520f-bab4-ec9b8e565af2,Bernard James,bernard james,1985-02-07,82,C,2012.0,33.0,CLE
b6ab3029-1c4f-539b-8945-c827013f20d8,Josh Richardson,josh richardson,1993-09-15,78,G,2015.0,40.0,MIA
b6b63ca1-ecab-527d-9b1d-7fc4085f7b19,Evan Mobley,evan mobley,2001-06-18,84,C,2021.0,3.0,CLE
b6c37c98-2cd3-582a-9f56-7fc21b311e99,Lamar Patterson,lamar patterson,1991-08-12,77,G,2014.0,48.0,MIL
b6e192aa-3048-5c37-85c7-6de91dcbcd1b,James Young,james young,1995-08-16,78,G,2014.0,17.0,BOS
b71479b4-59be-5a3c-979f-99433fb707ea,John Butler,john butler,2002-12-04,85,F,,,
b7569282-439b-5030-92b2-4eb3e3668977,Troy Brown,troy brown,1999-07-28,79,G,2018.0,15.0,WAS
b790ff6b-032f-5939-9e38-d06828ed4375,Jaylen Hands,jaylen hands,1999-02-12,75,G,2019.0,56.0,LAC
b7a39770-70a4-568f-840b-e09c649bd653,Erik Murphy,erik murphy,1990-10-26,82,F,2013.0,49.0,CHI
b7ba2aa6-95b0-5e81-b6fb-93deb06c4bc3,Langston Galloway,langston galloway,1991-12-09,74,G,,,
b7f253d3-e813-5d5b-b5df-94f2daa35c61,Isaac Jones,isaac jones,2000-07-11,81,C,,,
b826efcb-e442-52fb-a6ed-c0dd05082c9b,Justin Jackson,justin jackson,1995-03-28,80,W,2017.0,15.0,POR
b82745d6-85e8-5945-9c69-d7961ef3fd38,Matt Costello,matt costello,1993-08-05,81,C,,,
b857f391-01f5-5f29-91ca-956f09de0de2,Jabari Walker,jabari walker,2002-07-30,81,F,2022.0,57.0,POR
b8b199aa-2a69-54e8-aa74-7331238894ec,Courtney Fortson,courtney fortson,1988-05-23,71,G,,,
b8c37d4b-9905-5876-8ad3-4510a9f0e3a0,Blake Hinson,blake hinson,1999-12-26,80,W,,,
b924325c-cde8-52aa-a47a-3e7104c1e353,Tyler Harvey,tyler harvey,1993-07-17,76,G,2015.0,51.0,ORL
b9607ab9-82ec-53e9-8d5c-1020c10aec54,Johnny Davis,johnny davis,2002-02-27,77,W,2022.0,10.0,WAS
b979d4ca-4751-5ba7-9a57-5cc525ea0c7b,Jonah Bolden,jonah bolden,1996-01-02,82,F,2017.0,36.0,PHI
b9d88c01-013d-542d-8e7c-df14eafbf52e,Riley Minix,riley minix,2000-09-22,79,F,,,
b9ee9739-ca4d-598f-a3a3-a835c6298df5,Danny Green,danny green,1987-06-22,77,W,2009.0,46.0,CLE
ba168155-66bb-5ab4-880b-105e08cbdfca,Ed Davis,ed davis,1989-06-05,82,C,2010.0,13.0,TOR
baab28d8-ea5e-5506-b5ae-3d5ea2dd531d,Dillon Jones,dillon jones,2001-10-29,78,G,2024.0,26.0,WAS
bac520ec-bbcc-50ae-a7f6-ce3eecad7ab7,Julian Phillips,julian phillips,2003-11-05,80,W,2023.0,35.0,BOS
bacc3351-e11f-51d8-9362-4a09dab5da1c,Quinn Cook,quinn cook,1993-03-23,74,G,,,
bb44cd90-bbfb-5740-b331-37ff37eb18b5,Justinian Jessup,justinian jessup,1998-05-23,79,G,2020.0,51.0,GSW
bb4e83c9-0072-5c9c-9c5d-cadb6311ce09,Jon Teske,jon teske,1997-05-04,85,F,,,
bb70db9f-f7e3-584b-9f3b-500088cda6f4,Yves Missi,yves missi,2004-05-14,84,C,2024.0,21.0,NOP
bb7e33b9-7e59-580d-869d-ff9e904e2ed4,Kon Knueppel,kon knueppel,2005-08-03,79,G,2025.0,4.0,CHO
bb851e94-f22e-51dd-854a-df120fad424c,Jeff Dowtin,jeff dowtin,1997-05-10,75,G,,,
bb8fcf88-fbcd-5b8e-94af-07950c01aaf1,Damion Lee,damion lee,1992-10-21,78,G,,,
bb94740c-4ee1-517b-ad40-a1f938645055,Cameron Boozer,cameron boozer,2007-07-18,81,F,2026.0,3.0,MEM
bba51d1e-6dda-5940-948f-23dd59efdfd8,Erick Green,erick green,1991-05-09,76,G,2013.0,46.0,UTA
bbe34d45-8852-5d74-b18f-6e5411120cfe,Domantas Sabonis,domantas sabonis,1996-05-03,83,F,2016.0,11.0,ORL
bbf86d7b-6716-50e4-96ce-bc00f933d0de,Will Barton,will barton,1991-01-06,78,W,2012.0,40.0,POR
bc264234-d431-5823-b83e-542aeaa8b7ff,Markelle Fultz,markelle fultz,1998-05-29,76,G,2017.0,1.0,PHI
bc349bd4-551c-5cb0-aed8-b24045c4aa0e,Miles Plumlee,miles plumlee,1988-09-01,82,C,2012.0,26.0,IND
bcdb73c4-b18d-5714-8d08-a19c869e908b,Milton Doyle,milton doyle,1993-10-31,76,G,,,
bcdcfaa8-d580-5ed3-ab51-86e87a968b27,Brad Wanamaker,brad wanamaker,1989-07-25,76,G,,,
bd0b6b56-77b3-548c-b2fd-9d59003456e7,Bobi Klintman,bobi klintman,2003-03-06,82,F,2024.0,37.0,MIN
bd7aa868-d657-53a0-99da-8432d3b183c0,Kai Jones,kai jones,2001-01-19,83,F,2021.0,19.0,NYK
bdab5c02-2460-5bdd-882d-254cb409d35e,Kyle Guy,kyle guy,1997-08-11,74,G,2019.0,55.0,NYK
bdca5681-4d52-5339-91de-7df07d8e973e,Andy Rautins,andy rautins,1986-11-02,76,G,2010.0,38.0,NYK
bdd16d85-9624-5ff6-9130-f1407981871d,Andre Jackson Jr.,andre jackson,2001-11-13,78,G,2023.0,36.0,ORL
bdeb79ef-800d-5c20-b612-46478bb39692,Luc Mbah a Moute,luc mbah a moute,1986-09-09,79,W,2008.0,37.0,MIL
bded140b-684b-5a3c-a44b-83573412dd5b,Sim Bhullar,sim bhullar,1992-12-02,89,C,,,
be3732ba-8d6e-5c83-994f-005c760d46df,Luke Zeller,luke zeller,1987-04-07,83,C,,,
be772b81-bfdf-5370-993e-e48347105bc8,Jordan Williams,jordan williams,1990-10-11,82,C,2011.0,36.0,NJN
bea78048-96a0-581e-b352-1bdc2c269499,Terquavion Smith,terquavion smith,2002-12-31,76,G,,,
beb6137b-86ce-5e61-a495-911f1d564e15,Greg Monroe,greg monroe,1990-06-04,83,F,2010.0,7.0,DET
bebb45d4-ece9-5816-bdff-24334a3bd7ae,Vernon Macklin,vernon macklin,1986-09-25,82,C,2011.0,52.0,DET
bed2e680-2f52-5a2e-bc79-80eb54b69fb7,James Nunnally,james nunnally,1990-07-14,77,G,,,
bf0cf727-c521-5e95-a66b-14971ac1f808,Chris McCullough,chris mccullough,1995-02-05,82,F,2015.0,29.0,BRK
bf1f944e-96e8-5754-ad44-4b94dafec2aa,Brandon Williams,brandon williams,1999-11-22,74,G,,,
bf3ff85c-8018-59ee-a99f-de8c3651dbbd,Alex Fudge,alex fudge,2003-05-06,81,F,,,
bf698d2d-31b3-59a0-bf98-9b7fbeabca2f,Tyrese Haliburton,tyrese haliburton,2000-02-29,77,G,2020.0,12.0,SAC
bfb2aed1-a99a-50e6-abda-c0f97e9294fd,T.J. Warren,tj warren,1993-09-05,80,W,2014.0,14.0,PHO
bfc79866-2045-5af4-a000-6b33cea4d64a,Arsalan Kazemi,arsalan kazemi,1990-04-22,79,F,2013.0,54.0,WAS
bfe4824b-a6e2-5c65-8afc-77f9709a73ad,Carrick Felix,carrick felix,1990-08-17,78,W,2013.0,33.0,CLE
bff7535a-a08a-58ea-88d5-902fe7390ba0,Daeqwon Plowden,daeqwon plowden,1998-08-29,78,F,,,
c02ea242-16de-55d5-b5ce-a235135c5468,Patrick Beverley,patrick beverley,1988-07-12,73,G,2009.0,42.0,LAL
c03bba1a-2a24-593b-b854-a7890b82baa1,JaVale McGee,javale mcgee,1988-01-19,84,C,2008.0,18.0,WAS
c04c560c-5fb3-5b39-a198-4d20feaff891,Kelly Olynyk,kelly olynyk,1991-04-19,84,F,2013.0,13.0,DAL
c083d1d6-13f7-55d0-9847-502b09609482,Alex Len,alex len,1993-06-16,85,C,2013.0,5.0,PHO
c0f3834b-d236-5967-b9ef-b214ca8fc4dc,Dionte Christmas,dionte christmas,1986-09-15,78,W,,,
c1100f77-8ac9-5a90-99f7-be2a37d75374,Jase Richardson,jase richardson,2005-10-16,75,G,2025.0,25.0,ORL
c14001e1-d010-50d7-b89c-ed9ee03fe1bb,Mamadi Diakite,mamadi diakite,1997-01-21,81,F,,,
c176f2d3-4e57-5774-aeeb-e5aa514bb0dd,Justin Champagnie,justin champagnie,2001-06-29,78,F,,,
c199dd51-91b6-55d3-bccd-cbbd1b281b44,Sam Dekker,sam dekker,1994-05-06,81,W,2015.0,18.0,HOU
c1d76f46-c883-590f-a595-7a3d472a14e0,Jabari Bird,jabari bird,1994-07-03,78,G,2017.0,56.0,BOS
c1ee99ed-e55f-5da1-8e87-2fc7e1a26986,Willie Cauley-Stein,willie cauleystein,1993-08-18,84,C,2015.0,6.0,SAC
c21fb779-796a-5f25-8801-8baee553cf76,Larry Drew II,larry drew,1990-03-05,74,G,,,
c25ee03c-4054-5463-9223-ad888fa8c9ed,RayJ Dennis,rayj dennis,2001-03-30,74,G,,,
c263f337-6dce-5f9f-bced-0273f633b07a,John Wall,john wall,1990-09-06,76,G,2010.0,1.0,WAS
c26cbb20-3ac9-5563-a333-ebba16b5789c,Yuri Collins,yuri collins,2001-03-07,72,G,,,
c2dc3159-12d8-52be-80da-e9ca8bdaf229,Jordan Bone,jordan bone,1997-11-05,75,G,2019.0,57.0,NOP
c2e4c7cd-ffe5-57c2-9e07-97a51811b165,D.J. Wilson,dj wilson,1996-02-19,82,F,2017.0,17.0,MIL
c2f90c86-0fdc-56c7-9ade-a1047020a162,Jaylin Williams,jaylin williams,2002-06-29,82,F,2022.0,34.0,OKC
c2fc137b-3b74-5517-ab8f-498259fb15da,Cormac Ryan,cormac ryan,1998-10-26,77,G,,,
c3a557bd-e407-5166-bfe4-c3e14b6c4dea,Devontae Cacok,devontae cacok,1996-10-08,79,F,,,
c3afff06-c09a-5d24-bca6-b37958bbfeb9,Rodney Hood,rodney hood,1992-10-20,80,W,2014.0,23.0,UTA
c3d5c365-1d56-5be9-b33f-9750cc92ef2a,Cory Higgins,cory higgins,1989-06-14,77,G,,,
c4011d24-1061-5280-a14b-005e7a015842,James Johnson,james johnson,1987-02-20,80,F,2009.0,16.0,CHI
c40456e5-ec74-5046-8a1e-419a6175a672,DaRon Holmes II,daron holmes,2002-08-15,82,F,2024.0,22.0,PHO
c4090df3-7a6e-5f47-8f2a-7e1a3eee8a26,Isaiah Whitehead,isaiah whitehead,1995-03-08,76,G,2016.0,42.0,UTA
c4230aec-a08b-56a9-8792-3eea8fe39e75,Mouhamed Gueye,mouhamed gueye,2002-11-09,83,F,2023.0,39.0,CHO
c4364e70-4bc2-50d1-91c8-986726926f90,Jahmi'us Ramsey,jahmius ramsey,2001-06-09,76,G,2020.0,43.0,SAC
c44232e0-3489-5ad2-b8b8-40596c759bd6,Malcolm Miller,malcolm miller,1993-03-06,79,W,,,
c47f55c9-d003-59e8-beef-82db18c62648,Donovan Mitchell,donovan mitchell,1996-09-07,75,G,2017.0,13.0,DEN
c48477fb-bf35-5916-8b9e-8e2a717d055d,James Wiseman,james wiseman,2001-03-31,85,C,2020.0,2.0,GSW
c4973762-bf1e-5c77-9d34-fb254f7f148c,Dillon Mitchell,dillon mitchell,2003-10-03,80,F,2026.0,40.0,BOS
c4aefaf2-1ff7-5310-891e-be6bc6aef9ce,Nick Calathes,nick calathes,1989-02-07,78,W,2009.0,45.0,MIN
c4c152fa-096a-57bb-a687-712d04897713,Max Christie,max christie,2003-02-10,78,G,2022.0,35.0,LAL
c4cd2e5c-40ad-5f28-a527-5ebe07ff14c0,Wayne Selden Jr.,wayne selden,1994-09-30,77,G,,,
c4d5cc55-365f-5d59-8c01-9d3fa10822e2,Stanley Robinson,stanley robinson,,81,W,2010.0,59.0,ORL
c535690d-bae7-50ca-9df0-f87630543779,Jeremy Lamb,jeremy lamb,1992-05-30,77,G,2012.0,12.0,HOU
c542cfdc-ccf2-5fa2-b168-5ff6fcb08267,Ty Lawson,ty lawson,1987-11-03,71,G,2009.0,18.0,MIN
c597e463-ef90-5539-86d3-4c51bbd9134e,Bol Bol,bol bol,1999-11-16,86,F,2019.0,44.0,MIA
c5e34bfd-c896-54bf-9274-9df94f984491,Ryan Dunn,ryan dunn,2003-01-07,80,F,2024.0,28.0,DEN
c603ef7e-1e50-5165-b9aa-d974cbb0132a,Franz Wagner,franz wagner,2001-08-27,81,W,2021.0,8.0,ORL
c61d4148-6a8c-580e-8d1e-c56e0e137b79,Patty Mills,patty mills,1988-08-11,72,G,2009.0,55.0,POR
c65e3305-7652-5d46-8b3a-f10ccd3d2c47,Donta Hall,donta hall,1997-08-07,81,F,,,
c69cb5db-7f31-58b5-ac5a-c2d13d3f9c0c,Josh Akognon,josh akognon,1986-02-10,71,G,,,
c6a678ec-491b-585b-83d4-2596c569175c,Pierre Jackson,pierre jackson,1991-08-29,70,G,2013.0,42.0,PHI
c6ee07a0-d65b-5278-9b37-f2b3011e9d6c,Cleanthony Early,cleanthony early,1991-04-17,80,F,2014.0,34.0,NYK
c72b6317-7ffd-5145-8f59-8b8816934b8a,Justise Winslow,justise winslow,1996-03-26,78,G,2015.0,10.0,MIA
c76803e9-a67c-570a-8288-31c08f9f9aa9,Malcolm Lee,malcolm lee,1990-05-22,77,G,2011.0,43.0,CHI
c77cf8b0-cd6c-5958-987a-33c9dbe9843e,Marcus Derrickson,marcus derrickson,1996-02-01,79,F,,,
c7a1a06e-76ac-59db-89ee-b2f4517ac3ec,Cam Christie,cameron christie,2005-07-24,78,G,2024.0,46.0,LAC
c7a48ca2-bbf2-50c7-8615-8d342651650a,Paul Reed,paul reed,1999-06-14,81,F,2020.0,58.0,PHI
c7b5df7b-927d-560d-97d4-a41003e9db5b,Victor Oladipo,victor oladipo,1992-05-04,77,G,2013.0,2.0,ORL
c7e2ea52-22cd-5a5c-84fc-55ce1a661e54,Ace Bailey,ace bailey,2006-08-13,82,F,2025.0,5.0,UTA
c7e65a72-1a89-580b-a507-0f478a3a3f57,Shai Gilgeous-Alexander,shai gilgeousalexander,1998-07-12,78,G,2018.0,11.0,CHO
c7f735a4-35fc-5eb8-a50c-f614bef9c84b,Luke Babbitt,luke babbitt,1989-06-20,81,W,2010.0,16.0,MIN
c80ed0e9-33dc-5b2e-b31b-347bfbd6ee6d,Jalen Suggs,jalen suggs,2001-06-03,76,G,2021.0,5.0,ORL
c818bcf1-e4fe-5d8a-99ce-a11268376642,Sasha Kaun,sasha kaun,1985-05-08,83,C,2008.0,56.0,SEA
c847d342-0619-5c57-8143-232570abc573,Sir'Dominic Pointer,sirdominic pointer,1992-05-06,78,F,2015.0,53.0,CLE
c86b998c-6011-5bbf-b623-64ad30bc0836,Tyler Bey,tyler bey,1998-02-10,79,W,2020.0,36.0,PHI
c86eb1e1-d52c-5b1a-8cec-8dd2c39030fc,Ben Uzoh,ben uzoh,1988-03-19,75,G,,,
c8a806ec-4d87-521f-9c1a-280ea8406443,Hunter Dickinson,hunter dickinson,2000-11-25,86,F,,,
c8ac8b12-dce4-56f6-b1b9-d2b93e7c38b4,Dean Wade,dean wade,1996-11-20,82,F,,,
c962fc15-1a7b-57ce-b9e4-9fb29880c259,Tim Frazier,tim frazier,1990-11-01,73,G,,,
c966acdf-b829-5b07-8e7e-bc0bd7356970,Zach Norvell Jr.,zach norvell,1997-12-09,77,G,,,
c9c73615-8447-517d-a6f2-c4780d076ca5,Scottie Barnes,scottie barnes,2001-08-01,81,G,2021.0,4.0,TOR
c9cc6c3c-4f31-5253-815d-3a6a7486e05c,Tyler Ulis,tyler ulis,1996-01-05,69,G,2016.0,34.0,PHO
ca0b3dc4-b197-5f13-a2f0-cab4ad210697,Rasheer Fleming,rasheer fleming,2004-07-10,81,F,2025.0,31.0,MIN
ca2ede35-9a96-5299-940f-2c0c26350218,Mickell Gladness,mickell gladness,1986-07-26,83,C,,,
ca4e4123-08af-59ce-9282-6a8f8d72d8e4,Chuma Okeke,chuma okeke,1998-08-18,80,F,2019.0,16.0,ORL
ca513208-2426-5c8f-93d5-e9a637b6da00,Allen Crabbe,allen crabbe,1992-04-09,78,G,2013.0,31.0,CLE
ca6eaefe-0647-5967-9b6c-aff88eeb37c9,Derrick Rose,derrick rose,1988-10-04,75,G,2008.0,1.0,CHI
ca89c2aa-8d61-5c34-b9e2-d1ec613aa17e,Joe Crawford,joe crawford,1986-06-17,77,W,2008.0,58.0,LAL
ca92cfa1-dc89-50da-beb9-4f5d51e8bb70,Thomas Sorber,thomas sorber,2005-12-25,82,F,2025.0,15.0,OKC
caadfaee-32d6-5e3f-958c-c62edbbe5baa,James Gist,james gist,,81,F,2008.0,57.0,SAS
caca91e4-c2a7-5775-ab59-79e73f27f85c,Gabe Vincent,gabe vincent,1996-06-14,75,G,,,
cacf9a6c-ee88-5e81-bf83-d3877e50c1a2,Deng Adel,deng adel,1997-02-01,79,G,,,
cb149c07-499b-5c6f-af93-218bc3608de6,Spencer Dinwiddie,spencer dinwiddie,1993-04-06,78,G,2014.0,38.0,DET
cb2603fe-a930-5a2c-8efe-a25b8afcfbee,Jacob Wiley,jacob wiley,1994-09-04,79,F,,,
cb2af4b4-d6c3-5cf8-9f91-c51b4eb6a336,Terry Taylor,terry taylor,1999-09-23,77,F,,,
cb3072a4-4b30-5455-8474-6d0d9c9d87be,Jaylen Nowell,jaylen nowell,1999-07-09,76,G,2019.0,43.0,MIN
cb3e76a7-3906-542d-b5f3-a7a6812b608e,Noah Vonleh,noah vonleh,1995-08-24,82,F,2014.0,9.0,CHO
cb44c42d-386b-5b71-891f-3bb426eacbfc,Jae'Sean Tate,jaesean tate,1995-10-28,76,G,,,
cb4d3b22-2dd8-5d01-8fa8-a27b30d66039,Brandon Clarke,brandon clarke,1996-09-19,80,C,2019.0,21.0,OKC
cb53a310-d814-573c-89bd-b1a49e63d12c,Zion Williamson,zion williamson,2000-07-06,79,W,2019.0,1.0,NOP
cb7fbee4-37d2-521a-a9c4-04d78c790ce4,Nik Stauskas,nik stauskas,1993-10-07,78,G,2014.0,8.0,SAC
cb86b7b7-5ac1-5da2-af2f-2fee74e17c9a,Trent Plaisted,trent plaisted,,83,C,2008.0,46.0,SEA
cbb3a59a-1f14-506b-a073-d9369381d673,Patrick Patterson,patrick patterson,1989-03-14,81,F,2010.0,14.0,HOU
cbbf019c-cc32-5ce2-ae0d-24bb38493ec7,Khris Middleton,khris middleton,1991-08-12,79,W,2012.0,39.0,DET
cbdcb0f0-4f15-584c-982b-d6479a88df40,Dewan Huell,dewan hernandez,1996-12-09,83,C,2019.0,59.0,TOR
cc05762d-4e86-5628-99b7-a3ec13c809e8,Derrick White,derrick white,1994-07-02,77,G,2017.0,29.0,SAS
cc130078-b786-52cc-bc6a-3abeb1d72e20,Brandon Boston Jr.,brandon boston,2001-11-28,79,G,2021.0,51.0,MEM
cce87846-0577-5978-b5bc-3e2240ba72eb,Kyle Filipowski,kyle filipowski,2003-11-07,84,F,2024.0,32.0,UTA
cd030651-e7be-5796-bf1c-3b3d4c503f7b,Jared McCain,jared mccain,2004-02-20,75,G,2024.0,16.0,PHI
cd04f1eb-acc1-548c-8bf8-65a2a705c547,Devin Vassell,devin vassell,2000-08-23,79,G,2020.0,11.0,SAS
cd288209-3575-50c5-8396-1d69edf5e1f3,Johni Broome,johni broome,2002-07-19,82,F,2025.0,35.0,PHI
cd40899d-7728-5472-a417-a6fe491ad84a,Andrew White III,andrew white,1993-06-16,79,G,,,
cd8b01cc-08a8-55f8-a9b1-e7aa8e1d70bd,R.J. Hunter,rj hunter,1993-10-24,78,G,2015.0,28.0,BOS
cdba6005-fa38-55c0-b781-786912d98988,Maxwell Lewis,maxwell lewis,2002-07-27,79,W,2023.0,40.0,DEN
cdc7b193-f80e-5739-83b0-1087afc28161,Landry Fields,landry fields,1988-06-27,79,W,2010.0,39.0,NYK
ce11e4c7-76dd-5842-9b46-99e21e9ed553,Kenrich Williams,kenrich williams,1994-12-02,79,W,,,
ce4eddc5-a65b-5faf-afed-dbe0aafdb619,Ivan Rabb,ivan rabb,1997-02-04,83,F,2017.0,35.0,ORL
ce5de38a-8400-5a88-b205-88beba3a0ef4,Rashad Vaughn,rashad vaughn,1996-08-16,78,G,2015.0,17.0,MIL
ce9a6bc1-e80c-5675-a5fe-78b77d3244df,Nae'Qwan Tomlin,naeqwan tomlin,2000-12-19,82,F,,,
cea1fe88-fe0f-582b-99f8-a20c375fe883,Charlie Brown,charlie brown,1997-02-02,79,W,,,
ceaaaf3e-f89b-5f1a-bb34-1a033c4255ab,Xavier Thames,xavier thames,1991-01-19,75,G,2014.0,59.0,TOR
cecf7c6f-481e-5a28-889a-7bc24fa4b2d5,Ryan Broekhoff,ryan broekhoff,1990-08-23,79,F,,,
cf30433e-3bed-5cf4-8b07-d350cf73f0e5,Taurean Prince,taurean prince,1994-03-22,80,W,2016.0,12.0,UTA
cf62910b-a8b8-5033-be92-56a25bfc628d,Alijah Martin,alijah martin,2001-12-26,74,G,2025.0,39.0,TOR
cf647ce6-1ec9-5d05-9b8e-daee0550dac7,Quentin Grimes,quentin grimes,2000-05-08,77,G,2021.0,25.0,LAC
cf6f3a6f-f490-5bdd-a476-8dc031d6c3ea,Gal Mekel,gal mekel,1988-03-04,75,G,,,
cf7c02b6-f0c0-5648-a743-1f3024889020,Kessler Edwards,kessler edwards,2000-08-09,80,F,2021.0,44.0,BRK
cf8cff0c-578e-5ea5-9fea-300d17c70ce6,Rodney Purvis,rodney purvis,1994-02-14,76,G,,,
cfaceef5-6cea-52c8-87ed-9bc364250f2c,Jock Landale,jock landale,1995-10-25,83,C,,,
cfb2c054-204f-5f70-b2b6-c8db978ffc2b,Chance Comanche,chance comanche,1996-04-14,83,C,,,
d0068b72-a18d-5014-bebf-656979e19148,Dereck Lively II,dereck lively,2004-02-12,85,C,2023.0,12.0,OKC
d00d212c-7d41-5344-ac0c-f7b2939ae308,Steven Adams,steven adams,1993-07-20,84,C,2013.0,12.0,OKC
d06d74cf-c268-5a01-947b-8a0c31b7d4b4,Chucky Hepburn,chucky hepburn,2003-02-09,74,G,,,
d06f493e-6d64-58e7-b6da-3e8304b078d2,Julian Champagnie,julian champagnie,2001-06-29,80,W,,,
d0bf0a07-9b5d-57ad-a25a-fd877eeba11a,Javonte Green,javonte green,1993-07-23,76,G,,,
d0d26ae8-0b54-5db7-b56d-101649df50f6,Robert Dozier,robert dozier,,81,F,2009.0,60.0,MIA
d0d5c572-14f0-5e50-af0c-22d570d38b91,Wendell Carter Jr.,wendell carter,1999-04-16,82,F,2018.0,7.0,CHI
d0dc7ca8-25a5-57b0-96d8-e52a8a8cbeb7,Sherron Collins,sherron collins,1987-03-18,71,G,,,
d0eaef53-ce2b-55c7-b493-1e785d193f6a,Jalen Williams,jalen williams,2001-04-14,78,G,2022.0,12.0,OKC
d117bb15-c2f1-56d4-91c2-68c0ce8da32f,Marcus Landry,marcus landry,1985-11-01,79,W,,,
d135a6ef-6c2e-5d60-8541-a58bbca503c7,Isaiah Roby,isaiah roby,1998-02-03,80,F,2019.0,45.0,DET
d153d619-8134-51ab-98c3-7ab4ca723fd1,Willie Warren,willie warren,1989-10-22,76,G,2010.0,54.0,LAC
d1780e1c-fd60-5ab0-8870-c42c76d729fa,Robert Covington,robert covington,1990-12-14,81,F,,,
d1950e47-f461-59ca-9088-fa561e9b475e,Marquese Chriss,marquese chriss,1997-07-02,81,F,2016.0,8.0,SAC
d1aa7e94-3a30-5ee3-823f-c6f0ffed24f8,Jaden Springer,jaden springer,2002-09-25,76,G,2021.0,28.0,PHI
d1c406c5-1a81-5488-b41f-abbf47e25485,Kevin Jones,kevin jones,1989-08-25,80,F,,,
d24fd028-839c-5d6a-a9c4-3c26fbb9f622,Jordan Poole,jordan poole,1999-06-19,77,G,2019.0,28.0,GSW
d27166ae-ce9b-5052-b571-374474322947,Patrick Baldwin Jr.,patrick baldwin,2002-11-18,81,F,2022.0,28.0,GSW
d2a23f28-3fec-5553-bc7d-b5c380cbf5af,Tristan Thompson,tristan thompson,1991-03-13,80,C,2011.0,4.0,CLE
d2d7cc7a-e0e7-5909-8965-21a6b8147aea,Allonzo Trier,allonzo trier,1996-01-17,77,G,,,
d2e76f59-e9c4-53d5-b9b9-b61c020a85e9,Nate Darling,nate darling,1998-08-30,77,G,,,
d2f196d9-41bc-5714-a05e-39cd89d215e0,Jeremiah Robinson-Earl,jeremiah robinsonearl,2000-11-03,81,F,2021.0,32.0,NYK
d2f20e43-17c5-573e-a800-37c132466594,Dalano Banton,dalano banton,1999-11-07,81,F,2021.0,46.0,TOR
d36c9ee6-f3d6-59fa-8a2d-ed2b512f0672,Pat Spencer,pat spencer,1996-07-04,75,G,,,
d38bf492-f269-5c02-a584-664d95fb3cf3,Curtis Jones,curtis jones,2001-10-04,76,G,,,
d3f1027c-e825-562c-b4aa-a848ef603d74,Dwight Powell,dwight powell,1991-07-20,82,W,2014.0,45.0,CHO
d4877c04-a6ad-5607-b8e9-615282064c95,Tacko Fall,tacko fall,1995-12-10,90,C,,,
d4bfb66b-76c4-55a2-8c95-af46821935e3,Tre Scott,tre scott,1996-11-25,80,W,,,
d50cc73c-ff9f-58b7-91c9-13ce42a87f75,Hassan Whiteside,hassan whiteside,1989-06-13,84,C,2010.0,33.0,SAC
d511b785-0038-5440-be66-24d9ff8050fe,Malachi Richardson,malachi richardson,1996-01-05,78,G,2016.0,22.0,CHO
d554ff47-8548-5eb5-9b2d-feacf7677325,Emoni Bates,emoni bates,2004-01-28,82,F,2023.0,49.0,CLE
d56b008d-ba6f-57fe-899c-9417dd1660a0,Seth Lundy,seth lundy,2000-04-02,78,W,2023.0,46.0,ATL
d56b1dbb-5463-5b53-99ce-68356b0a9aa9,Edmond Sumner,edmond sumner,1995-12-31,78,G,2017.0,52.0,NOP
d58f77d5-a8ee-5f3d-9a09-69a4fc18bc54,Goran Suton,goran suton,,82,F,2009.0,50.0,UTA
d59e1c49-9d4a-52e2-9b2e-625665339197,Toney Douglas,toney douglas,1986-03-16,73,G,2009.0,29.0,LAL
d5bdc31d-fe96-57ce-ae9b-1cef1fbfd90e,Kevon Harris,kevon harris,1997-06-24,78,G,,,
d5efe35c-93a4-5fa1-9a96-af25cca8a823,Grant Jerrett,grant jerrett,1993-07-08,82,F,2013.0,40.0,POR
d5f84634-0708-5a67-a8e9-11052bdde48f,Keith Benson,keith benson,1988-08-13,83,C,2011.0,48.0,ATL
d5fd5350-6584-5013-bb6c-7994c3e6fe41,Darrell Arthur,darrell arthur,1988-03-25,81,F,2008.0,27.0,NOH
d5fef9fc-2719-5d9f-b8f2-d48a2fe35c05,Darius Acuff Jr.,darius acuff,2006-11-16,75,G,2026.0,7.0,SAC
d6124c4e-c421-5f0c-abcc-c26d8a091422,Jaden Ivey,jaden ivey,2002-02-13,76,G,2022.0,5.0,DET
d61f89dc-0a69-510a-a035-fa8c6f5c68d5,Isaiah Stevens,isaiah stevens,2000-11-01,72,G,,,
d624d541-4845-5d97-8903-0d741369994a,Ja'Kobi Gillespie,jakobi gillespie,2004-03-10,73,G,2026.0,42.0,SAS
d68e8ed0-add7-57c4-a23b-bf6dd2e350c9,Michael Kidd-Gilchrist,michael kiddgilchrist,1993-09-26,79,W,2012.0,2.0,CHA
d6984d63-7b88-5573-94a3-24c27b14d25d,Darius Johnson-Odom,darius johnsonodom,1989-09-28,74,G,2012.0,55.0,DAL
d6b0214b-5cc5-59ea-82f7-ad590b0b8775,Eric Gordon,eric gordon,1988-12-25,75,G,2008.0,7.0,LAC
d6b42fe5-490f-533c-b24c-5211274793a8,Derrick Favors,derrick favors,1991-07-15,82,C,2010.0,3.0,NJN
d727a331-8c08-51ad-920e-791c5dbe26e8,Glenn Robinson III,glenn robinson,1994-01-08,78,G,2014.0,40.0,MIN
d794970c-e87c-520a-ad39-95dd63f0204c,Maxime Raynaud,maxime raynaud,2003-04-07,85,F,2025.0,42.0,SAC
d7c8caf3-4f21-55fd-880c-9566d68ecb52,Ryan Anderson,ryan anderson,1988-05-06,81,F,2008.0,21.0,NJN
d838965b-1b01-55e9-81d6-f3b2c70f30df,Kevon Looney,kevon looney,1996-02-06,81,F,2015.0,30.0,GSW
d86b18cc-3ea8-5a9b-83cd-bf65f38ebb1c,Cody Williams,cody williams,2004-11-20,80,W,2024.0,10.0,UTA
d90d3138-b722-5429-80ca-f924a2d70db6,Ben Hansbrough,ben hansbrough,1987-12-23,75,G,,,
d9cb9df9-504a-5a13-9213-dcaf022f99e0,Payton Sandfort,payton sandfort,2002-07-12,80,F,,,
db15d337-8c17-5d6b-bd06-3e983c209b0e,Marreese Speights,marreese speights,1987-08-04,82,F,2008.0,16.0,PHI
db2a9a4e-c25c-56c5-bddc-7ee4441ead1c,Collin Murray-Boyles,collin murrayboyles,2005-06-10,80,W,2025.0,9.0,TOR
db6186be-22a7-5e1f-9ae8-053bd4e2ce6d,Matt Mooney,matt mooney,1997-02-07,75,G,,,
db8ce2df-42a0-54c2-a77f-ab09d4fba87b,Jayden Quaintance,jayden quaintance,2007-07-11,83,C,2026.0,20.0,SAS
dbea95fb-9c9d-563c-a691-175474726efd,Jordan McRae,jordan mcrae,1991-03-28,78,G,2014.0,58.0,SAS
dc09267b-1a9d-5c04-adab-319881356ad9,Kobe Bufkin,kobe bufkin,2003-09-21,76,G,2023.0,15.0,ATL
dc15f7aa-dd8c-55af-a617-ad3a26adca99,Garrett Temple,garrett temple,1986-05-08,78,W,,,
dc22cc07-1a99-5ebd-b1c0-a9d16117b00d,Terrence Williams,terrence williams,1987-06-28,78,W,2009.0,11.0,NJN
dc247990-298d-57ac-b300-fa14cff505e6,Kris Dunn,kris dunn,1994-03-18,76,G,2016.0,5.0,MIN
dc427bbf-218b-5674-a0bf-e31e566e5596,Richard Hendrix,richard hendrix,,81,F,2008.0,49.0,GSW
dca80abb-b9ac-596b-90af-433065047e65,Anthony Lamb,anthony lamb,1998-01-20,78,F,,,
dd085c0f-8658-5b07-a9f3-0718357f91cb,JD Davison,jd davison,2002-10-03,75,G,2022.0,53.0,BOS
dd1a1d02-bb19-5125-b4a5-782615325c98,Trey Gilder,trey gilder,1985-01-24,81,F,,,
dd51e0d1-7d0b-5b01-89ce-c88cb3edd910,Bruce Thornton,bruce thornton,2003-09-14,74,G,2026.0,31.0,NYK
dd6f612a-069e-53da-b0d7-2cb48b9480c3,Hamidou Diallo,hamidou diallo,1998-07-31,77,G,2018.0,45.0,BRK
dded255a-5d90-5fd1-abd4-0f0fc0a9c8a8,Tari Eason,tari eason,2001-05-10,80,W,2022.0,17.0,HOU
ddf83463-0a9f-59bf-825d-f5301d527d00,Kendrick Nunn,kendrick nunn,1995-08-03,75,G,,,
de159191-b213-5fce-a0c6-f0871e244bf5,D.J. Carton,dj carton,2000-08-05,74,G,,,
de4e9a6a-1b1b-5ff9-87b6-4034b9d6d011,Davion Mitchell,davion mitchell,1998-09-05,74,G,2021.0,9.0,SAC
de5645bf-0539-5d6c-907a-38ffb89bc2be,Xavier Rathan-Mayes,xavier rathanmayes,1994-04-29,76,G,,,
de704d7e-3e13-5ec3-adae-37e116eee05d,Lawson Lovering,lawson lovering,2003-05-09,85,C,,,
dea66722-239a-5801-8558-ea1af8d1b423,Tim Hardaway Jr.,tim hardaway,1992-03-16,78,G,2013.0,24.0,NYK
deb9b487-395b-56db-afb1-1371cfd07057,Kris Joseph,kris joseph,1988-12-17,79,G,2012.0,51.0,BOS
def441bd-8fc0-5eb0-abd1-cff96b4cef94,Jeremiah Martin,jeremiah martin,1996-06-19,75,G,,,
df1d7beb-6964-545b-923f-17a6ae167f1a,Sam Young,sam young,1985-06-01,78,W,2009.0,36.0,MEM
df2a77b9-19c5-5802-ac7b-26134a82d0e8,Aaron Holiday,aaron holiday,1996-09-30,73,G,2018.0,23.0,IND
dfc89763-760b-5bd9-97e1-2ace41379e0f,Chris Cenac Jr,chris cenac,2007-01-31,83,F,2026.0,27.0,BOS
dfd66adf-3181-536c-8cf7-4421d40d6420,Zach Edey,zach edey,2002-05-14,88,C,2024.0,9.0,MEM
dfe39ad6-a76c-5b17-9c0d-4172da64d783,Keifer Sykes,keifer sykes,1993-12-30,72,G,,,
dff5a6c8-12fb-58b8-8d5f-2f1b3e568e19,Michael Porter Jr.,michael porter,1998-06-29,82,F,2018.0,14.0,DEN
e0180d94-4935-52ed-bbfc-543ade273eee,Ashton Hagans,ashton hagans,1999-07-08,75,G,,,
e01e05ad-373e-5e3a-b066-048d197f5fbf,Tyler Lydon,tyler lydon,1996-04-09,81,F,2017.0,24.0,UTA
e04616bb-5145-52a2-84dd-6be6604608d0,Jalen Wilson,jalen wilson,2000-11-04,80,F,2023.0,51.0,BRK
e0ad215d-7416-5162-be03-d2043e2c99ed,Maurice Ndour,maurice ndour,1992-06-18,81,F,,,
e16dc07b-97a9-5eb4-858a-6c63bae09d49,Nate Ament,nate ament,2006-12-10,82,W,2026.0,13.0,MIA
e17e856f-1837-5975-b91b-5dda472e5b28,Moe Harkless,maurice harkless,1993-05-11,80,W,2012.0,15.0,PHI
e1ae882d-cfc3-535f-be82-ed436c7fd151,Andrew Nembhard,andrew nembhard,2000-01-16,77,G,2022.0,31.0,IND
e1e618bb-7a0c-56ec-900d-4a87b1e9ca84,Walter Sharpe,walter sharpe,1986-07-18,81,F,2008.0,32.0,SEA
e26f7bd5-790a-59f0-9ae0-f52d6d8f27fb,Joel Bolomboy,joel bolomboy,1994-01-28,81,F,2016.0,52.0,UTA
e2a534f3-1953-5db6-99ad-9a57698aa61b,Mike James,mike james,1990-08-18,73,G,,,
e2d0ea39-20ed-50f8-b71d-1888d6588438,Kyle Kuzma,kyle kuzma,1995-07-24,81,F,2017.0,27.0,BRK
e2e0b7f4-6967-539f-add4-bdad984907a1,Darius Days,darius days,1999-10-20,79,F,,,
e2e6e359-182f-5009-9e56-d6d392935209,Jordan Hamilton,jordan hamilton,1990-10-06,79,F,2011.0,26.0,DAL
e38ff22a-a2bd-5b84-8fb5-7411fb305741,Evan Turner,evan turner,1988-10-27,79,W,2010.0,2.0,PHI
e3d43aac-01af-5614-9e6b-1040169c7f26,Cameron Thomas,cameron thomas,2001-10-13,76,G,2021.0,27.0,BRK
e3ec45f7-a676-511b-aca4-2c6662e3858d,Quincy Olivari,quincy olivari,2001-05-27,75,G,,,
e3fc7a67-6a0f-5987-97a2-843c6dff69db,Deandre Ayton,deandre ayton,1998-07-23,85,C,2018.0,1.0,PHO
e41dfa9e-540d-584c-968f-a98f3f8c2ae2,Keita Bates-Diop,keita batesdiop,1996-01-23,79,F,2018.0,48.0,MIN
e46a6fb2-bf93-5f27-bd6b-2dbaa9d839b6,Jaron Blossomgame,jaron blossomgame,1993-09-16,79,W,2017.0,59.0,SAS
e48578ce-0a36-5573-9d8a-1ced00d95886,Quincy Miller,quincy miller,1992-11-18,81,F,2012.0,38.0,DEN
e4bd6718-36cc-5286-976b-accc9a244cc7,DeAndre Jordan,deandre jordan,1988-07-21,83,C,2008.0,35.0,LAC
e4bf0d5c-12fd-5216-a919-db2ef9df0700,Jalen Hood-Schifino,jalen hoodschifino,2003-06-19,78,G,2023.0,17.0,LAL
e4cbee2e-fb4b-5c09-9bab-10a069086fb3,Cole Anthony,cole anthony,2000-05-15,75,G,2020.0,15.0,ORL
e4e97559-7540-5ebf-b689-a1f34df7657b,Landry Shamet,landry shamet,1997-03-13,76,G,2018.0,26.0,PHI
e4eb47c9-9660-50ac-901e-1bf9f2b42f4f,D'Angelo Russell,dangelo russell,1996-02-23,77,G,2015.0,2.0,LAL
e4f2aff0-8e5e-535a-b9c6-f481cda6612c,Russ Smith,russ smith,1991-04-19,72,G,2014.0,47.0,PHI
e5211a5a-2a98-5b03-8d7c-10cbd48b3487,Torrey Craig,torrey craig,1990-12-19,78,F,,,
e52ab295-4f49-5a19-b52a-70fbd446c4e8,Alex Caruso,alex caruso,1994-02-28,77,G,,,
e5561ec8-38f3-576e-b019-fde4e1268e97,Xavier Silas,xavier silas,1988-01-22,77,G,,,
e5eb2c98-305d-5016-9a0a-b61182dffb85,Brandon Davies,brandon davies,1991-07-25,81,W,,,
e6141a37-7a69-526b-9f0f-3082d0a20822,Collin Sexton,collin sexton,1999-01-04,75,G,2018.0,8.0,CLE
e63a7ad7-4cef-5b7b-8305-033f0fff6ff1,Frank Kaminsky,frank kaminsky,1993-04-04,84,F,2015.0,9.0,CHO
e63cbda4-6590-560a-ba2b-824d2bfd4ef3,Semaj Christon,semaj christon,1992-11-01,75,G,2014.0,55.0,MIA
e64f917e-108e-5f4f-a41e-b745ad56b798,Derik Queen,derik queen,2004-12-27,82,F,2025.0,13.0,ATL
e68e563e-a6a7-59c5-bfbe-4eb1149764d6,Jordan Hawkins,jordan hawkins,2002-04-29,77,G,2023.0,14.0,NOP
e68e5e0c-4be7-54c2-aa72-91af2bdf94e4,Tolu Smith,tolu smith,2000-07-26,83,C,,,
e6ff28cf-be5e-5f18-ac37-df1793e925fc,Jerome Jordan,jerome jordan,1986-09-29,84,C,2010.0,44.0,MIL
e70e3dd6-3301-5cf2-af73-c67221051740,Markel Brown,markel brown,1992-01-29,75,G,2014.0,44.0,MIN
e782477b-1a22-5cb6-9ead-eb0f05251631,Lorenzo Brown,lorenzo brown,1990-08-26,77,G,2013.0,52.0,MIN
e7ba9428-2b30-541b-a927-8e3a94010ef7,Ike Anigbogu,ike anigbogu,1998-10-16,82,C,2017.0,47.0,IND
e7d1749c-07e0-5659-b28b-99193eb1cbb1,Josh Oduro,josh oduro,2000-10-14,81,F,,,
e814b7a0-14a0-5259-8d81-4bf5edee83e3,Coby White,coby white,2000-02-16,77,G,2019.0,7.0,CHI
e841b389-3edb-5551-ae7e-32cf77567c30,Stephen Curry,stephen curry,1988-03-14,75,G,2009.0,7.0,GSW
e858781a-00a6-5f69-bc71-b1a2c0fc0655,Meyers Leonard,meyers leonard,1992-02-27,84,C,2012.0,11.0,POR
e89bb941-8660-50aa-83b3-53fe5b63ca75,Jamaree Bouyea,jamaree bouyea,1999-06-27,74,G,,,
e8de83f2-a5ca-5997-bd90-aab938303ef7,Caleb Martin,caleb martin,1995-09-28,79,G,,,
e9114134-a279-50cc-bb60-f00412b41396,Kyle Anderson,kyle anderson,1993-09-20,81,W,2014.0,30.0,SAS
e91cbe9f-6886-5592-b4ad-75deef1dee0f,Antonio Reeves,antonio reeves,2000-11-20,78,G,2024.0,47.0,ORL
e92e5f23-401d-52cc-b11a-2405bc65fde9,Bez Mbeng,bez mbeng,2002-05-02,76,G,,,
e9338678-c27b-501d-add6-e5aa39a763e6,Nick Johnson,nick johnson,1992-12-22,75,G,2014.0,42.0,HOU
e9875bc0-63f0-5d2b-894d-f04ffbdc7650,Alex Morales,alex morales,1997-11-21,78,G,,,
e9ae655e-848f-55b4-a758-ebe191642e57,Terence Davis,terence davis,1997-05-16,76,G,,,
e9b512fd-6c1a-5519-acbb-fffdd77521a1,Jaime Echenique,jaime echenique,1997-04-27,83,C,,,
e9d59875-b6a4-5fce-875f-4f5d1252c195,Saddiq Bey,saddiq bey,1999-04-09,80,W,2020.0,19.0,BRK
e9efe87b-321a-5577-8c9c-2d24b0352160,Daniel Oturu,daniel oturu,1999-09-20,82,F,2020.0,33.0,MIN
e9fefa05-2e57-5f0c-9d20-e7cccb4b7293,Marcus Denmon,marcus denmon,1990-03-20,75,G,2012.0,59.0,SAS
ea169b04-8772-59b6-b348-d96f5af4f5b1,Ochai Agbaji,ochai agbaji,2000-04-20,77,G,2022.0,14.0,CLE
ea274ed9-7c72-5361-b955-1dfb1cb87593,Sterling Brown,sterling brown,1995-02-10,78,G,2017.0,46.0,PHI
ea417bdc-1553-574b-bae8-7ae894ac8b34,Reece Beekman,reece beekman,2001-10-08,75,G,,,
ea4631de-9c72-55b9-96d9-da36049e1fb3,Kyle Singler,kyle singler,1988-05-04,80,W,2011.0,33.0,DET
ea782235-8fbd-59ca-9733-f7a01cc62958,Tony Carr,tony carr,1997-10-11,77,G,2018.0,51.0,NOP
ea799863-fe83-5747-82fc-8c8d5c0678cd,Bryce Hopkins,bryce hopkins,2001-09-07,79,G,2026.0,49.0,DEN
ea9383be-0316-5e4a-91ab-33e2fffafea3,John Jenkins,john jenkins,1991-03-06,75,G,2012.0,23.0,ATL
ea95010d-9054-54af-919b-7c6babaedd86,Ayo Dosunmu,ayo dosunmu,2000-01-17,77,G,2021.0,38.0,CHI
ea9aaa83-27e0-55cb-a532-0545f0bf758a,Elijah Harkless,elijah harkless,2000-02-03,75,G,,,
eaa97982-1d75-5d8e-83ab-3ab97f451031,Jeffery Taylor,jeff taylor,1989-05-23,79,G,2012.0,31.0,CHA
eab78ca8-3502-5cf9-98c9-3633ae7abadb,Arinze Onuaku,arinze onuaku,1987-07-13,81,C,,,
eb3236e3-ca0c-538b-9fa4-0f0f39421dcb,Jeremy Sochan,jeremy sochan,2003-05-20,81,F,2022.0,9.0,SAS
eb4d6dc3-92af-5077-91b1-94bca2608af9,Kadeem Allen,kadeem allen,1993-01-15,75,G,2017.0,53.0,BOS
ebd80681-f42d-511a-a898-ab7ec057c116,Jonathon Simmons,jonathon simmons,1989-09-14,78,G,,,
ec0d25e8-af09-54ea-a11a-789dab0ff9ff,Kelan Martin,kelan martin,1995-08-03,79,W,,,
ec24c3e2-a4b2-58d3-9fbc-571ad288064c,Justin Wright-Foreman,justin wrightforeman,1997-10-27,74,G,2019.0,53.0,UTA
ecc80cbe-f1b3-570f-b9fa-8d2c09d7f298,Damian Lillard,damian lillard,1990-07-15,74,G,2012.0,6.0,POR
ed4e28c6-3323-5971-b87c-4f58de963d59,Kylor Kelley,kylor kelley,1997-08-26,84,C,,,
ed78c70b-8fbf-5754-95e3-4d50b14eebaf,Tyty Washington Jr.,tyty washington,2001-11-15,75,G,2022.0,29.0,MEM
ed9e372b-c9fa-5c47-b354-0f5a1b1053eb,Otto Porter,otto porter,1993-06-03,80,W,2013.0,3.0,WAS
edaf5545-b069-553f-a071-ab86f7cfb316,Robbie Hummel,robbie hummel,1989-03-08,80,F,2012.0,58.0,MIN
ede81ed8-ace3-56bd-b53d-c62735ad5f1c,Derrick Williams,derrick williams,1991-05-25,80,W,2011.0,2.0,MIN
ee03b920-adf7-5100-baa2-2b3637f00930,Daniel Orton,daniel orton,1990-08-06,83,C,2010.0,29.0,ORL
ee265d58-7b5e-5182-803b-63a7fd28792c,Jarell Eddie,jarell eddie,1991-10-30,79,W,,,
ee5a20ad-4695-5fa7-a803-c56f0e1400b7,Brooks Barnhizer,brooks barnhizer,2002-03-02,78,G,2025.0,44.0,OKC
ee7538fa-5f7c-5b2f-b029-61f00859be89,Toumani Camara,toumani camara,2000-05-08,80,F,2023.0,52.0,PHO
eeb4680a-6d2f-52b3-a7e6-b0fc8a9d3977,Jordan Clarkson,jordan clarkson,1992-06-07,77,G,2014.0,46.0,WAS
ef202b45-ff9d-5830-b0ac-70ba5a6784ec,Quenton Jackson,quenton jackson,1998-09-15,77,G,,,
ef4fe8bb-90ea-538e-8866-e892f9b65e96,Day'Ron Sharpe,dayron sharpe,2001-11-06,83,C,2021.0,29.0,PHO
ef54642a-e817-52bc-ad3a-13e237ab5263,Jaden McDaniels,jaden mcdaniels,2000-09-29,81,F,2020.0,28.0,LAL
ef5d612c-fac6-5456-a0e1-5ad5a7318d1e,Johnny Furphy,johnny furphy,2004-12-07,81,F,2024.0,35.0,SAS
ef68c7a6-ebc7-5287-acc1-7403dd6b347b,Vernon Carey Jr.,vernon carey,2001-02-25,82,F,2020.0,32.0,CHO
efc5302e-672f-5e49-8498-0d0a1ac1bac1,Patrick Williams,patrick williams,2001-08-26,80,W,2020.0,4.0,CHI
f0154052-8a4d-5c3c-96cc-7518b0e03a62,Chris Livingston,chris livingston,2003-10-15,78,W,2023.0,58.0,MIL
f0187a59-01d8-5db6-af86-3ccf413e1e51,Jeff Teague,jeff teague,1988-06-10,74,G,2009.0,19.0,ATL
f055322d-183c-5692-bbc9-f63b494ed6ff,Bonzie Colson,bonzie colson,1996-01-12,78,F,,,
f05fafbd-4b2a-587c-97e6-82c1e435ccec,Immanuel Quickley,immanuel quickley,1999-06-17,75,G,2020.0,25.0,OKC
f0784728-3838-582b-9888-c4986e73e184,Ron Baker,ron baker,1993-03-30,76,G,,,
f080c55b-1e8f-5709-88b7-f3fc29da52ef,Alondes Williams,alondes williams,1999-06-19,77,G,,,
f0a30993-23b0-501e-b267-f1840df8387e,Kentavious Caldwell-Pope,kentavious caldwellpope,1993-02-18,77,G,2013.0,8.0,DET
f0c3822a-ba9f-5110-8e12-1cd82d1531f6,Donte Greene,donte greene,1988-02-21,83,C,2008.0,28.0,MEM
f11ffdd4-c2fd-5026-9418-b981de3883e5,Joshua Jefferson,joshua jefferson,2003-11-21,81,W,2026.0,28.0,MIN
f1383049-249c-5a01-b4cd-708b213015c7,Javin DeLaurier,javin delaurier,1998-04-07,82,C,,,
f14c68a4-021b-5340-8290-8af8200932a1,Draymond Green,draymond green,1990-03-04,79,F,2012.0,35.0,GSW
f16cb34f-9b4f-51d1-982b-a4d968631779,Josh Gray,josh gray,1993-09-09,73,G,,,
f18caa0c-74fb-5ec0-98c7-47121bffcc31,Ebuka Okorie,ebuka okorie,2007-04-10,74,G,2026.0,17.0,OKC
f1c6c5e8-9a3b-52dd-933e-037e18d73574,James Webb III,james webb,1993-08-19,81,F,,,
f1e65d2b-1177-52b1-bcaf-bc4ff5e7c38f,R.J. Barrett,rj barrett,2000-06-14,79,G,2019.0,3.0,NYK
f206df4c-2f57-5efa-ab32-a77ce8133f08,Zhaire Smith,zhaire smith,1999-06-04,77,G,2018.0,16.0,PHO
f228d769-fd6a-53cc-a6e4-5fae1cb7b6ea,O.J. Mayo,oj mayo,1987-11-05,76,G,2008.0,3.0,MIN
f243db2b-41a4-547e-8ef9-a2973f56dbbd,Sean Kilpatrick,sean kilpatrick,1990-01-06,76,G,,,
f270e554-b04f-5904-82da-a09e8ea2c4b8,Xavier Sneed,xavier sneed,1997-12-21,77,G,,,
f27e38e6-2eb6-5791-ba2a-915ff9113b5a,Scotty Pippen Jr.,scotty pippen,2000-11-10,75,G,,,
f29cbd48-c3c1-5ae1-ba5a-cba1d34db9e3,Ignas Brazdeikis,ignas brazdeikis,1999-01-08,79,W,2019.0,47.0,SAC
f2be67de-f4b0-59c3-9e56-8ae45934d67b,Tosan Evbuomwan,tosan evbuomwan,2001-02-16,80,W,,,
f30a1949-519f-5ca8-b7f0-1a64361b8391,Sonny Weems,sonny weems,1986-07-08,78,W,2008.0,39.0,CHI
f32e6888-fd1e-5be7-94a3-5c9dc9d5f916,Jerry Smith,jerry smith,1987-09-26,74,G,,,
f413a7ed-bdde-5638-a2c8-ecb6b41cb079,Ahmad Nivins,ahmad nivins,,81,F,2009.0,56.0,DAL
f419e62e-d389-5c1f-874d-cced3a66781c,Charles Bassey,charles bassey,2000-10-28,83,C,2021.0,53.0,PHI
f4699e9a-400b-5f3c-99c1-3905527d81cf,Nique Clifford,nique clifford,2002-02-09,78,W,2025.0,24.0,OKC
f4ceb23c-627a-599b-8dd5-e6fad4ca8ed6,James Anderson,james anderson,1989-03-25,78,G,2010.0,20.0,SAS
f4db97fd-6217-55a1-91a3-5538547c6ae9,Reggie Perry,reggie perry,2000-03-21,82,F,2020.0,57.0,LAC
f4e245fa-6274-5f57-98e1-46b5def7f2f7,Allen Graves,allen graves,2006-07-28,81,F,2026.0,19.0,TOR
f4f59882-6a80-5e7d-a152-e15618bcf44a,Ajay Mitchell,ajay mitchell,2002-06-25,77,G,2024.0,38.0,NYK
f514614e-836f-5b8d-9ecf-7b7288b1a502,Austin Rivers,austin rivers,1992-08-01,76,G,2012.0,10.0,NOH
f5380a76-e45c-50bf-bdc1-809194fdf6b0,Kevin Huerter,kevin huerter,1998-08-27,79,G,2018.0,19.0,ATL
f58128ed-49ff-5d9b-8414-ec2a4621844f,Phl Pressey,phl pressey,1991-02-17,71,G,,,
f5a068df-025b-5814-bb1c-7b1f1a6fabdf,PJ Hall,pj hall,2002-02-21,82,F,,,
f5ba2d40-c796-53a2-a2f9-95b0a2e4e8d7,Jalen Harris,jalen harris,1998-08-14,77,G,2020.0,59.0,TOR
f5d73fb3-ce0b-50db-a6d4-eb42bef1d7d8,Taze Moore,taze moore,1998-06-29,77,G,,,
f5dde03b-c801-5625-ad90-04243620d7aa,Hassani Gravett,hassani gravett,1996-07-16,74,G,,,
f5eab13c-adcc-5063-9ac6-56c061e5d752,Jacob Gilyard,jacob gilyard,1998-07-14,69,G,,,
f641f533-257b-50cc-ba77-4a0ee5555c14,Patrick Ewing Jr.,patrick ewing,1984-05-20,80,F,2008.0,43.0,SAC
f6490f05-4fb5-5636-aaec-e2fa5adc1722,Eric Mika,eric mika,1995-01-05,82,C,,,
f671190d-0d48-56bc-8663-fc12017ec7ec,Jawun Evans,jawun evans,1996-07-26,73,G,2017.0,39.0,PHI
f69bd2e8-9e40-5f15-bd9f-854f151d5367,Shane Edwards,shane edwards,1987-05-31,79,W,,,
f6a79aca-9dbd-5a35-b3c3-a1a862448e48,V.J. Edgecombe,vj edgecombe,2005-07-30,77,G,2025.0,3.0,PHI
f6ce182b-86b7-5f48-b7c8-930ea1cffedb,Lindell Wigginton,lindell wigginton,1998-03-28,74,G,,,
f6ce2a09-76e0-5c0a-a7ea-5f899f869ee3,Cassius Winston,cassius winston,1998-02-28,73,G,2020.0,53.0,OKC
f6df8f9c-189d-5d26-9f94-276a74c9fb92,Kendall Brown,kendall brown,2003-05-11,80,W,2022.0,48.0,MIN
f6e586ef-9447-5c28-80ae-0de5c6460fa6,Brian Roberts,brian roberts,1985-12-03,74,G,,,
f70a8b0d-8972-5ad5-b602-5b57cdb84971,Klay Thompson,klay thompson,1990-02-08,78,G,2011.0,11.0,GSW
f73f55b7-730d-5ad2-822c-0728380578e8,Jaime Jaquez Jr.,jaime jaquez,2001-02-18,79,W,2023.0,18.0,MIA
f745c7bd-91cf-505a-a071-59e5112f3071,Isaiah Briscoe,isaiah briscoe,1996-04-13,75,G,,,
f7479c9a-b2cf-57b2-aaa2-e434717478be,Josh Okogie,josh okogie,1998-09-01,76,G,2018.0,20.0,MIN
f765ff6f-3971-5bf2-a9ff-18c90c03307a,Michael Frazier,michael frazier,1994-03-08,76,G,,,
f76ccac6-3fe3-560c-b8c2-aab85ec92f83,James Michael McAdoo,james michael mcadoo,1993-01-04,81,C,,,
f7af34ad-5741-5d14-ba95-a886f76809f2,Malcolm Hill,malcolm hill,1995-10-26,78,G,,,
f857663d-7146-5187-b032-b6b8e1f7af74,Bruno Fernando,bruno fernando,1998-08-15,82,C,2019.0,34.0,PHI
f8b15846-1977-55f1-9e2f-f98c65256f6e,Quinten Post,quinten post,2000-03-21,84,F,2024.0,52.0,GSW
f8c0f320-8712-5649-acac-7e0cd3fc62fe,Meleek Thomas,meleek thomas,2006-08-06,77,G,2026.0,34.0,SAC
f92fceab-d891-5ad4-9531-2bf0b19f1db2,Jared Sullinger,jared sullinger,1992-03-04,81,F,2012.0,21.0,BOS
f93a8d5c-1740-5578-a4c0-42e8e9c6df91,DeVaughn Akoon-Purcell,devaughn akoonpurcell,1993-03-05,77,G,,,
f9821979-79c5-5dc1-ad7b-203a28697953,Malcolm Delaney,malcolm delaney,1989-03-11,75,G,,,
f9ab9f1a-3026-5116-8137-09058afa1eb7,Dylan Cardwell,dylan cardwell,2001-12-16,83,C,,,
f9fb559f-211b-5afb-ac24-3404600d263c,Cody Martin,cody martin,1995-09-28,79,G,2019.0,36.0,CHO
fa21dad1-73af-578e-819c-c8b7662d98d5,Adonis Thomas,adonis thomas,1993-03-25,79,W,,,
fa5546e9-dd2c-5c46-a817-d936581dd124,Isaiah Crawford,isaiah crawford,2001-11-01,78,G,,,
fa788b68-02e0-58b9-99a1-80bcd8ca26f9,Frank Jackson,frank jackson,1998-05-04,75,G,2017.0,31.0,CHO
fab97841-9451-5acb-84b4-172b1fd01b4c,Carlton Carrington,bub carrington,2005-07-21,77,G,2024.0,14.0,POR
fab9bf19-9ca8-5aa7-86e9-7ed3be95d30f,Patricio Garino,patricio garino,1993-05-17,78,G,,,
fb2406be-1403-5524-9200-ede42981345a,Mychal Mulder,mychal mulder,1994-06-12,76,G,,,
fb348b75-ac13-5016-a15d-66ff905682e0,Maarty Leunen,maarty leunen,,81,F,2008.0,54.0,HOU
fb7b83a6-92cb-551d-8880-5eae021c93a2,DeJuan Blair,dejuan blair,1989-04-22,79,W,2009.0,37.0,SAS
fb86b982-f3d9-5fe5-ac9c-8606c677f734,Terrence Jones,terrence jones,1992-01-09,81,F,2012.0,18.0,HOU
fba487d6-7211-5951-a74b-3fc46457be78,Alex Reese,alex reese,1999-05-21,81,F,,,
fbc8eafe-ed78-50be-9c8f-677d77564ffe,LJ Cryer,lj cryer,2001-10-09,73,G,,,
fbd1a6aa-2b6f-5333-bfbd-6f50b490bf9f,Kadary Richmond,kadary richmond,2001-08-25,78,G,,,
fbf5ccf7-93a7-5604-bf8a-6e4bd4dd27d7,Bradley Beal,bradley beal,1993-06-28,75,G,2012.0,3.0,WAS
fc19c2f7-d7c3-5020-98b8-b73e67d19e05,Marshon Brooks,marshon brooks,1989-01-26,77,G,2011.0,25.0,BOS
fc1b19f1-75ed-59ba-972e-2dbe0170fe7f,Dwight Buycks,dwight buycks,1989-03-06,75,G,,,
fc2fe99c-7f03-5723-8b8f-67f19dc34909,Anton Watson,anton watson,2000-10-06,80,W,2024.0,54.0,BOS
fc56d245-4426-5b25-968f-060a8f150c2c,Norchad Omier,norchad omier,2001-08-28,79,F,,,
fcf6ddeb-2772-5010-a3c7-eed823261c48,Kelly Oubre,kelly oubre,1995-12-09,79,W,2015.0,15.0,ATL
fcfece57-b332-5d00-bcea-6caa737c8d6b,Morez Johnson Jr.,morez johnson,2006-01-25,81,F,2026.0,9.0,DAL
fd2d8d90-8784-5ce6-adf6-79f13d434c79,Treveon Graham,treveon graham,1993-10-28,77,W,,,
fd310661-8738-51fc-b216-6b45e0de71c3,Freddie Gillespie,freddie gillespie,1997-06-14,81,C,,,
fd3fc0f4-b354-58d4-8e91-b0cb0a80caf4,Aaron Wiggins,aaron wiggins,1999-01-02,78,G,2021.0,55.0,OKC
fde62d7c-8d7d-57a0-895d-20d50ff7f40a,Jaysean Paige,jaysean paige,1994-07-30,74,G,,,
fe0eb507-2fd2-5828-8497-f082f3b5f57d,Josh Hart,josh hart,1995-03-06,77,G,2017.0,30.0,UTA
fe13ab17-326f-5ee9-8eee-223d0148f83e,Joel Ayayi,joel ayayi,2000-03-05,77,G,,,
fe3f7f92-bca3-5670-b03c-41e45d59fc37,Buddy Hield,buddy hield,1992-12-17,76,G,2016.0,6.0,NOP
fe54b977-c609-5be4-8840-c9fcf96b17ca,Ben McLemore,ben mclemore,1993-02-11,77,G,2013.0,7.0,SAC
fee6496e-f112-50a1-b7ef-07ae6cdf8ce7,Charles Jenkins,charles jenkins,1989-02-28,75,G,2011.0,44.0,GSW
fef89191-b89d-5259-8ec5-d73d5fe4d836,Dorian Finney-Smith,dorian finneysmith,1993-05-04,80,F,,,
ff037d86-dfed-5bad-83e3-d7609d008858,Jack Cooley,jack cooley,1991-04-12,81,F,,,
ff70308b-13ee-5e89-861e-1fe52d1aa1ae,Jamal Murray,jamal murray,1997-02-23,76,G,2016.0,7.0,DEN
ff881ba8-286b-5433-a5a2-b849ff3a629f,Kendall Marshall,kendall marshall,1991-08-19,76,G,2012.0,13.0,PHO
ffa05a27-82b0-515e-a2af-a3ef6f924f73,PJ Washington,pj washington,1998-08-23,80,F,2019.0,12.0,CHO
ffe51a51-47f1-5c27-b4c8-7fc8c51f530d,Lavoy Allen,lavoy allen,1989-02-04,81,F,2011.0,50.0,PHI
