player_id,season,college_team,conference,class_year,draft_age,min_pct,usg_pct,ts_pct,orb_pct,drb_pct,ast_pct,to_pct,blk_pct,stl_pct,ftr,fg3_pct,fg3a_per_fga,ft_pct,bpm,obpm,dbpm
001a15f5-5e3e-502a-bdf6-97b7300c0a02,2017,Kentucky,SEC,Fr,20.2,44.1,14.5,0.4996,9.9,19.4,5.9,16.0,4.9,0.9,37.2,0.317,0.426,0.618,5.8578,1.60973,4.24807
001a15f5-5e3e-502a-bdf6-97b7300c0a02,2018,Kentucky,SEC,So,21.2,57.5,14.9,0.5613,9.1,16.2,4.1,18.3,5.4,2.0,28.4,0.396,0.538,0.625,7.54394,3.20913,4.33481
003f2af6-ce53-563c-a5eb-4022823f3fed,2021,Louisiana Tech,CUSA,Fr,18.9,57.4,29.0,0.5742,12.0,23.5,14.5,20.2,3.3,2.6,60.2,0.0,0.0,0.597,4.8101,0.751712,4.05839
003f2af6-ce53-563c-a5eb-4022823f3fed,2022,Louisiana Tech,CUSA,So,19.9,68.6,34.4,0.5729,14.1,29.1,24.8,19.4,2.2,2.4,46.9,0.211,0.051,0.676,7.27289,2.897,4.37589
00474230-c875-5313-88ef-1065cdd5bc37,2009,N.C. State,ACC,Fr,19.4,30.0,13.0,0.5407,1.4,7.9,9.0,17.6,2.6,1.3,22.1,0.364,0.571,0.588,1.69819,1.67056,0.0276291
00474230-c875-5313-88ef-1065cdd5bc37,2010,N.C. State,ACC,So,20.4,47.4,15.6,0.45740000000000003,4.1,11.1,13.1,24.3,2.2,1.3,13.6,0.229,0.312,0.714,0.49031,-1.48923,1.97954
00474230-c875-5313-88ef-1065cdd5bc37,2011,N.C. State,ACC,Jr,21.4,44.0,15.4,0.5019,5.2,9.4,12.1,18.8,1.2,1.6,16.4,0.222,0.201,0.682,0.989065,0.780706,0.208358
00474230-c875-5313-88ef-1065cdd5bc37,2012,N.C. State,ACC,Sr,22.4,77.4,16.2,0.5753,6.4,7.5,11.0,14.5,1.3,2.1,16.5,0.343,0.313,0.808,6.08767,4.55952,1.52815
0099b257-0e96-520f-a19d-05c9fde7ac4a,2011,Kansas,B12,Fr,20.2,34.8,23.3,0.4891,2.4,9.7,17.8,24.4,0.2,2.3,19.2,0.362,0.487,0.757,1.71811,0.542157,1.17595
00d1a676-6ca5-517c-8035-b25c3593e781,2017,TCU,B12,Fr,19.0,51.6,15.4,0.6131,3.9,12.4,8.7,18.3,1.2,0.8,28.9,0.377,0.405,0.764,2.59808,2.07143,0.526648
00d1a676-6ca5-517c-8035-b25c3593e781,2018,TCU,B12,So,20.0,74.7,17.3,0.6706,1.9,14.1,14.0,19.1,0.8,1.8,30.5,0.461,0.476,0.78,5.94283,4.68269,1.26014
00d1a676-6ca5-517c-8035-b25c3593e781,2019,TCU,B12,Jr,21.0,87.7,18.4,0.6072,4.4,13.9,13.6,11.7,1.6,1.8,17.5,0.425,0.374,0.867,7.03062,4.56059,2.47003
00d1a676-6ca5-517c-8035-b25c3593e781,2020,TCU,B12,Sr,22.0,89.6,23.5,0.5654,4.6,16.6,26.0,16.7,1.6,2.4,13.3,0.439,0.471,0.786,7.88603,5.60075,2.28528
021c4a69-d93f-5e36-b10f-456a2ea7a45c,2009,Penn St.,B10,Fr,19.4,21.0,18.1,0.4894,4.6,8.9,10.5,17.7,1.1,1.8,25.3,0.349,0.759,0.619,1.15435,1.21065,-0.0562955
021c4a69-d93f-5e36-b10f-456a2ea7a45c,2010,Penn St.,B10,So,20.4,73.9,17.0,0.5471,3.1,10.2,15.8,12.3,1.1,1.5,20.5,0.373,0.774,0.816,4.64997,4.33125,0.318714
021c4a69-d93f-5e36-b10f-456a2ea7a45c,2012,Iowa St.,B12,Jr,22.4,82.8,12.3,0.5075,3.7,10.7,9.0,10.7,0.4,1.8,14.8,0.328,0.802,0.667,5.29023,3.56591,1.72432
021c4a69-d93f-5e36-b10f-456a2ea7a45c,2013,Iowa St.,B12,Sr,23.4,76.1,12.8,0.5700999999999999,2.0,9.5,11.7,12.8,0.8,1.9,23.2,0.382,0.717,0.745,6.30911,4.93144,1.37767
024f65fe-f659-5ed9-9123-72bb207b36b9,2011,New Mexico,MWC,Fr,19.6,35.4,16.7,0.5133,8.2,21.0,3.7,16.1,4.4,1.1,27.7,0.278,0.277,0.639,1.3204,-0.663379,1.98377
024f65fe-f659-5ed9-9123-72bb207b36b9,2013,New Mexico,MWC,Jr,21.6,72.2,22.1,0.5547,10.2,22.1,4.3,14.0,7.4,0.9,43.1,0.277,0.148,0.715,4.2081,0.378204,3.8299
024f65fe-f659-5ed9-9123-72bb207b36b9,2014,New Mexico,MWC,Jr,22.6,74.3,22.4,0.5361,8.9,21.1,7.5,15.1,8.8,0.7,36.5,0.214,0.166,0.667,5.08175,-0.146313,5.22806
02732b99-35a6-57e7-8cdd-0d05227cb926,2025,Illinois,B10,Fr,19.4,63.8,23.0,0.5325,5.2,11.5,16.0,11.3,1.0,0.6,32.3,0.326,0.401,0.724,4.63064,4.15766,0.472981
02e5d88b-b249-552a-beee-d30e82701ad7,2012,Michigan,B10,Fr,19.6,90.6,26.9,0.5440999999999999,2.3,9.8,29.1,18.8,1.3,1.6,30.6,0.356,0.398,0.748,5.07859,4.1203,0.958291
02e5d88b-b249-552a-beee-d30e82701ad7,2013,Michigan,B10,So,20.6,87.6,28.9,0.5685,1.8,8.9,37.4,13.1,1.6,2.8,30.2,0.383,0.355,0.805,11.1415,9.49684,1.64463
034609b5-ca10-5bef-a517-08c6230a4216,2008,Michigan,B10,Fr,19.5,82.7,30.4,0.5081,3.6,11.5,20.1,22.2,0.7,2.6,45.8,0.318,0.317,0.817,0.82819,0.711166,0.117024
034609b5-ca10-5bef-a517-08c6230a4216,2009,Michigan,B10,So,20.5,81.2,31.5,0.5451,6.6,19.2,32.6,19.5,1.8,2.4,46.3,0.318,0.366,0.867,9.15752,5.56156,3.59596
034609b5-ca10-5bef-a517-08c6230a4216,2010,Michigan,B10,Jr,21.5,87.3,30.5,0.5361,5.9,14.2,26.8,16.7,1.1,3.3,43.8,0.309,0.362,0.799,7.89142,5.0473,2.84412
03700127-5a6a-55b1-9458-a6a7841c2a75,2017,Oklahoma St.,B12,Fr,19.9,26.7,16.3,0.631,5.2,7.6,8.8,24.7,0.3,2.3,29.8,0.45,0.476,0.68,4.2324,4.53416,-0.301762
03700127-5a6a-55b1-9458-a6a7841c2a75,2018,Oklahoma St.,B12,So,20.9,65.4,15.2,0.5747,3.2,12.1,13.4,16.8,1.6,1.8,23.6,0.373,0.565,0.768,5.36452,3.03147,2.33305
03700127-5a6a-55b1-9458-a6a7841c2a75,2019,Oklahoma St.,B12,Jr,21.9,84.0,17.9,0.5991,2.8,11.4,17.7,14.8,0.7,2.2,28.1,0.448,0.54,0.875,5.05376,4.69698,0.356775
03700127-5a6a-55b1-9458-a6a7841c2a75,2020,Oklahoma St.,B12,Sr,22.9,76.6,19.1,0.49700000000000005,1.9,12.8,15.8,15.6,0.3,2.2,27.5,0.317,0.423,0.825,3.53042,2.28447,1.24595
03783743-7fc7-59d1-aff0-a32c326a4929,2009,Iona,MAAC,Fr,19.0,66.4,26.5,0.5041,3.6,11.9,45.0,28.6,0.3,2.9,60.4,0.278,0.243,0.694,1.76319,0.363553,1.39964
03783743-7fc7-59d1-aff0-a32c326a4929,2010,Iona,MAAC,So,20.0,70.0,28.4,0.5307,2.4,10.9,32.7,23.5,0.3,3.4,54.8,0.341,0.283,0.792,3.96667,1.58886,2.37781
03783743-7fc7-59d1-aff0-a32c326a4929,2011,Iona,MAAC,Jr,21.0,84.3,26.0,0.5007,2.9,10.4,39.2,22.6,0.5,2.2,41.5,0.32,0.307,0.675,1.68004,2.38662,-0.706586
03783743-7fc7-59d1-aff0-a32c326a4929,2012,Iona,MAAC,Sr,22.0,87.7,23.2,0.6052000000000001,3.1,12.9,44.2,22.2,0.6,2.5,39.0,0.404,0.316,0.811,6.29376,5.98919,0.304563
03cb8684-2390-54e1-bf62-835673add564,2008,Xavier,A10,So,20.5,69.9,19.4,0.6551,9.2,18.5,12.4,21.1,3.3,1.9,56.0,0.344,0.132,0.706,8.78043,4.26967,4.51076
03cb8684-2390-54e1-bf62-835673add564,2009,Xavier,A10,Jr,21.5,71.7,23.1,0.5870000000000001,10.2,13.9,14.8,15.5,2.9,1.4,40.0,0.414,0.264,0.75,8.61757,5.49839,3.11919
03ebf3d9-8de0-5d5a-bd58-7ad4117b0daa,2009,California,P10,Fr,20.5,46.1,18.3,0.516,5.1,16.0,16.4,27.8,0.2,2.6,42.1,0.308,0.206,0.642,2.87733,0.58328,2.29405
03ebf3d9-8de0-5d5a-bd58-7ad4117b0daa,2010,California,P10,So,21.5,45.6,17.4,0.5096,3.7,12.5,21.0,23.2,0.3,2.6,48.1,0.41,0.298,0.603,4.89368,2.79525,2.09843
03ebf3d9-8de0-5d5a-bd58-7ad4117b0daa,2011,California,P10,Jr,22.5,82.1,25.5,0.5446,2.3,10.8,27.9,20.6,0.8,2.8,57.8,0.33,0.313,0.801,4.91875,3.59374,1.32501
03ebf3d9-8de0-5d5a-bd58-7ad4117b0daa,2012,California,P12,Sr,23.5,78.1,24.3,0.5213,4.0,15.6,25.2,18.2,0.4,2.2,34.2,0.329,0.215,0.744,5.48523,2.72507,2.76016
04087c39-41f2-58f5-af4a-4fef50866419,2012,USC,P12,So,22.9,36.0,21.3,0.5528,12.6,17.6,3.6,19.3,4.7,2.0,34.7,0.0,0.008,0.537,1.00292,-2.32546,3.32837
04087c39-41f2-58f5-af4a-4fef50866419,2013,USC,P12,Jr,23.9,53.2,19.0,0.5244,11.7,24.2,5.8,22.2,10.0,2.9,26.7,0.0,0.017,0.681,7.16026,-0.695727,7.85599
04860b84-3fc0-53b9-8030-ad318317f475,2020,Kentucky,SEC,Fr,19.3,27.7,13.7,0.49579999999999996,4.8,12.7,4.2,18.4,0.6,0.8,15.6,0.326,0.558,0.833,0.210902,0.393748,-0.182846
04860b84-3fc0-53b9-8030-ad318317f475,2021,UCLA,P12,So,20.3,65.8,24.8,0.5484,3.3,12.5,10.7,12.3,1.2,1.5,17.9,0.353,0.43,0.877,5.24695,4.57058,0.67637
04860b84-3fc0-53b9-8030-ad318317f475,2022,UCLA,P12,Jr,21.3,66.9,25.2,0.5194,2.7,15.0,11.5,11.8,0.5,1.4,19.1,0.36,0.302,0.835,2.96411,2.45824,0.505869
0489f67f-2c8d-5fa1-94ed-1d0bd0a33b9c,2016,Indiana,B10,Sr,23.1,86.5,24.7,0.5999,3.5,9.3,28.4,16.9,0.1,1.8,38.3,0.42,0.439,0.829,6.35241,6.77817,-0.425761
0525d2e9-4682-50f8-872b-a6c1b6358c72,2008,Maryland,ACC,So,20.5,92.2,26.5,0.5435,2.9,12.8,36.9,24.7,0.7,2.1,31.9,0.309,0.449,0.782,5.34178,4.3677,0.974078
0525d2e9-4682-50f8-872b-a6c1b6358c72,2009,Maryland,ACC,Jr,21.5,85.5,27.9,0.5119,3.3,13.8,30.8,16.9,1.1,2.4,23.8,0.327,0.375,0.867,7.02183,5.57337,1.44846
0525d2e9-4682-50f8-872b-a6c1b6358c72,2010,Maryland,ACC,Sr,22.5,84.8,30.7,0.5502,3.9,10.3,35.3,18.2,1.0,2.9,31.8,0.36,0.368,0.857,9.15099,7.6981,1.45289
0559151e-469b-5145-9671-e3ab1ebf55d3,2016,Oregon,P12,Jr,23.5,64.8,20.4,0.6243,12.3,20.6,3.0,12.3,11.9,1.8,51.7,0.336,0.392,0.685,10.2361,4.74809,5.48806
0559151e-469b-5145-9671-e3ab1ebf55d3,2017,Oregon,P12,Sr,24.5,46.5,21.8,0.5898,9.3,19.6,3.1,11.3,11.7,1.0,32.0,0.347,0.39,0.566,7.16305,2.52922,4.63383
057dd3f3-62c8-5d6d-bb7e-a1b71825bfab,2008,Ohio St.,B10,Fr,20.0,52.3,17.7,0.4654,2.1,9.9,10.4,19.1,0.9,2.1,26.6,0.289,0.802,0.782,1.88223,0.601424,1.28081
057dd3f3-62c8-5d6d-bb7e-a1b71825bfab,2009,Ohio St.,B10,So,21.0,90.7,15.9,0.6131,1.2,10.4,13.9,17.5,1.0,1.8,18.0,0.416,0.831,0.8,6.21403,5.44616,0.767871
057dd3f3-62c8-5d6d-bb7e-a1b71825bfab,2010,Ohio St.,B10,Jr,22.0,92.4,14.7,0.6404000000000001,0.9,7.9,7.1,11.5,0.3,1.9,23.4,0.42,0.817,0.873,6.16429,5.51589,0.648393
057dd3f3-62c8-5d6d-bb7e-a1b71825bfab,2011,Ohio St.,B10,Sr,23.0,88.9,13.5,0.7232999999999999,1.3,7.9,11.6,12.2,0.4,1.7,27.6,0.502,0.794,0.81,10.799,8.62379,2.17522
05a26f55-dce2-5eed-8e94-52c32c28938d,2022,Memphis,Amer,Fr,19.6,36.7,21.7,0.5714,12.8,15.7,12.8,16.5,5.4,3.1,40.9,0.143,0.088,0.754,8.53619,4.29907,4.23712
05bf3a9d-737c-59b5-a26b-a2384bd1fd2c,2013,Arkansas,SEC,Jr,21.0,49.0,19.1,0.6021,11.4,17.2,10.3,17.8,3.5,3.9,68.2,0.474,0.128,0.743,7.11477,3.12147,3.9933
05bf3a9d-737c-59b5-a26b-a2384bd1fd2c,2014,Arkansas,SEC,Sr,22.0,54.9,21.4,0.5558,6.7,20.2,20.0,15.3,2.4,3.7,44.1,0.431,0.244,0.81,7.69844,3.21007,4.48838
05db1466-a42f-5000-979e-0247c32c6786,2014,South Carolina,SEC,Fr,19.6,74.0,27.4,0.49939999999999996,5.5,11.1,23.9,22.9,2.5,2.4,48.1,0.37,0.27,0.736,2.73465,1.1542,1.58045
05db1466-a42f-5000-979e-0247c32c6786,2015,South Carolina,SEC,So,20.6,77.4,23.9,0.45840000000000003,5.7,13.0,16.6,18.2,1.2,2.6,42.9,0.27,0.429,0.716,4.03743,1.35054,2.6869
05db1466-a42f-5000-979e-0247c32c6786,2016,South Carolina,SEC,Jr,21.6,82.9,22.2,0.5028,3.8,12.0,22.2,17.4,1.7,2.4,42.7,0.336,0.36,0.761,5.12528,2.6045,2.52078
05db1466-a42f-5000-979e-0247c32c6786,2017,South Carolina,SEC,Sr,22.6,71.9,29.2,0.5898,8.0,16.2,19.4,14.2,3.4,3.6,59.0,0.392,0.337,0.83,13.4543,7.6264,5.82788
06527228-92c4-51c8-af16-90418e5b7f7e,2025,Alabama,SEC,Fr,19.6,61.3,21.4,0.5494,3.8,9.3,24.9,17.2,1.2,2.9,28.7,0.315,0.395,0.767,8.09019,5.16299,2.9272
06527228-92c4-51c8-af16-90418e5b7f7e,2026,Alabama,SEC,So,20.6,72.3,29.9,0.626,1.9,9.2,31.9,14.8,0.5,2.0,40.8,0.399,0.419,0.798,8.53411,8.41879,0.115325
06962ef6-4ddc-510b-96a8-41ef9f28da54,2019,Wichita St.,Amer,Fr,20.4,61.1,16.7,0.5249,6.0,16.8,6.4,15.3,2.4,0.8,23.3,0.4,0.534,0.661,3.82109,1.26311,2.55799
06962ef6-4ddc-510b-96a8-41ef9f28da54,2020,Wichita St.,Amer,So,21.4,57.7,18.7,0.4804,6.2,15.3,8.4,12.1,1.6,1.2,15.6,0.336,0.608,0.846,3.52704,1.55609,1.97094
06962ef6-4ddc-510b-96a8-41ef9f28da54,2021,Wichita St.,Amer,Jr,22.4,72.5,17.8,0.5103,4.7,11.3,5.6,16.3,2.8,1.3,32.9,0.333,0.596,0.792,2.74966,1.15178,1.59788
06962ef6-4ddc-510b-96a8-41ef9f28da54,2022,Wichita St.,Amer,Jr,23.4,74.1,16.2,0.48719999999999997,5.2,12.9,10.1,16.7,3.2,1.7,29.9,0.297,0.578,0.787,3.23197,0.793571,2.4384
06962ef6-4ddc-510b-96a8-41ef9f28da54,2023,Texas A&M,SEC,Sr,24.4,69.8,16.8,0.5153,5.6,17.5,8.8,12.0,2.9,1.6,30.4,0.31,0.52,0.771,5.90006,2.68894,3.21112
0698b07e-d00b-53c0-aebd-e87a31de5c6f,2020,Texas A&M,SEC,Fr,20.0,60.9,17.6,0.4644,9.6,20.9,8.1,16.5,0.4,1.7,58.4,0.143,0.13,0.617,-0.197498,-0.965639,0.768141
0698b07e-d00b-53c0-aebd-e87a31de5c6f,2021,Texas A&M,SEC,So,21.0,73.8,25.9,0.6296,11.7,20.6,12.2,19.8,0.5,1.6,53.1,0.0,0.034,0.817,4.03151,3.38922,0.642288
0698b07e-d00b-53c0-aebd-e87a31de5c6f,2022,TCU,B12,Jr,22.0,68.2,19.3,0.5367999999999999,10.4,15.5,6.7,15.2,3.0,1.5,27.8,0.244,0.156,0.688,4.90429,2.32594,2.57836
0698b07e-d00b-53c0-aebd-e87a31de5c6f,2023,TCU,B12,Sr,23.0,67.6,20.7,0.5489999999999999,7.2,17.9,11.3,16.4,3.1,1.8,21.1,0.392,0.156,0.652,4.58815,1.50621,3.08194
0698b07e-d00b-53c0-aebd-e87a31de5c6f,2024,TCU,B12,Sr,24.0,80.4,21.8,0.5792,7.6,14.3,14.7,11.9,1.4,1.9,40.4,0.383,0.208,0.815,5.95032,4.51567,1.43465
069ca08e-c111-5ae1-ab6c-29d6ddf8e616,2016,Michigan,B10,Fr,19.2,17.9,17.6,0.6218,9.3,13.2,3.1,20.5,2.7,1.4,30.5,0.182,0.186,0.556,0.0330697,-0.67415,0.70722
069ca08e-c111-5ae1-ab6c-29d6ddf8e616,2017,Michigan,B10,So,20.2,59.2,24.0,0.6536,7.6,15.2,4.7,15.6,1.6,2.7,35.3,0.395,0.38,0.726,5.90684,4.8935,1.01334
069ca08e-c111-5ae1-ab6c-29d6ddf8e616,2018,Michigan,B10,Jr,21.2,65.5,24.6,0.6175999999999999,6.5,25.0,6.7,13.1,2.0,2.2,26.3,0.392,0.392,0.698,6.97818,3.50893,3.46924
06b2108a-b465-5d3d-b2ea-f12e032d2712,2021,Arizona St.,P12,Fr,19.7,34.7,19.2,0.5363,5.6,18.9,7.5,13.1,1.6,1.4,30.2,0.347,0.679,0.719,3.01843,2.63687,0.381563
06b2108a-b465-5d3d-b2ea-f12e032d2712,2022,Arizona St.,P12,So,20.7,5.4,26.5,0.5115,6.3,12.8,12.6,19.6,0.0,0.9,26.9,0.385,0.5,0.714,-1.64645,-0.258476,-1.38797
06b2108a-b465-5d3d-b2ea-f12e032d2712,2023,Arizona St.,P12,Jr,21.7,3.9,28.3,0.4437,3.8,11.4,10.5,17.9,2.0,0.0,59.1,0.333,0.409,0.615,-5.87632,-3.61663,-2.25969
06d85f67-69aa-51c5-8b15-2fac1b98e54f,2022,Virginia Tech,ACC,Fr,19.7,32.2,23.0,0.5879,1.7,9.7,19.7,18.2,0.3,2.8,27.4,0.442,0.527,0.9,3.64219,3.56186,0.0803301
06d85f67-69aa-51c5-8b15-2fac1b98e54f,2023,Virginia Tech,ACC,So,20.7,88.8,23.7,0.5357,1.4,10.5,19.9,14.9,0.5,2.0,23.1,0.344,0.455,0.859,2.0307,2.6053,-0.574599
06d85f67-69aa-51c5-8b15-2fac1b98e54f,2024,Virginia Tech,ACC,Jr,21.7,75.7,30.5,0.5451,2.4,13.6,29.5,19.7,0.3,2.1,39.7,0.325,0.401,0.801,3.82418,3.13759,0.68659
06d85f67-69aa-51c5-8b15-2fac1b98e54f,2025,Mississippi,SEC,Sr,22.7,81.4,23.6,0.5804,1.5,10.9,22.7,15.1,0.7,3.3,26.9,0.392,0.524,0.825,7.42361,5.52688,1.89673
0761e2f9-8dbd-5fc0-83ea-0ac221276f57,2017,Penn St.,B10,Fr,20.0,68.3,25.9,0.5056,6.4,15.6,13.3,17.4,2.3,1.6,42.3,0.344,0.093,0.767,0.161736,-1.0322,1.19394
0761e2f9-8dbd-5fc0-83ea-0ac221276f57,2018,Penn St.,B10,So,21.0,82.2,25.0,0.5266,4.9,16.1,11.6,15.8,3.6,1.1,32.4,0.319,0.189,0.696,2.95789,0.842751,2.11514
0761e2f9-8dbd-5fc0-83ea-0ac221276f57,2019,Penn St.,B10,Jr,22.0,91.1,29.8,0.4962,4.8,19.7,13.4,14.8,2.4,1.1,37.4,0.22,0.167,0.77,2.46727,0.899381,1.56789
0761e2f9-8dbd-5fc0-83ea-0ac221276f57,2020,Penn St.,B10,Sr,23.0,77.5,30.2,0.5017,4.2,19.2,14.8,14.6,3.9,2.0,42.3,0.263,0.209,0.719,4.41867,1.12253,3.29614
07732e8b-ad78-5e1a-915f-bb578e7cb3e1,2019,North Carolina,ACC,Fr,20.0,16.4,13.7,0.5447,4.5,16.7,16.8,24.4,1.9,3.1,14.3,0.417,0.245,0.857,6.7966,1.8726,4.924
07732e8b-ad78-5e1a-915f-bb578e7cb3e1,2020,North Carolina,ACC,So,21.0,71.1,15.4,0.42469999999999997,4.9,13.3,15.7,21.6,3.0,2.4,20.6,0.254,0.283,0.696,3.60531,0.236802,3.36851
07732e8b-ad78-5e1a-915f-bb578e7cb3e1,2021,North Carolina,ACC,Jr,22.0,68.9,12.9,0.44329999999999997,5.1,14.1,14.2,19.8,1.4,2.5,32.9,0.222,0.285,0.692,4.97194,1.36201,3.60993
07732e8b-ad78-5e1a-915f-bb578e7cb3e1,2022,North Carolina,ACC,Sr,23.0,71.7,10.0,0.5669,4.9,10.7,14.8,18.8,2.3,1.7,26.0,0.333,0.349,0.868,7.22778,3.07733,4.15045
07732e8b-ad78-5e1a-915f-bb578e7cb3e1,2023,North Carolina,ACC,Sr,24.0,78.7,12.8,0.5083,6.1,16.4,8.2,12.4,2.5,2.3,27.3,0.326,0.411,0.702,6.33066,1.94258,4.38809
0835372f-f336-513d-8330-e5e3489e40a1,2014,Pittsburgh,ACC,Fr,21.4,37.9,18.4,0.5462,8.7,14.9,8.2,18.0,2.1,0.7,57.1,0.296,0.214,0.708,2.48265,0.919998,1.56265
0835372f-f336-513d-8330-e5e3489e40a1,2015,Pittsburgh,ACC,So,22.4,79.6,23.2,0.5768,7.5,16.7,15.9,15.5,1.6,1.5,38.6,0.402,0.288,0.792,5.91852,4.99125,0.927271
0835372f-f336-513d-8330-e5e3489e40a1,2016,Pittsburgh,ACC,Jr,23.4,75.0,24.5,0.5870000000000001,4.8,14.1,19.9,19.6,0.8,1.2,35.4,0.371,0.386,0.793,5.09755,3.94596,1.1516
0835372f-f336-513d-8330-e5e3489e40a1,2017,Pittsburgh,ACC,Sr,24.4,81.9,26.7,0.5963,4.4,11.8,22.8,16.8,0.8,0.7,38.3,0.392,0.458,0.734,4.60022,5.34598,-0.745761
08a82edb-0b17-5690-ad65-f63de7b457e6,2020,Georgetown,BE,Fr,19.1,6.5,20.7,0.45909999999999995,10.7,19.6,10.8,22.8,5.4,0.0,50.0,0.0,0.136,0.818,-1.54094,-2.40156,0.860614
08a82edb-0b17-5690-ad65-f63de7b457e6,2022,Little Rock,SB,Jr,21.1,47.9,21.5,0.5129,5.5,20.0,17.7,20.6,1.0,2.0,30.7,0.386,0.321,0.714,-1.92248,-1.01688,-0.905594
08a82edb-0b17-5690-ad65-f63de7b457e6,2023,Little Rock,OVC,Sr,22.1,74.2,24.4,0.5371,7.5,25.6,22.2,19.7,1.9,2.3,47.4,0.347,0.344,0.748,0.954614,1.01868,-0.0640616
08e12113-370c-5051-b2f3-b0233e35fcf5,2021,Gonzaga,WCC,Fr,19.2,14.5,19.1,0.6165999999999999,7.0,11.8,0.8,16.6,0.5,1.2,39.7,0.321,0.483,0.696,0.918131,2.64523,-1.7271
08e12113-370c-5051-b2f3-b0233e35fcf5,2022,Gonzaga,WCC,So,20.2,66.9,17.6,0.6141,5.8,14.3,5.5,9.3,0.6,1.1,28.3,0.365,0.544,0.714,6.29357,5.41043,0.88314
08e12113-370c-5051-b2f3-b0233e35fcf5,2023,Gonzaga,WCC,Jr,21.2,78.5,20.6,0.6021,3.0,19.6,6.7,12.9,1.5,1.4,32.5,0.405,0.488,0.792,4.46594,4.05295,0.412997
08f8e5e6-6b12-5c67-ad80-770cfe92962f,2022,Iona,MAAC,Fr,19.3,38.8,21.9,0.5778,3.3,11.8,18.8,17.0,2.2,2.7,45.2,0.357,0.506,0.787,2.98122,2.72352,0.257695
08f8e5e6-6b12-5c67-ad80-770cfe92962f,2023,Iona,MAAC,So,20.3,69.2,25.3,0.5967,2.1,13.8,20.8,13.6,2.0,3.5,26.8,0.431,0.418,0.953,6.81929,4.99206,1.82723
08f8e5e6-6b12-5c67-ad80-770cfe92962f,2024,Florida,SEC,Jr,21.3,76.2,23.9,0.5827,1.6,10.4,15.0,16.3,1.8,1.9,33.2,0.362,0.544,0.877,5.02794,4.78515,0.242794
08f8e5e6-6b12-5c67-ad80-770cfe92962f,2025,Florida,SEC,Sr,22.3,79.4,24.8,0.6018,1.2,10.3,23.2,16.9,1.6,2.1,27.5,0.386,0.578,0.875,8.55766,6.67126,1.8864
096aba04-b366-5e76-8a7d-3dd54ea37b07,2024,UCLA,P12,Fr,19.2,19.6,23.8,0.4777,5.7,15.8,13.8,17.6,9.4,0.5,37.0,0.0,0.0,0.7,0.663104,-3.57223,4.23534
096aba04-b366-5e76-8a7d-3dd54ea37b07,2025,UCLA,B10,So,20.2,31.7,25.9,0.5936,16.9,21.7,16.7,15.2,17.2,0.8,49.3,0.0,0.0,0.577,14.0761,3.21778,10.8583
096aba04-b366-5e76-8a7d-3dd54ea37b07,2026,Michigan,B10,Jr,21.2,58.3,23.8,0.6585,10.4,20.4,19.0,19.8,12.0,0.8,46.5,0.3,0.033,0.564,14.6193,4.39882,10.2205
09a71eeb-ee44-55f4-b1fd-230b5dd8c343,2017,Virginia,ACC,Fr,20.0,34.3,18.4,0.62,0.3,14.5,21.2,22.9,0.6,2.1,16.4,0.397,0.664,0.778,5.4564,2.42538,3.03101
09a71eeb-ee44-55f4-b1fd-230b5dd8c343,2018,Virginia,ACC,So,21.0,76.6,22.0,0.5388000000000001,1.4,11.3,25.6,15.6,0.1,3.5,13.3,0.379,0.484,0.905,7.93398,4.14273,3.79125
09a71eeb-ee44-55f4-b1fd-230b5dd8c343,2019,Virginia,ACC,Jr,22.0,81.8,24.1,0.555,1.8,13.0,32.6,13.3,0.1,3.0,22.2,0.399,0.484,0.736,10.6691,7.8313,2.83777
09c470e7-7707-5df7-b4fd-1a20f60dd98c,2008,LSU,SEC,Fr,19.5,81.7,27.7,0.5055,9.8,18.3,8.4,19.0,6.7,2.0,42.6,0.105,0.05,0.691,2.51214,-0.851644,3.36378
09cebc75-2c93-5106-8af9-a7366a016315,2015,Kansas,B12,Fr,19.6,34.1,20.4,0.5975,13.2,19.9,5.4,16.6,7.6,0.6,61.2,0.0,0.0,0.671,6.44858,2.28929,4.15929
0a09d434-d7ee-549b-ba95-6cdfa1660d86,2008,UCF,CUSA,Jr,21.5,81.7,29.1,0.573,6.2,10.5,12.6,15.4,1.1,2.0,26.3,0.367,0.429,0.795,3.08264,4.53893,-1.45629
0a09d434-d7ee-549b-ba95-6cdfa1660d86,2009,UCF,CUSA,Sr,22.5,79.8,36.1,0.586,7.2,12.1,17.3,14.7,2.7,2.3,28.1,0.375,0.408,0.806,6.81308,7.32708,-0.513998
0a39112e-2c97-5656-bbcf-c54776ddb1af,2020,Fresno St.,MWC,Fr,20.0,67.4,24.4,0.5572,8.7,19.0,13.3,16.3,4.4,1.8,53.2,0.24,0.2,0.714,3.83111,1.79004,2.04107
0a39112e-2c97-5656-bbcf-c54776ddb1af,2021,Fresno St.,MWC,So,21.0,81.0,27.6,0.5364,10.0,24.2,16.0,21.4,3.0,1.8,54.4,0.318,0.186,0.729,2.81655,0.804016,2.01254
0a39112e-2c97-5656-bbcf-c54776ddb1af,2022,Fresno St.,MWC,Jr,22.0,79.3,33.8,0.5555,10.1,22.1,23.2,14.1,4.7,2.0,42.4,0.37,0.203,0.703,9.59866,4.88531,4.71335
0a3cff7b-45f0-5a0a-b00a-5f6f88e9b79d,2012,Kentucky,SEC,Fr,19.3,81.4,21.0,0.49079999999999996,1.6,6.7,25.5,23.8,0.8,1.7,33.8,0.325,0.227,0.714,2.34756,2.19812,0.149441
0a7018c3-0362-566d-a859-e30f460757fd,2011,Baylor,B12,Fr,19.8,81.5,21.3,0.5768,9.6,15.9,7.5,19.0,3.0,0.9,43.9,0.2,0.035,0.685,2.47493,1.51744,0.957497
0a7018c3-0362-566d-a859-e30f460757fd,2012,Baylor,B12,So,20.8,66.6,22.6,0.5361,10.8,18.6,8.8,14.4,2.1,1.7,28.3,0.303,0.091,0.696,4.82525,3.37471,1.45054
0a887fa8-9c3f-57cf-983e-8d2428b3308c,2008,Ohio St.,B10,Sr,22.5,68.0,18.7,0.5965,11.2,15.6,6.3,17.2,6.4,1.3,33.2,0.25,0.03,0.545,6.49426,1.88742,4.60684
0aaa6050-8b0a-5956-91cf-db7739046873,2018,Georgia,SEC,Fr,19.2,36.2,17.0,0.5044,13.0,16.3,2.6,17.7,9.4,0.6,66.3,0.364,0.224,0.523,3.91862,-0.885066,4.80368
0aaa6050-8b0a-5956-91cf-db7739046873,2019,Georgia,SEC,So,20.2,79.0,22.2,0.5331,8.4,20.6,12.2,16.9,8.0,1.9,64.4,0.281,0.215,0.641,6.53893,1.36943,5.16949
0af6214d-b1ac-50bc-bdda-ad5c4ecaa2de,2016,Florida Gulf Coast,ASun,Fr,18.8,44.3,15.8,0.6492,3.4,12.6,6.9,21.1,1.1,1.2,85.4,0.371,0.34,0.716,0.0956794,0.0410457,0.0546337
0af6214d-b1ac-50bc-bdda-ad5c4ecaa2de,2017,Florida Gulf Coast,ASun,So,19.8,45.8,18.4,0.6085,4.9,12.5,8.5,16.6,1.8,1.0,53.1,0.431,0.395,0.731,0.846263,1.25718,-0.410916
0af6214d-b1ac-50bc-bdda-ad5c4ecaa2de,2019,Little Rock,SB,Jr,21.7,87.6,24.1,0.6409,2.7,18.0,9.9,16.4,1.1,1.8,56.9,0.422,0.468,0.772,2.21065,2.49999,-0.289346
0b13aed1-4ae7-539e-b81d-4c0a29448aa4,2025,Oklahoma,SEC,Fr,18.7,75.5,31.9,0.5618,3.1,13.0,28.6,20.2,0.5,3.1,51.8,0.284,0.323,0.851,4.76001,2.98019,1.77982
0b1cd5d4-7690-5258-b995-b9a91018fc4f,2025,Duke,ACC,Fr,18.8,53.1,16.8,0.736,16.5,19.2,4.3,13.0,6.8,0.6,40.3,0.25,0.084,0.766,10.937,6.36886,4.56816
0b58552b-4661-5995-9690-5c7d9e84d627,2013,Maryland,ACC,Fr,19.3,49.6,15.4,0.5096,5.6,11.9,8.7,19.7,3.3,1.6,19.3,0.299,0.626,0.694,4.85367,1.75706,3.09661
0b58552b-4661-5995-9690-5c7d9e84d627,2014,Maryland,ACC,So,20.3,78.5,18.1,0.5292,4.6,13.1,6.0,11.8,2.9,2.0,28.5,0.365,0.535,0.719,5.64671,2.51462,3.1321
0b58552b-4661-5995-9690-5c7d9e84d627,2015,Maryland,B10,Jr,21.3,74.4,22.4,0.589,5.6,16.2,11.2,17.7,2.8,1.7,46.4,0.378,0.391,0.752,5.78454,3.12048,2.66406
0b58552b-4661-5995-9690-5c7d9e84d627,2016,Maryland,B10,Sr,22.3,79.1,17.2,0.6402,4.3,14.4,6.8,18.1,3.4,2.1,32.9,0.399,0.516,0.846,6.91528,3.72269,3.19259
0b5bf635-1d44-5c47-9803-d08bd1c7c62e,2026,Washington,B10,Fr,20.2,77.9,24.4,0.6361,14.3,25.0,9.1,13.7,3.9,1.8,43.6,0.34,0.146,0.759,8.65431,5.14606,3.50825
0b7339c7-ed7d-58c4-a900-2c5442110697,2021,Toledo,MAC,Fr,19.0,74.7,24.5,0.5317000000000001,3.8,14.4,15.3,18.2,0.5,2.1,28.9,0.323,0.375,0.786,0.323357,0.619324,-0.295967
0b7339c7-ed7d-58c4-a900-2c5442110697,2022,Toledo,MAC,So,20.0,82.3,28.2,0.5566,2.4,16.1,20.0,13.6,0.9,2.9,32.2,0.311,0.308,0.81,4.00866,3.21447,0.794185
0b7431dd-ee21-5b48-a9a4-4b663d0a43bd,2008,Wake Forest,ACC,So,20.5,76.7,20.0,0.4483,1.6,10.8,28.9,25.8,0.2,2.2,22.4,0.328,0.272,0.291,0.191042,-0.263089,0.454131
0b7431dd-ee21-5b48-a9a4-4b663d0a43bd,2009,Wake Forest,ACC,Jr,21.5,51.5,18.2,0.4889,2.5,9.7,25.3,26.6,0.2,2.1,23.0,0.241,0.176,0.789,0.898213,0.533862,0.364351
0b7431dd-ee21-5b48-a9a4-4b663d0a43bd,2010,Wake Forest,ACC,Sr,22.5,89.8,23.4,0.44229999999999997,2.7,10.7,33.5,20.0,1.7,2.6,21.2,0.222,0.129,0.494,4.24334,1.82715,2.41619
0bd56257-0ec8-5726-9f58-8f8aafb492f9,2012,North Texas,SB,Fr,20.2,55.1,24.5,0.6382,9.7,29.7,12.0,22.9,10.8,1.8,52.7,0.439,0.202,0.729,8.65727,1.63453,7.02275
0bd56257-0ec8-5726-9f58-8f8aafb492f9,2013,North Texas,SB,So,21.2,80.9,22.9,0.5227,8.5,20.4,5.2,19.7,8.4,1.8,46.9,0.289,0.314,0.669,2.54002,-0.397825,2.93784
0bd8fbcf-2f49-592b-9e0a-f3088dfdded2,2018,Vanderbilt,SEC,Fr,19.0,66.4,23.8,0.5549000000000001,3.1,10.4,24.8,20.9,0.6,2.7,47.0,0.307,0.301,0.726,2.88094,2.80978,0.0711667
0bd8fbcf-2f49-592b-9e0a-f3088dfdded2,2019,Vanderbilt,SEC,So,20.0,81.1,22.7,0.5575,1.5,10.0,25.9,21.5,0.5,1.8,71.3,0.362,0.254,0.675,0.405175,0.455368,-0.0501932
0bd8fbcf-2f49-592b-9e0a-f3088dfdded2,2020,Vanderbilt,SEC,Jr,21.0,81.4,29.7,0.5802,2.0,11.0,32.0,18.1,0.9,2.7,49.8,0.322,0.292,0.752,4.17965,4.42845,-0.248797
0bf09837-b1dd-5b1c-8c11-6373a7ee9499,2009,Wichita St.,MVC,Fr,19.6,71.3,26.0,0.48369999999999996,3.7,13.7,20.6,23.7,1.7,2.9,25.9,0.325,0.458,0.747,1.72496,0.334956,1.39
0bf09837-b1dd-5b1c-8c11-6373a7ee9499,2010,Wichita St.,MVC,So,20.6,79.1,22.0,0.5249,3.9,15.7,20.3,18.2,1.0,2.5,38.2,0.333,0.378,0.71,4.796,2.65191,2.14408
0bf09837-b1dd-5b1c-8c11-6373a7ee9499,2011,Wichita St.,MVC,Jr,21.6,64.6,24.7,0.5238,5.4,15.3,24.9,26.3,1.1,3.0,49.4,0.264,0.336,0.797,4.56678,1.51908,3.0477
0bf09837-b1dd-5b1c-8c11-6373a7ee9499,2012,Wichita St.,MVC,Sr,22.6,73.1,25.2,0.5079,6.0,12.5,21.6,17.7,1.0,2.7,37.9,0.286,0.171,0.806,5.80029,3.08739,2.71289
0c18de2b-3117-531f-be8b-8507e872c4f4,2009,UCLA,P10,Fr,19.5,67.6,20.5,0.5315,6.0,11.8,23.8,23.4,2.1,3.5,24.9,0.307,0.353,0.726,8.33521,4.49208,3.84313
0c469b4b-7768-5bb5-bf34-743f76e30fc1,2013,Rhode Island,A10,Jr,21.1,87.0,28.7,0.5117,0.9,8.6,15.2,16.5,1.1,1.8,32.9,0.343,0.465,0.714,-0.0862727,1.5437,-1.62997
0c469b4b-7768-5bb5-bf34-743f76e30fc1,2014,Rhode Island,A10,Sr,22.1,88.7,25.7,0.513,2.0,10.3,15.6,17.3,1.1,1.9,34.3,0.333,0.416,0.702,1.60204,1.32146,0.280581
0c83fcb2-2b0e-5fd5-8d58-8651c30f0282,2014,Kentucky,SEC,Fr,19.6,76.3,26.2,0.5659000000000001,13.4,24.7,10.0,18.7,2.6,1.0,73.7,0.167,0.046,0.706,5.18631,3.12028,2.06603
0cbcf4f2-8bc8-542d-bc3f-ff19b995b375,2008,UCLA,P10,Jr,21.5,75.0,20.6,0.6106,1.9,7.3,21.0,19.2,0.3,3.3,34.9,0.525,0.301,0.872,8.14171,5.25623,2.88548
0cbcf4f2-8bc8-542d-bc3f-ff19b995b375,2009,UCLA,P10,Sr,22.5,78.5,23.7,0.624,1.9,7.9,28.4,20.2,0.5,3.1,36.6,0.394,0.302,0.897,7.68701,6.62244,1.06457
0cc6edf1-060a-5082-884c-96e98b278142,2017,Yale,Ivy,Fr,19.9,78.8,21.2,0.573,3.4,18.9,16.3,20.2,3.8,1.2,26.5,0.397,0.541,0.784,2.23982,1.14602,1.0938
0cc6edf1-060a-5082-884c-96e98b278142,2018,Yale,Ivy,So,20.9,78.7,26.8,0.5108,3.2,18.4,22.6,18.1,2.3,1.6,23.9,0.306,0.483,0.75,0.152046,-0.151959,0.304005
0cc6edf1-060a-5082-884c-96e98b278142,2019,Yale,Ivy,Jr,21.9,74.3,28.0,0.5582,2.5,18.7,20.7,16.9,4.2,1.6,35.1,0.367,0.405,0.792,3.86169,2.31388,1.54781
0cd28d7a-f823-5c1c-bc75-62f6e705f685,2008,Western Kentucky,SB,So,20.5,51.3,13.7,0.6681,9.9,18.7,5.0,21.5,8.0,1.3,42.1,0.421,0.151,0.642,7.1523,1.88784,5.26445
0cd28d7a-f823-5c1c-bc75-62f6e705f685,2009,Western Kentucky,SB,Jr,21.5,63.3,15.1,0.6516,11.2,15.3,2.6,15.7,8.6,1.4,34.4,0.0,0.005,0.719,6.34619,2.28563,4.06056
0cd28d7a-f823-5c1c-bc75-62f6e705f685,2010,Western Kentucky,SB,Sr,22.5,65.3,17.3,0.6681999999999999,13.5,17.8,5.9,14.0,7.2,1.9,44.1,0.25,0.057,0.688,8.11588,3.93144,4.18444
0cf8909e-cb06-5d4f-8578-87980e9a4d16,2022,Nebraska,B10,Fr,19.6,79.1,26.2,0.5331,2.4,14.6,8.6,13.4,1.0,1.2,49.1,0.274,0.368,0.831,-0.673336,0.976453,-1.64979
0d086b00-6f8f-5f71-86dc-66a93f2f62d2,2014,Kansas,B12,Fr,20.2,40.2,19.5,0.517,1.8,7.3,22.4,19.3,0.2,1.9,47.0,0.327,0.364,0.662,2.04876,2.31275,-0.263982
0d086b00-6f8f-5f71-86dc-66a93f2f62d2,2015,Kansas,B12,So,21.2,83.5,20.4,0.556,2.2,10.4,24.7,17.9,0.3,2.5,41.2,0.429,0.288,0.786,7.0091,4.69398,2.31511
0d086b00-6f8f-5f71-86dc-66a93f2f62d2,2016,Kansas,B12,Jr,22.2,83.1,20.9,0.5478999999999999,2.4,11.4,23.4,15.7,0.3,2.3,51.7,0.382,0.316,0.739,7.99145,5.00909,2.98236
0d086b00-6f8f-5f71-86dc-66a93f2f62d2,2017,Kansas,B12,Sr,23.2,89.4,25.5,0.6223,2.0,10.4,26.1,14.4,0.2,2.0,48.4,0.471,0.354,0.794,8.35623,7.71986,0.636371
0d13a1cb-f554-5338-855d-0621ad40b951,2026,Arizona,B12,Fr,20.8,74.3,21.6,0.6158,2.1,14.5,14.2,12.7,0.7,2.8,39.5,0.391,0.418,0.805,10.2047,6.02988,4.17483
0d27f29a-41b4-5e5e-bd4f-247d910230e2,2019,Wright St.,Horz,Fr,19.6,37.4,21.6,0.5346,7.1,15.0,21.6,18.8,1.0,3.2,42.0,0.24,0.181,0.845,3.20409,0.859816,2.34428
0d27f29a-41b4-5e5e-bd4f-247d910230e2,2021,Chattanooga,SC,So,21.6,85.1,26.7,0.564,4.9,23.7,20.0,19.3,0.5,2.4,32.0,0.398,0.282,0.819,2.80952,1.1215,1.68803
0d27f29a-41b4-5e5e-bd4f-247d910230e2,2022,Chattanooga,SC,So,22.6,89.5,28.0,0.5911,6.0,16.7,17.1,14.7,0.4,2.9,35.4,0.403,0.288,0.825,6.06918,4.46755,1.60163
0d27f29a-41b4-5e5e-bd4f-247d910230e2,2023,Gonzaga,WCC,Jr,23.6,51.8,16.7,0.6567000000000001,5.3,13.9,9.9,12.0,0.1,2.5,22.4,0.506,0.416,0.792,7.04847,6.16467,0.883798
0d5c22e0-8380-5790-a0ed-3401fa479de7,2016,Villanova,BE,Fr,19.8,50.7,14.4,0.633,5.7,12.4,7.5,12.2,3.6,3.1,45.5,0.299,0.467,0.787,10.5574,5.14484,5.4126
0d5c22e0-8380-5790-a0ed-3401fa479de7,2017,Villanova,BE,So,20.8,74.5,15.5,0.6759999999999999,5.3,13.4,12.0,16.9,3.5,3.4,24.0,0.393,0.481,0.911,11.6183,5.82865,5.78965
0d5c22e0-8380-5790-a0ed-3401fa479de7,2018,Villanova,BE,Jr,21.8,79.7,22.0,0.6553,5.2,13.7,10.6,10.9,3.5,2.7,28.2,0.435,0.503,0.851,12.0036,8.00187,4.00173
0d6e9a87-100b-5bdd-8295-8e5cc8294145,2017,Denver,Sum,Fr,19.4,23.7,20.5,0.5729,5.3,12.5,16.2,16.7,2.0,2.6,51.9,0.2,0.13,0.8,-0.0579245,0.202196,-0.26012
0d6e9a87-100b-5bdd-8295-8e5cc8294145,2018,Denver,Sum,So,20.4,62.2,22.5,0.4561,7.3,13.1,20.8,24.8,2.3,1.7,39.4,0.0,0.031,0.671,-1.843,-2.96891,1.12591
0d6e9a87-100b-5bdd-8295-8e5cc8294145,2019,Denver,Sum,Jr,21.4,61.1,25.5,0.5495,6.0,11.9,18.9,16.1,1.2,2.0,40.8,0.359,0.156,0.765,-0.58246,1.11148,-1.69394
0d6e9a87-100b-5bdd-8295-8e5cc8294145,2020,Denver,Sum,Sr,22.4,80.7,29.0,0.5668,4.6,18.0,16.2,12.8,2.9,2.1,43.4,0.411,0.174,0.731,2.43486,2.25047,0.184385
0dce91d6-d3c1-5d33-a05d-4fded2579beb,2019,Seton Hall,BE,Fr,19.8,32.4,15.8,0.43320000000000003,9.3,13.3,4.8,8.9,2.4,2.3,32.5,0.246,0.535,0.568,1.83045,0.563274,1.26717
0dce91d6-d3c1-5d33-a05d-4fded2579beb,2020,Seton Hall,BE,So,20.8,64.6,17.6,0.5338,6.4,20.0,8.3,12.7,1.1,2.6,31.1,0.337,0.441,0.623,5.74989,3.15401,2.59587
0dce91d6-d3c1-5d33-a05d-4fded2579beb,2021,Seton Hall,BE,Jr,21.8,85.2,22.2,0.5445,5.0,17.4,11.6,13.6,1.2,2.0,36.2,0.303,0.387,0.833,4.80908,3.236,1.57308
0dce91d6-d3c1-5d33-a05d-4fded2579beb,2022,Seton Hall,BE,Sr,22.8,79.8,25.1,0.4851,3.9,17.6,7.3,12.4,2.0,2.0,30.8,0.336,0.263,0.814,1.63857,0.195594,1.44298
0dd88325-7a51-5d22-af3f-bfdf9d7d678e,2015,St. Bonaventure,A10,Fr,19.1,57.1,18.2,0.5597,1.0,7.9,27.7,20.3,0.2,2.2,52.5,0.324,0.665,0.783,1.39317,2.82689,-1.43372
0dd88325-7a51-5d22-af3f-bfdf9d7d678e,2016,St. Bonaventure,A10,So,20.1,90.0,22.8,0.6391,2.3,8.5,25.8,18.4,0.9,2.1,51.9,0.438,0.57,0.874,5.67253,6.43681,-0.764278
0dd88325-7a51-5d22-af3f-bfdf9d7d678e,2017,St. Bonaventure,A10,Jr,21.1,87.1,27.9,0.5949,1.8,9.5,35.4,18.6,0.5,3.1,62.6,0.356,0.539,0.821,6.22203,6.41122,-0.18919
0dd88325-7a51-5d22-af3f-bfdf9d7d678e,2018,St. Bonaventure,A10,Sr,22.1,75.1,25.8,0.6136,1.4,9.1,28.6,18.6,0.9,2.4,51.7,0.436,0.491,0.851,4.76418,4.89448,-0.130305
0e173900-0a00-5c5d-8cf4-5562d770dbc4,2017,Marquette,BE,Fr,19.5,65.9,13.6,0.6422,4.3,17.9,8.3,10.8,2.3,1.7,14.1,0.453,0.678,0.828,7.21396,5.62218,1.59178
0e173900-0a00-5c5d-8cf4-5562d770dbc4,2018,Marquette,BE,So,20.5,80.6,18.2,0.6535,3.8,18.0,16.0,11.6,1.5,1.7,17.5,0.487,0.559,0.836,7.70498,6.80992,0.895053
0e173900-0a00-5c5d-8cf4-5562d770dbc4,2019,Marquette,BE,Jr,21.5,82.6,19.2,0.6114999999999999,3.7,19.5,14.5,11.7,1.7,1.1,21.0,0.402,0.581,0.924,7.41341,5.29866,2.11475
0e173900-0a00-5c5d-8cf4-5562d770dbc4,2021,Virginia,ACC,Sr,23.5,85.2,22.2,0.6353,3.4,21.6,11.6,9.0,1.4,1.1,16.4,0.417,0.517,0.896,7.45235,6.11698,1.33537
0e269016-7105-5e86-9f56-0d0a34e45ccc,2013,Niagara,MAAC,Fr,18.9,47.4,20.4,0.3829,8.8,9.9,22.6,29.9,0.2,3.5,39.0,0.0,0.014,0.436,-2.78325,-3.47967,0.696422
0e269016-7105-5e86-9f56-0d0a34e45ccc,2014,Niagara,MAAC,So,19.9,46.4,21.0,0.48200000000000004,5.6,9.4,16.7,24.6,1.2,3.0,45.9,0.083,0.14,0.734,-2.15798,-2.1324,-0.0255857
0e269016-7105-5e86-9f56-0d0a34e45ccc,2016,Tennessee St.,OVC,Jr,21.9,75.4,27.7,0.5634,5.9,13.3,19.7,20.8,1.6,4.3,68.1,0.275,0.234,0.761,4.3774,1.47478,2.90262
0e269016-7105-5e86-9f56-0d0a34e45ccc,2017,Tennessee St.,OVC,Sr,22.9,72.2,29.1,0.5069,5.2,11.5,34.4,23.1,2.2,5.0,64.4,0.25,0.131,0.65,5.91721,1.48098,4.43623
0e2d962d-0b65-5d6d-b1e2-490ad173f0cd,2008,Houston,CUSA,Jr,21.5,29.6,16.1,0.5367000000000001,11.3,19.0,3.8,10.4,6.1,1.4,49.0,0.0,0.0,0.66,1.89209,0.197022,1.69507
0e2d962d-0b65-5d6d-b1e2-490ad173f0cd,2009,Houston,CUSA,Sr,22.5,74.4,17.8,0.5649000000000001,9.1,20.7,4.2,12.0,6.8,0.9,54.3,0.0,0.004,0.761,3.69134,0.441275,3.25006
0e2fbb45-8838-5bf1-bd1f-b4a58023e9ef,2020,Missouri,SEC,Fr,20.5,43.5,19.7,0.49570000000000003,6.8,17.6,6.6,21.7,2.6,3.2,24.8,0.253,0.478,0.744,1.77879,-0.86386,2.64265
0e2fbb45-8838-5bf1-bd1f-b4a58023e9ef,2021,Missouri,SEC,So,21.5,52.9,20.8,0.5249,9.7,23.3,8.1,16.6,1.9,1.5,33.1,0.25,0.372,0.544,3.44643,1.88232,1.56412
0e2fbb45-8838-5bf1-bd1f-b4a58023e9ef,2022,Missouri,SEC,Jr,22.5,74.2,23.5,0.5543,7.7,20.6,17.8,19.9,3.2,2.4,40.7,0.212,0.222,0.802,4.79521,2.3164,2.47881
0e2fbb45-8838-5bf1-bd1f-b4a58023e9ef,2023,Missouri,SEC,Sr,23.5,71.2,23.5,0.6555,7.3,18.3,16.7,13.6,1.9,2.8,35.6,0.455,0.319,0.792,7.80265,6.73047,1.07218
0e3dccfa-4ef8-50f9-a7b6-f2975cbc88fc,2017,Texas A&M,SEC,Fr,19.7,64.6,23.4,0.569,13.6,21.1,12.0,17.1,10.6,1.6,36.4,0.111,0.065,0.59,8.99447,2.31389,6.68058
0e3dccfa-4ef8-50f9-a7b6-f2975cbc88fc,2018,Texas A&M,SEC,So,20.7,54.9,19.3,0.614,10.2,26.8,10.8,19.6,10.0,1.8,31.8,0.0,0.055,0.471,10.2483,2.0137,8.2346
0e6ba06c-0422-5601-8563-8dbce10b59ed,2024,Kentucky,SEC,Fr,20.0,71.5,18.7,0.6993,1.5,13.3,24.0,20.0,2.5,4.6,24.7,0.521,0.548,0.831,10.5482,7.1503,3.39787
0ebc1064-01d5-57a0-bf15-49154d358f79,2020,Ohio St.,B10,Fr,19.5,41.5,22.0,0.5378000000000001,8.3,17.9,5.8,15.3,6.7,1.5,55.6,0.192,0.17,0.718,4.56982,0.565422,4.00439
0ebc1064-01d5-57a0-bf15-49154d358f79,2021,Ohio St.,B10,So,20.5,68.0,27.3,0.5674,7.2,18.4,13.0,11.9,4.1,1.3,50.8,0.338,0.24,0.746,7.79107,5.48611,2.30496
0ebc1064-01d5-57a0-bf15-49154d358f79,2022,Ohio St.,B10,Jr,21.5,82.4,30.5,0.5982999999999999,8.9,19.1,16.1,15.1,8.2,1.0,53.4,0.374,0.297,0.765,10.0122,5.85523,4.15695
0ee62412-8360-5ef3-97c7-4437aa7834a5,2013,Michigan St.,B10,Fr,18.8,70.5,20.4,0.5875,3.7,6.3,9.5,14.8,0.7,2.8,27.6,0.425,0.475,0.73,6.90519,5.34762,1.55757
0ee62412-8360-5ef3-97c7-4437aa7834a5,2014,Michigan St.,B10,So,19.8,73.7,25.3,0.5608,4.0,10.2,16.8,12.7,1.6,3.4,31.2,0.352,0.505,0.81,8.38978,6.39545,1.99433
0f2c1f8b-0ae7-5d4a-b09c-1d0266b358da,2008,Louisville,BE,So,20.5,69.0,22.6,0.5309,9.0,22.5,9.7,20.9,6.6,2.0,41.4,0.227,0.215,0.654,6.73695,0.544129,6.19282
0f2c1f8b-0ae7-5d4a-b09c-1d0266b358da,2009,Louisville,BE,Jr,21.5,85.4,24.6,0.5167,9.1,18.7,18.2,22.0,4.1,1.7,31.4,0.326,0.215,0.647,6.6726,1.81849,4.8541
105a579d-b4d7-5267-857c-a018b35c0ec1,2019,Utah St.,MWC,Fr,20.0,67.2,22.5,0.6102000000000001,11.1,25.5,12.1,21.8,10.5,1.4,51.5,0.4,0.019,0.566,7.59171,0.388287,7.20342
105a579d-b4d7-5267-857c-a018b35c0ec1,2020,Utah St.,MWC,So,21.0,45.3,25.8,0.6444,9.1,23.3,15.4,26.4,7.8,0.9,59.5,1.0,0.006,0.67,5.86635,-0.0135436,5.87989
105a579d-b4d7-5267-857c-a018b35c0ec1,2021,Utah St.,MWC,Jr,22.0,76.1,24.9,0.5927,10.7,26.8,18.4,18.2,13.4,2.0,47.9,0.0,0.007,0.707,12.9486,2.19051,10.7581
1170031e-bcbf-54d6-86c2-7a363b365e6c,2010,Kentucky,SEC,Fr,19.5,58.2,30.8,0.5793,19.9,24.9,9.2,16.0,7.5,2.4,72.6,0.167,0.016,0.604,9.5315,4.61242,4.91907
11912acb-b26e-589e-9828-b6f5c6717952,2018,South Carolina,SEC,Fr,19.2,65.4,16.3,0.5035000000000001,6.5,11.3,11.8,16.7,1.1,1.3,21.8,0.358,0.471,0.694,3.58554,1.36816,2.21738
11912acb-b26e-589e-9828-b6f5c6717952,2019,South Carolina,SEC,So,20.2,10.3,15.4,0.5093,8.4,16.1,12.4,11.4,0.9,1.3,21.2,0.133,0.455,0.714,4.12737,3.07654,1.05083
11912acb-b26e-589e-9828-b6f5c6717952,2020,South Carolina,SEC,So,21.3,52.6,14.0,0.5083,6.8,15.7,11.9,12.0,3.8,1.2,36.8,0.264,0.5,0.66,5.76433,2.54793,3.2164
11912acb-b26e-589e-9828-b6f5c6717952,2021,South Carolina,SEC,Jr,22.3,71.8,13.2,0.4623,8.0,15.3,9.9,14.0,2.7,1.2,18.8,0.233,0.529,0.615,3.69104,1.93299,1.75805
11912acb-b26e-589e-9828-b6f5c6717952,2022,Providence,BE,Sr,23.2,79.0,12.4,0.5138,7.1,11.6,9.1,17.5,2.6,1.5,23.8,0.317,0.575,0.558,6.24854,2.60626,3.64228
11e1d500-1ccb-5c48-b100-54abb5a24012,2017,LSU,SEC,Fr,19.8,57.3,21.8,0.5344,2.6,8.3,27.9,23.9,0.3,3.1,42.3,0.333,0.313,0.812,0.420668,2.03636,-1.61569
11e1d500-1ccb-5c48-b100-54abb5a24012,2018,LSU,SEC,So,20.8,77.4,18.9,0.5740999999999999,2.0,13.0,16.6,16.7,0.9,2.9,32.6,0.351,0.475,0.837,4.49712,3.14481,1.35231
11e1d500-1ccb-5c48-b100-54abb5a24012,2019,LSU,SEC,Jr,21.8,80.7,17.8,0.5714,1.4,9.7,11.0,11.8,0.8,3.2,44.1,0.313,0.518,0.86,7.15686,5.33728,1.81958
11e1d500-1ccb-5c48-b100-54abb5a24012,2020,LSU,SEC,Sr,22.8,85.4,21.7,0.6218,1.6,13.7,17.0,17.1,0.7,2.9,43.9,0.394,0.369,0.854,6.67675,6.00875,0.668004
128660ce-5a45-581c-9fd0-e9ecda1d4439,2021,George Mason,A10,Fr,20.2,75.5,17.5,0.5552,1.1,12.7,14.0,16.2,0.5,2.5,17.8,0.359,0.743,0.794,2.8272,2.34267,0.484538
128660ce-5a45-581c-9fd0-e9ecda1d4439,2022,Marquette,BE,So,21.2,72.8,19.7,0.4368,1.8,11.2,33.9,24.6,0.2,2.6,18.7,0.281,0.569,0.81,0.506108,0.288983,0.217125
128660ce-5a45-581c-9fd0-e9ecda1d4439,2023,Marquette,BE,Jr,22.2,79.7,24.2,0.5786,2.8,12.6,39.5,18.5,0.5,3.2,31.7,0.398,0.337,0.802,7.87853,5.9132,1.96533
128660ce-5a45-581c-9fd0-e9ecda1d4439,2024,Marquette,BE,Sr,23.2,68.8,26.6,0.6003000000000001,2.6,14.8,42.1,18.9,0.6,2.8,26.8,0.388,0.345,0.851,9.23357,6.73376,2.49981
12954996-54a2-5135-ace0-22a534f70986,2015,Duke,ACC,Fr,19.1,84.2,19.9,0.5749,1.8,9.9,27.5,17.4,0.2,2.7,50.0,0.379,0.383,0.889,8.43463,6.26387,2.17076
12a0c1ed-a030-5226-827a-f5921f30f7f9,2017,USC,P12,Fr,19.1,67.3,19.1,0.5305,6.0,13.6,22.5,19.7,3.9,4.1,47.2,0.284,0.32,0.706,7.14455,2.75181,4.39273
12d25622-9d73-5945-8156-b5339892ed6d,2016,Xavier,BE,Fr,19.6,22.9,15.2,0.5461,8.5,18.3,2.7,15.2,2.6,2.0,65.7,0.333,0.582,0.568,3.93594,1.92886,2.00709
12d25622-9d73-5945-8156-b5339892ed6d,2017,Xavier,BE,So,20.6,45.4,13.9,0.5329999999999999,6.2,16.3,5.8,13.4,0.8,1.3,22.1,0.339,0.724,0.722,3.74736,2.92668,0.820678
12d25622-9d73-5945-8156-b5339892ed6d,2018,Xavier,BE,Jr,21.6,57.2,13.0,0.6014,4.9,16.6,6.1,11.5,1.2,1.1,29.1,0.378,0.799,0.827,6.53029,4.89805,1.63224
12f378a5-377f-5448-9ea8-df3a1348c160,2008,Stanford,P10,So,20.5,56.8,32.0,0.5368999999999999,11.1,19.3,11.3,13.5,6.8,1.2,49.4,0.0,0.015,0.789,7.57254,3.10244,4.4701
12ff6358-575d-524a-a57b-d69c9ff8cda1,2019,USC,P12,Fr,19.1,34.6,22.8,0.5590999999999999,4.8,15.0,12.0,20.8,2.6,2.1,29.3,0.412,0.433,0.522,1.85505,0.566522,1.28853
1307ad98-a775-554b-9e90-e853d9c2c391,2023,Arkansas St.,SB,Fr,19.7,43.6,15.9,0.5012,12.3,21.8,2.5,17.9,8.5,1.7,53.6,0.0,0.0,0.5,-1.40397,-3.76581,2.36184
1307ad98-a775-554b-9e90-e853d9c2c391,2024,Arkansas St.,SB,So,20.7,56.2,19.0,0.6495000000000001,13.7,23.7,3.0,15.1,8.0,1.6,49.3,0.25,0.088,0.652,4.02749,1.82896,2.19853
1307ad98-a775-554b-9e90-e853d9c2c391,2025,Arkansas St.,SB,Jr,21.7,52.8,19.3,0.616,13.7,24.4,5.2,10.7,5.7,1.8,37.9,0.067,0.066,0.733,5.00508,1.87248,3.1326
1307ad98-a775-554b-9e90-e853d9c2c391,2026,South Florida,Amer,Sr,22.7,67.2,23.7,0.6093999999999999,14.4,21.0,8.8,11.2,5.9,3.3,59.9,0.13,0.14,0.726,9.20818,4.25545,4.95273
13080b36-da63-5b84-876d-a1196ced7d90,2012,Notre Dame,BE,So,19.7,89.3,21.2,0.5338,1.8,7.5,29.5,15.6,0.5,2.3,42.3,0.354,0.494,0.819,4.33279,4.09676,0.236032
13080b36-da63-5b84-876d-a1196ced7d90,2013,Notre Dame,BE,Jr,20.7,88.2,24.3,0.5177,1.2,8.1,30.8,20.8,0.6,2.2,35.7,0.344,0.393,0.737,3.52709,3.11201,0.415074
13080b36-da63-5b84-876d-a1196ced7d90,2014,Notre Dame,ACC,Jr,21.7,32.7,25.3,0.6546,1.1,7.5,36.5,12.7,1.0,3.5,53.2,0.408,0.353,0.865,8.73626,9.20699,-0.470735
13080b36-da63-5b84-876d-a1196ced7d90,2015,Notre Dame,ACC,Sr,22.7,91.1,25.6,0.5918,1.3,8.3,33.5,14.2,1.4,2.8,51.1,0.316,0.37,0.78,8.23169,7.89398,0.337705
131a00bf-8095-5204-9eb3-03d095320868,2011,Louisville,BE,Fr,21.4,31.6,18.5,0.6088,13.4,18.3,8.2,19.0,13.7,1.7,47.3,0.0,0.009,0.538,10.0594,0.985107,9.07427
131a00bf-8095-5204-9eb3-03d095320868,2012,Louisville,BE,So,22.4,81.0,16.3,0.5561,11.7,18.5,6.6,22.2,10.4,2.1,39.1,0.5,0.007,0.676,10.003,0.375961,9.62708
131a00bf-8095-5204-9eb3-03d095320868,2013,Louisville,BE,Jr,23.4,63.1,18.2,0.5623,12.9,22.1,12.3,18.9,9.4,2.6,47.9,0.0,0.0,0.652,13.3849,3.68394,9.70093
132e51bd-1985-5cba-ba26-2c23b613e0e9,2016,Wyoming,MWC,Fr,19.4,38.9,19.4,0.4951,2.7,11.1,10.8,14.5,2.4,1.0,34.1,0.36,0.397,0.535,-3.47023,-2.06337,-1.40686
132e51bd-1985-5cba-ba26-2c23b613e0e9,2017,Wyoming,MWC,So,20.4,63.4,30.2,0.5742,5.0,14.2,19.7,16.8,1.8,1.7,43.8,0.423,0.267,0.769,2.14385,1.83196,0.311885
132e51bd-1985-5cba-ba26-2c23b613e0e9,2018,Wyoming,MWC,Jr,21.4,73.9,29.6,0.5585,2.2,19.3,22.5,14.7,1.6,2.0,45.5,0.313,0.294,0.722,2.55785,1.53524,1.02261
132e51bd-1985-5cba-ba26-2c23b613e0e9,2019,Wyoming,MWC,Sr,22.4,95.0,36.3,0.5153,3.2,22.4,33.0,17.3,1.6,2.2,47.6,0.301,0.299,0.742,2.54123,1.54525,0.995978
13363708-b409-558c-9d96-93774ca222cf,2014,Iowa,B10,So,21.1,44.9,18.6,0.6088,7.5,20.0,7.9,15.8,6.4,1.0,48.8,0.425,0.238,0.817,6.67663,3.43804,3.2386
13363708-b409-558c-9d96-93774ca222cf,2015,Iowa,B10,Jr,22.1,75.3,20.6,0.5287,6.7,17.2,12.8,10.2,6.2,2.3,20.9,0.372,0.399,0.737,10.8,5.16227,5.63776
13363708-b409-558c-9d96-93774ca222cf,2016,Iowa,B10,Sr,23.1,78.2,26.0,0.5589,5.0,16.4,7.3,8.1,8.6,1.8,30.8,0.382,0.355,0.813,8.68154,4.01878,4.66276
133bd5d9-fcc2-551b-b682-b95031369c05,2026,Kansas,B12,Fr,19.4,49.4,30.9,0.578,2.9,11.8,12.5,10.4,2.3,2.9,37.1,0.382,0.463,0.826,7.78055,5.5435,2.23705
1378c2e9-9bf6-5af3-a74e-611e31a1ea5e,2009,Baylor,B12,Fr,18.7,35.3,16.7,0.6265999999999999,10.4,14.2,2.5,21.4,5.7,1.7,67.3,0.0,0.0,0.571,3.71568,1.45018,2.2655
1378c2e9-9bf6-5af3-a74e-611e31a1ea5e,2010,Baylor,B12,So,19.7,58.3,16.5,0.7034999999999999,9.5,14.4,2.4,19.3,3.4,1.2,45.7,0.0,0.0,0.721,5.1943,4.30118,0.893117
1378c2e9-9bf6-5af3-a74e-611e31a1ea5e,2011,Baylor,B12,Jr,20.7,77.6,21.2,0.5767,11.3,18.2,6.0,18.5,5.5,1.8,62.2,0.0,0.008,0.686,4.39984,1.49649,2.90335
1378c2e9-9bf6-5af3-a74e-611e31a1ea5e,2012,Baylor,B12,Sr,21.7,74.6,19.2,0.6286999999999999,10.7,18.6,6.5,19.9,6.5,1.8,64.9,0.6,0.019,0.776,8.12912,3.4951,4.63402
138272d9-672e-5ff7-90b5-f2880b38c78e,2019,Valparaiso,MVC,Fr,19.7,77.9,20.1,0.5122,4.1,12.3,13.1,15.9,1.3,3.5,33.0,0.272,0.333,0.681,2.30372,0.218532,2.08519
138272d9-672e-5ff7-90b5-f2880b38c78e,2020,Valparaiso,MVC,So,20.7,78.3,31.0,0.5221,4.5,17.2,21.7,14.6,0.9,3.8,32.0,0.283,0.338,0.75,3.79617,3.11572,0.680452
138272d9-672e-5ff7-90b5-f2880b38c78e,2021,DePaul,BE,Jr,21.7,58.1,26.1,0.49810000000000004,6.7,11.1,18.2,19.0,0.5,2.7,28.1,0.293,0.23,0.74,3.83836,2.16096,1.6774
138272d9-672e-5ff7-90b5-f2880b38c78e,2022,DePaul,BE,Sr,22.7,67.4,30.3,0.5356000000000001,5.4,16.9,20.3,11.6,0.2,2.8,39.4,0.368,0.325,0.739,5.75052,5.68858,0.0619336
13ceb5c6-ba0d-5691-b330-9718be0c4fc8,2022,Michigan,B10,Fr,19.5,80.0,17.0,0.5303,3.1,11.7,7.4,16.7,0.8,1.4,29.2,0.355,0.595,0.783,3.51096,2.47741,1.03355
13f46758-4011-51df-9fc6-d371c040a5fb,2016,Washington,P12,Fr,19.3,59.2,13.5,0.5216,4.5,8.7,10.8,21.7,3.5,2.4,27.4,0.366,0.52,0.714,4.13086,0.998276,3.13258
13f46758-4011-51df-9fc6-d371c040a5fb,2017,Washington,P12,So,20.3,74.5,16.9,0.5747,2.9,8.7,10.3,22.2,2.2,3.9,16.9,0.405,0.502,0.841,3.40494,1.53602,1.86892
13f46758-4011-51df-9fc6-d371c040a5fb,2018,Washington,P12,Jr,21.3,79.6,19.0,0.5529999999999999,3.2,7.5,15.5,20.6,4.8,5.2,17.7,0.365,0.502,0.714,7.71726,2.3419,5.37537
13f46758-4011-51df-9fc6-d371c040a5fb,2019,Washington,P12,Sr,22.3,77.2,17.2,0.5417000000000001,3.0,9.0,13.5,20.5,8.1,6.6,24.8,0.305,0.559,0.851,11.3248,2.07988,9.24495
1455f187-aa90-5e05-82ac-e029b87d3314,2017,Duke,ACC,Fr,19.3,65.3,25.4,0.5661,4.9,19.7,12.4,17.7,3.2,2.3,38.1,0.342,0.321,0.849,6.40897,3.13464,3.27433
14d8e2d2-cf76-57dc-afc1-68bdc5880951,2017,Tulsa,Amer,Fr,19.0,34.9,16.4,0.5834,8.9,15.9,3.6,26.3,7.5,0.3,59.0,0.0,0.012,0.571,0.360784,-2.77645,3.13724
14de38fd-4c16-5658-983f-4276ee541879,2022,Bradley,MVC,Jr,22.8,73.9,15.4,0.6283,6.0,17.0,8.8,15.6,4.1,1.3,34.2,0.385,0.475,0.841,5.48193,2.44946,3.03247
14de38fd-4c16-5658-983f-4276ee541879,2023,Bradley,MVC,Sr,23.8,76.3,18.6,0.5905,8.2,15.0,7.8,14.1,5.9,3.0,37.9,0.357,0.463,0.777,7.67008,2.98469,4.68539
14de38fd-4c16-5658-983f-4276ee541879,2024,Bradley,MVC,Sr,24.8,85.3,19.9,0.6115999999999999,8.8,15.3,7.0,14.6,5.0,2.7,50.2,0.347,0.392,0.8,7.31696,3.42827,3.88869
14e53aec-dbe4-5d9e-9562-9deb29e1dcb0,2022,Maryland,B10,Fr,19.0,43.2,20.6,0.5315,14.4,14.9,4.7,20.0,4.6,1.5,34.7,0.304,0.156,0.804,1.10447,-0.0245248,1.129
14e53aec-dbe4-5d9e-9562-9deb29e1dcb0,2023,Maryland,B10,So,20.0,65.1,23.2,0.6173,12.0,20.5,8.4,19.0,5.0,1.8,54.8,0.0,0.0,0.533,6.3544,2.12182,4.23258
14e53aec-dbe4-5d9e-9562-9deb29e1dcb0,2024,Maryland,B10,Jr,21.0,76.5,24.5,0.5597,10.5,24.0,9.6,18.9,6.1,1.9,73.2,0.0,0.0,0.568,4.70256,-0.663509,5.36607
14e53aec-dbe4-5d9e-9562-9deb29e1dcb0,2025,Maryland,B10,Sr,22.0,71.1,22.5,0.5986,12.2,23.8,8.0,13.3,5.6,2.2,53.0,0.0,0.003,0.734,8.81783,2.81774,6.00009
14eec5fb-4844-5ee4-b10c-7820f19dd987,2017,Creighton,BE,Fr,20.0,63.8,21.1,0.6745,7.7,18.9,8.6,17.7,5.9,1.9,29.0,0.571,0.049,0.518,8.6194,2.97999,5.63941
14ffdeb5-a77a-53ce-9035-7eeb29ed3a5c,2023,Duke,ACC,Fr,18.9,40.1,20.3,0.5479999999999999,2.5,10.6,9.2,19.2,1.1,2.2,14.7,0.429,0.497,0.793,2.5934,1.00292,1.59048
15243af2-6cec-58bd-91ef-6ea32dcefb06,2009,USC,P10,Fr,19.5,82.8,22.3,0.5550999999999999,9.3,11.6,9.6,17.1,1.2,1.6,40.1,0.167,0.098,0.646,4.60647,3.24057,1.3659
153423b5-1b7a-50a8-bb00-45e177e2d0ac,2009,North Carolina,ACC,Fr,19.4,7.9,19.4,0.5332,10.1,16.1,4.0,18.5,2.4,1.4,47.2,0.0,0.0,0.765,1.52136,0.825248,0.696115
153423b5-1b7a-50a8-bb00-45e177e2d0ac,2010,North Carolina,ACC,So,20.4,31.5,23.9,0.557,11.6,15.7,3.2,16.6,4.9,1.6,37.5,0.0,0.01,0.722,1.91743,0.734037,1.1834
153423b5-1b7a-50a8-bb00-45e177e2d0ac,2011,North Carolina,ACC,Jr,21.4,70.1,22.8,0.5999,10.8,15.2,4.4,11.5,4.2,1.4,54.9,0.0,0.0,0.763,7.92772,4.6366,3.29112
153423b5-1b7a-50a8-bb00-45e177e2d0ac,2012,North Carolina,ACC,Sr,22.4,70.2,24.4,0.6156,14.1,20.2,6.3,15.3,5.3,1.7,56.3,0.0,0.0,0.808,9.92485,5.4033,4.52155
1577f055-cc8b-5b50-9572-ee2ce2d45756,2020,Memphis,Amer,Fr,20.8,75.3,27.2,0.534,11.4,24.7,7.5,18.6,6.4,2.0,50.7,0.325,0.108,0.599,3.93534,-0.850608,4.78595
159ec8b6-f21f-53ce-b63d-a22aaa509a6b,2008,North Carolina,ACC,So,20.9,33.9,15.7,0.5289,13.5,19.8,2.0,22.0,5.9,0.6,36.7,0.0,0.0,0.447,3.92682,1.36872,2.5581
159ec8b6-f21f-53ce-b63d-a22aaa509a6b,2010,USC,P10,Jr,22.9,59.8,22.3,0.48310000000000003,16.2,17.6,2.7,19.1,6.8,0.4,44.1,0.0,0.0,0.494,1.62926,-1.98557,3.61483
159ec8b6-f21f-53ce-b63d-a22aaa509a6b,2011,USC,P10,Sr,23.9,81.9,17.5,0.5502,11.8,21.8,1.1,16.5,3.8,0.7,46.4,0.0,0.0,0.513,1.24171,-0.700716,1.94243
15a8ecf1-3cba-5485-9c74-9d0212d3e727,2008,Georgia Tech,ACC,Sr,22.5,73.7,18.4,0.6112,4.6,11.4,6.8,10.4,1.2,2.1,23.2,0.448,0.539,0.859,6.55752,6.46417,0.093345
1610f55a-b068-5a9f-a38e-55a4d5fac5c9,2019,North Carolina,ACC,Fr,19.4,45.3,24.0,0.5507,9.2,16.9,6.1,16.1,3.3,1.5,36.6,0.269,0.19,0.77,3.87422,1.85424,2.01999
162ca6cc-ecc0-5df2-b637-40d8f3701c51,2021,Alabama,SEC,Jr,21.5,42.3,14.9,0.6191,5.3,18.1,10.3,21.9,2.5,3.4,39.5,0.389,0.454,0.723,7.98706,2.54079,5.44628
162ca6cc-ecc0-5df2-b637-40d8f3701c51,2022,Alabama,SEC,Sr,22.5,77.1,16.8,0.6135,6.4,14.5,10.2,16.4,1.9,3.4,36.3,0.366,0.658,0.881,9.33662,6.27705,3.05957
1633d084-a023-56c2-90d7-235afd06050a,2021,Alabama,SEC,Fr,18.5,50.9,16.9,0.5650999999999999,4.7,10.5,6.5,19.3,1.3,1.3,22.6,0.381,0.579,0.75,3.49124,1.80966,1.68158
16519fd4-d08e-52b0-827e-523478765456,2008,Rider,MAAC,Sr,22.5,83.4,30.0,0.579,11.9,28.0,18.0,16.6,8.9,1.8,46.7,0.324,0.071,0.58,7.26127,2.67025,4.59102
16937531-7a91-52e6-94ac-575ba8e31735,2014,UCF,Amer,Fr,18.7,32.4,15.2,0.47759999999999997,3.7,10.1,20.8,28.3,0.0,1.9,70.7,0.25,0.276,0.585,-2.99131,-1.67135,-1.31996
16937531-7a91-52e6-94ac-575ba8e31735,2015,UCF,Amer,So,19.7,83.2,22.1,0.5007,4.3,8.9,26.8,24.4,0.4,2.3,48.5,0.266,0.266,0.598,-1.10226,0.362298,-1.46456
16937531-7a91-52e6-94ac-575ba8e31735,2017,Florida Gulf Coast,ASun,Jr,21.7,81.1,26.9,0.6064,3.4,12.9,24.0,14.3,0.2,1.9,40.8,0.338,0.366,0.794,5.17827,5.56357,-0.385303
16937531-7a91-52e6-94ac-575ba8e31735,2018,Florida Gulf Coast,ASun,Sr,22.7,82.1,28.1,0.5614,4.3,14.1,24.4,16.5,0.3,2.2,40.3,0.289,0.32,0.743,2.61573,2.69604,-0.0803167
16a5c651-2a70-58e9-b606-ccaef2f347f1,2017,Oregon St.,P12,Fr,19.4,84.8,19.2,0.5136,0.7,6.5,21.6,19.9,1.0,1.5,24.3,0.374,0.538,0.743,-1.80099,-0.00677276,-1.79421
16a5c651-2a70-58e9-b606-ccaef2f347f1,2018,Oregon St.,P12,So,20.4,12.0,14.1,0.3354,1.6,10.6,23.3,37.4,2.2,3.4,28.6,0.0,0.476,1.0,-2.65259,-4.64324,1.99065
16a5c651-2a70-58e9-b606-ccaef2f347f1,2019,UC Santa Barbara,BW,So,21.4,83.3,19.6,0.5006,2.0,7.8,18.7,18.5,0.6,1.5,34.8,0.351,0.486,0.76,-1.11011,0.0577718,-1.16788
16a5c651-2a70-58e9-b606-ccaef2f347f1,2020,UC Santa Barbara,BW,Jr,22.4,82.7,21.1,0.5652,1.0,11.2,24.5,16.1,0.7,1.9,48.7,0.385,0.395,0.781,1.48564,2.51346,-1.02782
16a5c651-2a70-58e9-b606-ccaef2f347f1,2021,UC Santa Barbara,BW,Sr,23.4,81.6,25.5,0.6098,2.8,10.2,32.6,14.6,0.5,2.8,42.8,0.398,0.353,0.832,7.40509,6.45472,0.95037
16d15fd4-7ecb-5d7a-b7be-a37ed7a72511,2023,Houston,Amer,Fr,19.3,34.7,19.0,0.5476,4.1,11.7,5.5,16.4,0.5,1.2,26.4,0.347,0.78,0.881,1.45929,1.85628,-0.396993
16d15fd4-7ecb-5d7a-b7be-a37ed7a72511,2024,Houston,B12,So,20.3,69.9,21.3,0.5474,3.6,10.8,6.2,11.2,0.4,3.3,37.0,0.368,0.616,0.851,7.02423,4.46907,2.55516
16d15fd4-7ecb-5d7a-b7be-a37ed7a72511,2025,Houston,B12,Jr,21.3,62.2,20.2,0.6039,2.2,10.8,5.9,9.7,0.0,3.2,36.7,0.407,0.648,0.868,9.72238,6.91069,2.8117
16d15fd4-7ecb-5d7a-b7be-a37ed7a72511,2026,Houston,B12,Sr,22.3,73.3,23.2,0.5818,3.0,8.6,11.1,8.8,0.4,2.5,32.4,0.372,0.613,0.891,8.66806,6.42915,2.23891
1742049a-7117-5a01-9efa-50ae88224336,2019,Vanderbilt,SEC,Fr,19.4,10.8,26.9,0.6575,1.6,13.7,25.7,23.2,1.5,1.7,29.6,0.478,0.426,0.75,2.89813,2.82962,0.068508
175ef5dd-4c80-58cc-8f3e-f29cf3d83961,2015,Rhode Island,A10,Fr,20.4,67.9,20.8,0.4654,1.9,8.5,11.5,18.7,0.5,3.0,31.3,0.322,0.327,0.709,0.773123,-1.05865,1.83177
175ef5dd-4c80-58cc-8f3e-f29cf3d83961,2016,Rhode Island,A10,So,21.4,87.8,22.3,0.5003,1.5,10.2,15.2,14.9,0.8,2.1,35.4,0.347,0.316,0.75,1.36654,0.846662,0.519881
175ef5dd-4c80-58cc-8f3e-f29cf3d83961,2017,Rhode Island,A10,Jr,22.4,76.4,21.0,0.5387,3.6,6.8,12.5,14.0,0.6,2.0,43.7,0.346,0.392,0.75,3.55469,2.95476,0.599928
175ef5dd-4c80-58cc-8f3e-f29cf3d83961,2018,Rhode Island,A10,Sr,23.4,82.4,23.9,0.557,3.1,9.7,13.4,12.6,0.7,2.6,31.3,0.414,0.405,0.821,4.73245,3.55271,1.17974
17780043-decf-5c26-b118-1fc2df0b8d73,2015,Connecticut,Amer,Fr,19.9,78.3,25.1,0.4681,4.3,24.1,26.3,19.0,1.3,1.9,23.0,0.343,0.366,0.667,3.45081,1.02393,2.42688
17780043-decf-5c26-b118-1fc2df0b8d73,2016,Connecticut,Amer,So,20.9,79.0,25.6,0.4918,3.5,26.8,29.0,17.4,1.5,2.0,24.3,0.331,0.345,0.86,6.60891,2.15148,4.45743
177ae30b-9225-5464-8fc9-9b889b13185d,2021,Kentucky,SEC,Fr,19.5,51.1,21.3,0.5869,11.3,23.4,7.5,19.8,12.8,2.1,65.7,0.0,0.015,0.7,9.6041,1.22978,8.37432
17ac6a3f-7fe3-51e6-8c7b-f8ae4bedcd98,2011,Creighton,MVC,Fr,19.5,72.4,26.2,0.6067,9.6,20.5,9.8,18.5,0.4,0.6,30.1,0.405,0.277,0.746,1.8797,2.9815,-1.1018
17ac6a3f-7fe3-51e6-8c7b-f8ae4bedcd98,2012,Creighton,MVC,So,20.5,79.2,28.5,0.6784,9.9,20.5,8.0,14.7,0.3,0.4,32.7,0.486,0.217,0.796,4.70124,6.78935,-2.08811
17ac6a3f-7fe3-51e6-8c7b-f8ae4bedcd98,2013,Creighton,MVC,Jr,21.5,79.0,31.7,0.6718999999999999,7.1,20.9,12.4,15.9,0.2,0.4,41.7,0.49,0.303,0.875,6.29128,6.72562,-0.434348
17ac6a3f-7fe3-51e6-8c7b-f8ae4bedcd98,2014,Creighton,BE,Sr,22.5,84.4,32.8,0.6443000000000001,6.4,17.8,11.5,9.8,0.5,0.4,32.9,0.449,0.341,0.864,6.58326,8.11828,-1.53502
18370d01-cc60-5235-a992-5c26cdda06f3,2020,Gonzaga,WCC,Fr,19.8,50.9,21.7,0.6252,11.7,17.8,10.6,15.0,4.6,1.4,52.2,0.333,0.014,0.611,7.13241,4.2608,2.87161
18370d01-cc60-5235-a992-5c26cdda06f3,2021,Gonzaga,WCC,So,20.8,70.1,26.5,0.6765000000000001,10.4,18.5,14.4,12.8,2.5,1.3,50.8,0.273,0.061,0.696,10.6765,7.88466,2.79181
18370d01-cc60-5235-a992-5c26cdda06f3,2022,Gonzaga,WCC,Jr,21.8,70.0,29.6,0.6163000000000001,7.9,16.8,17.6,16.1,2.7,0.5,43.9,0.286,0.071,0.678,6.3368,4.21317,2.12363
18370d01-cc60-5235-a992-5c26cdda06f3,2023,Gonzaga,WCC,Sr,22.8,79.6,30.5,0.6255,9.6,17.7,19.3,15.1,3.3,1.0,49.0,0.167,0.048,0.631,7.9391,6.17228,1.76682
184b4be6-fa55-57e6-8f59-32c9d2140cf6,2008,Notre Dame,BE,So,20.5,72.2,32.7,0.5489999999999999,13.3,24.1,13.7,13.7,2.8,1.5,38.2,0.333,0.017,0.763,5.07587,3.42682,1.64905
184b4be6-fa55-57e6-8f59-32c9d2140cf6,2009,Notre Dame,BE,Jr,21.5,82.9,33.9,0.5197999999999999,10.6,25.2,14.3,9.2,2.5,1.6,35.1,0.368,0.058,0.777,5.90961,4.54902,1.36058
184b4be6-fa55-57e6-8f59-32c9d2140cf6,2010,Notre Dame,BE,Sr,22.5,69.9,31.8,0.5519,8.3,24.2,11.8,10.6,2.1,0.9,35.1,0.309,0.16,0.787,3.40135,3.95241,-0.551059
18e4fb9f-6b7e-50e3-a3cb-dfd2efed0dae,2016,LSU,SEC,Fr,19.9,86.5,28.2,0.5995,9.6,26.8,27.4,18.6,2.5,3.1,76.9,0.333,0.008,0.67,10.2081,5.21436,4.99372
18f65765-7ad2-50a1-9c7a-ca56c0811713,2009,Marquette,BE,So,19.8,48.9,14.0,0.6117,12.6,10.9,6.6,10.1,2.5,1.4,104.7,0.0,0.037,0.768,6.53027,4.66547,1.86479
18f65765-7ad2-50a1-9c7a-ca56c0811713,2010,Marquette,BE,Jr,20.8,84.4,20.6,0.6318,8.8,14.6,11.7,10.1,1.9,2.4,87.5,0.5,0.115,0.766,9.25232,6.11423,3.13809
18f65765-7ad2-50a1-9c7a-ca56c0811713,2011,Marquette,BE,Sr,21.8,86.3,21.2,0.5867,8.2,12.0,13.2,11.6,1.1,2.4,62.8,0.345,0.152,0.783,8.01441,6.19715,1.81726
192397c0-6e53-5b7d-b51b-4291f923aa6d,2022,East Carolina,Amer,Fr,19.5,12.1,17.4,0.3872,0.8,7.0,22.7,20.4,0.0,0.4,18.4,0.217,0.605,1.0,-8.34364,-3.93604,-4.40759
192397c0-6e53-5b7d-b51b-4291f923aa6d,2023,East Carolina,Amer,So,20.5,47.3,25.8,0.5577000000000001,2.8,13.0,35.6,22.0,0.7,2.1,45.9,0.333,0.517,0.854,3.23315,3.23276,0.000382669
192397c0-6e53-5b7d-b51b-4291f923aa6d,2024,Oklahoma St.,B12,Jr,21.5,79.1,25.3,0.5887,1.4,15.6,26.6,22.0,0.8,1.8,37.6,0.374,0.482,0.866,3.52368,2.79503,0.728648
192397c0-6e53-5b7d-b51b-4291f923aa6d,2025,West Virginia,B12,Sr,22.5,88.9,28.7,0.5756,1.5,11.6,35.1,16.1,1.1,2.6,37.9,0.353,0.537,0.88,8.58037,6.11732,2.46305
19243ea8-fc3e-583f-90ab-abb79a849510,2008,Kansas,B12,Jr,21.5,71.0,21.6,0.5563,6.4,13.1,12.4,16.6,3.2,1.6,20.8,0.418,0.462,0.788,8.62129,5.22657,3.39472
193fabff-0ac7-5fb1-afda-7a061c97bb04,2012,Georgetown,BE,Fr,19.4,49.6,14.9,0.49979999999999997,7.3,9.6,8.3,23.1,3.2,1.9,31.1,0.364,0.451,0.632,3.92025,0.799055,3.12119
193fabff-0ac7-5fb1-afda-7a061c97bb04,2013,Georgetown,BE,So,20.4,35.2,20.3,0.528,4.1,19.8,13.1,17.9,2.9,2.4,24.8,0.309,0.414,0.606,6.20409,1.36369,4.8404
195618c2-a4f1-551d-bf5c-afbe7c7e195a,2019,Murray St.,OVC,So,19.9,93.5,36.0,0.6077,4.1,12.6,51.4,22.0,2.2,2.4,51.0,0.368,0.299,0.815,8.98175,6.94219,2.03955
196ded46-70c3-5636-8fb6-c8f272ad055e,2008,Oklahoma,B12,Fr,19.5,66.2,28.6,0.5795,13.9,24.0,16.7,17.4,3.4,2.2,60.8,0.0,0.006,0.589,7.89696,4.04325,3.85371
196ded46-70c3-5636-8fb6-c8f272ad055e,2009,Oklahoma,B12,So,20.5,80.6,31.1,0.6476999999999999,14.2,32.2,16.3,18.2,3.6,1.9,70.6,0.375,0.017,0.59,11.3401,6.90629,4.43384
19b951f3-ea66-5bdf-9fd8-d5328fc60107,2018,Georgia Tech,ACC,Fr,20.2,68.0,18.9,0.5839,2.0,10.6,18.6,21.5,0.2,3.0,36.7,0.37,0.489,0.802,2.90313,2.10159,0.801541
19b951f3-ea66-5bdf-9fd8-d5328fc60107,2019,Georgia Tech,ACC,So,21.2,82.6,22.0,0.4989,2.5,10.2,21.4,15.8,0.3,3.1,31.2,0.286,0.457,0.743,2.87355,1.84963,1.02391
19b951f3-ea66-5bdf-9fd8-d5328fc60107,2020,Georgia Tech,ACC,Jr,22.2,64.9,22.7,0.5639,1.4,9.9,25.0,20.0,0.3,3.5,31.7,0.336,0.471,0.793,6.28719,4.09535,2.19184
19b951f3-ea66-5bdf-9fd8-d5328fc60107,2021,Georgia Tech,ACC,Sr,23.2,90.6,20.6,0.623,2.5,9.4,21.0,16.1,0.1,4.5,28.7,0.39,0.423,0.838,7.74415,5.88672,1.85743
19dedf32-7ed7-5ff9-b799-0b436c6809e6,2016,Wake Forest,ACC,Fr,18.8,35.7,23.5,0.5892000000000001,12.6,16.7,3.5,16.3,5.0,1.1,63.5,0.0,0.0,0.691,0.676331,0.219707,0.456624
19dedf32-7ed7-5ff9-b799-0b436c6809e6,2017,Wake Forest,ACC,So,19.8,66.5,29.2,0.6576000000000001,16.4,25.7,4.5,13.2,6.6,1.3,58.5,0.0,0.003,0.745,6.69252,5.69548,0.99704
19e30848-989b-5377-b464-0db5997b944f,2015,Cal Poly,BW,Jr,22.4,56.5,28.1,0.46880000000000005,6.1,15.2,15.0,12.7,2.7,3.3,45.4,0.2,0.044,0.625,2.27848,0.0317999,2.24668
19e30848-989b-5377-b464-0db5997b944f,2016,Cal Poly,BW,Sr,23.4,68.3,27.5,0.5068,8.0,17.8,26.9,16.2,1.9,2.6,63.0,0.091,0.042,0.635,3.47703,2.28654,1.19048
19e34979-43fe-5b95-b097-736a56c9afd7,2014,James Madison,CAA,So,20.0,84.5,24.2,0.5276,4.6,11.9,12.2,17.9,1.4,2.5,62.3,0.298,0.3,0.718,-0.0578523,-0.00965879,-0.0481935
19e34979-43fe-5b95-b097-736a56c9afd7,2016,Dayton,A10,Jr,22.0,77.0,23.7,0.5627,4.9,15.1,12.3,13.3,4.2,2.3,45.8,0.399,0.405,0.689,6.86438,2.79828,4.0661
19e34979-43fe-5b95-b097-736a56c9afd7,2017,Dayton,A10,Sr,23.0,71.0,25.6,0.5631,3.9,15.3,18.8,15.3,3.5,2.0,45.9,0.398,0.369,0.694,5.24382,2.85109,2.39273
1a1970ad-56c4-5e40-a799-08903d3d8ccb,2008,Marquette,BE,Jr,21.5,71.5,19.9,0.5565,6.5,11.2,11.2,16.1,1.1,2.0,59.0,0.318,0.242,0.795,5.67751,3.56635,2.11115
1a1970ad-56c4-5e40-a799-08903d3d8ccb,2009,Marquette,BE,Sr,22.5,84.8,24.5,0.6069,4.5,15.4,14.8,16.1,1.6,2.1,63.3,0.368,0.281,0.829,6.92742,5.03011,1.8973
1a29bbfd-37a8-557c-b514-13bdc90b2ece,2023,Purdue,B10,Fr,20.8,28.3,22.7,0.5482,8.8,10.5,13.5,18.1,1.6,2.0,50.4,0.25,0.171,0.644,3.79154,1.89176,1.89979
1a29bbfd-37a8-557c-b514-13bdc90b2ece,2024,Purdue,B10,So,21.9,41.9,19.6,0.5418,11.3,15.8,9.8,13.6,2.2,0.9,46.8,0.333,0.128,0.557,5.07192,3.08084,1.99109
1a29bbfd-37a8-557c-b514-13bdc90b2ece,2025,Purdue,B10,Jr,22.9,76.9,31.1,0.6119,11.0,15.4,16.8,13.9,1.2,1.4,42.8,0.429,0.014,0.648,7.26151,5.76702,1.49449
1a29bbfd-37a8-557c-b514-13bdc90b2ece,2026,Purdue,B10,Sr,23.8,66.5,24.9,0.5903,13.2,23.7,17.2,12.3,1.0,0.8,27.2,0.154,0.033,0.636,8.03974,5.7932,2.24654
1a40fca7-fbc3-508e-aa72-7c093b02919b,2015,Southern Miss,CUSA,Fr,19.6,34.6,13.0,0.3361,2.4,11.9,10.4,27.3,1.0,1.2,38.9,0.133,0.556,0.524,-7.69956,-5.96105,-1.73851
1a40fca7-fbc3-508e-aa72-7c093b02919b,2016,Southern Miss,CUSA,So,20.6,56.2,20.3,0.42829999999999996,5.7,12.6,7.1,22.7,1.5,1.0,52.4,0.209,0.301,0.64,-7.94476,-6.15947,-1.78529
1a40fca7-fbc3-508e-aa72-7c093b02919b,2018,Montana St.,BSky,Sr,22.6,60.9,23.8,0.4965,8.5,18.8,7.7,20.0,1.9,1.4,49.4,0.243,0.155,0.695,-4.30775,-3.25529,-1.05246
1a40fca7-fbc3-508e-aa72-7c093b02919b,2019,Montana St.,BSky,Sr,23.6,68.5,23.9,0.469,5.5,18.0,10.8,17.0,1.1,1.4,28.1,0.284,0.233,0.629,-6.2456,-3.39978,-2.84582
1abff3ea-18b9-548b-9266-38fba217c9c7,2017,Massachusetts,A10,Fr,19.4,57.2,26.3,0.5199,1.8,14.3,37.1,27.8,3.1,2.2,43.0,0.244,0.372,0.644,0.012947,-1.45504,1.46799
1abff3ea-18b9-548b-9266-38fba217c9c7,2019,Houston,Amer,So,21.4,36.4,29.6,0.5473,2.1,20.0,37.4,23.4,3.2,1.9,51.3,0.364,0.173,0.694,6.19829,1.68791,4.51038
1abff3ea-18b9-548b-9266-38fba217c9c7,2020,Houston,Amer,Jr,22.4,55.6,27.5,0.48219999999999996,3.6,16.8,31.0,26.7,2.3,1.6,55.0,0.175,0.18,0.795,2.07889,-0.528285,2.60717
1abff3ea-18b9-548b-9266-38fba217c9c7,2021,Houston,Amer,Sr,23.4,70.6,23.5,0.5235,4.9,16.4,29.3,22.0,2.4,2.7,33.6,0.344,0.332,0.703,7.53458,3.84597,3.68861
1b33fc36-f944-5ed7-82d1-d33f935730d1,2025,North Carolina,ACC,Fr,19.8,63.6,13.3,0.581,3.3,11.4,7.0,12.1,2.8,1.6,25.6,0.379,0.45,0.648,6.33368,3.01925,3.31443
1b376be4-6307-5d6e-9ddd-0f9a74e1b475,2010,South Dakota St.,Sum,Fr,19.1,61.5,24.1,0.5421,3.2,13.4,24.5,20.2,1.1,2.9,60.8,0.365,0.249,0.843,1.72764,1.80096,-0.0733218
1b376be4-6307-5d6e-9ddd-0f9a74e1b475,2011,South Dakota St.,Sum,So,20.1,84.4,30.2,0.5533,3.3,12.9,35.7,13.2,0.6,2.4,44.2,0.398,0.229,0.794,5.03929,6.21702,-1.17773
1b376be4-6307-5d6e-9ddd-0f9a74e1b475,2012,South Dakota St.,Sum,Jr,21.1,89.0,32.8,0.5367000000000001,3.2,14.4,38.4,11.6,0.2,2.9,42.5,0.246,0.245,0.79,7.71724,6.74452,0.97272
1b376be4-6307-5d6e-9ddd-0f9a74e1b475,2013,South Dakota St.,Sum,Sr,22.1,91.8,30.8,0.6031,3.6,14.1,35.1,12.8,0.4,2.9,46.3,0.38,0.342,0.824,8.91285,8.88025,0.0325985
1bc78b89-4e98-5a7a-8422-97cf3812bd66,2008,Marquette,BE,Jr,21.5,75.2,27.0,0.5215,6.0,12.7,25.3,20.0,1.6,4.2,30.2,0.31,0.269,0.709,8.81143,4.43844,4.37299
1bc78b89-4e98-5a7a-8422-97cf3812bd66,2009,Marquette,BE,Sr,22.5,87.3,27.8,0.5579999999999999,2.6,12.7,24.4,17.3,1.9,3.3,34.3,0.398,0.404,0.738,8.14039,5.56089,2.5795
1bd844dc-83ae-5d0b-b9e0-3e3ac2713c7a,2015,Clemson,ACC,Fr,20.3,73.4,20.2,0.4579,6.3,11.4,12.9,18.2,3.7,1.9,19.3,0.279,0.536,0.547,4.91437,1.34004,3.57434
1bd844dc-83ae-5d0b-b9e0-3e3ac2713c7a,2016,Clemson,ACC,So,21.3,80.8,18.3,0.5168,3.9,10.7,14.4,14.9,1.6,1.9,18.5,0.354,0.562,0.846,4.08411,2.7455,1.33861
1bd844dc-83ae-5d0b-b9e0-3e3ac2713c7a,2017,Clemson,ACC,Jr,22.3,69.1,15.9,0.4825,5.2,13.1,10.0,16.2,2.5,1.6,13.2,0.325,0.498,0.742,3.75084,1.77945,1.9714
1bd844dc-83ae-5d0b-b9e0-3e3ac2713c7a,2018,Clemson,ACC,Sr,23.3,42.9,20.3,0.6537000000000001,6.1,18.4,15.9,14.9,3.1,1.5,27.5,0.419,0.341,0.78,9.14126,5.2575,3.88376
1bdda85d-cfa0-5c85-be71-269e444f623f,2020,Georgia,SEC,Fr,18.9,81.3,28.8,0.5173,2.4,14.5,17.9,15.4,1.6,2.3,33.8,0.291,0.486,0.77,3.96519,3.54187,0.423316
1c18c0d6-21be-51e6-9533-b2c88e0a0b7e,2010,Oklahoma,B12,Fr,19.5,57.0,24.7,0.5843,13.2,25.5,7.6,23.4,3.3,1.7,39.9,0.235,0.076,0.697,1.8802,0.460924,1.41927
1c7e3ea2-6589-55ca-bdbf-fbd32088a40a,2018,Dayton,A10,Fr,18.9,76.7,19.0,0.5352,1.2,11.2,26.1,20.8,0.5,2.0,19.3,0.338,0.634,0.681,0.312526,1.37261,-1.06008
1c7e3ea2-6589-55ca-bdbf-fbd32088a40a,2019,Dayton,A10,So,19.9,90.2,22.7,0.5372,1.0,11.3,28.3,19.8,0.4,1.5,22.5,0.363,0.529,0.707,2.32475,2.43521,-0.110467
1c7e3ea2-6589-55ca-bdbf-fbd32088a40a,2020,Dayton,A10,Jr,20.9,80.3,22.4,0.626,1.8,9.1,25.5,16.0,0.4,1.5,31.5,0.424,0.541,0.869,6.9421,6.63758,0.304523
1c7e3ea2-6589-55ca-bdbf-fbd32088a40a,2021,Dayton,A10,Sr,21.9,92.9,26.5,0.5792,1.2,9.3,28.1,17.8,0.1,1.2,36.7,0.372,0.415,0.763,3.3321,4.01838,-0.686283
1ca059fb-2418-52da-8ab2-9329222e4204,2008,North Carolina,ACC,Jr,21.5,81.4,26.6,0.6175999999999999,13.0,19.8,4.8,12.8,1.1,2.4,70.5,0.0,0.013,0.806,8.05717,7.06752,0.989648
1ca059fb-2418-52da-8ab2-9329222e4204,2009,North Carolina,ACC,Sr,22.5,69.3,26.5,0.6126,10.7,16.6,5.9,12.2,1.1,2.2,68.2,0.391,0.053,0.841,7.1845,6.45565,0.728855
1ca66df4-6204-5744-b3c6-1bd08a7fdfe4,2015,Detroit Mercy,Horz,Fr,19.8,62.7,28.8,0.5235,7.7,19.1,16.9,20.8,5.3,2.5,40.0,0.368,0.187,0.648,1.61019,-0.539017,2.1492
1ca66df4-6204-5744-b3c6-1bd08a7fdfe4,2016,Detroit Mercy,Horz,So,20.8,61.3,31.1,0.5354,7.5,22.6,14.3,19.3,4.9,2.5,43.6,0.324,0.199,0.685,1.01798,0.386115,0.631866
1ca8811f-6b50-54e6-85c4-82e90b46cc40,2014,North Carolina,ACC,Fr,19.9,18.2,11.7,0.4664,6.1,9.2,4.4,27.0,5.1,1.1,52.8,0.2,0.139,0.579,1.17421,-2.24164,3.41585
1ca8811f-6b50-54e6-85c4-82e90b46cc40,2015,North Carolina,ACC,So,20.9,36.7,21.3,0.5642,11.6,10.5,3.6,16.3,2.9,0.9,47.8,0.0,0.005,0.621,2.94852,2.59464,0.353881
1ca8811f-6b50-54e6-85c4-82e90b46cc40,2016,North Carolina,ACC,Jr,21.9,45.2,21.3,0.6528,12.5,15.6,6.3,17.4,3.3,1.6,57.2,0.0,0.0,0.756,7.09734,4.90122,2.19612
1ca8811f-6b50-54e6-85c4-82e90b46cc40,2017,North Carolina,ACC,Sr,22.9,56.2,21.5,0.6182,8.5,16.7,10.9,18.3,3.7,1.0,47.2,0.0,0.0,0.781,7.23751,3.48347,3.75404
1cc161a7-8261-5f14-b20e-82ba1013c9f3,2008,Georgia Tech,ACC,Fr,19.5,43.0,22.3,0.5585,11.1,12.8,3.1,24.0,6.5,1.2,62.7,0.0,0.006,0.495,0.548016,-0.749519,1.29754
1cc161a7-8261-5f14-b20e-82ba1013c9f3,2009,Georgia Tech,ACC,So,20.5,72.9,24.7,0.5625,13.1,21.1,4.6,19.0,5.1,1.8,53.5,0.0,0.003,0.559,3.16545,0.268429,2.89702
1cc161a7-8261-5f14-b20e-82ba1013c9f3,2010,Georgia Tech,ACC,Jr,21.5,64.6,26.0,0.5411,13.2,21.7,3.6,18.2,5.7,1.0,68.2,0.0,0.003,0.566,2.08326,0.271477,1.81179
1cc30f74-5d5f-5f16-8a4a-b37959085fe8,2018,Oklahoma,B12,Fr,19.8,87.5,38.4,0.5861999999999999,1.3,9.9,48.3,20.0,0.7,2.5,44.4,0.361,0.53,0.861,9.94576,9.52346,0.422297
1cdfe8c4-5eaa-5952-82e2-a8bdb52b58b5,2022,Missouri,SEC,Fr,19.5,41.8,16.3,0.5939,7.3,20.9,7.5,19.8,10.0,1.3,43.1,0.333,0.284,0.62,5.12997,0.180542,4.94943
1cdfe8c4-5eaa-5952-82e2-a8bdb52b58b5,2023,Arkansas,SEC,So,20.5,16.8,22.0,0.5778,4.4,21.5,7.2,21.3,4.7,2.1,40.3,0.379,0.377,0.677,3.50559,0.242788,3.2628
1cdfe8c4-5eaa-5952-82e2-a8bdb52b58b5,2024,Arkansas,SEC,So,21.5,49.9,17.0,0.5868,7.9,17.9,3.4,19.0,4.8,1.4,36.4,0.353,0.42,0.695,2.26283,0.674918,1.58791
1cdfe8c4-5eaa-5952-82e2-a8bdb52b58b5,2025,Arkansas,SEC,Jr,22.5,49.0,15.1,0.6629,8.5,20.3,6.2,18.7,5.7,2.1,34.0,0.364,0.44,0.529,7.56611,2.49953,5.06658
1cdfe8c4-5eaa-5952-82e2-a8bdb52b58b5,2026,Arkansas,SEC,Sr,23.5,75.6,17.2,0.6187,5.8,20.6,7.6,10.8,5.2,2.6,37.3,0.341,0.41,0.717,9.28023,4.64742,4.63281
1d10de77-62b4-5917-b54d-4d9bbbedc369,2008,Richmond,A10,Fr,18.8,19.6,21.1,0.5393,8.2,12.4,3.9,15.4,3.2,1.5,21.3,0.372,0.538,0.412,-2.12564,-0.491955,-1.63368
1d10de77-62b4-5917-b54d-4d9bbbedc369,2009,Richmond,A10,So,19.8,57.5,23.2,0.5168,8.4,16.2,5.1,17.0,3.9,1.4,28.7,0.336,0.465,0.684,-0.475531,0.0761479,-0.551679
1d10de77-62b4-5917-b54d-4d9bbbedc369,2010,Richmond,A10,Jr,20.8,61.1,22.5,0.5722,8.0,16.8,9.0,15.0,3.8,1.9,24.8,0.344,0.421,0.681,5.05397,2.96494,2.08903
1d10de77-62b4-5917-b54d-4d9bbbedc369,2011,Richmond,A10,Sr,21.8,79.1,24.7,0.6417,6.5,18.6,8.9,12.1,4.0,1.2,25.7,0.448,0.375,0.797,7.09566,5.40421,1.69145
1d599c3d-1c5c-5f57-8cf8-66c982d81bce,2023,Ohio St.,B10,Fr,19.7,57.4,32.1,0.5882000000000001,6.2,18.9,10.9,15.7,1.7,1.3,24.4,0.405,0.362,0.83,3.7691,4.65927,-0.890163
1d6b5b3a-9f70-5e0a-b84e-364c5aba1b64,2012,Wyoming,MWC,Fr,19.5,43.9,15.6,0.5302,10.4,19.1,4.5,17.6,3.9,2.6,41.2,0.429,0.072,0.8,3.1749,-1.41382,4.58872
1d6b5b3a-9f70-5e0a-b84e-364c5aba1b64,2013,Wyoming,MWC,So,20.5,77.5,19.0,0.5936,7.5,20.8,9.5,15.5,2.6,2.8,46.9,0.333,0.118,0.748,4.9225,1.03497,3.88753
1d6b5b3a-9f70-5e0a-b84e-364c5aba1b64,2014,Wyoming,MWC,Jr,21.5,67.4,24.4,0.604,5.8,25.0,12.4,12.4,7.5,2.6,48.8,0.257,0.139,0.764,7.98457,1.76193,6.22264
1d6b5b3a-9f70-5e0a-b84e-364c5aba1b64,2015,Wyoming,MWC,Sr,22.5,77.3,27.9,0.5766,6.2,20.5,19.7,15.9,4.3,2.3,41.5,0.341,0.118,0.785,5.45712,1.53246,3.92465
1dc8b68d-0d0c-5535-8858-222082d205c9,2011,Marquette,BE,Fr,18.9,47.3,18.7,0.4449,5.2,11.8,15.1,22.5,1.2,2.8,42.3,0.16,0.143,0.608,1.42935,-0.530218,1.95956
1dc8b68d-0d0c-5535-8858-222082d205c9,2012,Marquette,BE,So,19.9,64.4,21.1,0.49,7.4,11.6,18.5,23.1,0.8,2.5,49.6,0.258,0.128,0.708,3.1082,0.396403,2.7118
1dc8b68d-0d0c-5535-8858-222082d205c9,2013,Marquette,BE,Jr,20.9,79.1,23.8,0.5417000000000001,2.3,9.3,12.8,18.6,0.0,2.0,31.5,0.303,0.328,0.756,3.35322,3.18565,0.167563
1dd11892-dd2c-5d93-9838-5363fd4985cf,2023,Alabama,SEC,Fr,19.8,48.4,21.2,0.4854,2.2,10.2,27.0,23.7,0.4,1.4,63.4,0.318,0.118,0.695,1.3509,-0.78225,2.13315
1dd11892-dd2c-5d93-9838-5363fd4985cf,2024,Arizona,P12,So,20.8,49.6,16.6,0.5603,2.1,10.3,15.3,16.3,1.0,2.7,43.0,0.464,0.151,0.825,4.83204,1.78559,3.04645
1dd11892-dd2c-5d93-9838-5363fd4985cf,2025,Arizona,B12,Jr,21.8,84.7,18.1,0.5598,2.0,8.7,18.2,17.4,0.3,2.9,37.6,0.321,0.231,0.827,5.84315,3.83755,2.00561
1dd11892-dd2c-5d93-9838-5363fd4985cf,2026,Arizona,B12,Sr,22.8,76.2,21.1,0.5676,1.8,9.5,23.2,15.1,0.3,2.6,51.2,0.394,0.18,0.809,7.5798,4.21856,3.36124
1df2ca03-45d7-56c4-a3f5-0f4a8b270841,2013,Wake Forest,ACC,Fr,19.4,41.9,21.0,0.4243,7.0,10.6,6.4,19.5,1.0,0.7,34.4,0.237,0.376,0.759,-4.6761,-2.88548,-1.79061
1df2ca03-45d7-56c4-a3f5-0f4a8b270841,2014,Wake Forest,ACC,So,20.4,52.8,22.1,0.5534,5.5,14.8,6.7,18.2,1.6,0.6,60.8,0.313,0.328,0.79,-1.07313,-0.249592,-0.823536
1df2ca03-45d7-56c4-a3f5-0f4a8b270841,2016,George Washington,A10,Jr,22.4,75.6,24.9,0.6256,7.6,20.5,8.6,16.3,0.9,1.1,48.8,0.417,0.307,0.827,3.81217,4.10997,-0.297799
1df2ca03-45d7-56c4-a3f5-0f4a8b270841,2017,George Washington,A10,Sr,23.4,80.4,28.4,0.5893999999999999,8.9,21.4,15.4,17.4,1.3,1.0,45.7,0.409,0.368,0.848,3.6671,4.08485,-0.41775
1e35cc91-47f2-5786-ab09-58949984c0a7,2013,Boston College,ACC,Fr,20.4,85.2,24.5,0.5736,3.0,12.1,15.9,16.5,0.2,2.1,46.3,0.394,0.35,0.75,2.43069,3.31843,-0.887738
1e35cc91-47f2-5786-ab09-58949984c0a7,2014,Boston College,ACC,So,21.4,88.7,27.4,0.6004,1.4,10.3,20.1,15.4,0.2,1.4,60.4,0.351,0.449,0.81,2.45198,5.12813,-2.67614
1e35cc91-47f2-5786-ab09-58949984c0a7,2015,Boston College,ACC,Jr,22.4,92.6,29.5,0.5532,2.6,11.5,29.1,15.0,0.1,2.1,29.2,0.353,0.371,0.759,5.35928,5.68457,-0.325288
1e646043-0946-5e74-91a5-8a08e3b60a24,2014,Valparaiso,Horz,Fr,19.2,76.0,20.7,0.5896,4.4,14.3,10.8,19.0,0.6,1.6,27.7,0.357,0.473,0.768,1.41398,1.59724,-0.183256
1e646043-0946-5e74-91a5-8a08e3b60a24,2015,Valparaiso,Horz,So,20.2,79.0,23.6,0.6221,7.6,18.0,9.1,12.2,1.1,1.4,27.9,0.467,0.447,0.845,5.90728,5.34398,0.563302
1e646043-0946-5e74-91a5-8a08e3b60a24,2016,Valparaiso,Horz,Jr,21.2,82.0,22.9,0.6472,8.7,19.5,8.3,13.6,1.0,1.3,38.0,0.438,0.477,0.852,6.96181,5.41215,1.54966
1e646043-0946-5e74-91a5-8a08e3b60a24,2017,Valparaiso,Horz,Sr,22.2,76.3,29.5,0.5963,8.0,23.2,15.0,13.5,1.0,1.2,42.8,0.369,0.339,0.888,4.91498,4.51145,0.403531
1e7f920c-bc97-5e53-b71d-5febd1029c31,2009,Missouri,B12,Fr,20.8,36.0,22.4,0.5155,3.7,8.6,13.0,17.4,0.7,1.9,27.4,0.373,0.519,0.724,1.73614,2.02333,-0.287197
1e7f920c-bc97-5e53-b71d-5febd1029c31,2010,Missouri,B12,So,21.7,59.7,28.6,0.5172,3.8,11.7,9.8,17.1,0.4,3.1,33.0,0.37,0.463,0.725,1.47958,1.68776,-0.208177
1e7f920c-bc97-5e53-b71d-5febd1029c31,2011,Missouri,B12,Jr,22.7,63.3,21.3,0.4903,2.1,11.3,12.6,20.3,1.3,2.6,38.3,0.346,0.48,0.726,0.583398,0.276122,0.307277
1e7f920c-bc97-5e53-b71d-5febd1029c31,2012,Missouri,B12,Sr,23.8,83.6,18.9,0.6584,3.4,11.9,8.6,16.0,0.9,2.3,36.6,0.459,0.518,0.725,7.07212,6.34908,0.723039
1ea4dede-98a7-58a6-8753-9b2a0ce48016,2012,Syracuse,BE,Fr,20.6,28.6,14.2,0.5776,11.0,17.4,2.9,23.2,8.0,1.6,37.3,0.0,0.0,0.571,4.01875,-0.0759115,4.09467
1ea4dede-98a7-58a6-8753-9b2a0ce48016,2013,Syracuse,BE,So,21.6,51.7,13.7,0.5405,9.7,14.4,2.1,18.6,11.0,1.5,32.9,0.0,0.0,0.574,6.83832,0.185486,6.65284
1ea4dede-98a7-58a6-8753-9b2a0ce48016,2014,Syracuse,ACC,Jr,22.6,58.6,13.2,0.6419,10.3,15.7,5.7,16.1,11.3,1.3,50.0,0.0,0.0,0.726,9.39655,1.89254,7.50401
1ea4dede-98a7-58a6-8753-9b2a0ce48016,2015,Syracuse,ACC,Sr,23.6,85.1,25.5,0.5921,10.1,19.3,10.5,17.3,8.4,1.6,52.0,0.0,0.003,0.712,7.60134,1.86632,5.73501
1eed9019-fe53-58f8-b3df-bb80cdcf0fb1,2023,Oregon St.,P12,Fr,19.2,49.2,20.8,0.5314,6.7,17.8,6.8,16.6,2.2,1.1,28.5,0.3,0.223,0.824,-1.38428,-1.46934,0.0850642
1eed9019-fe53-58f8-b3df-bb80cdcf0fb1,2024,Oregon St.,P12,So,20.2,73.2,22.9,0.6131,4.0,18.7,10.0,13.7,1.6,1.1,33.7,0.353,0.27,0.792,2.10647,2.47758,-0.371107
1eed9019-fe53-58f8-b3df-bb80cdcf0fb1,2025,UCLA,B10,Jr,21.2,64.2,23.8,0.5737,6.7,15.2,11.6,11.1,1.8,2.0,26.7,0.4,0.275,0.717,5.79863,3.75703,2.0416
1eed9019-fe53-58f8-b3df-bb80cdcf0fb1,2026,UCLA,B10,Sr,22.2,64.3,23.7,0.6564,4.7,18.0,7.4,11.0,1.5,1.0,38.0,0.464,0.391,0.873,5.64986,5.2879,0.361961
1fa94e6c-e0f6-50e5-9590-027b336e7738,2017,Maryland,B10,Fr,20.3,70.0,19.6,0.5597,7.3,16.4,6.3,17.5,3.0,1.8,36.2,0.441,0.392,0.702,4.12931,2.03908,2.09022
1fa94e6c-e0f6-50e5-9590-027b336e7738,2018,Maryland,B10,So,21.3,25.9,24.2,0.4705,11.1,21.1,12.6,24.5,3.0,1.7,28.7,0.25,0.396,0.828,2.34255,-0.424643,2.76719
1ffbc2b0-0715-53d1-a021-45046bd2a20e,2024,UAB,Amer,Jr,21.7,75.1,23.0,0.5993999999999999,11.9,27.5,13.6,16.4,7.3,1.4,63.0,0.333,0.119,0.796,7.30043,3.46425,3.83618
1ffbc2b0-0715-53d1-a021-45046bd2a20e,2025,UAB,Amer,Sr,22.7,84.2,25.6,0.5916,11.6,25.1,22.9,14.2,5.1,2.8,44.9,0.362,0.153,0.757,10.9053,6.52472,4.38061
1ffbc2b0-0715-53d1-a021-45046bd2a20e,2026,Michigan,B10,Sr,23.7,75.1,20.5,0.6465000000000001,8.0,16.0,18.0,9.5,4.4,2.1,42.5,0.372,0.464,0.824,15.4997,9.16012,6.33955
205bb406-984d-5647-b09a-8f75102eca35,2009,Louisiana Tech,WAC,Jr,21.5,61.0,25.1,0.5646,11.8,21.9,9.3,20.2,7.8,2.1,45.1,0.5,0.008,0.654,4.87352,0.229935,4.64358
205bb406-984d-5647-b09a-8f75102eca35,2010,Louisiana Tech,WAC,Sr,22.5,72.7,24.1,0.5414,13.3,18.3,5.9,15.7,7.0,1.5,38.3,0.0,0.0,0.66,3.07755,0.0924807,2.98507
20daab76-e861-521a-9878-a90fc60dcaa2,2009,Liberty,BSth,Fr,18.8,90.9,27.2,0.5299,2.2,10.7,13.9,14.2,0.8,2.0,26.4,0.331,0.501,0.825,-1.0796,1.56779,-2.64739
20daab76-e861-521a-9878-a90fc60dcaa2,2011,Duke,ACC,So,20.8,62.4,15.9,0.596,1.8,6.0,13.5,13.5,0.5,3.2,35.6,0.435,0.615,0.788,8.03312,5.59905,2.43407
20daab76-e861-521a-9878-a90fc60dcaa2,2012,Duke,ACC,Jr,21.8,74.9,21.7,0.5726,3.0,6.8,16.2,18.0,0.6,2.5,35.1,0.383,0.497,0.873,5.62451,4.81449,0.810027
20daab76-e861-521a-9878-a90fc60dcaa2,2013,Duke,ACC,Sr,22.8,78.5,22.6,0.6167,2.2,6.8,9.7,9.6,0.5,1.6,35.8,0.438,0.512,0.809,7.09911,7.13215,-0.0330432
20e48abd-dde1-5a11-9846-8c2016edfb5c,2008,Texas A&M,B12,So,20.5,21.0,19.9,0.5336,12.0,23.6,3.3,27.8,5.5,0.6,61.9,0.0,0.0,0.487,0.132229,-2.80468,2.93691
20e48abd-dde1-5a11-9846-8c2016edfb5c,2009,Texas A&M,B12,Jr,21.5,59.1,20.4,0.6587000000000001,13.8,21.5,2.9,22.9,6.7,0.8,59.5,0.0,0.0,0.611,5.16497,2.36602,2.79895
20ed38a5-b896-55ff-ac86-01addbc78bb3,2021,Oklahoma St.,B12,Fr,19.7,78.0,28.6,0.5746,2.3,16.2,20.2,22.0,2.3,2.5,38.9,0.4,0.387,0.846,6.29176,3.2109,3.08087
20fa4d62-1987-51d7-a6d1-cc9085fa8328,2025,Rutgers,B10,Fr,19.3,72.4,28.8,0.5865,2.6,13.5,27.0,14.8,1.9,2.6,41.9,0.333,0.374,0.75,8.09568,6.82484,1.27084
2131c574-02dd-5bf3-85c5-d07997f257d9,2016,Cleveland St.,Horz,Fr,19.4,78.1,25.8,0.5101,2.3,12.2,11.3,26.6,0.1,2.2,37.5,0.373,0.378,0.761,-3.74906,-3.80836,0.0592963
2131c574-02dd-5bf3-85c5-d07997f257d9,2017,Cleveland St.,Horz,So,20.4,76.4,28.8,0.5365,3.1,14.5,13.6,20.2,0.6,2.5,37.1,0.345,0.444,0.762,-0.635647,-0.419157,-0.21649
2131c574-02dd-5bf3-85c5-d07997f257d9,2019,Arizona St.,P12,Jr,22.4,59.3,18.7,0.4946,1.2,10.8,8.2,13.3,0.7,1.9,31.1,0.375,0.498,0.835,1.12192,0.593259,0.52866
2131c574-02dd-5bf3-85c5-d07997f257d9,2020,Arizona St.,P12,Sr,23.4,71.1,20.2,0.5252,2.0,11.8,4.5,17.3,0.3,2.0,22.3,0.363,0.65,0.754,1.27934,0.976168,0.303171
2141bb9d-6718-53b3-9677-5dd0d445d772,2014,Vanderbilt,SEC,Fr,18.9,36.8,17.7,0.43079999999999996,5.1,11.4,11.0,15.9,3.9,1.2,11.5,0.236,0.679,0.533,0.832891,-1.03819,1.87108
2141bb9d-6718-53b3-9677-5dd0d445d772,2015,Vanderbilt,SEC,So,19.9,53.1,19.2,0.6329,5.6,12.5,11.3,17.9,5.1,0.6,23.4,0.407,0.589,0.776,5.65144,4.38496,1.26648
2141bb9d-6718-53b3-9677-5dd0d445d772,2016,Vanderbilt,SEC,Jr,20.9,57.7,18.5,0.4985,7.5,19.7,10.1,12.5,10.3,1.1,32.9,0.28,0.431,0.69,9.62597,1.89854,7.72743
2141bb9d-6718-53b3-9677-5dd0d445d772,2017,Vanderbilt,SEC,Sr,21.9,78.4,21.9,0.5466,5.9,16.6,8.5,11.2,6.7,1.0,39.2,0.327,0.454,0.857,7.67385,2.81708,4.85676
21d818db-7d51-5c2e-a7e2-c52a93b206b1,2016,Kentucky,SEC,Fr,18.5,14.4,14.1,0.4468,11.2,18.2,1.5,19.8,7.6,0.6,36.6,0.0,0.0,0.733,1.84689,-1.36333,3.21022
21d818db-7d51-5c2e-a7e2-c52a93b206b1,2017,Kentucky,SEC,So,19.5,20.7,18.1,0.5257000000000001,17.6,18.5,4.8,15.0,5.7,1.4,28.4,0.0,0.0,0.6,5.36442,1.63933,3.72509
228fc79f-a483-5d04-bee8-a2ad00a79f77,2019,UCLA,P12,Fr,19.4,42.5,21.7,0.5811999999999999,5.2,13.3,9.1,21.8,0.6,1.6,50.3,0.371,0.354,0.739,0.0171688,0.694147,-0.676978
228fc79f-a483-5d04-bee8-a2ad00a79f77,2020,UCLA,P12,So,20.4,38.4,19.8,0.5283,4.7,16.0,8.0,21.5,1.8,2.1,37.4,0.322,0.45,0.776,1.08664,0.391389,0.695253
228fc79f-a483-5d04-bee8-a2ad00a79f77,2021,UCLA,P12,Jr,21.4,70.6,19.0,0.5543,6.0,15.8,10.4,13.5,0.6,1.0,35.4,0.396,0.378,0.744,5.42114,4.17383,1.24731
228fc79f-a483-5d04-bee8-a2ad00a79f77,2022,UCLA,P12,Sr,22.4,73.8,20.7,0.5496,3.1,15.4,10.6,9.4,0.8,1.9,34.5,0.337,0.473,0.818,6.20249,4.58887,1.61362
22c1a4f6-f366-5725-95bf-0a3004ccda6a,2011,North Carolina,ACC,Fr,20.3,26.4,20.2,0.46130000000000004,5.9,13.6,7.5,9.0,0.7,2.5,13.6,0.296,0.58,0.565,5.47678,3.62231,1.85448
22c1a4f6-f366-5725-95bf-0a3004ccda6a,2012,North Carolina,ACC,So,21.3,63.3,14.9,0.5575,6.8,13.3,8.8,14.4,0.8,1.4,7.6,0.382,0.641,0.727,8.23571,5.4453,2.79041
22c1a4f6-f366-5725-95bf-0a3004ccda6a,2013,North Carolina,ACC,Jr,22.3,76.5,18.2,0.617,6.6,15.8,16.2,12.3,0.9,2.2,21.0,0.429,0.571,0.767,10.7539,7.89731,2.85661
22ead0f0-3ebd-5659-bef2-763662037d8c,2020,Louisville,ACC,Fr,19.3,34.5,27.7,0.5245000000000001,8.0,11.9,36.0,25.4,1.9,2.5,27.8,0.217,0.16,0.6,6.6167,3.05617,3.56053
22ead0f0-3ebd-5659-bef2-763662037d8c,2021,Louisville,ACC,So,20.3,82.9,23.3,0.5042,2.9,15.4,19.1,23.9,0.9,1.8,18.3,0.386,0.379,0.7,2.97282,0.23164,2.74118
230a5cfb-1c0e-523b-aaaa-79b4469a6d85,2018,Michigan,B10,So,21.4,66.5,18.8,0.5205,2.0,13.0,24.8,18.4,0.2,2.9,37.3,0.289,0.34,0.516,5.72065,1.71945,4.00121
230a5cfb-1c0e-523b-aaaa-79b4469a6d85,2019,Michigan,B10,Jr,22.4,84.7,19.3,0.5061,1.6,15.0,36.5,18.8,0.2,2.6,19.3,0.308,0.353,0.667,8.21719,3.56823,4.64896
230a5cfb-1c0e-523b-aaaa-79b4469a6d85,2020,Michigan,B10,Sr,23.4,80.7,25.9,0.535,2.4,12.2,43.4,21.2,0.4,1.7,29.7,0.36,0.271,0.574,5.77831,4.25763,1.52068
230f0980-bcb9-5d52-83fa-fc1cb378d602,2015,Tennessee,SEC,Fr,20.0,16.7,14.2,0.3951,7.9,10.6,2.8,23.7,9.0,1.5,55.9,0.0,0.0,0.526,-2.12271,-4.66842,2.54571
230f0980-bcb9-5d52-83fa-fc1cb378d602,2017,St. John's,BE,So,22.0,45.5,15.0,0.5468,10.5,19.4,4.6,17.4,11.7,1.7,37.2,0.0,0.016,0.75,5.02023,-0.909021,5.92925
230f0980-bcb9-5d52-83fa-fc1cb378d602,2018,St. John's,BE,Jr,23.0,75.3,14.6,0.5597,5.6,16.1,3.3,16.5,11.3,1.1,26.5,0.324,0.169,0.69,4.42288,-1.93433,6.35721
230f0980-bcb9-5d52-83fa-fc1cb378d602,2019,Texas Tech,B12,Sr,24.0,62.9,16.2,0.6601,10.9,16.2,5.7,14.5,12.1,1.1,38.9,0.25,0.152,0.78,12.9629,3.80588,9.15699
2341010e-ecd1-5b0f-aeff-537f232f5054,2022,Tennessee,SEC,Fr,19.8,74.3,25.2,0.5387,2.5,9.7,32.4,18.8,0.9,4.1,25.3,0.383,0.327,0.606,7.36443,4.04028,3.32415
23817e9c-aad9-5741-ba0c-23d726bfc2b2,2023,Alabama,SEC,Fr,20.6,80.0,25.0,0.5832,6.7,17.7,12.7,14.7,2.4,1.5,32.9,0.384,0.535,0.859,9.82941,5.80565,4.02376
23c32cdf-ceed-5c7d-be07-9d6327396c0c,2008,Connecticut,BE,So,20.5,77.0,15.9,0.6425,11.1,14.9,2.2,20.2,12.9,0.5,89.4,0.0,0.0,0.698,8.61402,2.41741,6.19661
23c32cdf-ceed-5c7d-be07-9d6327396c0c,2009,Connecticut,BE,Jr,21.5,75.1,19.4,0.6484000000000001,13.4,21.7,3.0,17.5,11.9,1.2,78.3,0.0,0.0,0.627,11.5125,3.53021,7.98233
23f7336a-e556-5f47-b2f4-345ee3dd386f,2022,Gonzaga,WCC,Fr,20.2,67.3,21.4,0.6911,8.0,28.7,11.4,17.9,11.9,1.6,35.4,0.39,0.375,0.717,15.0043,5.3707,9.63365
241d61d4-357b-5170-b83f-7c5c419967f0,2017,Missouri St.,MVC,Jr,21.2,74.8,26.7,0.5767,12.8,29.7,14.0,17.4,0.7,1.2,46.2,0.392,0.298,0.677,3.93095,3.93003,0.000918585
241d61d4-357b-5170-b83f-7c5c419967f0,2018,Missouri St.,MVC,Sr,22.2,78.5,27.9,0.5273,11.5,30.6,19.2,15.9,1.5,0.8,37.0,0.28,0.365,0.759,4.97219,4.00254,0.969643
24370da8-9504-5d45-bf84-6206b4ebd43f,2016,Florida St.,ACC,Fr,19.6,74.3,23.0,0.5829,5.0,15.1,9.8,14.0,0.6,1.8,32.6,0.387,0.361,0.813,4.13566,4.02945,0.106202
24458aa0-53c1-59ff-b891-670a53ebbb80,2016,Mississippi St.,SEC,Fr,19.8,67.1,21.6,0.5561,6.4,12.9,9.8,14.1,2.0,2.9,25.9,0.394,0.367,0.805,4.67349,2.7762,1.89728
24458aa0-53c1-59ff-b891-670a53ebbb80,2017,Mississippi St.,SEC,So,20.8,72.1,25.2,0.5667,4.9,12.7,12.7,15.5,0.9,3.0,30.1,0.373,0.341,0.766,4.37205,2.77183,1.60023
24458aa0-53c1-59ff-b891-670a53ebbb80,2018,Mississippi St.,SEC,Jr,21.8,78.3,24.9,0.5731,5.9,16.1,21.0,20.5,1.2,2.6,40.3,0.292,0.347,0.768,6.76201,4.01952,2.74249
24458aa0-53c1-59ff-b891-670a53ebbb80,2019,Mississippi St.,SEC,Sr,22.8,84.5,25.8,0.6215999999999999,4.7,11.6,16.6,19.3,1.1,2.9,43.7,0.396,0.332,0.809,6.7425,5.40572,1.33679
246e800d-6731-5cd6-8947-65d0a53ef9d0,2008,Georgia,SEC,Sr,22.5,83.4,26.4,0.4851,7.2,12.8,27.1,17.4,0.3,3.1,41.8,0.297,0.336,0.599,6.73083,4.48605,2.24478
24ab3aef-8677-5dcb-852e-50a8b6b6daf3,2014,LSU,SEC,Fr,20.0,81.2,19.6,0.5649000000000001,7.5,18.0,6.3,20.1,9.2,1.1,40.8,0.0,0.016,0.695,4.9716,-0.14906,5.12066
24ab3aef-8677-5dcb-852e-50a8b6b6daf3,2015,LSU,SEC,So,21.0,80.1,24.7,0.5325,10.5,19.6,7.6,21.7,9.7,1.5,38.8,0.111,0.024,0.646,4.86343,-1.01196,5.87539
24b0cfc6-8885-5419-b67b-8f8e87951149,2012,Miami FL,ACC,Fr,19.7,60.7,19.4,0.5036999999999999,2.6,8.8,19.2,23.2,0.3,3.7,34.5,0.323,0.488,0.857,3.23715,1.57814,1.65901
24b0cfc6-8885-5419-b67b-8f8e87951149,2013,Miami FL,ACC,So,20.7,90.7,21.8,0.5997,1.6,10.4,26.1,17.9,0.3,3.4,29.3,0.406,0.445,0.777,9.0697,6.42234,2.64736
24c9348a-d61d-5767-97ac-f5f1996080d4,2024,USC,P12,Fr,19.7,60.0,30.2,0.5669,2.5,8.7,31.1,21.1,0.8,2.9,49.7,0.338,0.255,0.673,2.48676,2.57712,-0.0903565
24ed49fd-fd4d-558a-acf7-e2ad8da6a9f9,2017,Gonzaga,WCC,Fr,19.4,8.2,26.6,0.5668,11.6,19.3,3.0,13.2,3.0,2.6,45.3,0.286,0.264,0.542,2.56687,1.04894,1.51793
24ed49fd-fd4d-558a-acf7-e2ad8da6a9f9,2018,Gonzaga,WCC,So,20.4,51.1,23.9,0.6245,7.4,18.0,5.5,13.7,2.7,1.4,47.1,0.192,0.093,0.795,2.95106,1.66166,1.2894
24ed49fd-fd4d-558a-acf7-e2ad8da6a9f9,2019,Gonzaga,WCC,Jr,21.4,75.5,26.4,0.639,5.8,17.0,9.3,12.9,2.4,1.8,47.7,0.417,0.077,0.739,6.43267,4.02264,2.41003
2523e169-6722-525a-a61c-87bb3874c738,2011,Washington,P10,Fr,20.4,42.1,19.4,0.5556,5.3,12.3,9.6,11.6,2.0,1.8,14.3,0.352,0.543,0.758,5.46938,4.57397,0.895417
2523e169-6722-525a-a61c-87bb3874c738,2012,Washington,P12,So,21.4,77.2,23.3,0.5577000000000001,4.7,17.6,9.2,15.5,3.0,2.3,20.0,0.371,0.413,0.766,5.72444,3.34499,2.37945
25508ec1-0e8d-5bdd-be14-fcd2c8e8631e,2024,UC San Diego,BW,Jr,21.1,82.9,16.4,0.5505,3.7,11.3,20.6,17.3,1.6,3.0,26.8,0.354,0.29,0.817,3.30878,1.67291,1.63587
25508ec1-0e8d-5bdd-be14-fcd2c8e8631e,2025,UC San Diego,BW,Sr,22.1,82.7,17.5,0.5943999999999999,2.3,8.9,18.7,14.7,1.0,5.7,15.1,0.411,0.5,0.682,7.33102,2.71609,4.61492
255f9c6e-b5af-51c3-b0a8-03ffa1a4d960,2009,Kentucky,SEC,Fr,21.2,38.0,21.8,0.4581,1.4,13.7,29.5,35.2,2.7,2.5,40.9,0.235,0.402,0.673,-1.24186,-3.08655,1.84469
255f9c6e-b5af-51c3-b0a8-03ffa1a4d960,2010,Kentucky,SEC,So,22.2,29.0,12.7,0.5214,4.7,10.9,8.8,16.9,1.8,2.6,45.3,0.318,0.512,0.59,5.80447,2.56478,3.23968
255f9c6e-b5af-51c3-b0a8-03ffa1a4d960,2011,Kentucky,SEC,Jr,23.2,78.8,15.9,0.5225,2.2,11.8,14.2,17.3,2.3,2.3,39.8,0.391,0.348,0.648,6.15352,2.86244,3.29108
25ba4379-bba1-5ecc-83b7-a55e3995f9df,2023,Michigan,B10,Fr,19.9,30.8,20.3,0.49200000000000005,14.4,20.3,1.3,23.3,7.3,2.4,74.7,0.0,0.0,0.4,-0.0185952,-3.52803,3.50943
25ba4379-bba1-5ecc-83b7-a55e3995f9df,2024,Michigan,B10,So,20.9,65.6,20.8,0.5379,11.3,19.9,4.4,23.4,5.2,1.2,51.6,0.333,0.014,0.586,0.0231812,-2.08203,2.10521
25ba4379-bba1-5ecc-83b7-a55e3995f9df,2025,Connecticut,BE,Jr,21.9,49.1,22.8,0.6714,17.5,27.4,10.8,16.4,9.0,2.0,49.8,0.0,0.0,0.644,10.032,4.58317,5.4488
25ba4379-bba1-5ecc-83b7-a55e3995f9df,2026,Connecticut,BE,Sr,22.9,59.4,26.5,0.6143,14.2,24.5,17.8,15.6,8.4,2.0,44.5,0.0,0.012,0.617,12.9328,4.83684,8.09592
25e85751-7111-5d74-a04e-a93883d707aa,2013,Kentucky,SEC,Fr,19.2,57.5,18.2,0.5826,10.4,22.3,9.5,19.1,13.2,3.9,62.7,0.0,0.0,0.529,12.8106,2.43515,10.3754
25f59f62-8725-5157-86c6-cae1b59dc9e3,2013,Virginia,ACC,Fr,18.7,29.6,25.9,0.5661999999999999,10.9,15.3,8.4,12.7,5.2,0.5,20.7,0.6,0.03,0.794,2.77453,1.49217,1.28236
25f59f62-8725-5157-86c6-cae1b59dc9e3,2014,Virginia,ACC,So,19.7,45.0,22.0,0.5095000000000001,13.5,12.4,3.9,15.2,7.0,0.9,27.2,0.333,0.015,0.679,4.21495,0.104846,4.11011
25f59f62-8725-5157-86c6-cae1b59dc9e3,2015,Virginia,ACC,Jr,20.7,42.5,23.4,0.5523,14.8,21.7,4.8,13.0,4.8,1.1,34.8,0.0,0.006,0.746,5.02404,1.38272,3.64133
25f59f62-8725-5157-86c6-cae1b59dc9e3,2016,Virginia,ACC,Sr,21.7,39.2,23.2,0.611,13.2,23.2,5.8,12.0,4.8,1.1,25.3,0.2,0.051,0.62,6.55684,3.51719,3.03965
26124d0f-2727-5727-b8ea-7a3509ba0b5d,2012,Kentucky,SEC,Fr,19.7,28.9,20.5,0.5690999999999999,7.0,9.8,6.5,17.0,3.5,0.7,16.7,0.432,0.5,0.815,4.26795,4.12215,0.145795
26124d0f-2727-5727-b8ea-7a3509ba0b5d,2013,Kentucky,SEC,So,20.7,58.9,21.3,0.5498,5.4,13.7,12.8,14.9,1.7,0.9,20.9,0.367,0.54,0.81,2.87899,3.77364,-0.894657
26124d0f-2727-5727-b8ea-7a3509ba0b5d,2015,Gonzaga,WCC,Jr,22.7,69.3,25.4,0.6325999999999999,6.2,18.0,14.2,9.8,2.5,1.1,24.3,0.465,0.327,0.785,9.31535,7.28552,2.02983
26124d0f-2727-5727-b8ea-7a3509ba0b5d,2016,Gonzaga,WCC,Sr,23.7,84.1,26.3,0.6175,5.8,14.0,9.3,13.6,2.3,0.6,28.1,0.438,0.396,0.854,6.08003,5.11135,0.968683
265b6799-24ec-5a12-8cd6-0d19d2db584a,2017,South Florida,Amer,Fr,20.0,54.7,17.9,0.479,4.3,16.3,9.7,18.0,1.8,1.7,27.0,0.338,0.432,0.54,-1.37643,-1.24771,-0.128719
265b6799-24ec-5a12-8cd6-0d19d2db584a,2019,Saint Mary's,WCC,So,22.0,77.1,24.6,0.5847,7.3,23.2,6.3,12.8,0.7,2.3,31.7,0.406,0.371,0.77,4.91486,3.74105,1.17382
265b6799-24ec-5a12-8cd6-0d19d2db584a,2020,Saint Mary's,WCC,Jr,23.0,84.0,24.4,0.5871999999999999,3.6,23.0,7.2,14.2,1.1,2.4,36.5,0.405,0.388,0.799,4.06439,2.85516,1.20924
26b3cf4a-d135-52cf-939e-93adfcc69677,2014,Indiana,B10,Fr,19.5,53.6,19.3,0.5583,8.1,14.9,8.8,24.8,2.0,2.2,44.5,0.207,0.168,0.675,3.71496,0.292279,3.42268
26b3cf4a-d135-52cf-939e-93adfcc69677,2015,Indiana,B10,So,20.5,64.6,24.9,0.5872999999999999,9.5,21.7,14.7,19.3,1.7,2.2,40.3,0.462,0.044,0.742,5.30053,3.5447,1.75583
26b3cf4a-d135-52cf-939e-93adfcc69677,2016,Indiana,B10,Jr,21.5,65.2,26.2,0.5874,6.9,19.1,13.9,22.4,3.1,2.5,50.9,0.347,0.236,0.691,4.80001,1.9558,2.84421
272261bf-5495-5d48-b34c-bd6370569de8,2020,West Virginia,B12,Fr,20.6,57.6,23.5,0.5992000000000001,18.8,25.7,3.4,18.0,5.3,1.9,64.9,0.0,0.0,0.708,6.80912,3.12073,3.68839
272261bf-5495-5d48-b34c-bd6370569de8,2021,West Virginia,B12,So,21.6,16.9,22.9,0.5428000000000001,20.4,23.2,7.3,15.0,2.2,1.1,43.1,0.0,0.0,0.607,4.17565,3.79099,0.384659
272261bf-5495-5d48-b34c-bd6370569de8,2022,Kentucky,SEC,Jr,22.6,79.2,24.8,0.6245,19.4,34.3,6.1,14.2,5.4,3.2,41.9,0.0,0.003,0.691,11.2162,6.47077,4.74542
272261bf-5495-5d48-b34c-bd6370569de8,2023,Kentucky,SEC,Sr,23.6,78.3,24.5,0.6026,19.5,27.9,9.4,14.8,3.3,2.9,54.0,0.0,0.006,0.729,10.2971,6.27095,4.02616
2774110e-90d7-586b-8636-6df9b6da1bd8,2023,Kentucky,SEC,Fr,19.1,14.1,16.2,0.5147999999999999,9.4,12.9,6.6,24.9,3.4,2.8,113.8,0.333,0.31,0.697,3.53198,0.329881,3.2021
2774110e-90d7-586b-8636-6df9b6da1bd8,2024,Kentucky,SEC,So,20.1,39.9,16.1,0.5722999999999999,8.3,16.5,7.9,10.8,5.3,1.7,41.7,0.318,0.167,0.8,5.19844,2.83905,2.35939
2774110e-90d7-586b-8636-6df9b6da1bd8,2025,Arkansas,SEC,Jr,21.1,51.2,25.9,0.6053999999999999,7.7,15.9,14.0,13.6,2.9,3.4,69.2,0.256,0.17,0.686,8.17934,4.36623,3.81311
277ab674-5990-5c6c-ae18-db9fa13bcb6e,2010,North Carolina,ACC,Fr,19.5,39.4,20.5,0.4915,10.7,17.8,10.9,20.4,9.4,2.5,40.3,0.222,0.099,0.438,7.34466,0.362461,6.9822
277ab674-5990-5c6c-ae18-db9fa13bcb6e,2011,North Carolina,ACC,So,20.5,66.6,23.4,0.5018,12.7,25.3,5.8,17.9,11.6,1.2,39.0,0.167,0.016,0.479,8.21334,0.0823981,8.13094
277ab674-5990-5c6c-ae18-db9fa13bcb6e,2012,North Carolina,ACC,Jr,21.5,66.8,21.9,0.5051,9.1,25.1,8.0,11.0,9.6,1.1,32.9,0.0,0.0,0.511,9.21641,1.89395,7.32245
2790267b-dcda-57de-97c4-40fa8818b0dc,2018,Gonzaga,WCC,Fr,19.3,45.3,15.8,0.5781000000000001,6.5,11.8,6.1,11.7,0.9,0.8,19.3,0.351,0.61,0.667,3.78038,3.21966,0.560719
2790267b-dcda-57de-97c4-40fa8818b0dc,2019,Gonzaga,WCC,So,20.3,65.3,13.6,0.5865,4.3,12.3,5.9,13.6,1.9,1.4,13.4,0.374,0.685,0.875,6.78435,4.03813,2.74622
2790267b-dcda-57de-97c4-40fa8818b0dc,2020,Gonzaga,WCC,Jr,21.3,82.1,17.2,0.6208,3.4,9.9,9.9,13.5,1.1,1.5,25.5,0.438,0.541,0.81,6.57201,5.5843,0.987709
2790267b-dcda-57de-97c4-40fa8818b0dc,2021,Gonzaga,WCC,Sr,22.3,79.2,20.7,0.6738,3.8,13.9,9.0,10.7,1.4,1.5,24.8,0.44,0.524,0.878,9.90284,8.10684,1.79599
2795e8a9-4df0-5c1c-ad85-65c08d1a52e4,2019,Clemson,ACC,Fr,19.6,5.3,9.3,0.4179,8.5,17.5,2.4,26.4,8.4,1.7,83.3,0.0,0.0,0.6,2.05497,-3.92198,5.97695
2795e8a9-4df0-5c1c-ad85-65c08d1a52e4,2020,Clemson,ACC,So,20.6,20.0,16.9,0.47950000000000004,13.6,14.2,3.3,26.9,3.7,1.4,22.4,0.0,0.041,0.364,-1.80147,-3.89908,2.09762
2795e8a9-4df0-5c1c-ad85-65c08d1a52e4,2021,UAB,CUSA,Jr,21.6,66.4,17.0,0.5415,10.6,19.9,7.1,20.7,8.5,1.5,35.9,0.0,0.0,0.691,4.82222,-1.20349,6.0257
2795e8a9-4df0-5c1c-ad85-65c08d1a52e4,2022,UAB,CUSA,Jr,22.6,61.1,15.1,0.6257,12.2,21.2,5.3,21.5,6.9,1.0,42.4,0.0,0.0,0.641,4.54778,1.12682,3.42096
2795e8a9-4df0-5c1c-ad85-65c08d1a52e4,2023,UAB,CUSA,Sr,23.6,61.8,16.5,0.5943999999999999,11.7,24.6,3.4,13.8,7.3,1.2,49.4,0.0,0.0,0.64,5.07793,1.03048,4.04744
27b19269-78e0-5403-b226-4d67c208e7cc,2015,Providence,BE,Fr,20.2,53.3,18.2,0.512,12.7,14.2,5.7,18.2,2.0,0.8,47.7,0.3,0.174,0.695,1.62024,1.20723,0.413005
27b19269-78e0-5403-b226-4d67c208e7cc,2016,Providence,BE,So,21.2,84.7,28.1,0.5670000000000001,8.4,16.7,8.0,11.4,3.1,1.4,46.5,0.329,0.296,0.782,5.02748,3.63381,1.39367
27dd783c-2b0c-5e35-bf43-544664887a76,2011,Providence,BE,Fr,18.9,36.8,12.2,0.5058,3.0,7.8,5.5,8.7,0.0,2.5,34.9,0.259,0.509,0.784,0.341575,1.16488,-0.823302
27dd783c-2b0c-5e35-bf43-544664887a76,2012,Providence,BE,So,19.9,96.0,17.2,0.5727,1.3,5.8,12.1,14.7,0.4,1.6,28.8,0.379,0.578,0.891,2.13019,4.062,-1.93182
27dd783c-2b0c-5e35-bf43-544664887a76,2013,Providence,BE,Jr,20.9,87.9,22.5,0.5932,2.1,8.7,18.1,10.5,0.3,1.5,40.1,0.364,0.603,0.793,7.19421,7.6115,-0.417294
27dd783c-2b0c-5e35-bf43-544664887a76,2014,Providence,BE,Sr,21.9,96.4,28.1,0.5653,1.6,8.9,34.8,13.3,0.2,1.5,48.3,0.367,0.383,0.853,5.78553,7.46426,-1.67873
281e5d0b-88fa-5b9a-8e87-8b60299d0f75,2019,New Mexico St.,WAC,Jr,22.3,27.8,23.9,0.5576,10.1,12.7,23.2,12.0,6.4,3.4,16.0,0.351,0.513,0.625,12.7273,6.98927,5.73806
281e5d0b-88fa-5b9a-8e87-8b60299d0f75,2020,New Mexico St.,WAC,Sr,23.3,58.0,24.1,0.5722,9.1,15.7,17.5,17.1,1.3,3.3,15.3,0.375,0.502,0.795,7.44656,5.01103,2.43553
28bca11e-a93b-53cb-bc1b-258741db7081,2017,Oklahoma St.,B12,Fr,19.7,38.0,14.6,0.5556,8.7,14.5,6.2,26.4,1.8,1.8,100.0,0.3,0.278,0.75,3.52297,2.61173,0.911245
28bca11e-a93b-53cb-bc1b-258741db7081,2018,Oklahoma St.,B12,So,20.7,59.9,17.1,0.6075,9.9,15.1,7.5,19.0,2.3,1.8,52.0,0.368,0.285,0.865,5.57928,2.9424,2.63688
28bca11e-a93b-53cb-bc1b-258741db7081,2019,Oklahoma St.,B12,Jr,21.7,84.1,22.1,0.4959,7.5,17.3,10.4,14.0,2.9,2.1,37.9,0.298,0.385,0.767,3.37037,1.97302,1.39735
28bca11e-a93b-53cb-bc1b-258741db7081,2020,Oklahoma St.,B12,Sr,22.7,75.4,21.6,0.5623,7.8,16.9,9.1,17.2,1.1,0.7,43.0,0.308,0.313,0.832,3.0451,2.76861,0.276491
292d8a7a-66e7-58d6-9d89-9fe7c1d4a5d8,2023,Michigan,B10,Fr,19.8,66.1,21.8,0.5619,1.0,8.8,12.9,11.0,2.1,0.8,22.7,0.368,0.64,0.8,4.56533,4.30518,0.26015
2983d6d5-700b-5829-9c74-a5adae224c54,2014,Missouri,SEC,Fr,19.1,65.2,15.0,0.4935,13.8,15.0,5.2,16.6,7.1,0.9,56.4,0.364,0.067,0.565,4.86234,1.26884,3.5935
2983d6d5-700b-5829-9c74-a5adae224c54,2015,Missouri,SEC,So,20.1,74.8,27.2,0.4866,9.7,19.0,7.1,20.0,2.4,0.7,53.4,0.344,0.207,0.612,-2.47669,-1.8703,-0.606386
2983d6d5-700b-5829-9c74-a5adae224c54,2017,Gonzaga,WCC,Jr,22.1,60.6,19.4,0.6167,9.2,18.2,5.7,15.8,3.6,1.6,48.1,0.4,0.153,0.563,7.35001,2.63095,4.71905
2983d6d5-700b-5829-9c74-a5adae224c54,2018,Gonzaga,WCC,Sr,23.1,71.9,23.9,0.5732,9.7,22.7,9.6,17.8,4.0,1.4,49.7,0.229,0.1,0.54,4.68956,0.954352,3.7352
29d44d5e-e521-53c8-89cd-774c1cbb99d5,2020,LSU,SEC,Fr,19.6,78.2,23.1,0.5486,7.9,16.9,9.9,20.5,2.5,1.6,41.1,0.269,0.209,0.674,2.77051,2.30336,0.467154
29d44d5e-e521-53c8-89cd-774c1cbb99d5,2021,LSU,SEC,So,20.6,83.1,24.9,0.5361,5.3,16.8,15.6,16.9,2.0,1.8,42.9,0.316,0.161,0.651,4.85377,3.20573,1.64804
2a02bf82-1a95-53cc-a69e-c9d6af7d67ec,2024,Tennessee,SEC,Fr,19.6,4.2,24.7,0.4046,0.0,16.0,21.3,15.4,3.9,0.9,11.1,0.278,0.667,0.667,-0.874906,-2.58452,1.70961
2a02bf82-1a95-53cc-a69e-c9d6af7d67ec,2025,Tennessee,SEC,So,20.6,2.8,17.1,0.7739,2.9,13.3,18.4,8.6,6.0,0.0,112.5,0.4,0.625,0.778,10.4465,7.4689,2.97758
2a02bf82-1a95-53cc-a69e-c9d6af7d67ec,2026,Baylor,B12,So,21.6,84.4,24.3,0.6177,2.3,17.6,13.7,16.8,3.9,1.6,38.3,0.376,0.479,0.805,6.0069,4.0676,1.93929
2a2b7df7-ff9c-5336-9924-873a2aacc061,2014,Baylor,B12,Fr,19.8,17.4,17.1,0.4592,8.4,10.8,20.3,28.6,0.4,1.7,63.4,0.333,0.22,0.462,0.828215,0.343178,0.485036
2a361bf5-1287-5813-8c3b-c4870bbe03d6,2026,North Carolina,ACC,Fr,19.9,56.7,28.8,0.6264,10.5,22.2,18.1,12.6,4.4,2.8,61.6,0.259,0.092,0.713,12.2009,6.20691,5.99398
2a37016f-fb96-5af1-8ba4-867fb1942f1a,2009,St. Bonaventure,A10,Fr,19.5,62.0,22.5,0.609,9.8,16.1,2.2,20.5,10.7,1.3,43.4,0.0,0.0,0.613,2.25226,-1.28138,3.53364
2a37016f-fb96-5af1-8ba4-867fb1942f1a,2010,St. Bonaventure,A10,So,20.5,73.2,24.0,0.5967,9.1,17.9,3.7,14.8,6.6,0.4,37.1,0.0,0.0,0.76,1.72301,1.13299,0.590021
2a37016f-fb96-5af1-8ba4-867fb1942f1a,2011,St. Bonaventure,A10,Jr,21.5,81.3,30.0,0.6141,6.4,19.0,8.7,19.2,4.5,1.0,55.9,0.261,0.055,0.711,1.31017,1.12842,0.181751
2a37016f-fb96-5af1-8ba4-867fb1942f1a,2012,St. Bonaventure,A10,Sr,22.5,74.3,28.1,0.6377,11.2,22.8,9.4,18.1,7.3,1.3,42.9,0.434,0.138,0.776,7.99215,4.48653,3.50562
2a7c164f-b885-5320-83d9-9284d22b8f24,2018,Creighton,BE,Fr,19.9,43.7,18.0,0.5549000000000001,1.3,11.3,15.8,22.1,0.7,0.9,29.3,0.34,0.671,0.707,0.937444,0.463965,0.473479
2a7c164f-b885-5320-83d9-9284d22b8f24,2019,Creighton,BE,So,20.9,79.7,24.1,0.5476,1.9,12.3,15.6,14.4,1.0,2.1,25.2,0.36,0.608,0.794,4.0152,3.10098,0.914218
2a7c164f-b885-5320-83d9-9284d22b8f24,2020,Creighton,BE,Jr,21.9,87.4,21.9,0.5849,0.9,14.8,12.3,10.4,0.8,2.2,35.8,0.395,0.542,0.864,7.32301,5.995,1.32801
2a8a2f69-02b3-5caf-a3e1-170eb62c9883,2011,Stanford,P10,Fr,18.7,57.7,18.7,0.539,5.1,11.3,7.0,14.4,1.1,1.4,25.5,0.353,0.551,0.709,2.8094,2.49933,0.310076
2a8a2f69-02b3-5caf-a3e1-170eb62c9883,2012,Stanford,P12,So,19.7,58.9,18.8,0.4947,4.2,15.5,8.5,17.3,0.5,1.5,26.9,0.35,0.448,0.625,2.30064,0.620466,1.68017
2a8a2f69-02b3-5caf-a3e1-170eb62c9883,2013,Stanford,P12,Jr,20.7,5.1,17.0,0.2864,1.6,13.3,2.6,24.7,1.4,0.8,10.0,0.333,0.3,1.0,-7.37521,-7.14532,-0.229888
2a8a2f69-02b3-5caf-a3e1-170eb62c9883,2014,Stanford,P12,Jr,21.7,83.5,18.5,0.61,3.3,13.9,12.4,18.5,0.4,1.5,45.2,0.453,0.391,0.785,4.40318,2.97162,1.43157
2a8a2f69-02b3-5caf-a3e1-170eb62c9883,2015,Stanford,P12,Sr,22.7,87.7,21.2,0.573,3.8,18.8,15.2,15.7,0.6,1.3,35.8,0.441,0.439,0.795,5.58778,4.22284,1.36493
2a8a6bef-8d00-582b-bacb-f5a3b379c987,2008,Syracuse,BE,Fr,19.5,88.5,21.4,0.5668,2.0,5.9,26.8,19.3,0.5,2.3,34.1,0.348,0.387,0.775,2.99122,4.52962,-1.5384
2a8a6bef-8d00-582b-bacb-f5a3b379c987,2009,Syracuse,BE,So,20.5,90.7,24.9,0.5657,1.9,5.9,32.6,20.5,0.4,2.0,48.0,0.321,0.301,0.785,4.75927,5.21382,-0.454556
2afe959b-2745-55bc-a1c7-774da1773484,2014,Arizona,P12,Fr,18.8,77.1,23.2,0.5027,10.4,19.3,13.0,12.4,3.4,1.8,47.1,0.356,0.118,0.422,8.2888,2.87859,5.41021
2b3417cd-9686-5ef2-b22c-7f5c3fb5fe1f,2018,Kentucky,SEC,Fr,20.6,36.6,16.1,0.6485,12.4,20.7,3.0,17.0,7.0,0.3,63.4,0.0,0.0,0.718,5.12273,2.15558,2.96714
2b3417cd-9686-5ef2-b22c-7f5c3fb5fe1f,2019,Kentucky,SEC,So,21.6,29.9,17.6,0.6351,16.3,16.5,2.9,19.8,12.0,0.5,86.6,0.0,0.0,0.69,8.60696,2.25636,6.3506
2b3417cd-9686-5ef2-b22c-7f5c3fb5fe1f,2020,Kentucky,SEC,Jr,22.6,73.5,20.3,0.6736,11.3,18.6,1.7,15.3,8.0,0.2,57.1,0.0,0.0,0.752,5.49276,2.96557,2.5272
2b73c818-a51e-5e7b-a6e6-8a069da59c1b,2016,Campbell,BSth,Fr,18.9,83.4,27.4,0.5421,1.1,11.6,13.1,12.0,0.9,2.4,24.9,0.354,0.553,0.843,-1.51601,1.78606,-3.30208
2b73c818-a51e-5e7b-a6e6-8a069da59c1b,2017,Campbell,BSth,So,19.9,83.1,36.9,0.5685,2.0,14.5,20.9,13.5,1.6,3.4,32.5,0.346,0.49,0.821,2.79344,4.66288,-1.86944
2b73c818-a51e-5e7b-a6e6-8a069da59c1b,2018,Campbell,BSth,Jr,20.9,80.3,34.9,0.6059,1.1,14.9,19.7,13.4,0.9,2.6,48.0,0.367,0.5,0.864,1.60431,4.80581,-3.2015
2b73c818-a51e-5e7b-a6e6-8a069da59c1b,2019,Campbell,BSth,Sr,21.9,93.9,37.4,0.5986,2.5,14.0,19.4,10.8,1.0,2.5,42.5,0.346,0.582,0.863,4.15965,7.42085,-3.2612
2b7d64dc-a95a-5fe7-94c0-9e3262a49e72,2019,Siena,MAAC,Fr,19.7,91.2,28.4,0.5461,4.4,11.9,42.5,15.0,2.8,3.5,28.0,0.348,0.444,0.746,6.98188,5.50891,1.47297
2b7d64dc-a95a-5fe7-94c0-9e3262a49e72,2020,Siena,MAAC,So,20.7,88.1,22.2,0.5503,3.4,11.2,34.4,13.2,3.2,1.7,16.5,0.374,0.42,0.689,6.21831,5.82889,0.389421
2b7d64dc-a95a-5fe7-94c0-9e3262a49e72,2021,Siena,MAAC,Jr,21.7,74.3,22.5,0.5166,3.7,16.2,27.8,18.1,3.2,1.4,20.1,0.359,0.491,0.75,2.71725,1.51746,1.19979
2b7d64dc-a95a-5fe7-94c0-9e3262a49e72,2022,Penn St.,B10,Sr,22.7,92.0,22.6,0.5024000000000001,2.0,11.8,26.0,13.5,1.9,1.9,15.4,0.32,0.384,0.746,4.44305,2.41594,2.02711
2b7d64dc-a95a-5fe7-94c0-9e3262a49e72,2023,Penn St.,B10,Sr,23.7,89.8,29.3,0.5765,4.0,19.6,39.3,13.2,1.6,1.6,23.0,0.381,0.23,0.763,10.8812,7.66124,3.21993
2b8fff9a-984f-5373-a9c3-1e49edf3610a,2013,Cleveland St.,Horz,Fr,19.9,72.0,22.3,0.5646,2.8,12.9,8.5,15.5,0.1,1.7,27.9,0.386,0.493,0.854,-1.50779,1.87789,-3.38569
2b8fff9a-984f-5373-a9c3-1e49edf3610a,2014,Cleveland St.,Horz,So,20.9,82.5,20.8,0.5866,2.2,8.0,9.6,13.4,0.0,1.5,38.4,0.42,0.537,0.817,1.41021,2.95552,-1.54531
2b8fff9a-984f-5373-a9c3-1e49edf3610a,2015,Michigan St.,B10,Jr,21.9,63.7,14.3,0.6132,1.0,5.4,7.1,13.4,0.6,1.4,21.1,0.427,0.667,0.808,4.6799,3.9926,0.687307
2b8fff9a-984f-5373-a9c3-1e49edf3610a,2016,Michigan St.,B10,Sr,22.9,69.6,18.1,0.6668999999999999,1.5,6.5,9.7,10.0,0.1,0.9,21.9,0.481,0.679,0.84,6.45409,7.33125,-0.877161
2bad2cf3-4246-5c7d-8d37-73a404f6e1aa,2008,N.C. State,ACC,So,20.5,30.4,14.8,0.4788,4.3,5.5,7.9,19.9,2.0,1.4,46.5,0.286,0.394,0.636,-0.522323,-0.245833,-0.276491
2bad2cf3-4246-5c7d-8d37-73a404f6e1aa,2009,N.C. State,ACC,Jr,21.5,46.7,15.8,0.5863,4.7,12.5,12.1,12.0,1.5,1.2,35.7,0.357,0.5,0.82,4.41799,4.75806,-0.340068
2bad2cf3-4246-5c7d-8d37-73a404f6e1aa,2010,N.C. State,ACC,Sr,22.5,69.6,21.7,0.5704,7.2,12.9,11.2,15.8,3.4,2.2,39.0,0.33,0.296,0.782,6.57914,3.55824,3.0209
2bc1ea1f-a1a1-53e3-a09b-093938817953,2009,Fresno St.,WAC,Fr,19.5,85.2,21.3,0.5834,6.3,14.1,12.2,18.7,2.9,3.0,37.4,0.442,0.404,0.695,3.86542,2.05214,1.81328
2bc1ea1f-a1a1-53e3-a09b-093938817953,2010,Fresno St.,WAC,So,20.5,72.6,27.3,0.5722,6.8,18.6,22.6,20.8,3.0,3.9,34.8,0.356,0.464,0.902,6.65875,3.40089,3.25787
2bd3058e-a58f-5942-ab60-818e17434141,2023,Connecticut,BE,Fr,20.6,72.3,14.4,0.6163000000000001,6.4,11.3,10.1,16.6,2.6,1.1,17.2,0.402,0.601,0.809,8.6881,5.35102,3.33708
2bd3058e-a58f-5942-ab60-818e17434141,2024,Connecticut,BE,So,21.6,76.6,17.1,0.6229,5.7,12.5,8.0,9.5,2.8,1.7,15.8,0.379,0.554,0.885,9.37861,6.18427,3.19434
2bd3058e-a58f-5942-ab60-818e17434141,2025,Connecticut,BE,Jr,22.6,83.4,19.6,0.5686,5.9,12.1,14.5,11.5,4.9,1.0,26.9,0.347,0.533,0.828,6.67421,4.74762,1.92659
2bd3058e-a58f-5942-ab60-818e17434141,2026,Connecticut,BE,Sr,23.6,85.1,17.6,0.5904,6.4,11.8,12.4,10.8,2.8,1.5,21.5,0.374,0.509,0.851,8.8434,5.30259,3.54081
2c28aab3-a3ea-50f2-ac07-59d3e3ca9020,2017,Kansas,B12,Fr,17.8,9.8,22.1,0.5638000000000001,10.6,26.2,2.4,26.6,12.7,0.8,82.9,0.0,0.0,0.379,1.5759,-3.93576,5.51166
2c28aab3-a3ea-50f2-ac07-59d3e3ca9020,2018,Kansas,B12,So,18.8,54.2,22.2,0.7178,12.4,20.8,5.7,19.1,7.5,1.3,39.4,0.0,0.0,0.417,8.43448,4.08673,4.34775
2c28aab3-a3ea-50f2-ac07-59d3e3ca9020,2019,Kansas,B12,Jr,19.8,12.6,28.2,0.6491,12.6,23.4,7.1,19.6,8.6,1.2,41.0,0.0,0.0,0.344,6.43052,1.95477,4.47575
2c28aab3-a3ea-50f2-ac07-59d3e3ca9020,2020,Kansas,B12,Sr,20.8,69.8,23.5,0.6806,15.2,26.7,7.4,21.4,10.9,1.0,61.1,0.0,0.0,0.441,11.5045,3.96495,7.53958
2c65dee3-b2da-55d9-90a2-d10a94d5d2d9,2008,Gonzaga,WCC,Jr,21.5,83.6,22.4,0.5611999999999999,1.1,10.8,33.4,25.7,0.9,2.5,38.3,0.265,0.277,0.678,3.99233,2.72061,1.27172
2c65dee3-b2da-55d9-90a2-d10a94d5d2d9,2009,Gonzaga,WCC,Sr,22.5,74.5,21.6,0.5426,3.4,8.8,27.9,22.0,0.5,2.7,24.9,0.361,0.217,0.7,4.7962,3.07767,1.71853
2c6ebadf-c642-58bb-a59d-fbbde8250347,2018,Alabama,SEC,Fr,19.7,51.5,15.5,0.446,4.6,13.4,11.7,27.6,3.3,3.4,33.8,0.269,0.183,0.5,2.80266,-2.15016,4.95283
2c6ebadf-c642-58bb-a59d-fbbde8250347,2019,Alabama,SEC,So,20.7,52.7,21.9,0.4559,5.9,12.3,18.0,24.3,2.8,2.6,56.1,0.286,0.112,0.495,2.15065,-1.59269,3.74333
2c6ebadf-c642-58bb-a59d-fbbde8250347,2020,Alabama,SEC,Jr,21.7,56.7,17.6,0.5287,8.0,16.8,15.1,20.9,2.6,2.5,68.0,0.071,0.092,0.625,4.54048,1.25005,3.29042
2c6ebadf-c642-58bb-a59d-fbbde8250347,2021,Alabama,SEC,Sr,22.7,67.9,24.3,0.5289,9.4,15.2,21.7,22.9,4.0,3.4,45.0,0.351,0.197,0.715,8.91512,2.63609,6.27904
2caca9fe-e04c-51bb-aeb5-f2ccb767a5fd,2018,DePaul,BE,Jr,22.2,88.7,23.4,0.5462,4.7,13.3,15.3,17.8,1.8,2.0,29.1,0.333,0.58,0.803,5.51278,3.12116,2.39162
2caca9fe-e04c-51bb-aeb5-f2ccb767a5fd,2019,DePaul,BE,Sr,23.2,90.3,23.4,0.5749,3.5,14.7,11.3,12.7,1.6,1.4,28.1,0.363,0.575,0.842,3.5467,5.03061,-1.4839
2ccdaf2b-8da5-5673-bf86-696beb384e50,2015,Arizona,P12,Fr,19.1,70.9,26.0,0.551,8.9,19.1,11.6,17.4,1.6,3.2,45.6,0.371,0.297,0.742,8.64823,4.03916,4.60907
2cd6a8eb-81f5-5551-ac76-df6288c4a353,2018,Florida St.,ACC,Fr,20.2,46.4,19.1,0.5102,1.2,8.5,10.0,17.6,0.8,1.9,26.6,0.345,0.556,0.754,0.579642,0.428037,0.151604
2cd6a8eb-81f5-5551-ac76-df6288c4a353,2019,Florida St.,ACC,So,21.2,60.5,18.3,0.4698,1.8,8.0,11.3,23.5,0.8,1.8,25.2,0.328,0.536,0.778,1.41847,-0.397508,1.81597
2cd6a8eb-81f5-5551-ac76-df6288c4a353,2020,Florida St.,ACC,Jr,22.2,52.2,21.5,0.5186999999999999,1.1,6.8,10.7,15.6,1.1,1.8,33.2,0.361,0.533,0.803,0.932354,1.66569,-0.733335
2cd6a8eb-81f5-5551-ac76-df6288c4a353,2021,Florida St.,ACC,Sr,23.2,69.1,21.8,0.5787,2.0,7.4,15.9,23.3,1.5,1.7,33.9,0.423,0.477,0.797,3.49767,2.87477,0.622897
2cef25d1-eef8-50db-8462-1b86e82aebf4,2010,Arizona,P10,Fr,19.3,61.8,17.5,0.5504,7.6,12.8,13.5,26.8,0.5,1.4,51.7,0.222,0.119,0.705,1.6432,0.441168,1.20204
2cef25d1-eef8-50db-8462-1b86e82aebf4,2011,Arizona,P10,So,20.3,62.1,18.4,0.5793,8.7,14.3,13.2,21.8,0.7,2.0,46.7,0.354,0.224,0.78,6.52859,3.90241,2.62618
2cef25d1-eef8-50db-8462-1b86e82aebf4,2012,Arizona,P12,Jr,21.3,80.4,22.4,0.6009,8.3,19.1,18.6,20.7,1.6,1.9,51.7,0.389,0.315,0.724,6.35917,3.3894,2.96977
2cef25d1-eef8-50db-8462-1b86e82aebf4,2013,Arizona,P12,Sr,22.3,82.1,21.4,0.5794,6.6,12.8,16.8,18.7,1.8,2.1,35.9,0.39,0.423,0.766,8.20661,5.46231,2.7443
2cf657b5-98b9-5e76-871f-6167d273a6d3,2008,LSU,SEC,Jr,21.5,84.1,27.9,0.5722999999999999,7.0,11.5,10.2,13.9,0.9,2.4,23.8,0.383,0.496,0.832,5.44581,6.01881,-0.572996
2cf657b5-98b9-5e76-871f-6167d273a6d3,2009,LSU,SEC,Sr,22.5,79.1,28.9,0.5801,7.1,11.9,15.4,11.6,1.2,2.9,36.9,0.388,0.371,0.745,7.72344,7.86628,-0.142843
2d3ccd3d-7ad0-5642-a512-87187c9c9751,2008,UCLA,P10,So,20.5,84.6,22.5,0.5328,5.9,8.4,24.0,19.9,0.6,2.9,38.6,0.32,0.196,0.709,7.55501,4.27569,3.27932
2d428aab-91b1-5dec-977b-89a822f60e90,2026,Louisville,ACC,Fr,20.2,43.8,31.0,0.5771000000000001,0.2,12.1,30.3,19.3,0.5,2.4,44.7,0.344,0.586,0.844,4.95751,4.06737,0.890134
2d70c87c-93a9-54db-9486-a79f460a0b43,2019,Rice,CUSA,Fr,19.0,51.8,16.5,0.6448999999999999,3.1,10.8,7.3,11.7,2.5,1.1,28.0,0.438,0.791,0.725,1.43562,3.09944,-1.66382
2d70c87c-93a9-54db-9486-a79f460a0b43,2020,Rice,CUSA,So,20.0,68.6,20.1,0.5803,4.4,15.2,8.5,13.2,1.5,1.8,26.1,0.362,0.681,0.833,2.11905,3.1359,-1.01685
2d70c87c-93a9-54db-9486-a79f460a0b43,2021,Virginia,ACC,Jr,21.0,73.5,17.3,0.6698999999999999,2.8,11.7,8.2,9.8,1.8,1.8,21.5,0.433,0.628,0.927,7.64696,5.91948,1.72748
2d87b32e-7e53-52dc-963c-00fa15d953c5,2018,Duke,ACC,Fr,19.9,73.8,22.4,0.4893,2.1,4.9,30.3,23.4,0.5,2.8,25.7,0.29,0.309,0.596,1.99798,1.49815,0.499834
2d9ba48c-ab4f-5374-be7e-d772eb0a07cb,2017,Marquette,BE,Fr,18.3,53.0,25.5,0.6858,1.6,10.3,19.9,20.5,0.3,2.1,23.4,0.547,0.558,0.889,5.05936,6.49742,-1.43805
2d9ba48c-ab4f-5374-be7e-d772eb0a07cb,2018,Marquette,BE,So,19.3,75.7,29.0,0.6107,1.5,11.0,18.4,15.7,0.2,1.8,21.7,0.404,0.534,0.938,3.42832,5.6591,-2.23078
2d9ba48c-ab4f-5374-be7e-d772eb0a07cb,2019,Marquette,BE,Jr,20.3,82.8,36.2,0.5901,1.5,11.2,27.3,18.4,0.1,1.8,42.5,0.403,0.497,0.89,5.28367,5.88154,-0.597863
2d9ba48c-ab4f-5374-be7e-d772eb0a07cb,2020,Marquette,BE,Sr,21.3,78.9,37.3,0.5927,1.9,9.1,26.2,15.3,0.1,1.6,44.5,0.412,0.525,0.847,6.77263,8.7538,-1.98117
2dadc8fe-801b-5325-b536-f5da8f925460,2018,Iowa,B10,Fr,19.5,53.8,23.7,0.6133,12.8,20.4,9.7,11.6,4.6,0.9,51.5,0.348,0.176,0.681,5.44885,5.22869,0.220154
2dadc8fe-801b-5325-b536-f5da8f925460,2019,Iowa,B10,So,20.5,53.1,24.4,0.6058,9.2,12.8,8.5,13.0,2.6,0.8,36.3,0.288,0.247,0.804,3.6755,4.31244,-0.636938
2dadc8fe-801b-5325-b536-f5da8f925460,2020,Iowa,B10,Jr,21.5,80.1,31.1,0.5943,12.5,21.2,9.3,10.4,6.0,1.5,36.8,0.358,0.206,0.651,8.53431,6.87604,1.65827
2dadc8fe-801b-5325-b536-f5da8f925460,2021,Iowa,B10,Sr,22.5,78.8,30.4,0.6199,10.4,18.2,12.1,8.9,5.2,1.2,39.2,0.44,0.197,0.709,10.7441,8.57174,2.17235
2db34d89-aa87-5552-9b28-f7622a2d50db,2008,Kansas St.,B12,Fr,18.6,58.2,22.1,0.5102,1.1,5.6,24.9,21.0,0.1,3.0,34.8,0.305,0.485,0.685,3.15897,3.33825,-0.179275
2db34d89-aa87-5552-9b28-f7622a2d50db,2009,Kansas St.,B12,So,19.6,74.5,24.3,0.5215,2.5,7.7,21.4,22.0,0.2,3.1,31.6,0.341,0.562,0.73,4.13574,3.21618,0.919565
2db34d89-aa87-5552-9b28-f7622a2d50db,2010,Kansas St.,B12,Jr,20.6,78.4,25.7,0.5962,1.5,7.9,21.7,16.7,0.1,3.3,52.2,0.396,0.578,0.82,8.78436,7.88689,0.897472
2db34d89-aa87-5552-9b28-f7622a2d50db,2011,Kansas St.,B12,Sr,21.6,74.2,29.6,0.5628,2.3,8.3,26.0,18.6,0.3,2.7,50.5,0.374,0.435,0.774,6.91076,6.19628,0.714483
2e4d27a2-3e54-51fb-9b07-7bb412c73f8b,2020,Oregon,P12,Jr,23.0,66.2,22.7,0.5292,6.2,15.8,10.4,13.6,2.1,3.4,25.7,0.336,0.461,0.795,6.14926,4.15273,1.99653
2e4d27a2-3e54-51fb-9b07-7bb412c73f8b,2021,Oregon,P12,Sr,24.0,79.1,22.5,0.6573,2.8,14.0,14.9,17.5,2.8,3.3,26.2,0.424,0.478,0.81,9.3347,6.49367,2.84103
2e5ab33a-1706-53b8-a6bc-fa17a7d283dc,2016,South Carolina,SEC,Fr,19.8,30.5,22.5,0.5201,14.3,22.3,2.3,19.6,7.3,1.7,103.9,0.0,0.0,0.598,0.0172979,-2.57752,2.59482
2e5ab33a-1706-53b8-a6bc-fa17a7d283dc,2017,South Carolina,SEC,So,20.8,51.9,24.6,0.597,12.0,20.4,3.8,19.9,7.4,1.7,78.4,0.0,0.004,0.753,4.57437,-0.26116,4.83553
2e5ab33a-1706-53b8-a6bc-fa17a7d283dc,2018,South Carolina,SEC,Jr,21.8,65.2,29.4,0.5828,13.5,21.8,11.5,20.2,6.3,1.4,103.7,0.417,0.045,0.749,6.15492,1.40812,4.7468
2e5ab33a-1706-53b8-a6bc-fa17a7d283dc,2019,South Carolina,SEC,Sr,22.8,66.4,26.9,0.5989,10.6,21.2,7.8,18.1,8.1,1.9,73.3,0.489,0.156,0.735,7.26357,2.58844,4.67513
2f2351d4-ea94-5020-813e-3d71be6b0ddc,2018,Missouri,SEC,Fr,18.6,60.8,23.0,0.5706,7.3,23.1,20.1,20.5,7.1,2.0,43.2,0.367,0.476,0.758,9.57339,2.89534,6.67805
2f4b29be-c184-5a36-be04-6a945063be15,2022,Duke,ACC,Fr,18.8,69.5,20.1,0.5201,3.3,9.0,14.6,12.1,0.2,2.3,27.6,0.312,0.493,0.67,4.82945,4.84674,-0.0172844
2fb58ed2-29de-53d6-bc03-337d5fe40e8e,2021,Southern Miss,CUSA,Fr,19.0,60.8,23.2,0.4875,1.9,15.5,13.8,22.0,0.9,2.6,16.6,0.344,0.466,0.75,-2.10202,-2.55577,0.453747
2fb58ed2-29de-53d6-bc03-337d5fe40e8e,2022,Southern Miss,CUSA,So,20.0,56.0,23.0,0.44049999999999995,1.7,11.3,10.8,19.5,0.0,1.4,7.3,0.319,0.627,0.789,-5.46592,-2.13654,-3.32939
2fb58ed2-29de-53d6-bc03-337d5fe40e8e,2023,Wichita St.,Amer,So,21.0,67.1,21.3,0.48090000000000005,2.4,9.6,8.7,14.6,0.9,1.1,11.0,0.282,0.543,0.722,-1.3475,-0.131604,-1.21589
2fb58ed2-29de-53d6-bc03-337d5fe40e8e,2025,Jacksonville St.,CUSA,Sr,23.0,94.7,30.6,0.5267000000000001,2.0,13.7,21.5,15.5,1.0,1.1,29.0,0.361,0.435,0.804,1.68223,2.43768,-0.755457
2fb58ed2-29de-53d6-bc03-337d5fe40e8e,2026,SMU,ACC,Sr,24.0,82.4,23.3,0.5672,2.6,13.7,11.1,13.6,1.7,1.7,20.6,0.37,0.449,0.758,2.46021,2.68054,-0.220326
2fbb82b8-8148-5a50-9663-88f8380a008d,2019,Duke,ACC,Fr,19.5,80.7,15.9,0.485,2.8,8.4,23.9,14.7,0.5,3.0,19.4,0.262,0.323,0.758,5.61795,3.52744,2.09051
2fbb82b8-8148-5a50-9663-88f8380a008d,2020,Duke,ACC,So,20.5,81.6,24.6,0.5239,2.1,10.8,31.4,16.8,0.9,2.8,36.6,0.361,0.282,0.771,6.52834,4.74496,1.78339
2fed6954-2388-572f-9e9f-4832b9c20326,2016,San Diego St.,MWC,Fr,20.6,51.0,21.5,0.593,9.0,19.6,9.7,25.2,3.9,1.6,86.4,0.167,0.074,0.707,3.46875,-0.872742,4.34149
2fed6954-2388-572f-9e9f-4832b9c20326,2017,San Diego St.,MWC,So,21.6,53.9,22.3,0.5889,10.9,19.4,13.0,21.3,2.9,2.6,65.3,0.182,0.064,0.752,5.00078,0.793191,4.20759
2fed6954-2388-572f-9e9f-4832b9c20326,2019,Arizona St.,P12,Sr,23.6,79.6,21.3,0.5781000000000001,7.3,27.0,18.9,24.1,3.0,1.4,69.4,0.44,0.093,0.618,5.30054,0.879418,4.42112
30232d18-4b5e-5d1c-ac13-b3192fb4ac0e,2021,Cleveland St.,Horz,Jr,22.5,60.8,22.4,0.4953,3.2,13.4,12.4,15.4,3.2,4.0,14.5,0.299,0.535,0.649,2.86531,0.47398,2.39133
30232d18-4b5e-5d1c-ac13-b3192fb4ac0e,2022,Cleveland St.,Horz,Sr,23.5,71.0,22.9,0.5885,3.3,9.4,9.8,11.8,2.8,4.4,26.9,0.329,0.506,0.75,4.13317,3.65113,0.482042
30232d18-4b5e-5d1c-ac13-b3192fb4ac0e,2023,Missouri,SEC,Sr,24.5,72.3,20.1,0.626,2.9,12.8,10.4,7.5,2.1,5.1,21.2,0.4,0.67,0.734,9.4552,7.44199,2.0132
303d9831-7972-5cf8-90d5-360cbab5d021,2019,LSU,SEC,Fr,19.8,64.5,25.9,0.5437,10.2,19.4,6.4,20.1,2.8,1.5,35.1,0.333,0.23,0.727,1.92552,1.26381,0.66171
30473fa4-be83-51f7-a8f6-3f4f317d9586,2009,Florida St.,ACC,Fr,19.6,66.7,18.7,0.5088,8.5,12.1,8.2,23.5,5.6,3.4,40.9,0.333,0.44,0.611,7.08791,1.42708,5.66084
30473fa4-be83-51f7-a8f6-3f4f317d9586,2010,Florida St.,ACC,So,20.6,78.2,21.6,0.4814,7.9,16.9,14.1,25.9,5.4,4.2,40.5,0.297,0.415,0.496,8.08446,0.649562,7.4349
30473fa4-be83-51f7-a8f6-3f4f317d9586,2011,Florida St.,ACC,Jr,21.6,59.6,23.6,0.5306000000000001,8.2,17.0,8.9,18.2,5.9,3.9,44.1,0.368,0.332,0.667,8.54975,2.05724,6.49251
30e31c00-c302-58ec-9c6a-f9085be470df,2020,Kentucky,SEC,Fr,19.6,85.4,22.1,0.5306000000000001,1.4,12.1,18.3,16.6,1.3,1.5,34.2,0.292,0.322,0.833,4.10997,2.79153,1.31843
30fa429a-3d91-5e8c-811f-8225acbf87ae,2016,Charleston,CAA,Fr,20.0,70.6,25.2,0.5245000000000001,7.9,22.9,10.8,22.0,2.0,2.8,39.8,0.333,0.14,0.712,1.61714,-2.51272,4.12986
30fa429a-3d91-5e8c-811f-8225acbf87ae,2017,Charleston,CAA,So,21.0,80.0,25.8,0.5565,6.6,23.4,8.5,19.2,2.6,2.1,43.9,0.373,0.229,0.755,1.49089,-0.823216,2.3141
30fa429a-3d91-5e8c-811f-8225acbf87ae,2018,Charleston,CAA,Jr,22.0,59.5,27.9,0.5895,6.9,19.4,11.8,16.7,2.6,1.9,31.0,0.385,0.255,0.821,1.73674,1.06187,0.674878
30fa429a-3d91-5e8c-811f-8225acbf87ae,2019,Charleston,CAA,Sr,23.0,84.4,29.9,0.5867,6.6,23.8,15.4,15.4,3.0,2.4,34.7,0.31,0.251,0.782,4.21802,2.1414,2.07662
30fc88d9-a9bc-56dd-baa2-d7bc7e1f3a6a,2017,UCLA,P12,Fr,19.7,87.6,20.1,0.6726000000000001,3.2,14.3,31.4,18.9,2.1,2.8,28.6,0.412,0.566,0.673,11.0013,8.15926,2.84207
31122d58-d540-5701-bd5a-dc55aa1f676c,2011,Washington,P10,Fr,20.5,37.1,20.1,0.5832999999999999,4.6,9.6,9.6,11.1,1.8,1.5,14.4,0.401,0.73,0.806,5.84985,6.0038,-0.153952
31122d58-d540-5701-bd5a-dc55aa1f676c,2012,Washington,P12,So,21.5,64.7,20.3,0.5801,3.0,9.7,8.2,12.2,2.2,1.8,26.7,0.403,0.52,0.839,5.29612,4.42193,0.874188
31122d58-d540-5701-bd5a-dc55aa1f676c,2013,Washington,P12,Jr,22.5,86.4,23.9,0.5336,3.9,10.6,12.4,13.5,3.0,1.9,23.8,0.366,0.427,0.816,6.19437,4.5374,1.65697
31122d58-d540-5701-bd5a-dc55aa1f676c,2014,Washington,P12,Sr,23.5,86.5,23.1,0.5977,2.3,10.6,15.4,12.2,2.8,1.7,27.1,0.391,0.529,0.873,6.05618,5.58577,0.470409
31a89f52-2167-5af2-84e3-2cc2892d40d0,2017,Minnesota,B10,Fr,20.0,78.9,19.2,0.5589999999999999,2.3,9.6,17.9,17.3,0.4,1.8,50.0,0.337,0.325,0.753,4.20555,2.49395,1.71161
31a89f52-2167-5af2-84e3-2cc2892d40d0,2018,Minnesota,B10,So,21.0,43.9,22.1,0.5665,3.1,10.6,20.9,15.7,0.9,1.3,45.4,0.368,0.311,0.687,2.13245,2.76114,-0.628686
31a89f52-2167-5af2-84e3-2cc2892d40d0,2019,Minnesota,B10,Jr,22.0,87.6,24.8,0.5367000000000001,2.2,9.6,19.9,15.4,0.7,1.5,48.7,0.304,0.297,0.738,3.63075,3.18753,0.443218
31dd967e-26e8-5012-ad59-4b7e494503fc,2019,Baylor,B12,Fr,18.8,66.7,21.3,0.53,2.8,10.8,20.1,20.7,0.4,2.2,23.0,0.351,0.578,0.794,2.7614,3.27768,-0.516285
31dd967e-26e8-5012-ad59-4b7e494503fc,2020,Baylor,B12,So,19.8,75.7,27.1,0.5439,1.8,10.6,22.9,17.7,0.5,3.2,22.3,0.381,0.506,0.775,7.35395,5.36641,1.98754
31dd967e-26e8-5012-ad59-4b7e494503fc,2021,Baylor,B12,Jr,20.8,75.8,26.9,0.5987,1.7,11.3,27.8,20.0,1.3,3.7,24.2,0.416,0.492,0.78,9.70997,7.17305,2.53691
31e6a289-6e0b-522d-acbc-66a4bc5c1db7,2021,Utah,P12,Fr,20.3,65.8,19.3,0.6239,1.9,12.4,19.2,30.7,2.0,1.5,44.4,0.463,0.4,0.883,2.85747,1.16577,1.6917
31e6a289-6e0b-522d-acbc-66a4bc5c1db7,2022,Arizona,P12,So,21.3,51.5,17.1,0.6157,4.7,12.2,13.5,23.8,1.0,2.0,41.2,0.359,0.505,0.813,4.69374,3.11176,1.58198
31e6a289-6e0b-522d-acbc-66a4bc5c1db7,2023,Arizona,P12,Jr,22.3,68.6,17.9,0.6188,4.0,12.6,17.9,19.5,0.9,1.6,61.0,0.356,0.399,0.835,6.60958,4.34983,2.25974
31e6a289-6e0b-522d-acbc-66a4bc5c1db7,2024,Arizona,P12,Sr,23.3,73.7,19.1,0.6218,3.9,10.6,20.1,17.9,0.8,1.7,36.9,0.426,0.344,0.75,7.13387,4.80796,2.3259
322edde8-d911-5fcc-bbba-4ff998d76306,2018,Louisville,ACC,Fr,19.8,23.1,18.2,0.523,8.0,16.8,2.8,10.4,3.9,2.0,14.5,0.323,0.564,0.688,2.16716,1.31406,0.853105
322edde8-d911-5fcc-bbba-4ff998d76306,2019,Louisville,ACC,So,20.8,44.8,22.5,0.5297999999999999,11.8,25.4,3.0,13.1,6.9,0.9,42.4,0.318,0.429,0.701,5.01701,1.23464,3.78237
322edde8-d911-5fcc-bbba-4ff998d76306,2020,Louisville,ACC,Jr,21.8,38.8,22.5,0.5606,14.8,22.2,3.8,9.2,3.9,1.5,59.5,0.29,0.203,0.648,5.92093,4.10692,1.814
322edde8-d911-5fcc-bbba-4ff998d76306,2021,Louisville,ACC,Sr,22.8,7.7,21.8,0.3425,11.1,21.3,9.4,18.0,0.0,2.0,20.0,0.286,0.35,0.25,-2.15683,-3.16533,1.0085
322edde8-d911-5fcc-bbba-4ff998d76306,2022,Louisville,ACC,Sr,23.8,52.6,21.0,0.5342,7.8,27.8,8.1,15.8,3.0,3.0,27.2,0.305,0.385,0.655,4.96326,1.10797,3.85529
32469057-21e0-5a2e-8e41-3c15178955f5,2008,Oregon St.,P10,Fr,19.1,41.1,21.0,0.4789,8.8,15.0,4.9,16.9,2.5,1.0,29.4,0.309,0.359,0.667,-1.32578,-1.13008,-0.195697
32469057-21e0-5a2e-8e41-3c15178955f5,2009,Oregon St.,P10,So,20.1,44.0,22.4,0.5221,4.9,17.0,9.2,23.1,2.2,1.9,23.7,0.349,0.48,0.585,-0.6359,-1.03136,0.395459
32469057-21e0-5a2e-8e41-3c15178955f5,2010,Oregon St.,P10,Jr,21.1,38.7,20.4,0.4635,7.2,14.3,9.3,20.5,1.7,2.2,21.2,0.267,0.514,0.677,0.0276908,-0.991526,1.01922
32469057-21e0-5a2e-8e41-3c15178955f5,2011,Oregon St.,P10,Sr,22.1,66.8,15.6,0.5052,7.8,19.8,8.0,20.1,1.4,1.8,26.5,0.239,0.342,0.519,0.662114,-0.00269356,0.664808
32594d98-49d9-503c-9e97-664670c3f87d,2023,Kentucky,SEC,Fr,18.7,8.0,18.8,0.5357999999999999,18.6,25.8,3.5,11.6,16.0,1.6,20.6,0.0,0.0,0.571,8.64651,0.935045,7.71147
32594d98-49d9-503c-9e97-664670c3f87d,2024,Kentucky,SEC,So,19.7,33.5,11.1,0.5647,11.2,16.5,1.6,18.5,15.4,0.8,56.7,0.0,0.017,0.588,6.99502,0.0213031,6.97372
32594d98-49d9-503c-9e97-664670c3f87d,2025,Kansas St.,B12,Jr,20.7,20.0,10.2,0.7147,10.0,15.4,1.4,13.0,8.5,1.6,32.5,0.0,0.0,0.769,5.76141,0.0151379,5.74627
32594d98-49d9-503c-9e97-664670c3f87d,2026,Virginia,ACC,Sr,21.7,45.7,15.1,0.6161,9.8,19.3,5.8,9.5,17.4,2.0,26.0,0.278,0.213,0.727,13.8674,2.33698,11.5305
3273e681-779c-5853-8599-60ca1b8ca71e,2011,Stanford,P10,Fr,19.5,22.2,13.9,0.48840000000000006,11.6,12.9,5.1,11.0,2.9,0.7,36.4,0.2,0.182,0.65,1.61764,0.741468,0.876174
3273e681-779c-5853-8599-60ca1b8ca71e,2012,Stanford,P12,So,20.5,49.3,15.9,0.48479999999999995,9.9,17.8,8.5,13.5,6.4,1.4,44.3,0.279,0.257,0.514,6.87301,1.32316,5.54985
3273e681-779c-5853-8599-60ca1b8ca71e,2013,Stanford,P12,Jr,21.5,80.0,18.0,0.5257000000000001,11.2,20.9,5.7,14.4,6.2,1.4,26.8,0.338,0.255,0.667,7.19205,2.60185,4.5902
3273e681-779c-5853-8599-60ca1b8ca71e,2014,Stanford,P12,Sr,22.5,87.6,17.9,0.5096,8.8,18.4,6.8,11.2,5.9,1.0,29.5,0.338,0.223,0.627,5.4844,1.52566,3.95874
32753bfd-7cb7-53ba-8f52-af556f136c7c,2012,Connecticut,BE,Fr,18.9,70.3,20.8,0.5093,14.2,15.5,3.4,16.0,9.9,1.8,30.1,0.0,0.007,0.295,5.49036,0.749326,4.74104
32839785-e12b-55e1-9fb9-3a641572b5c8,2017,Ohio St.,B10,Fr,19.2,32.8,16.3,0.5362,9.8,14.3,3.5,16.8,3.0,1.1,35.4,0.333,0.515,0.6,1.83943,1.38552,0.453918
32839785-e12b-55e1-9fb9-3a641572b5c8,2018,Ohio St.,B10,So,20.2,21.2,20.6,0.5659000000000001,13.2,15.5,6.3,11.7,4.4,1.0,33.3,0.3,0.222,0.8,4.42239,2.93765,1.48474
32839785-e12b-55e1-9fb9-3a641572b5c8,2020,Wisconsin,B10,Jr,22.2,29.7,28.6,0.6446999999999999,10.7,30.5,5.7,19.5,6.0,1.3,29.9,0.451,0.354,0.86,5.75046,2.44024,3.31022
32839785-e12b-55e1-9fb9-3a641572b5c8,2021,Wisconsin,B10,Sr,23.2,55.0,28.0,0.6107,9.5,22.2,15.0,13.3,3.6,1.4,28.9,0.386,0.361,0.84,9.6193,6.47884,3.14046
32894558-3710-5e01-a731-909a98be3e73,2015,Kentucky,SEC,Fr,18.7,51.9,20.5,0.6002000000000001,2.6,7.8,10.9,13.8,0.3,1.3,22.3,0.411,0.491,0.828,6.67624,5.56744,1.1088
329dd7e0-fc56-515d-9861-89c9a369527e,2016,Villanova,BE,Fr,19.4,4.6,21.5,0.35710000000000003,17.4,8.9,9.1,26.2,0.0,3.2,0.0,0.176,0.81,0.0,2.10007,0.598891,1.50118
329dd7e0-fc56-515d-9861-89c9a369527e,2017,Villanova,BE,So,20.4,63.8,19.1,0.5815,5.5,12.7,12.0,18.1,1.3,2.2,35.5,0.365,0.491,0.699,5.97427,3.45962,2.51465
329dd7e0-fc56-515d-9861-89c9a369527e,2018,Villanova,BE,So,21.4,72.5,22.8,0.6077,4.9,13.8,20.0,17.0,0.7,2.1,27.4,0.401,0.542,0.71,8.83181,6.57155,2.26026
32db3e09-c5ef-5194-96f6-b114d8afa1b4,2020,Oregon,P12,Fr,18.7,12.7,21.9,0.6022,9.2,15.0,9.1,18.8,5.2,4.1,29.4,0.0,0.0,0.4,6.38062,2.21423,4.16639
32db3e09-c5ef-5194-96f6-b114d8afa1b4,2021,Oregon,P12,So,19.7,9.5,22.0,0.6187,13.9,26.6,1.9,15.1,7.7,5.0,50.0,0.0,0.0,0.438,6.27404,1.95565,4.31838
32db3e09-c5ef-5194-96f6-b114d8afa1b4,2022,Oregon,P12,Jr,20.7,45.9,20.4,0.6618,12.9,23.6,7.1,22.4,5.6,2.0,40.0,0.0,0.0,0.594,5.9613,2.06821,3.8931
32db3e09-c5ef-5194-96f6-b114d8afa1b4,2023,Oregon,P12,Sr,21.7,56.3,25.5,0.6201,13.7,22.7,9.6,18.6,5.7,2.4,41.1,0.0,0.0,0.617,8.13134,3.51996,4.61138
32db3e09-c5ef-5194-96f6-b114d8afa1b4,2024,Oregon,P12,Sr,22.7,47.5,24.2,0.6857,10.3,24.5,11.2,18.2,6.6,3.2,50.5,0.0,0.0,0.613,10.2352,4.09407,6.14111
32eec1d3-9367-5017-9687-fe442c814426,2011,Kentucky,SEC,Fr,19.6,70.7,19.1,0.6312,2.1,5.6,11.3,14.7,0.6,1.2,30.9,0.486,0.432,0.79,4.91607,5.29062,-0.374558
32eec1d3-9367-5017-9687-fe442c814426,2012,Kentucky,SEC,So,20.6,78.1,18.1,0.6242,1.5,7.7,8.8,11.6,0.2,0.9,40.4,0.466,0.442,0.826,6.09395,6.53295,-0.438991
33082996-c389-5f36-a2a4-01acd909ddf7,2008,New Mexico St.,WAC,So,20.5,67.2,18.5,0.5692,2.4,6.2,10.6,18.2,0.2,1.8,11.5,0.409,0.534,0.744,2.02978,2.61075,-0.580967
33082996-c389-5f36-a2a4-01acd909ddf7,2009,New Mexico St.,WAC,Jr,21.5,72.4,22.8,0.5451,0.9,5.9,13.6,16.2,0.1,2.7,31.1,0.387,0.48,0.688,0.107675,2.35367,-2.24599
33082996-c389-5f36-a2a4-01acd909ddf7,2010,New Mexico St.,WAC,Sr,22.5,81.7,23.2,0.5969,1.7,7.7,17.3,15.5,0.2,2.3,25.6,0.406,0.595,0.843,3.42118,5.18622,-1.76504
3325f6fe-2ec0-5beb-aead-108bd4b80465,2021,North Carolina,ACC,Fr,19.7,69.1,25.0,0.41659999999999997,1.4,8.7,23.1,24.8,1.4,2.4,23.7,0.266,0.389,0.808,-0.60289,-1.41411,0.811218
3325f6fe-2ec0-5beb-aead-108bd4b80465,2022,North Carolina,ACC,So,20.7,84.6,25.4,0.5118,0.7,10.0,19.5,17.9,0.7,1.6,28.7,0.36,0.483,0.863,2.83564,2.26634,0.569297
3325f6fe-2ec0-5beb-aead-108bd4b80465,2023,North Carolina,ACC,Jr,21.7,87.7,25.8,0.4913,1.1,10.3,16.8,15.2,0.6,1.7,26.6,0.299,0.491,0.765,1.88864,1.63563,0.253015
3325f6fe-2ec0-5beb-aead-108bd4b80465,2024,Arizona,P12,Sr,22.7,79.2,25.1,0.5437,2.4,13.4,18.1,13.8,1.0,2.0,27.1,0.332,0.525,0.839,6.57385,4.61426,1.95959
3325f6fe-2ec0-5beb-aead-108bd4b80465,2025,Arizona,B12,Sr,23.7,84.6,24.0,0.5336,1.2,12.6,18.2,13.5,0.9,1.9,23.4,0.34,0.535,0.889,5.8182,4.95791,0.860287
3348e31a-8165-56ff-851b-f7dd4ee116e5,2011,Bradley,MVC,Fr,18.9,47.8,22.0,0.46649999999999997,2.4,10.8,10.6,26.2,2.2,2.6,21.5,0.333,0.186,0.658,-3.70263,-4.49296,0.790325
3348e31a-8165-56ff-851b-f7dd4ee116e5,2012,Bradley,MVC,So,19.9,76.6,24.7,0.5545,0.9,10.8,20.8,24.9,1.7,2.5,48.8,0.345,0.285,0.667,-0.815766,-1.16139,0.345625
3348e31a-8165-56ff-851b-f7dd4ee116e5,2013,Bradley,MVC,Jr,20.9,85.1,27.9,0.5307,1.8,13.3,24.4,23.2,1.4,3.8,31.8,0.33,0.238,0.761,1.40382,0.567204,0.836613
3348e31a-8165-56ff-851b-f7dd4ee116e5,2014,Bradley,MVC,Sr,21.9,88.7,31.9,0.49979999999999997,0.8,9.9,28.9,19.7,0.3,4.3,34.1,0.29,0.202,0.746,0.960963,0.488681,0.472282
334b9c15-d03f-5b5c-b204-b2761a833c2c,2010,Syracuse,BE,Fr,20.2,6.9,21.6,0.5012,3.8,13.4,8.9,21.2,7.9,4.6,10.3,0.292,0.615,0.5,6.18426,0.554647,5.62962
334b9c15-d03f-5b5c-b204-b2761a833c2c,2011,Syracuse,BE,So,21.2,28.0,15.0,0.5458,4.1,13.3,6.3,6.3,4.8,2.2,8.5,0.379,0.559,0.7,5.57028,3.18187,2.38842
334b9c15-d03f-5b5c-b204-b2761a833c2c,2012,Syracuse,BE,Jr,22.2,39.9,18.3,0.5684,6.5,15.0,4.6,7.3,6.5,3.2,16.0,0.336,0.534,0.697,8.45131,4.87087,3.58044
334b9c15-d03f-5b5c-b204-b2761a833c2c,2013,Syracuse,BE,Sr,23.2,62.3,19.2,0.5856,4.8,14.3,7.7,12.6,3.6,3.1,15.9,0.398,0.589,0.789,9.6304,5.87656,3.75384
3441d5e5-0619-54a1-8e1c-369f8191dff5,2013,Virginia,ACC,Fr,19.6,59.9,20.8,0.5231,5.1,12.2,20.2,16.1,6.0,2.3,42.0,0.303,0.311,0.764,7.66267,2.63944,5.02323
3441d5e5-0619-54a1-8e1c-369f8191dff5,2014,Virginia,ACC,So,20.6,53.6,22.9,0.5158,4.2,14.1,14.9,18.4,4.2,1.1,40.3,0.294,0.432,0.716,5.5632,1.54781,4.01539
3441d5e5-0619-54a1-8e1c-369f8191dff5,2015,Virginia,ACC,Jr,21.6,52.8,22.0,0.6097,3.1,14.5,14.0,13.2,2.5,1.6,37.1,0.452,0.471,0.78,9.63299,5.40829,4.2247
3453796e-5fdf-57de-8782-5c2f533972c9,2023,South Florida,Amer,Fr,19.0,46.2,17.8,0.47350000000000003,2.1,9.6,17.7,22.9,0.4,2.7,24.8,0.3,0.588,0.816,-0.955994,-0.841748,-0.114246
3453796e-5fdf-57de-8782-5c2f533972c9,2024,Indiana St.,MVC,So,20.0,82.5,20.8,0.6420999999999999,3.0,15.9,12.8,13.7,0.8,1.8,31.0,0.4,0.634,0.866,6.0385,4.88841,1.15009
3453796e-5fdf-57de-8782-5c2f533972c9,2025,Xavier,BE,Jr,21.0,81.9,22.1,0.6181,1.0,8.8,14.9,12.8,0.6,2.3,34.3,0.412,0.614,0.828,5.30786,4.92943,0.378426
3453796e-5fdf-57de-8782-5c2f533972c9,2026,Louisville,ACC,Sr,22.0,75.0,27.5,0.5658,2.3,14.4,16.5,14.2,0.6,2.0,30.2,0.345,0.659,0.832,5.23004,4.22703,1.00301
34eb2849-aa76-5028-9391-1379177d3dc7,2008,Kansas,B12,Sr,22.5,60.4,19.8,0.6506000000000001,10.2,20.8,8.2,15.1,2.1,1.8,55.3,0.333,0.023,0.687,8.87447,5.49515,3.37932
362d6704-8d2c-5c2f-ba72-cb94323a04c4,2015,George Washington,A10,Fr,20.7,55.6,17.2,0.5158,4.4,13.8,5.9,11.6,3.0,1.2,26.3,0.348,0.5,0.831,1.80193,1.04045,0.761481
362d6704-8d2c-5c2f-ba72-cb94323a04c4,2016,George Washington,A10,So,21.7,68.7,16.3,0.5233,4.1,12.2,9.4,14.9,4.1,1.2,35.0,0.306,0.422,0.707,3.89537,1.60303,2.29234
362d6704-8d2c-5c2f-ba72-cb94323a04c4,2017,George Washington,A10,Jr,22.7,70.1,18.8,0.5462,4.6,11.1,15.3,16.6,3.3,1.9,34.7,0.314,0.321,0.817,3.73408,1.97211,1.76197
362d6704-8d2c-5c2f-ba72-cb94323a04c4,2018,George Washington,A10,Sr,23.7,91.4,22.1,0.5396,4.2,15.7,9.2,11.5,4.7,1.3,26.9,0.364,0.348,0.807,2.33332,1.52809,0.805227
36309f82-9cf0-572c-b8bb-276b56f74631,2016,Creighton,BE,Fr,20.1,45.2,18.1,0.5386,5.1,16.4,12.8,17.8,0.5,2.9,27.6,0.418,0.316,0.521,4.74429,1.38603,3.35827
36309f82-9cf0-572c-b8bb-276b56f74631,2017,Creighton,BE,So,21.1,78.8,20.0,0.6054999999999999,5.7,14.5,17.4,17.4,1.4,2.7,23.7,0.4,0.363,0.76,8.97479,4.75694,4.21785
36309f82-9cf0-572c-b8bb-276b56f74631,2018,Creighton,BE,Jr,22.1,79.5,20.7,0.6504000000000001,4.0,11.1,15.4,15.2,0.7,3.0,25.4,0.416,0.446,0.788,8.51282,5.6162,2.89661
367e5d9b-dc1e-53df-ae14-2a4b129b6581,2008,Iowa St.,B12,Fr,19.6,54.0,23.9,0.44049999999999995,1.4,8.1,28.6,27.8,0.3,2.4,45.8,0.211,0.212,0.707,-3.07208,-3.56594,0.493863
367e5d9b-dc1e-53df-ae14-2a4b129b6581,2009,Iowa St.,B12,So,20.6,79.3,23.8,0.47009999999999996,1.1,10.5,33.6,24.6,0.4,1.7,41.2,0.191,0.183,0.679,-0.833474,-1.49769,0.664217
367e5d9b-dc1e-53df-ae14-2a4b129b6581,2010,Iowa St.,B12,Jr,21.6,77.8,19.3,0.5047999999999999,1.4,7.1,30.8,24.0,0.7,2.3,27.9,0.352,0.209,0.694,1.56869,0.964306,0.60438
367e5d9b-dc1e-53df-ae14-2a4b129b6581,2011,Iowa St.,B12,Sr,22.6,90.7,27.8,0.49729999999999996,1.1,9.7,33.9,18.4,0.6,2.6,15.4,0.319,0.357,0.825,2.17133,2.19252,-0.0211821
36872e60-6f13-5609-bd34-efffdc6175db,2017,New Mexico St.,WAC,Jr,22.2,62.0,24.3,0.5374,14.1,24.7,24.0,19.8,3.0,2.4,39.3,0.25,0.081,0.619,6.79223,2.73457,4.05766
36872e60-6f13-5609-bd34-efffdc6175db,2018,New Mexico St.,WAC,Sr,23.2,69.2,24.5,0.5079,14.1,37.3,19.4,20.6,2.0,2.1,22.6,0.079,0.128,0.522,6.38835,0.673849,5.7145
369f84bf-867b-576a-94c3-428a70141cb8,2014,Kansas,B12,Fr,20.3,45.9,24.4,0.655,12.7,27.3,11.5,24.1,11.7,2.3,83.6,0.2,0.029,0.685,12.6785,3.34045,9.33801
36a11242-e3f4-5d0b-b404-708539e71412,2021,Iowa,B10,Fr,20.8,3.4,17.8,0.2867,7.8,14.3,3.6,15.1,0.0,1.3,15.4,0.0,0.385,1.0,-5.53847,-3.6884,-1.85007
36a11242-e3f4-5d0b-b404-708539e71412,2022,Iowa,B10,So,21.8,43.3,24.2,0.5761,9.5,16.6,10.9,10.1,5.2,2.6,29.3,0.387,0.429,0.645,9.70243,6.65409,3.04833
36a11242-e3f4-5d0b-b404-708539e71412,2023,Iowa,B10,Jr,22.8,75.6,25.6,0.5722,8.5,17.8,11.7,9.5,3.4,1.7,25.9,0.335,0.432,0.729,7.53824,6.91595,0.622291
372d200e-621c-50a0-a7a0-d50c839f3147,2009,UTEP,CUSA,Fr,18.6,66.4,18.3,0.5294,12.7,20.8,4.9,19.2,3.8,1.8,39.0,0.282,0.151,0.535,3.0924,0.669045,2.42336
372d200e-621c-50a0-a7a0-d50c839f3147,2010,UTEP,CUSA,So,19.6,71.5,20.1,0.5152,8.1,17.4,8.1,20.6,3.2,2.7,30.1,0.225,0.145,0.651,4.10618,-0.39974,4.50592
372d200e-621c-50a0-a7a0-d50c839f3147,2012,Mississippi St.,SEC,Jr,21.6,79.5,23.6,0.6096,12.2,21.7,7.0,17.5,2.1,1.4,48.5,0.444,0.055,0.78,3.95189,3.26345,0.688438
374dcc04-7fce-5460-9a9b-1a7e068c0644,2014,Michigan,B10,Fr,19.2,66.4,18.2,0.5803,1.9,12.4,19.8,19.9,0.1,1.4,41.0,0.41,0.495,0.793,4.7291,3.93056,0.798544
374dcc04-7fce-5460-9a9b-1a7e068c0644,2015,Michigan,B10,So,20.2,47.2,21.3,0.4965,1.7,16.7,18.8,17.2,0.2,2.4,45.0,0.338,0.51,0.824,4.42442,2.16937,2.25506
374dcc04-7fce-5460-9a9b-1a7e068c0644,2016,Michigan,B10,Jr,21.2,77.3,21.7,0.5386,1.9,18.3,24.5,16.8,0.3,3.2,36.2,0.391,0.535,0.817,6.25202,3.19606,3.05596
374dcc04-7fce-5460-9a9b-1a7e068c0644,2017,Michigan,B10,Sr,22.2,86.2,23.8,0.623,1.7,16.1,27.3,13.2,0.1,2.0,43.4,0.422,0.592,0.876,10.0129,8.54813,1.46477
37609b7f-f0e4-538b-b390-9b9c62705f29,2023,Florida St.,ACC,Fr,19.4,20.1,16.7,0.5182,4.2,21.6,9.0,28.5,3.1,1.4,17.5,0.25,0.491,0.3,-2.82155,-3.47394,0.652393
37609b7f-f0e4-538b-b390-9b9c62705f29,2024,Florida St.,ACC,So,20.4,61.6,17.7,0.5195000000000001,5.4,17.6,9.9,19.5,5.1,2.0,38.5,0.293,0.4,0.557,3.55471,0.222246,3.33246
37609b7f-f0e4-538b-b390-9b9c62705f29,2025,Florida Atlantic,Amer,Jr,21.4,74.9,19.8,0.5777,5.5,19.5,16.3,17.9,6.0,1.4,33.7,0.348,0.393,0.635,5.51068,2.04741,3.46327
37609b7f-f0e4-538b-b390-9b9c62705f29,2026,Cincinnati,B12,Sr,22.4,74.6,22.3,0.5759000000000001,8.3,27.7,23.3,17.8,4.2,1.3,53.2,0.192,0.186,0.658,9.64885,2.52772,7.12113
37723146-d083-51d8-8c26-ca634ad62476,2019,Drake,MVC,Fr,20.0,24.1,22.2,0.455,12.0,13.8,7.4,16.6,9.5,1.7,43.5,0.1,0.109,0.6,0.543149,-3.17827,3.72142
37723146-d083-51d8-8c26-ca634ad62476,2020,Drake,MVC,So,21.0,68.0,27.2,0.5367999999999999,9.1,22.1,7.9,12.8,13.3,1.3,33.3,0.256,0.109,0.706,4.53123,-1.02904,5.56027
37723146-d083-51d8-8c26-ca634ad62476,2021,Minnesota,B10,Jr,22.0,48.3,24.8,0.5329999999999999,9.8,18.9,9.9,15.1,10.9,1.5,53.5,0.327,0.257,0.694,7.47305,1.36393,6.10912
37723146-d083-51d8-8c26-ca634ad62476,2022,Vanderbilt,SEC,Sr,23.0,19.0,21.3,0.5065999999999999,5.0,20.1,8.0,17.7,10.8,1.3,38.8,0.286,0.329,0.606,3.70279,-2.25683,5.95962
37723146-d083-51d8-8c26-ca634ad62476,2023,Vanderbilt,SEC,Sr,24.0,40.1,31.6,0.5996,12.2,20.6,10.4,13.3,13.7,0.8,70.1,0.365,0.213,0.731,10.5303,5.09154,5.43873
378b45b8-855d-51d7-93e1-8fbbec278654,2020,Indiana,B10,Fr,20.3,73.2,21.7,0.6001,11.8,21.0,8.5,11.9,7.3,1.4,59.8,0.0,0.0,0.685,9.40412,4.01013,5.39399
378b45b8-855d-51d7-93e1-8fbbec278654,2021,Indiana,B10,So,21.3,83.0,29.3,0.5575,11.0,19.8,10.8,12.8,4.8,1.3,64.7,0.0,0.0,0.655,5.85257,2.99422,2.85835
378b45b8-855d-51d7-93e1-8fbbec278654,2022,Indiana,B10,So,22.3,79.8,26.2,0.6126,8.3,20.4,13.9,11.7,8.4,1.1,52.2,0.0,0.007,0.674,10.2661,4.27619,5.98993
378b45b8-855d-51d7-93e1-8fbbec278654,2023,Indiana,B10,Jr,23.3,78.7,30.1,0.6093999999999999,10.1,24.7,24.8,14.3,9.0,1.4,46.7,0.0,0.0,0.695,13.0651,6.01505,7.0501
37972790-6ab6-5d83-9928-90b38942e0b2,2019,Florida,SEC,Fr,19.1,58.8,20.2,0.5385,9.4,22.6,11.2,17.3,1.7,2.7,29.7,0.365,0.267,0.643,6.47866,2.09324,4.38542
37972790-6ab6-5d83-9928-90b38942e0b2,2020,Florida,SEC,So,20.1,77.6,21.5,0.6236999999999999,6.9,20.4,11.0,15.4,1.2,2.4,31.0,0.388,0.261,0.768,7.67223,5.02608,2.64616
37972790-6ab6-5d83-9928-90b38942e0b2,2021,Florida,SEC,Jr,21.1,8.1,32.6,0.701,3.1,21.7,17.6,23.8,0.0,2.8,35.9,0.429,0.179,0.786,4.54938,3.87945,0.669935
37972790-6ab6-5d83-9928-90b38942e0b2,2023,Kansas St.,B12,Sr,23.1,83.9,24.7,0.5929,5.4,17.8,13.5,19.9,0.6,1.7,33.0,0.405,0.254,0.715,3.75977,1.89053,1.86923
37fdeeee-33e0-55c9-9275-357ee5441f46,2008,Rutgers,BE,So,20.5,56.4,16.0,0.4841,8.9,18.7,4.9,25.5,12.3,0.9,53.0,0.0,0.0,0.543,3.34253,-3.98835,7.33089
37fdeeee-33e0-55c9-9275-357ee5441f46,2009,Rutgers,BE,Jr,21.5,58.1,14.1,0.6108,8.4,19.2,3.6,27.5,8.9,1.2,72.5,0.0,0.009,0.646,3.7004,-2.08105,5.78145
37fdeeee-33e0-55c9-9275-357ee5441f46,2010,Rutgers,BE,Sr,22.5,70.3,16.7,0.597,9.3,17.2,3.2,17.5,14.6,0.9,60.3,0.0,0.0,0.615,6.21528,-0.188749,6.40403
382e0908-9825-5ac2-9a3e-5ed79e6661a0,2008,BYU,MWC,Fr,19.3,44.0,20.0,0.535,1.4,5.0,19.2,18.9,0.5,2.4,17.3,0.336,0.638,0.853,1.93553,1.40482,0.530707
382e0908-9825-5ac2-9a3e-5ed79e6661a0,2009,BYU,MWC,So,20.3,83.0,25.0,0.6015999999999999,2.0,8.1,23.8,18.4,0.3,2.7,36.1,0.388,0.361,0.843,5.30313,4.55702,0.746113
382e0908-9825-5ac2-9a3e-5ed79e6661a0,2010,BYU,MWC,Jr,21.3,75.1,32.6,0.6153,2.9,8.3,30.7,15.2,0.5,2.2,51.1,0.44,0.356,0.892,7.74611,8.12381,-0.377703
382e0908-9825-5ac2-9a3e-5ed79e6661a0,2011,BYU,MWC,Sr,22.3,89.4,36.6,0.5920000000000001,2.0,8.5,28.6,15.3,0.1,2.1,36.9,0.393,0.406,0.893,7.00926,8.20713,-1.19787
38489221-5249-5232-9337-ce4c7af5a7e2,2008,Loyola Marymount,WCC,Fr,19.3,64.3,27.7,0.5039,8.9,13.5,21.9,20.0,1.5,1.3,37.2,0.32,0.387,0.642,-0.0784821,1.85853,-1.93702
38489221-5249-5232-9337-ce4c7af5a7e2,2010,UC Santa Barbara,BW,So,21.3,78.5,29.5,0.5774,7.3,12.8,19.8,17.4,2.3,1.4,54.0,0.391,0.32,0.711,4.73266,3.86917,0.86349
38489221-5249-5232-9337-ce4c7af5a7e2,2011,UC Santa Barbara,BW,Jr,22.3,83.4,32.6,0.5943999999999999,6.0,16.3,23.6,15.6,1.6,2.3,44.4,0.406,0.342,0.801,6.0952,5.6823,0.412896
38489221-5249-5232-9337-ce4c7af5a7e2,2012,UC Santa Barbara,BW,Sr,23.3,84.7,29.1,0.5661,4.9,13.5,19.2,15.1,2.2,1.9,40.7,0.427,0.368,0.713,4.25936,4.95124,-0.691888
389adda6-c0bf-555d-9fb7-26d90956463a,2019,Murray St.,OVC,Sr,22.4,85.9,17.2,0.5644,3.0,10.2,8.5,11.6,1.4,3.1,22.6,0.336,0.431,0.733,3.41026,1.76342,1.64683
38a79135-5dcf-571e-ada3-aa5391a96a29,2019,Arkansas,SEC,So,20.9,72.7,22.0,0.5717,2.0,12.8,18.1,15.4,0.7,1.7,42.4,0.365,0.617,0.804,4.30016,4.36553,-0.0653714
38a79135-5dcf-571e-ada3-aa5391a96a29,2020,Arkansas,SEC,Jr,21.9,80.6,31.6,0.6143,2.4,16.3,23.0,16.7,0.5,2.7,66.8,0.351,0.46,0.826,7.09246,6.25179,0.840666
38dfa091-4ff7-5645-99dc-509ad854b87e,2017,Louisville,ACC,So,20.3,47.7,17.3,0.5863,11.0,20.8,7.2,22.2,5.0,2.0,57.5,0.0,0.022,0.545,6.89345,1.6623,5.23115
38dfa091-4ff7-5645-99dc-509ad854b87e,2018,Louisville,ACC,Jr,21.3,68.2,23.5,0.5676,13.3,20.9,9.6,15.1,6.3,3.1,33.8,0.263,0.056,0.64,8.53152,2.99643,5.53508
39de5618-b1da-5bdd-9651-4811c239ae01,2021,Wichita St.,Amer,Jr,21.3,27.3,13.1,0.4753,2.9,13.5,20.9,20.3,3.4,1.9,50.0,0.4,0.147,0.588,2.3173,-0.856216,3.17352
39de5618-b1da-5bdd-9651-4811c239ae01,2022,Wichita St.,Amer,Jr,22.3,59.4,18.3,0.5133,3.4,17.1,28.0,23.2,4.7,3.4,31.6,0.341,0.284,0.735,5.92424,0.713361,5.21088
39de5618-b1da-5bdd-9651-4811c239ae01,2023,Wichita St.,Amer,Sr,23.3,80.3,23.8,0.5545,4.6,16.1,30.3,18.9,5.0,2.7,27.5,0.363,0.304,0.685,8.57583,3.8554,4.72042
3ace4c5d-050d-5f1a-badd-d83d3a000e9a,2008,Washington,P10,So,20.5,60.6,22.2,0.5212,9.5,13.2,14.5,18.9,0.7,1.1,42.5,0.288,0.199,0.685,3.84925,2.90724,0.942008
3ace4c5d-050d-5f1a-badd-d83d3a000e9a,2009,Washington,P10,Jr,21.5,70.1,20.9,0.5523,10.9,12.3,11.0,18.0,1.2,1.3,38.0,0.231,0.041,0.742,6.58424,3.88014,2.7041
3ace4c5d-050d-5f1a-badd-d83d3a000e9a,2010,Washington,P10,Sr,22.5,80.4,25.2,0.6082,10.3,15.0,11.2,12.8,1.8,2.2,48.7,0.353,0.11,0.827,9.08287,6.55979,2.52308
3ad43a28-a4ce-56cc-8a52-9c4b20932135,2016,Nebraska,B10,Fr,20.0,42.1,17.1,0.4802,4.8,13.7,11.0,16.2,1.0,1.4,18.5,0.34,0.637,0.69,0.737451,0.900575,-0.163125
3ad43a28-a4ce-56cc-8a52-9c4b20932135,2017,Nebraska,B10,So,21.0,54.8,15.2,0.5205,2.2,9.6,4.3,11.9,1.3,1.4,21.8,0.336,0.697,0.78,1.45061,1.30777,0.142846
3ad43a28-a4ce-56cc-8a52-9c4b20932135,2018,Nebraska,B10,Jr,22.0,7.9,15.5,0.45799999999999996,4.3,11.0,3.6,18.0,1.8,2.8,3.4,0.333,0.621,1.0,-0.222882,-1.68712,1.46424
3afec582-f073-57be-a58d-5d4042197106,2018,Marquette,BE,Fr,19.3,41.3,14.8,0.583,6.4,17.9,6.3,24.4,2.2,2.7,18.9,0.473,0.451,0.478,2.8533,1.11875,1.73455
3afec582-f073-57be-a58d-5d4042197106,2019,Marquette,BE,So,20.3,18.1,14.8,0.4826,7.2,19.9,3.6,32.2,2.5,2.5,16.7,0.273,0.458,0.25,-0.526198,-3.20697,2.68077
3afec582-f073-57be-a58d-5d4042197106,2020,Marquette,BE,Jr,21.3,45.0,14.4,0.5945,6.5,17.7,8.4,20.6,2.0,1.9,27.6,0.382,0.474,0.719,4.75285,2.37759,2.37527
3afec582-f073-57be-a58d-5d4042197106,2021,Marquette,BE,Sr,22.3,74.1,16.4,0.535,5.9,17.4,6.7,13.2,0.9,1.7,16.1,0.343,0.442,0.722,3.9639,2.33063,1.63326
3afec582-f073-57be-a58d-5d4042197106,2022,Oakland,Horz,Sr,23.3,87.1,26.5,0.5868,10.1,23.5,4.6,13.9,1.9,3.1,34.6,0.298,0.261,0.841,0.476285,1.07986,-0.603577
3b1e0d0d-924e-54e5-8107-b27bc7f04fa1,2020,UC Riverside,BW,Fr,19.3,43.3,19.4,0.44909999999999994,1.2,12.9,21.0,25.0,0.4,1.1,36.3,0.267,0.398,0.659,-4.61401,-4.23253,-0.381486
3b1e0d0d-924e-54e5-8107-b27bc7f04fa1,2021,UC Riverside,BW,So,20.3,77.3,22.3,0.5648,1.4,16.0,28.8,16.1,0.2,1.4,25.9,0.389,0.255,0.8,2.98166,1.92367,1.05799
3b1e0d0d-924e-54e5-8107-b27bc7f04fa1,2022,UC Riverside,BW,So,21.3,83.6,25.0,0.5684,1.4,17.6,26.4,16.8,0.0,1.3,53.8,0.326,0.164,0.78,1.96379,1.43404,0.529755
3b1e0d0d-924e-54e5-8107-b27bc7f04fa1,2023,UC Riverside,BW,Sr,22.3,71.8,28.5,0.5474,1.4,14.5,27.8,15.4,0.3,1.5,31.4,0.375,0.156,0.767,1.6398,2.29036,-0.650563
3b1e0d0d-924e-54e5-8107-b27bc7f04fa1,2024,Florida,SEC,Sr,23.3,75.5,20.5,0.5737,2.2,10.1,24.7,10.3,0.3,1.5,53.4,0.449,0.219,0.847,5.3104,5.69061,-0.380213
3b2c3d1e-b835-511d-82a6-d3a5601129bc,2008,Texas,B12,So,20.5,78.2,23.3,0.5156000000000001,11.4,24.8,8.7,12.9,4.7,1.4,31.3,0.407,0.221,0.566,6.98494,3.74945,3.23549
3b2c3d1e-b835-511d-82a6-d3a5601129bc,2009,Texas,B12,Jr,21.5,73.3,27.0,0.5318999999999999,11.1,23.3,10.0,16.6,3.0,2.0,35.7,0.326,0.198,0.684,6.87861,3.97375,2.90487
3b2c3d1e-b835-511d-82a6-d3a5601129bc,2010,Texas,B12,Sr,22.5,74.8,25.5,0.5783,11.0,23.9,6.1,14.1,3.6,3.0,54.9,0.383,0.224,0.674,8.29704,5.08544,3.2116
3c08f768-b712-57d0-a662-1d5e53dd0f2c,2014,Kentucky,SEC,Fr,19.7,78.5,21.8,0.5061,3.0,8.1,23.9,23.6,0.7,1.0,63.0,0.351,0.285,0.764,1.92201,1.7814,0.140603
3c08f768-b712-57d0-a662-1d5e53dd0f2c,2015,Kentucky,SEC,So,20.7,63.1,21.8,0.5313,1.7,8.1,26.0,18.4,0.9,2.5,59.6,0.383,0.352,0.792,6.86545,4.3269,2.53856
3c2f782a-228b-54d0-b58c-904121c051e4,2008,New Mexico,MWC,Sr,22.5,78.7,26.9,0.5575,6.6,27.0,22.5,15.3,4.9,2.7,38.6,0.333,0.184,0.586,10.422,3.43975,6.98226
3c68a261-bfb3-5729-b66f-897e00967271,2017,Utah St.,MWC,Fr,21.1,66.5,17.6,0.5839,1.8,11.2,23.7,12.3,0.7,2.1,18.5,0.451,0.459,0.878,3.43265,3.45067,-0.0180134
3c68a261-bfb3-5729-b66f-897e00967271,2018,Utah St.,MWC,So,22.1,88.5,20.2,0.6527,0.7,10.4,19.3,15.0,0.7,1.7,22.1,0.459,0.552,0.843,4.34654,4.40883,-0.0622874
3c68a261-bfb3-5729-b66f-897e00967271,2019,Utah St.,MWC,Jr,23.1,88.4,25.3,0.6092,1.1,10.9,23.6,12.3,0.8,1.6,42.0,0.369,0.462,0.906,5.6525,5.96415,-0.311643
3c68a261-bfb3-5729-b66f-897e00967271,2020,Utah St.,MWC,Sr,24.1,86.3,24.1,0.6255,0.6,12.0,24.0,10.9,0.4,1.5,39.7,0.41,0.513,0.893,7.38131,7.1206,0.260703
3c79f4cf-b7cf-56c6-80d0-87fc127d0cee,2021,Mississippi St.,SEC,Fr,20.8,2.7,32.6,0.6281,26.6,12.2,34.0,15.1,3.2,6.6,22.2,0.5,0.222,0.25,23.4394,16.5859,6.85342
3c79f4cf-b7cf-56c6-80d0-87fc127d0cee,2022,Mississippi St.,SEC,So,21.8,35.3,19.5,0.5824,11.8,23.0,18.0,25.8,1.8,4.6,76.7,0.313,0.178,0.58,7.63387,2.62787,5.006
3c79f4cf-b7cf-56c6-80d0-87fc127d0cee,2023,Texas A&M,SEC,Jr,22.8,40.1,12.6,0.5988,14.8,16.1,9.0,22.0,1.7,2.1,81.5,0.4,0.154,0.717,7.00268,3.36296,3.63972
3c79f4cf-b7cf-56c6-80d0-87fc127d0cee,2024,Texas A&M,SEC,Sr,23.8,70.5,11.7,0.6383,14.9,19.1,9.3,15.3,3.2,2.7,96.6,0.45,0.172,0.705,10.6843,5.57952,5.10477
3c79f4cf-b7cf-56c6-80d0-87fc127d0cee,2025,Texas A&M,SEC,Sr,24.8,60.6,13.4,0.6069,10.2,18.3,12.1,19.5,3.6,2.4,59.4,0.386,0.429,0.696,10.1193,4.36982,5.74953
3c88ab26-1ee5-5397-af16-9bff9bc0f893,2025,Arizona,B12,Fr,19.6,48.0,16.0,0.5931000000000001,5.3,17.8,8.3,18.5,5.8,2.8,33.5,0.371,0.597,0.695,9.174,3.7411,5.4329
3c986eb8-1a20-5fd3-925e-dd4bcab2c9c1,2010,UTEP,CUSA,Jr,21.5,53.9,27.3,0.5984,12.0,21.7,9.0,22.2,3.6,2.1,45.6,0.267,0.057,0.672,4.12046,0.646655,3.4738
3c9ea54a-4df7-5c82-95fa-8dc1b16af387,2016,South Carolina,SEC,Fr,19.7,47.0,26.7,0.4235,4.7,12.6,22.0,29.5,2.3,2.6,29.4,0.233,0.186,0.544,-1.95093,-4.49603,2.5451
3c9ea54a-4df7-5c82-95fa-8dc1b16af387,2017,South Carolina,SEC,So,20.7,68.8,28.0,0.46619999999999995,4.1,15.5,23.0,15.9,1.2,3.3,28.0,0.285,0.298,0.597,5.88112,1.86722,4.0139
3ca05b99-4338-5bd6-aa6b-d00725166e70,2022,Northern Colorado,BSky,Jr,21.2,55.8,19.2,0.5628,2.7,14.0,7.3,17.3,2.0,1.2,28.9,0.352,0.556,0.738,-2.01122,-0.0612363,-1.94999
3ca05b99-4338-5bd6-aa6b-d00725166e70,2023,Northern Colorado,BSky,Sr,22.2,87.5,26.8,0.5847,2.4,21.7,11.3,13.1,1.7,1.2,25.8,0.383,0.412,0.764,1.24734,2.44963,-1.20229
3ca05b99-4338-5bd6-aa6b-d00725166e70,2024,Tennessee,SEC,Sr,23.2,76.6,29.8,0.5771999999999999,2.8,14.3,13.4,10.6,2.4,1.3,35.4,0.397,0.406,0.77,5.96503,4.36092,1.60412
3ca7fa28-b725-56da-8439-d42e1de98e3b,2017,Rutgers,B10,Fr,20.4,29.6,17.7,0.3859,8.2,11.1,14.8,30.0,2.7,2.2,35.0,0.0,0.138,0.571,-1.71183,-3.80135,2.08952
3ca7fa28-b725-56da-8439-d42e1de98e3b,2018,Rutgers,B10,So,21.4,51.0,22.4,0.49329999999999996,10.0,14.8,8.7,16.9,4.1,2.4,53.3,0.0,0.025,0.547,2.52775,-1.1716,3.69934
3ca7fa28-b725-56da-8439-d42e1de98e3b,2019,Rutgers,B10,Jr,22.4,65.2,27.2,0.5121,8.4,18.7,18.8,18.2,1.0,1.4,39.7,0.311,0.142,0.714,3.01458,1.63047,1.38411
3ca7fa28-b725-56da-8439-d42e1de98e3b,2021,Oregon,P12,Sr,24.4,76.4,29.0,0.568,8.8,12.7,15.0,15.4,2.2,2.9,32.5,0.38,0.295,0.765,6.72827,5.48253,1.24574
3cb8a38a-4e91-59a5-8b10-b9b193f3609d,2017,Charleston,CAA,Fr,20.4,67.6,23.5,0.5895,1.7,7.2,11.1,12.8,0.8,2.0,40.7,0.33,0.353,0.798,1.75396,2.14896,-0.395002
3cb8a38a-4e91-59a5-8b10-b9b193f3609d,2018,Charleston,CAA,So,21.4,81.1,25.5,0.6392,1.4,8.2,14.3,14.1,1.4,2.4,31.2,0.409,0.339,0.738,2.83455,3.38502,-0.550465
3cb8a38a-4e91-59a5-8b10-b9b193f3609d,2019,Charleston,CAA,Jr,22.4,88.1,30.1,0.6243,2.2,10.2,25.7,13.1,0.2,2.1,38.3,0.331,0.286,0.802,4.36466,5.53361,-1.16895
3cb8a38a-4e91-59a5-8b10-b9b193f3609d,2020,Charleston,CAA,Sr,23.4,84.0,33.9,0.6049,1.9,15.2,30.5,16.6,1.0,2.9,46.2,0.364,0.291,0.82,5.86233,5.54211,0.320216
3d25d01e-c8d4-52a1-b20c-8034be84b717,2019,Dayton,A10,Fr,21.3,65.6,23.9,0.6918000000000001,7.7,17.1,15.6,18.1,3.7,1.5,28.8,0.524,0.07,0.713,6.89587,4.12137,2.77449
3d25d01e-c8d4-52a1-b20c-8034be84b717,2020,Dayton,A10,So,22.3,78.2,26.2,0.684,5.2,22.0,14.5,15.4,4.1,1.8,36.4,0.39,0.212,0.702,10.1577,5.97508,4.18261
3d4ae741-906a-5e94-94d3-32eb933195d6,2021,Arizona,P12,Fr,19.0,51.3,14.1,0.5178,4.3,13.4,12.5,23.9,2.1,2.1,46.8,0.326,0.457,0.614,4.68922,1.53868,3.15054
3d4ae741-906a-5e94-94d3-32eb933195d6,2022,Arizona,P12,So,20.0,69.1,15.1,0.5842,5.0,12.8,22.1,18.0,1.1,2.5,23.1,0.364,0.336,0.736,7.43036,4.73181,2.69855
3d6ced6e-db0d-5a00-b501-78117c7133aa,2017,Arizona,P12,Fr,19.7,70.1,21.2,0.5659000000000001,7.1,13.6,14.0,18.2,1.8,1.9,32.7,0.37,0.385,0.733,7.15611,4.18675,2.96936
3d6ced6e-db0d-5a00-b501-78117c7133aa,2018,Arizona,P12,So,20.7,50.8,23.8,0.5479999999999999,8.0,10.7,14.0,20.1,2.5,2.3,42.8,0.359,0.402,0.724,4.87126,3.04501,1.82626
3d7a4b76-99b1-51c1-bc84-8b4972a96c9f,2008,Kentucky,SEC,So,20.5,20.2,22.7,0.4657,4.3,9.4,13.2,12.7,0.4,1.4,38.6,0.32,0.568,0.794,-0.807002,1.3644,-2.1714
3d7a4b76-99b1-51c1-bc84-8b4972a96c9f,2009,Kentucky,SEC,Jr,21.5,85.9,27.9,0.6286999999999999,2.0,8.6,11.7,15.8,0.4,2.2,41.2,0.406,0.507,0.902,4.67523,5.8246,-1.14937
3d98fddc-911a-551f-ad84-d80caa11a04a,2019,Northern Iowa,MVC,Fr,19.7,75.7,30.5,0.5112,1.6,11.4,19.8,19.2,0.3,1.1,17.1,0.34,0.446,0.849,-1.95361,-0.384824,-1.56878
3d98fddc-911a-551f-ad84-d80caa11a04a,2020,Northern Iowa,MVC,So,20.7,88.6,29.5,0.5576,0.7,9.0,17.0,17.2,0.0,1.1,26.4,0.39,0.475,0.917,0.439717,2.67896,-2.23924
3d98fddc-911a-551f-ad84-d80caa11a04a,2021,Northern Iowa,MVC,Jr,21.7,11.7,30.9,0.5692,3.1,15.6,19.0,19.1,2.2,2.1,10.7,0.407,0.482,0.667,1.30731,2.31826,-1.01096
3d98fddc-911a-551f-ad84-d80caa11a04a,2022,Northern Iowa,MVC,Jr,22.7,87.6,26.2,0.5854,0.8,11.7,14.2,13.4,0.1,1.4,36.3,0.388,0.563,0.915,2.72214,4.34823,-1.6261
3dc2adbd-56b2-548e-b225-cf3cfa73934a,2023,North Carolina,ACC,Fr,19.8,11.2,17.1,0.5303,6.7,5.2,8.6,6.7,2.0,1.2,47.5,0.222,0.675,0.842,3.11514,3.4827,-0.367558
3dc2adbd-56b2-548e-b225-cf3cfa73934a,2024,Virginia Tech,ACC,So,20.8,58.8,16.6,0.6014,2.4,8.7,10.3,10.6,1.1,1.2,22.8,0.399,0.676,0.82,4.04526,3.96567,0.0795904
3dc2adbd-56b2-548e-b225-cf3cfa73934a,2025,Vanderbilt,SEC,Jr,21.8,62.3,16.3,0.6009,2.9,8.2,6.7,6.0,2.4,1.2,19.5,0.405,0.763,0.843,5.40936,5.31486,0.0945014
3dc2adbd-56b2-548e-b225-cf3cfa73934a,2026,Vanderbilt,SEC,Sr,22.8,75.9,16.9,0.6167,2.5,9.6,6.9,8.0,1.9,1.4,16.1,0.4,0.751,0.847,6.34431,5.40106,0.943257
3dce1523-83e0-5f16-aea6-8e050e5d601d,2020,Stony Brook,AE,Jr,22.0,61.5,16.9,0.5118,5.1,22.3,12.2,20.9,8.8,0.9,34.1,0.31,0.227,0.714,1.51061,-3.29898,4.80958
3dce1523-83e0-5f16-aea6-8e050e5d601d,2021,Stony Brook,AE,Sr,23.0,60.1,23.6,0.5003,6.9,22.8,15.1,24.2,13.0,1.4,40.1,0.321,0.173,0.708,3.58883,-3.7405,7.32933
3dce1523-83e0-5f16-aea6-8e050e5d601d,2022,Pittsburgh,ACC,Sr,24.0,73.0,18.8,0.5493,7.2,19.1,9.4,18.0,9.2,1.3,23.9,0.364,0.463,0.77,5.04143,0.53516,4.50627
3e117430-30c1-559b-8780-a9e03d75b0d3,2019,Kentucky,SEC,Fr,19.4,81.0,20.0,0.5803,1.6,14.0,15.2,14.8,1.1,2.0,23.1,0.355,0.419,0.935,7.81607,4.78191,3.03415
3e57d846-8c8d-5102-bd4b-858f6bc8bb24,2016,Cincinnati,Amer,Fr,19.0,59.5,18.2,0.4971,5.0,13.6,13.1,10.4,3.7,2.0,22.1,0.333,0.534,0.804,4.91402,2.12085,2.79317
3e57d846-8c8d-5102-bd4b-858f6bc8bb24,2017,Cincinnati,Amer,So,20.0,78.5,20.1,0.5965,5.5,9.8,16.2,11.8,3.1,2.5,31.5,0.418,0.465,0.732,9.26431,5.85803,3.40627
3e57d846-8c8d-5102-bd4b-858f6bc8bb24,2018,Cincinnati,Amer,Jr,21.0,76.9,22.0,0.5427000000000001,5.2,12.0,20.0,15.6,3.7,2.6,30.2,0.37,0.43,0.754,8.93522,3.61528,5.31994
3eb5bc9d-fd10-5e4f-a7f2-e445529ebbf5,2018,Oregon St.,P12,Fr,19.1,79.2,19.2,0.5105,4.8,10.3,19.8,18.8,1.4,1.3,47.0,0.333,0.415,0.731,1.0437,1.0226,0.0211028
3eb5bc9d-fd10-5e4f-a7f2-e445529ebbf5,2019,Oregon St.,P12,So,20.1,85.2,22.1,0.5731,4.3,12.7,21.9,18.9,1.5,1.6,47.4,0.359,0.387,0.797,2.12701,2.94536,-0.818349
3eb5bc9d-fd10-5e4f-a7f2-e445529ebbf5,2020,Oregon St.,P12,Jr,21.1,88.5,24.2,0.56,1.8,12.4,27.0,19.1,0.6,2.2,36.7,0.333,0.378,0.742,2.57625,3.35498,-0.778726
3eb5bc9d-fd10-5e4f-a7f2-e445529ebbf5,2021,Oregon St.,P12,Sr,22.1,84.6,27.1,0.5246999999999999,2.6,11.0,25.8,17.5,1.2,2.1,46.7,0.314,0.359,0.813,4.70671,3.73819,0.968522
3eeb47d4-a58f-5363-8140-fc2331048d42,2016,Tennessee,SEC,Fr,19.7,28.7,9.8,0.5077,12.8,13.7,0.8,20.7,8.0,0.7,86.5,0.0,0.0,0.656,1.00581,-1.6673,2.67312
3eeb47d4-a58f-5363-8140-fc2331048d42,2017,Tennessee,SEC,So,20.7,35.2,14.3,0.4677,13.7,17.7,2.6,13.3,7.5,0.5,51.2,0.0,0.058,0.5,2.65193,-0.806942,3.45887
3eeb47d4-a58f-5363-8140-fc2331048d42,2018,Tennessee,SEC,Jr,21.7,48.9,12.8,0.6972,14.4,17.1,3.1,16.8,9.6,1.6,46.0,1.0,0.009,0.712,10.5803,3.19494,7.38537
3eeb47d4-a58f-5363-8140-fc2331048d42,2019,Tennessee,SEC,Sr,22.7,58.5,15.1,0.6339,13.7,18.2,3.4,17.8,8.1,1.1,42.0,0.5,0.036,0.648,7.86316,3.38575,4.47741
3eebd7e2-5aac-5086-8ded-752bb9e70a4d,2013,UCLA,P12,Fr,20.6,69.5,28.2,0.5282,9.9,8.5,5.8,10.5,0.4,1.3,39.5,0.377,0.232,0.711,1.74744,3.89401,-2.14658
3ef6a1ae-5998-5562-a992-4f031a619f1c,2016,Morehead St.,OVC,Jr,21.5,62.8,17.9,0.5817,2.0,11.0,14.3,12.6,0.6,2.2,26.8,0.414,0.402,0.757,2.59784,2.78819,-0.190352
3ef6a1ae-5998-5562-a992-4f031a619f1c,2017,Morehead St.,OVC,Sr,22.5,88.3,21.8,0.573,1.3,10.4,24.8,14.4,0.8,1.8,24.8,0.417,0.463,0.9,2.05613,3.85259,-1.79645
3f5070ad-4ddc-5a14-bbac-e03dccfeaf06,2009,Kentucky,SEC,Fr,19.3,53.1,16.6,0.5184000000000001,5.2,10.8,16.8,28.6,3.0,2.0,31.9,0.327,0.344,0.804,2.48375,0.133665,2.35008
3f5070ad-4ddc-5a14-bbac-e03dccfeaf06,2010,Kentucky,SEC,So,20.3,52.4,15.0,0.5267000000000001,4.7,7.8,12.3,16.3,2.7,1.6,18.1,0.336,0.595,0.795,5.92335,3.50427,2.41908
3f5070ad-4ddc-5a14-bbac-e03dccfeaf06,2011,Kentucky,SEC,Jr,21.3,77.2,17.2,0.6012,5.1,11.2,10.6,17.0,3.6,1.6,21.8,0.443,0.42,0.853,7.89858,4.70152,3.19706
3f5070ad-4ddc-5a14-bbac-e03dccfeaf06,2012,Kentucky,SEC,Sr,22.3,65.2,18.6,0.5929,4.3,7.3,14.3,17.8,1.2,1.9,22.8,0.376,0.493,0.797,7.31872,6.26043,1.05828
3f7e7741-e4c3-580f-8bf2-5d22f9b11333,2013,Louisville,BE,Fr,19.4,39.9,16.7,0.5709000000000001,11.4,14.6,2.5,12.7,4.9,1.9,37.5,0.0,0.0,0.508,5.61445,2.18827,3.42618
3f7e7741-e4c3-580f-8bf2-5d22f9b11333,2014,Louisville,Amer,So,20.4,73.2,21.9,0.5916,12.1,19.7,8.2,12.8,4.8,2.0,41.8,0.667,0.008,0.464,8.37804,3.21398,5.16406
3f7e7741-e4c3-580f-8bf2-5d22f9b11333,2015,Louisville,ACC,Jr,21.4,84.8,22.6,0.5881000000000001,10.0,19.1,9.2,15.1,3.7,1.6,50.8,0.243,0.098,0.597,7.31407,3.41201,3.90206
3f816864-9863-57ad-8270-ccec3531a892,2009,Wake Forest,ACC,Fr,19.5,72.5,22.2,0.5645,9.1,19.9,9.0,21.3,4.2,1.8,53.7,0.179,0.138,0.671,5.28985,2.01599,3.27386
3f816864-9863-57ad-8270-ccec3531a892,2010,Wake Forest,ACC,So,20.5,76.4,27.8,0.524,14.6,20.5,9.1,20.6,4.5,2.6,53.2,0.273,0.176,0.698,6.47474,2.6636,3.81114
3fac31eb-8f5f-5b99-91ae-347fc86bc365,2017,Arkansas,SEC,Jr,21.6,63.1,23.4,0.6263000000000001,2.4,8.9,16.4,17.1,0.2,2.5,50.5,0.387,0.54,0.866,4.9345,5.84114,-0.906638
3fac31eb-8f5f-5b99-91ae-347fc86bc365,2018,Arkansas,SEC,Sr,22.6,76.5,24.1,0.621,1.4,9.2,23.2,13.5,0.2,1.9,45.2,0.421,0.519,0.875,6.35604,7.46081,-1.10477
40505236-b9d8-5f84-b085-41e566d0a9b1,2009,Georgia,SEC,Fr,19.2,28.8,25.7,0.4635,11.7,18.1,10.9,16.1,3.5,3.2,25.2,0.0,0.019,0.575,1.53924,-1.16561,2.70485
40505236-b9d8-5f84-b085-41e566d0a9b1,2010,Georgia,SEC,So,20.2,73.3,28.3,0.5444,13.0,14.5,20.1,19.1,3.4,2.6,44.7,0.545,0.032,0.735,7.2301,4.95176,2.27834
40505236-b9d8-5f84-b085-41e566d0a9b1,2011,Georgia,SEC,Jr,21.2,78.7,24.8,0.5605,12.2,13.6,20.6,16.7,2.0,2.3,37.8,0.302,0.119,0.801,8.79734,5.93444,2.8629
4055911e-df67-5d67-b106-8e96509b0f89,2020,Kansas,B12,Fr,19.2,45.9,12.4,0.5870000000000001,4.2,12.8,4.7,10.2,1.5,2.0,20.7,0.456,0.562,0.76,6.60475,3.88134,2.72341
4055911e-df67-5d67-b106-8e96509b0f89,2021,Kansas,B12,So,20.2,78.3,16.3,0.5256000000000001,4.0,14.5,10.9,14.3,1.6,2.3,29.8,0.331,0.63,0.786,6.2749,2.89539,3.37951
4055911e-df67-5d67-b106-8e96509b0f89,2022,Kansas,B12,Jr,21.2,85.1,20.2,0.5849,4.9,16.0,14.5,16.8,2.5,1.6,32.3,0.386,0.316,0.733,9.24483,5.28454,3.96028
40625c4c-acf0-5aaf-9cab-516ff7e3531f,2010,Connecticut,BE,Fr,19.5,28.2,11.9,0.42479999999999996,9.6,12.3,1.9,26.6,10.1,0.6,37.3,0.0,0.0,0.409,1.55129,-3.21255,4.76385
407f2682-3991-5a2e-b472-3334ce5d5e6b,2020,Washington,P12,Fr,19.1,80.2,24.2,0.6292,10.6,19.4,6.3,16.1,7.0,0.9,59.1,0.25,0.059,0.774,5.72264,2.51485,3.20779
40ab3e0b-2871-5472-8389-d16f2db0d177,2017,Houston,Amer,Fr,19.1,26.5,17.4,0.5655,3.6,17.6,3.9,15.4,0.7,2.0,9.6,0.362,0.663,0.8,1.37716,1.12235,0.254808
40ab3e0b-2871-5472-8389-d16f2db0d177,2018,Houston,Amer,So,20.1,50.5,17.7,0.5978,4.8,15.4,4.6,6.5,2.0,2.2,10.4,0.419,0.764,0.815,7.78375,5.55222,2.23153
40ab3e0b-2871-5472-8389-d16f2db0d177,2019,Houston,Amer,Jr,21.1,76.8,18.8,0.5528,3.9,17.9,5.7,8.9,1.2,1.5,10.8,0.39,0.729,0.63,6.19898,4.35272,1.84626
4154d1e4-eb6b-5594-adaa-29b3115b4c51,2025,Texas,SEC,Fr,19.3,80.6,27.3,0.5567,1.1,9.0,16.5,11.3,1.0,1.6,26.5,0.397,0.427,0.871,3.63029,4.25245,-0.622164
4175919c-eb0b-57ca-ba10-260c0c0ae83e,2018,Duke,ACC,Fr,19.4,83.8,17.3,0.5665,2.9,10.3,6.8,9.9,0.4,2.0,22.7,0.402,0.564,0.876,6.5038,4.92325,1.58054
41b2c1a3-052a-5438-a00f-114eacd98bee,2018,LSU,SEC,Fr,20.5,82.2,27.5,0.5557,1.1,10.8,33.7,18.8,0.3,3.6,36.2,0.351,0.509,0.801,5.26058,5.01229,0.248295
41b2c1a3-052a-5438-a00f-114eacd98bee,2019,LSU,SEC,So,21.5,74.6,26.5,0.5457,1.1,8.6,34.0,22.8,0.4,5.0,31.9,0.327,0.426,0.813,6.94858,5.09427,1.85431
41c1f64a-c356-517d-8828-f65849392130,2008,California,P10,So,20.5,87.0,21.2,0.5456,3.9,8.0,11.2,15.3,0.3,0.9,25.0,0.333,0.328,0.796,2.66172,3.80109,-1.13937
41c1f64a-c356-517d-8828-f65849392130,2009,California,P10,Jr,21.5,82.1,22.5,0.5387,4.9,9.3,12.2,13.5,0.5,1.4,23.6,0.358,0.336,0.83,4.22729,4.26364,-0.0363546
41c1f64a-c356-517d-8828-f65849392130,2010,California,P10,Sr,22.5,86.0,21.5,0.5447,5.1,13.3,11.3,11.3,0.3,2.7,20.4,0.337,0.376,0.86,7.99915,6.17772,1.82143
41e2b913-5aae-50d4-aa5a-41164d03139f,2016,LSU,SEC,Fr,19.7,76.4,17.3,0.5482,2.8,9.4,5.5,7.7,0.5,1.2,37.0,0.335,0.481,0.748,1.28557,2.50504,-1.21947
41e2b913-5aae-50d4-aa5a-41164d03139f,2017,LSU,SEC,So,20.7,82.2,24.0,0.5503,3.4,12.8,10.7,14.2,0.3,1.1,30.0,0.358,0.349,0.724,0.187919,3.04389,-2.85597
42559c07-d197-5c3b-9e01-6ab87411a32b,2011,Syracuse,BE,Fr,19.5,39.3,21.2,0.5186,2.7,8.1,17.5,15.8,0.8,4.2,25.5,0.329,0.446,0.83,4.05094,3.02351,1.02743
42559c07-d197-5c3b-9e01-6ab87411a32b,2012,Syracuse,BE,So,20.5,60.0,25.4,0.5653,2.4,8.2,21.2,12.9,1.5,4.6,33.1,0.363,0.317,0.729,7.91761,6.16031,1.7573
425b4483-06cf-52e9-a46d-7543818d26c0,2008,Kansas,B12,Jr,21.5,72.7,19.7,0.6545000000000001,1.6,9.6,24.4,19.3,2.2,5.0,41.0,0.471,0.49,0.75,13.7735,8.27816,5.49539
428712dc-d231-5b44-8100-80165cf4d1a7,2008,Iowa St.,B12,Fr,19.5,68.8,24.4,0.4999,5.6,14.5,11.4,15.3,3.5,0.6,31.0,0.27,0.236,0.732,1.57549,-0.208503,1.78399
428712dc-d231-5b44-8100-80165cf4d1a7,2009,Iowa St.,B12,So,20.5,79.0,34.9,0.5362,6.4,27.8,12.8,12.9,3.2,1.0,38.8,0.288,0.146,0.701,2.37261,0.767403,1.60521
428712dc-d231-5b44-8100-80165cf4d1a7,2010,Iowa St.,B12,Jr,21.5,86.5,25.1,0.498,6.6,19.4,13.1,13.8,3.3,1.3,33.7,0.31,0.19,0.76,4.67665,1.87365,2.803
42cc7cfd-89d6-5a38-a92f-ad99c99be8d5,2012,Denver,SB,Fr,19.1,66.7,21.9,0.6509,6.4,23.5,17.0,23.5,1.8,3.4,50.3,0.392,0.387,0.865,5.18934,2.53357,2.65577
42cc7cfd-89d6-5a38-a92f-ad99c99be8d5,2013,Denver,WAC,So,20.1,87.9,21.5,0.5686,4.0,18.2,20.7,20.3,1.5,2.7,47.7,0.333,0.445,0.762,3.39053,1.78212,1.60841
42cc7cfd-89d6-5a38-a92f-ad99c99be8d5,2014,Baylor,B12,Jr,21.1,67.9,15.8,0.5947,8.6,14.2,19.7,22.9,0.7,2.0,54.4,0.448,0.343,0.598,7.70799,5.30318,2.4048
42cc7cfd-89d6-5a38-a92f-ad99c99be8d5,2015,Baylor,B12,Sr,22.1,79.7,17.2,0.5972,7.3,13.7,21.8,19.2,1.2,2.3,37.1,0.438,0.473,0.773,10.1087,6.8517,3.25697
42f1d4c1-7a98-5018-ab75-ac73b3173089,2008,Pepperdine,WCC,Fr,19.6,76.1,22.5,0.5339,10.1,22.2,10.7,21.9,6.6,1.1,62.3,0.0,0.0,0.571,0.190344,-1.7741,1.96444
42f1d4c1-7a98-5018-ab75-ac73b3173089,2010,San Diego St.,MWC,Jr,21.6,77.9,20.2,0.5342,10.3,18.5,14.7,17.9,5.4,1.6,66.8,0.25,0.017,0.528,6.45309,2.29735,4.15574
42f1d4c1-7a98-5018-ab75-ac73b3173089,2011,San Diego St.,MWC,Sr,22.6,76.7,22.0,0.5617,11.2,19.1,14.1,19.0,7.2,0.9,54.6,0.167,0.043,0.63,8.48817,2.45697,6.0312
433d1df7-3660-5792-99af-1cede26bc411,2012,UC Santa Barbara,BW,Fr,19.4,42.7,22.6,0.5442,22.4,19.9,6.2,10.8,7.7,1.8,53.0,0.0,0.0,0.595,4.84714,3.45025,1.39689
433d1df7-3660-5792-99af-1cede26bc411,2013,UC Santa Barbara,BW,So,20.4,62.9,34.1,0.5184000000000001,16.6,27.5,9.0,15.5,9.1,2.4,47.2,0.0,0.0,0.712,2.6271,-0.896533,3.52364
433d1df7-3660-5792-99af-1cede26bc411,2014,UC Santa Barbara,BW,Jr,21.4,72.7,34.9,0.5594,14.7,27.0,10.8,12.7,9.0,2.3,50.9,0.0,0.0,0.69,5.7269,1.72533,4.00158
433d1df7-3660-5792-99af-1cede26bc411,2015,UC Santa Barbara,BW,Sr,22.4,63.2,30.7,0.5204,12.4,32.0,11.9,12.7,6.4,2.1,48.9,0.0,0.009,0.758,5.19823,1.2863,3.91193
43402019-244b-54ba-98ea-540ecc27fec3,2018,South Dakota,Sum,Fr,19.2,1.3,19.5,0.2,0.0,13.7,0.0,35.6,0.0,3.5,0.0,0.0,0.0,0.0,-15.1945,-14.9916,-0.202923
43402019-244b-54ba-98ea-540ecc27fec3,2019,South Dakota,Sum,So,20.2,67.4,28.1,0.5671,4.4,20.9,12.0,13.8,5.1,1.6,41.8,0.342,0.239,0.695,0.883375,-0.524558,1.40793
43402019-244b-54ba-98ea-540ecc27fec3,2020,South Dakota,Sum,Jr,21.2,77.1,28.4,0.5367999999999999,2.7,21.2,14.1,12.9,4.4,1.2,39.6,0.327,0.27,0.757,0.145473,0.161391,-0.0159182
43402019-244b-54ba-98ea-540ecc27fec3,2021,South Dakota,Sum,Sr,22.2,81.7,33.6,0.5565,1.9,22.0,21.0,13.5,1.3,0.8,35.2,0.349,0.266,0.8,0.757705,2.13623,-1.37853
43402019-244b-54ba-98ea-540ecc27fec3,2022,Arkansas,SEC,Sr,23.2,69.0,20.1,0.5593,4.4,14.1,8.1,15.6,3.3,2.0,24.7,0.371,0.406,0.724,4.62867,1.64626,2.98241
434361bd-ad36-5e55-9555-1ba1e3dc3b86,2020,Stanford,P12,Fr,19.0,71.1,13.8,0.6084,2.1,10.5,5.6,12.4,3.6,1.2,10.5,0.431,0.855,0.696,5.90767,2.83059,3.07708
434361bd-ad36-5e55-9555-1ba1e3dc3b86,2021,Stanford,P12,So,20.0,66.8,14.9,0.5618,3.8,12.3,7.1,16.3,2.6,2.5,19.1,0.371,0.717,0.667,6.2451,2.78426,3.46085
434361bd-ad36-5e55-9555-1ba1e3dc3b86,2022,Stanford,P12,Jr,21.0,64.4,20.7,0.5982999999999999,7.4,12.7,9.7,15.7,2.6,2.0,18.1,0.376,0.575,0.75,6.17378,4.67534,1.49844
434361bd-ad36-5e55-9555-1ba1e3dc3b86,2023,Stanford,P12,Sr,22.0,70.3,23.3,0.5477000000000001,7.8,12.0,9.2,10.0,3.8,2.4,17.7,0.389,0.488,0.746,6.57427,5.5472,1.02707
434361bd-ad36-5e55-9555-1ba1e3dc3b86,2024,Stanford,P12,Sr,23.0,55.8,19.8,0.5715,4.9,11.2,12.7,13.0,2.8,2.8,27.4,0.409,0.584,0.645,6.07485,3.74147,2.33338
43473d90-3b47-550f-8ffd-8056030f1e07,2008,Indiana,B10,Sr,22.5,82.8,23.3,0.6321,11.3,24.0,5.2,14.5,5.4,1.4,57.7,0.333,0.008,0.689,6.16715,3.51747,2.64968
43b5d4d1-9e31-5395-b9cc-bf0655afd17e,2018,Texas Tech,B12,Fr,19.3,65.6,21.3,0.5592,4.8,16.1,12.9,15.8,3.2,2.5,34.0,0.382,0.453,0.648,7.28523,3.11236,4.17286
43b5d4d1-9e31-5395-b9cc-bf0655afd17e,2019,Texas Tech,B12,So,20.3,80.6,32.2,0.5417000000000001,5.7,17.3,25.9,15.5,2.2,2.7,37.7,0.304,0.292,0.707,10.3158,5.42223,4.8936
43b8faab-c80a-5d1f-b7ac-f0dec7afecc4,2021,Arkansas,SEC,Fr,19.1,84.2,21.6,0.5681,6.3,11.8,8.0,11.8,2.0,1.6,48.2,0.358,0.42,0.812,5.47923,4.03732,1.44191
43e8c2ce-b6de-501a-93d1-47b327e66232,2020,Saint Mary's,WCC,Fr,19.5,35.7,12.5,0.6299,7.9,11.2,4.0,17.2,0.2,1.4,14.3,0.415,0.631,0.75,3.25144,3.20971,0.0417261
43e8c2ce-b6de-501a-93d1-47b327e66232,2021,Saint Mary's,WCC,So,20.5,32.1,20.1,0.5494,5.1,19.3,4.9,17.8,0.3,1.4,20.7,0.328,0.63,0.842,0.74132,-0.430383,1.1717
43e8c2ce-b6de-501a-93d1-47b327e66232,2022,Saint Mary's,WCC,Jr,21.5,74.9,17.8,0.5484,2.1,13.8,5.5,13.6,0.5,1.9,16.6,0.389,0.578,0.813,3.57535,1.58643,1.98892
43e8c2ce-b6de-501a-93d1-47b327e66232,2023,Saint Mary's,WCC,Sr,22.5,78.3,18.4,0.5914,4.4,12.9,6.4,11.1,1.4,1.9,20.8,0.41,0.627,0.868,6.11409,3.79838,2.3157
43e8c2ce-b6de-501a-93d1-47b327e66232,2024,Saint Mary's,WCC,Sr,23.5,71.0,15.6,0.6242,3.6,20.2,12.4,14.6,0.8,1.6,12.5,0.44,0.734,0.774,6.99616,4.04017,2.95599
4410f831-33cb-5f5f-b6c7-58e99ebc7830,2019,Gonzaga,WCC,Fr,19.2,24.7,22.7,0.6629999999999999,7.6,17.9,4.5,13.5,4.1,0.8,61.5,0.3,0.246,0.853,4.27975,3.18621,1.09354
4410f831-33cb-5f5f-b6c7-58e99ebc7830,2020,Gonzaga,WCC,So,20.2,64.5,30.4,0.5938,10.9,23.3,10.3,14.5,3.0,1.3,64.0,0.182,0.03,0.655,3.82661,2.90121,0.925399
44944b3f-fc9c-5e1b-a249-1efbb7cdb37a,2012,Pittsburgh,BE,Fr,19.7,9.6,16.8,0.5722,17.1,24.0,0.0,17.6,14.3,0.8,78.6,0.0,0.0,0.545,2.25409,-0.943278,3.19737
44944b3f-fc9c-5e1b-a249-1efbb7cdb37a,2013,UNLV,MWC,So,20.7,41.6,17.0,0.5906,12.0,16.3,5.3,18.6,12.0,1.8,68.1,0.0,0.0,0.642,9.16065,0.651654,8.50899
44944b3f-fc9c-5e1b-a249-1efbb7cdb37a,2014,UNLV,MWC,Jr,21.7,78.0,19.6,0.569,13.9,20.3,7.6,12.8,10.9,1.2,77.1,0.0,0.0,0.693,9.54027,2.33034,7.20992
44982205-af2f-5f67-af1d-8ed45b55d7b2,2010,Memphis,CUSA,Fr,19.5,19.2,12.4,0.5934,15.9,13.4,4.3,7.3,3.2,1.8,60.0,0.5,0.05,0.583,4.28443,3.8039,0.480528
44982205-af2f-5f67-af1d-8ed45b55d7b2,2011,Memphis,CUSA,So,20.5,25.3,14.3,0.64,12.3,14.6,8.0,16.7,7.5,2.6,25.6,0.5,0.026,0.55,7.35198,2.23212,5.11986
44982205-af2f-5f67-af1d-8ed45b55d7b2,2012,Memphis,CUSA,Jr,21.5,16.5,12.0,0.6754000000000001,8.0,16.5,0.8,12.7,9.5,2.0,38.1,0.333,0.143,0.688,6.62772,1.65074,4.97697
44982205-af2f-5f67-af1d-8ed45b55d7b2,2013,Memphis,CUSA,Sr,22.5,58.7,12.9,0.6723,10.2,21.3,5.2,12.5,11.4,2.2,40.0,0.361,0.212,0.662,11.0378,3.02979,8.00803
44998b13-92f0-5a8c-99da-8ebf19f94e96,2011,Eastern Illinois,OVC,Fr,18.8,25.2,20.3,0.5267000000000001,11.6,25.0,3.4,30.7,2.7,2.3,57.1,0.0,0.0,0.531,-7.06463,-6.48648,-0.578152
44998b13-92f0-5a8c-99da-8ebf19f94e96,2012,Eastern Illinois,OVC,So,19.8,59.1,22.9,0.5915,15.6,21.3,3.4,17.3,3.6,1.5,41.8,0.0,0.0,0.728,-2.00897,-0.27098,-1.73799
44998b13-92f0-5a8c-99da-8ebf19f94e96,2014,Green Bay,Horz,Sr,21.8,10.2,15.5,0.5416,4.3,20.2,3.4,6.6,3.7,1.6,17.1,0.462,0.371,0.833,-0.89438,-0.816042,-0.0783379
44998b13-92f0-5a8c-99da-8ebf19f94e96,2015,Green Bay,Horz,Sr,22.8,54.4,21.8,0.5002,11.2,18.7,1.9,18.6,2.3,1.4,29.0,0.296,0.249,0.524,-3.64945,-2.73577,-0.913683
44c92002-369c-53a1-8033-1b3435fe4e43,2014,Virginia,ACC,Fr,19.7,74.4,12.4,0.5554,0.9,7.9,24.3,19.2,0.4,2.0,31.4,0.437,0.547,0.86,5.84235,3.15839,2.68395
44c92002-369c-53a1-8033-1b3435fe4e43,2015,Virginia,ACC,So,20.7,77.7,15.4,0.4799,0.9,8.6,26.5,20.3,0.8,1.6,28.6,0.316,0.503,0.778,4.83189,1.84093,2.99097
44c92002-369c-53a1-8033-1b3435fe4e43,2016,Virginia,ACC,Jr,21.7,78.2,19.2,0.609,1.7,10.1,24.2,18.6,0.3,2.1,27.1,0.487,0.571,0.803,8.50232,6.04564,2.45668
44c92002-369c-53a1-8033-1b3435fe4e43,2017,Virginia,ACC,Sr,22.7,79.2,24.0,0.5439,1.3,10.6,24.7,14.7,0.3,1.5,25.8,0.374,0.493,0.813,6.13792,4.2798,1.85812
452652c5-3709-55ba-805d-3ea3aa2835cc,2010,Duke,ACC,Fr,18.8,29.6,15.4,0.5554,1.4,8.7,5.1,12.3,0.4,1.4,25.0,0.379,0.699,0.735,3.97088,3.17657,0.794303
452652c5-3709-55ba-805d-3ea3aa2835cc,2011,Duke,ACC,So,19.8,52.6,14.3,0.6523,1.3,8.1,4.7,14.3,0.5,1.5,20.7,0.427,0.721,0.791,5.83876,4.54855,1.2902
452652c5-3709-55ba-805d-3ea3aa2835cc,2012,Duke,ACC,Jr,20.8,55.5,16.3,0.5658,1.7,8.6,5.1,12.7,0.2,1.1,20.0,0.392,0.743,0.739,3.07469,3.65215,-0.577455
452652c5-3709-55ba-805d-3ea3aa2835cc,2014,Duke,ACC,Sr,22.8,32.2,22.0,0.6342,1.5,10.1,5.6,11.0,1.1,2.0,19.6,0.421,0.804,0.811,6.12246,6.92487,-0.802409
453dd54e-883e-50ab-a40a-c79b1b6bf58d,2012,Duke,ACC,Fr,20.1,8.1,14.2,0.7073999999999999,5.3,11.0,5.0,29.5,0.8,1.6,35.0,0.4,0.5,1.0,2.67531,1.84799,0.827318
453dd54e-883e-50ab-a40a-c79b1b6bf58d,2014,Syracuse,ACC,So,22.1,36.4,15.0,0.5052,4.9,9.8,15.6,14.9,1.9,3.3,52.2,0.349,0.467,0.646,4.87067,2.25756,2.61311
453dd54e-883e-50ab-a40a-c79b1b6bf58d,2015,Syracuse,ACC,Jr,23.1,84.0,20.0,0.5497,3.7,12.3,21.5,18.3,1.2,3.2,32.7,0.392,0.417,0.571,6.47048,3.4011,3.06938
453dd54e-883e-50ab-a40a-c79b1b6bf58d,2016,Syracuse,ACC,Sr,24.1,93.8,24.8,0.5736,3.2,8.7,26.5,18.5,1.1,3.1,32.8,0.391,0.477,0.662,6.77288,5.06833,1.70456
454f462c-991c-57cf-87b6-d975a0a8b760,2021,Texas Tech,B12,Fr,20.1,4.0,21.7,0.46740000000000004,4.9,20.6,8.5,5.9,2.6,2.5,41.2,0.0,0.0,1.0,0.426728,-1.12724,1.55397
454f462c-991c-57cf-87b6-d975a0a8b760,2022,Florida Atlantic,CUSA,So,21.1,45.2,20.9,0.5882000000000001,12.7,18.6,4.0,18.9,6.9,1.3,33.1,0.0,0.0,0.618,0.820873,-1.2119,2.03278
454f462c-991c-57cf-87b6-d975a0a8b760,2023,Florida Atlantic,CUSA,So,22.1,53.8,22.8,0.6195,14.0,20.9,4.1,15.1,6.0,1.0,55.1,0.0,0.0,0.585,4.4723,1.52041,2.95189
454f462c-991c-57cf-87b6-d975a0a8b760,2024,Florida Atlantic,Amer,Jr,23.1,61.2,25.6,0.6806,11.6,19.5,6.2,14.5,6.8,1.2,62.0,0.0,0.0,0.67,5.71435,3.613,2.10135
454f462c-991c-57cf-87b6-d975a0a8b760,2025,Michigan,B10,Sr,24.1,68.4,26.1,0.6542,10.3,17.4,8.5,18.3,5.2,1.1,59.8,0.333,0.09,0.731,7.01545,2.93605,4.0794
45587386-cd15-54e1-b12f-acc3385468f4,2014,Miami FL,ACC,Fr,19.0,50.8,22.4,0.4673,2.2,7.6,13.1,19.7,0.7,1.6,25.6,0.357,0.541,0.66,-1.2471,-0.50843,-0.738668
45587386-cd15-54e1-b12f-acc3385468f4,2015,Miami FL,ACC,So,20.0,53.3,15.9,0.6157,3.7,13.5,14.6,15.7,1.7,2.1,47.0,0.457,0.494,0.727,6.90848,3.95008,2.9584
45587386-cd15-54e1-b12f-acc3385468f4,2016,Miami FL,ACC,Jr,21.0,71.7,18.4,0.5989,2.7,13.8,8.1,14.3,1.5,1.6,37.5,0.383,0.436,0.816,5.81845,3.95847,1.85998
45587386-cd15-54e1-b12f-acc3385468f4,2017,Miami FL,ACC,Sr,22.0,87.9,21.3,0.58,2.9,13.1,14.4,16.6,1.5,2.3,29.0,0.397,0.535,0.833,7.13052,4.36982,2.7607
4592e097-2318-59e6-a71e-ac2c877d7032,2019,Texas,B12,Fr,19.1,50.0,16.9,0.7390000000000001,8.8,16.2,2.6,13.9,10.6,1.5,59.2,0.0,0.0,0.74,10.4959,3.6047,6.89116
459dc349-fd21-5386-89b9-d37b03b9e566,2008,Oklahoma,B12,Jr,21.5,54.1,18.3,0.5203,8.8,17.5,8.0,18.5,3.7,2.3,54.9,0.273,0.127,0.768,3.66171,0.20865,3.45306
459dc349-fd21-5386-89b9-d37b03b9e566,2009,Oklahoma,B12,Sr,22.5,74.8,16.6,0.5869,9.3,12.0,7.9,19.6,3.4,2.5,55.8,0.357,0.06,0.7,7.9296,3.83034,4.09926
459de9ee-b4ce-554a-ad91-2b6d66fd6d8f,2015,Kansas,B12,Fr,18.0,20.1,16.7,0.40979999999999994,3.3,8.3,11.4,18.4,0.4,1.6,7.1,0.288,0.612,0.833,0.672411,0.131999,0.540412
459de9ee-b4ce-554a-ad91-2b6d66fd6d8f,2016,Kansas,B12,So,19.0,28.7,19.1,0.5709000000000001,3.2,8.3,12.2,17.4,1.2,1.5,18.2,0.383,0.591,0.68,4.95816,3.60633,1.35183
459de9ee-b4ce-554a-ad91-2b6d66fd6d8f,2017,Kansas,B12,Jr,20.0,67.6,15.5,0.5805,3.4,8.6,7.7,14.6,0.9,1.8,16.8,0.398,0.629,0.702,5.66632,4.35203,1.3143
459de9ee-b4ce-554a-ad91-2b6d66fd6d8f,2018,Kansas,B12,Sr,21.0,86.1,20.1,0.5716,3.9,8.7,13.4,13.7,0.9,1.9,11.9,0.444,0.549,0.804,6.40614,5.30222,1.10392
4634db0a-aa2a-5796-a26b-40a22442018d,2018,Virginia,ACC,Fr,20.6,48.1,25.4,0.5837,7.6,14.9,11.8,12.3,2.7,1.9,46.0,0.382,0.258,0.755,7.09782,3.70846,3.38937
4634db0a-aa2a-5796-a26b-40a22442018d,2019,Virginia,ACC,So,21.6,80.4,23.5,0.6178,5.6,13.4,13.0,11.8,2.4,1.2,39.8,0.438,0.266,0.783,8.84269,6.23839,2.60431
4651c8fe-bf2f-540d-803a-8d831409b0ac,2021,North Dakota St.,Sum,Fr,19.3,51.9,18.3,0.555,7.1,14.0,6.1,23.8,4.9,0.6,27.9,0.356,0.331,0.711,-0.281732,-1.6553,1.37357
4651c8fe-bf2f-540d-803a-8d831409b0ac,2022,North Dakota St.,Sum,So,20.3,55.7,22.3,0.5764,7.2,13.7,8.7,14.7,4.7,0.5,21.8,0.325,0.335,0.731,2.04919,0.878708,1.17049
4651c8fe-bf2f-540d-803a-8d831409b0ac,2023,North Dakota St.,Sum,Jr,21.3,72.2,30.4,0.5857,8.3,26.1,15.5,16.4,5.5,1.5,41.1,0.272,0.245,0.714,4.43951,1.9811,2.45841
4651c8fe-bf2f-540d-803a-8d831409b0ac,2024,Alabama,SEC,Sr,22.3,63.6,20.2,0.6007,6.9,17.3,9.7,14.4,6.6,1.3,50.8,0.273,0.373,0.813,7.41304,4.22414,3.1889
4651c8fe-bf2f-540d-803a-8d831409b0ac,2025,Alabama,SEC,Sr,23.3,63.0,20.6,0.588,7.3,21.9,10.4,18.2,4.2,1.0,46.8,0.258,0.315,0.667,7.55807,3.25734,4.30072
4691c60a-b257-5edc-9d3e-d0d3393bad9e,2015,Seton Hall,BE,Fr,20.6,69.8,19.0,0.5318999999999999,14.2,25.2,6.9,14.2,4.7,1.1,50.9,0.0,0.005,0.414,4.18126,1.41014,2.77112
4691c60a-b257-5edc-9d3e-d0d3393bad9e,2016,Seton Hall,BE,So,21.6,75.2,17.4,0.5667,10.8,21.5,6.2,19.7,2.7,1.0,45.7,0.0,0.008,0.536,3.95158,0.754906,3.19668
4691c60a-b257-5edc-9d3e-d0d3393bad9e,2017,Seton Hall,BE,Jr,22.6,81.6,26.4,0.5514,16.6,27.7,14.2,19.7,1.1,1.1,54.0,0.0,0.0,0.556,5.10279,2.56553,2.53727
4691c60a-b257-5edc-9d3e-d0d3393bad9e,2018,Seton Hall,BE,Sr,23.6,76.6,25.3,0.5275,14.7,28.0,16.9,17.9,2.3,1.4,39.7,0.0,0.005,0.612,6.30495,3.02314,3.28181
46998222-7d48-5bda-8e73-e08b42d6c476,2016,Penn St.,B10,Fr,19.1,48.1,20.1,0.42460000000000003,6.1,11.7,17.5,17.5,4.2,3.5,23.3,0.077,0.222,0.756,2.88534,-1.33059,4.21594
46998222-7d48-5bda-8e73-e08b42d6c476,2017,Penn St.,B10,So,20.1,56.4,17.3,0.5275,5.3,11.0,15.3,23.1,2.8,4.4,26.5,0.322,0.326,0.708,5.41664,0.65901,4.75763
46998222-7d48-5bda-8e73-e08b42d6c476,2018,Penn St.,B10,Jr,21.1,66.8,18.0,0.5816,6.6,12.7,18.7,14.9,1.8,4.2,27.5,0.377,0.388,0.707,10.7143,5.98098,4.7333
46998222-7d48-5bda-8e73-e08b42d6c476,2019,Penn St.,B10,Sr,22.1,81.4,19.6,0.5216,5.1,12.5,18.2,22.4,3.2,4.5,20.6,0.356,0.446,0.656,9.24779,3.22333,6.02446
46a58afd-288b-5702-89a5-f43fc5679142,2022,Arizona,P12,Fr,18.5,7.0,15.3,0.6082,2.3,7.4,13.9,24.1,0.9,1.6,7.4,0.471,0.63,0.0,1.29145,1.66003,-0.36858
46a58afd-288b-5702-89a5-f43fc5679142,2023,Arizona,P12,So,19.5,15.3,15.9,0.5417000000000001,2.8,10.0,10.3,21.0,0.5,1.8,33.3,0.353,0.667,0.706,2.16699,1.32203,0.84496
46a58afd-288b-5702-89a5-f43fc5679142,2024,Santa Clara,WCC,Jr,20.5,71.4,23.0,0.561,1.5,9.8,18.5,18.3,0.7,1.5,37.7,0.34,0.456,0.815,1.12862,1.4814,-0.352778
46a58afd-288b-5702-89a5-f43fc5679142,2025,Santa Clara,WCC,Sr,21.5,66.1,20.3,0.564,0.8,8.4,17.3,14.6,0.4,1.0,26.1,0.375,0.601,0.787,1.52119,2.23276,-0.711575
46add7b4-6b1e-5d74-84dd-f0e2d69e71dd,2016,USC,P12,Fr,19.3,45.5,18.7,0.5239,9.5,11.1,5.0,16.8,8.2,1.7,46.8,0.0,0.006,0.512,4.38446,0.010597,4.37386
46add7b4-6b1e-5d74-84dd-f0e2d69e71dd,2017,USC,P12,So,20.3,78.1,22.8,0.5951,7.5,20.3,8.9,16.9,4.9,1.4,47.5,0.5,0.005,0.741,2.90944,0.649743,2.2597
46add7b4-6b1e-5d74-84dd-f0e2d69e71dd,2018,USC,P12,Jr,21.3,72.1,25.1,0.5740999999999999,7.3,21.2,10.0,15.1,6.3,1.5,38.8,0.3,0.102,0.73,5.05371,1.07218,3.98153
46ec0824-42cd-540e-9ebb-e3b6a4ee0f32,2008,Florida,SEC,Fr,19.7,51.4,19.5,0.5690999999999999,7.6,15.0,12.0,14.6,1.1,1.4,38.1,0.324,0.495,0.627,4.16739,4.19965,-0.032263
46ec0824-42cd-540e-9ebb-e3b6a4ee0f32,2009,Florida,SEC,So,20.7,65.1,19.4,0.5333,9.0,16.5,12.0,16.0,1.6,2.4,25.2,0.301,0.442,0.557,5.29619,3.62596,1.67023
46ec0824-42cd-540e-9ebb-e3b6a4ee0f32,2010,Florida,SEC,Jr,21.7,76.7,20.8,0.5870000000000001,8.2,16.9,16.3,18.2,0.5,2.2,52.8,0.358,0.371,0.662,7.36287,5.50562,1.85725
46ec0824-42cd-540e-9ebb-e3b6a4ee0f32,2011,Florida,SEC,Sr,22.7,81.1,20.1,0.5514,7.3,19.3,21.6,20.3,1.3,1.7,30.0,0.368,0.362,0.557,8.53658,5.03733,3.49925
473e52e7-f800-5f70-b551-f55b0912bd1c,2017,Tennessee,SEC,Fr,18.6,63.9,25.0,0.5700999999999999,12.2,12.8,9.4,17.4,7.7,1.7,73.3,0.387,0.122,0.663,7.83786,2.8952,4.94266
473e52e7-f800-5f70-b551-f55b0912bd1c,2018,Tennessee,SEC,So,19.6,71.5,28.0,0.5444,9.4,14.6,14.7,15.6,5.1,1.2,54.8,0.12,0.065,0.764,6.09578,2.08249,4.01329
473e52e7-f800-5f70-b551-f55b0912bd1c,2019,Tennessee,SEC,Jr,20.6,78.6,27.0,0.6473,8.8,17.4,18.3,15.2,5.3,2.0,63.7,0.318,0.109,0.818,11.7649,7.35688,4.40804
4768da1b-159f-54ef-83ec-b0b64b8bddde,2018,Xavier,BE,Fr,20.4,54.0,18.3,0.6121,6.7,16.1,12.7,22.2,1.4,1.7,47.0,0.349,0.238,0.753,5.65857,3.09734,2.56123
4768da1b-159f-54ef-83ec-b0b64b8bddde,2019,Xavier,BE,So,21.4,83.5,25.6,0.49450000000000005,3.0,19.9,18.5,21.2,0.7,1.9,34.2,0.277,0.411,0.722,1.34348,0.176263,1.16722
4768da1b-159f-54ef-83ec-b0b64b8bddde,2020,Xavier,BE,Jr,22.4,84.6,26.6,0.5299,3.5,15.9,24.1,20.4,1.3,2.0,32.3,0.286,0.361,0.71,5.51921,2.76595,2.75326
477c1572-b572-52ed-b0a7-5965e4aea877,2021,Auburn,SEC,Fr,18.8,57.6,19.7,0.5467,7.7,15.3,7.1,18.5,5.8,1.9,44.5,0.297,0.387,0.741,3.72912,1.36383,2.36529
4815c177-15af-51a4-9f1d-d644bba17f06,2020,Duke,ACC,Fr,20.9,63.1,21.3,0.569,7.6,11.7,6.6,17.4,2.4,1.4,38.9,0.36,0.319,0.733,4.13098,2.93242,1.19857
48229d68-fb3b-5c7a-aa7c-9ea78952cf69,2015,Texas,B12,Fr,19.3,54.9,23.8,0.5561,7.2,24.9,6.2,16.6,12.3,0.8,43.6,0.274,0.241,0.839,7.11788,0.514664,6.60322
4851b2c3-ad65-5733-a80b-727c6016f42c,2021,UCLA,P12,Fr,19.7,21.0,16.7,0.562,13.9,19.6,4.0,16.0,2.1,0.9,41.4,0.2,0.172,0.75,2.82514,2.20461,0.620525
4851b2c3-ad65-5733-a80b-727c6016f42c,2022,UCLA,P12,So,20.7,36.8,20.2,0.5363,9.7,14.9,10.5,11.4,1.1,3.7,30.2,0.259,0.17,0.542,7.38395,4.02278,3.36116
4851b2c3-ad65-5733-a80b-727c6016f42c,2023,UCLA,P12,Jr,21.7,61.8,21.4,0.5485,7.4,16.0,11.4,11.3,1.1,5.1,31.1,0.329,0.256,0.698,10.3784,4.68552,5.69283
4863d68b-bd99-530e-95fc-2faff71a5d92,2008,Duke,ACC,So,20.5,65.2,23.8,0.5403,6.0,13.6,11.9,17.2,3.1,2.4,45.9,0.317,0.191,0.669,5.57174,1.94871,3.62303
4863d68b-bd99-530e-95fc-2faff71a5d92,2009,Duke,ACC,Jr,21.5,74.1,27.2,0.5424,4.7,14.4,18.0,15.4,2.4,2.4,39.7,0.336,0.258,0.761,6.55578,4.30157,2.25421
4887ed41-d68f-5620-a765-749971aaa813,2021,Dayton,A10,Fr,18.6,24.3,12.0,0.5534,1.2,13.4,5.5,21.2,1.4,0.5,22.5,0.355,0.775,0.667,-0.185199,-0.729293,0.544094
4887ed41-d68f-5620-a765-749971aaa813,2022,Dayton,A10,So,19.6,54.4,17.6,0.5751,1.5,14.5,6.9,13.3,0.8,1.1,12.4,0.423,0.637,0.621,2.13361,2.00343,0.130179
4887ed41-d68f-5620-a765-749971aaa813,2023,Dayton,A10,So,20.6,54.2,14.4,0.5099,1.2,12.8,12.2,14.7,1.1,0.8,3.8,0.37,0.742,1.0,1.26484,0.778455,0.48638
4887ed41-d68f-5620-a765-749971aaa813,2024,Dayton,A10,Jr,21.6,72.5,14.2,0.7216,1.5,13.2,8.2,10.9,1.2,1.2,6.5,0.498,0.817,0.875,5.8561,5.15021,0.705889
4887ed41-d68f-5620-a765-749971aaa813,2025,Kentucky,SEC,Sr,22.6,69.9,14.9,0.6356,1.1,10.9,8.0,6.2,1.3,0.9,11.2,0.435,0.684,0.914,6.06502,5.49517,0.56985
488d6c61-7970-5afd-b99d-f87e4e47b213,2008,Charleston,SC,Fr,19.5,71.4,21.4,0.5821999999999999,2.5,7.2,14.9,15.7,0.6,2.0,8.7,0.422,0.483,0.871,1.09514,3.04884,-1.9537
488d6c61-7970-5afd-b99d-f87e4e47b213,2009,Charleston,SC,So,20.5,77.5,23.7,0.5826,1.8,6.9,11.9,14.9,0.9,1.3,15.6,0.44,0.449,0.867,-1.11156,2.46437,-3.57593
488d6c61-7970-5afd-b99d-f87e4e47b213,2010,Charleston,SC,Jr,21.5,88.6,27.2,0.5584,2.4,10.8,22.1,12.0,1.0,1.8,13.4,0.393,0.446,0.824,3.27695,5.30968,-2.03274
488d6c61-7970-5afd-b99d-f87e4e47b213,2011,Charleston,SC,Sr,22.5,88.0,33.1,0.575,2.3,9.9,26.4,16.3,0.5,1.5,19.2,0.407,0.461,0.821,3.80975,5.90966,-2.09991
488f3d9e-0ea5-5976-86e3-7455b2f64a5b,2018,Duke,ACC,Fr,19.3,74.8,25.8,0.6435,13.8,21.4,8.8,14.7,2.6,1.4,47.5,0.397,0.132,0.627,8.6592,6.30824,2.35097
48bfe0b3-bd66-5f04-ab38-2910b9fba52d,2019,VCU,A10,Fr,18.8,38.3,20.3,0.5476,7.6,16.0,12.9,26.8,2.8,3.9,73.4,0.24,0.229,0.688,5.22445,-0.955274,6.17973
48bfe0b3-bd66-5f04-ab38-2910b9fba52d,2020,VCU,A10,So,19.8,27.7,18.7,0.4631,5.8,13.8,11.2,24.2,2.7,3.5,45.6,0.2,0.38,0.806,1.56338,-1.83793,3.4013
48bfe0b3-bd66-5f04-ab38-2910b9fba52d,2021,VCU,A10,Jr,20.8,71.2,19.6,0.5704,4.8,15.9,15.1,18.4,0.9,2.1,40.4,0.413,0.512,0.793,4.82705,2.75513,2.07191
48bfe0b3-bd66-5f04-ab38-2910b9fba52d,2022,VCU,A10,Sr,21.8,75.7,22.5,0.629,3.5,17.7,19.6,23.0,3.8,2.9,35.5,0.387,0.585,0.814,8.45559,3.47291,4.98268
48e0e160-cc59-533d-a718-ad1eb62f56a6,2016,Washington St.,P12,Fr,19.5,14.9,19.0,0.4121,4.7,12.2,8.7,18.1,2.1,0.3,39.6,0.222,0.562,0.789,-5.16825,-3.41904,-1.7492
48e0e160-cc59-533d-a718-ad1eb62f56a6,2017,Washington St.,P12,So,20.5,42.1,23.3,0.5257000000000001,6.9,16.3,9.5,19.6,3.7,0.5,24.7,0.311,0.367,0.732,-1.82052,-1.75678,-0.0637448
48e0e160-cc59-533d-a718-ad1eb62f56a6,2018,Washington St.,P12,Jr,21.5,79.1,25.1,0.6109,5.9,17.1,12.6,16.3,3.2,0.9,33.4,0.405,0.443,0.854,2.34742,2.95692,-0.609495
48e0e160-cc59-533d-a718-ad1eb62f56a6,2019,Washington St.,P12,Sr,22.5,72.6,28.5,0.6236999999999999,4.7,19.2,17.3,18.3,2.3,1.1,30.6,0.399,0.461,0.848,2.95677,3.71142,-0.754654
4936a4ed-1c4f-5bdd-bc4f-f2dbff62dd6f,2022,Illinois,B10,Fr,19.3,5.2,17.8,0.5263,3.4,20.6,13.6,19.2,0.0,0.9,21.1,0.231,0.684,0.75,1.24989,0.363864,0.886023
4936a4ed-1c4f-5bdd-bc4f-f2dbff62dd6f,2023,Santa Clara,WCC,So,20.3,86.2,25.5,0.6075,5.5,21.0,20.8,14.0,1.3,2.8,32.3,0.447,0.401,0.771,9.28219,6.48712,2.79507
4939897b-c9a7-58ec-b208-b4fa428d3abf,2014,Vanderbilt,SEC,Fr,19.0,64.2,23.9,0.5493,8.7,15.9,2.3,17.9,5.7,0.7,52.8,0.0,0.0,0.545,-1.67346,-2.93447,1.261
4939897b-c9a7-58ec-b208-b4fa428d3abf,2015,Vanderbilt,SEC,So,20.0,72.2,26.3,0.5739,9.7,16.5,5.9,18.0,7.3,1.2,67.2,0.2,0.016,0.606,2.60931,0.368009,2.24131
4939897b-c9a7-58ec-b208-b4fa428d3abf,2016,Vanderbilt,SEC,Jr,21.0,65.1,26.4,0.5845,9.9,17.3,10.2,16.3,5.9,0.5,53.8,0.0,0.01,0.536,5.35812,1.65883,3.69929
495f3c97-668d-5b2a-8bb2-8b9322e1d5f7,2017,Arizona,P12,Fr,20.0,58.9,21.1,0.5011,1.9,6.0,15.8,15.0,0.4,1.6,31.6,0.327,0.348,0.775,1.77016,1.71534,0.0548105
49c70c00-fe3a-5165-97a7-c6a1468bd1b9,2019,Cal St. Northridge,BW,Fr,19.9,76.6,15.9,0.5561,2.9,9.9,27.1,19.2,0.5,2.4,30.7,0.31,0.405,0.773,-0.364674,1.76307,-2.12774
49c70c00-fe3a-5165-97a7-c6a1468bd1b9,2020,Cal St. Northridge,BW,So,20.9,81.9,16.8,0.5672999999999999,3.9,9.3,21.7,14.0,0.1,2.0,23.0,0.393,0.344,0.786,0.72131,3.62093,-2.89962
49c70c00-fe3a-5165-97a7-c6a1468bd1b9,2021,Cal St. Northridge,BW,Jr,21.9,86.0,17.1,0.5688,2.8,13.7,29.4,14.1,0.3,3.3,31.2,0.354,0.376,0.722,3.4038,3.75979,-0.355991
49c70c00-fe3a-5165-97a7-c6a1468bd1b9,2022,Cal St. Northridge,BW,Sr,22.9,13.7,17.2,0.43329999999999996,0.7,13.9,16.8,16.0,0.0,2.8,14.6,0.286,0.341,1.0,-4.83779,-2.78843,-2.04936
49c70c00-fe3a-5165-97a7-c6a1468bd1b9,2023,Montana St.,BSky,Jr,23.9,74.3,18.5,0.5832999999999999,2.0,17.0,33.1,18.0,0.1,3.6,34.4,0.389,0.321,0.909,6.59054,3.57783,3.01271
49c70c00-fe3a-5165-97a7-c6a1468bd1b9,2024,Utah St.,MWC,Sr,24.9,90.7,19.1,0.5740999999999999,1.8,12.1,30.2,16.1,0.6,2.0,21.9,0.391,0.474,0.861,4.94372,4.58756,0.356158
49f3fc45-f6d9-5586-aa17-4fb8dd6cbec9,2009,USC,P10,Fr,18.7,19.4,12.5,0.6045,10.3,16.5,4.9,25.0,3.7,2.0,17.8,0.0,0.067,0.875,4.75264,1.13472,3.61793
49f3fc45-f6d9-5586-aa17-4fb8dd6cbec9,2010,USC,P10,So,19.7,80.0,19.8,0.5527000000000001,12.1,23.2,8.9,18.8,4.5,1.2,34.0,0.222,0.144,0.718,7.32195,1.56979,5.75216
49f3fc45-f6d9-5586-aa17-4fb8dd6cbec9,2011,USC,P10,Jr,20.7,87.0,25.1,0.578,9.8,25.6,11.0,12.1,4.4,0.9,38.3,0.349,0.195,0.755,8.19592,4.12305,4.07287
49fd67a4-8888-509e-a355-7a103a474ed2,2010,Saint Mary's,WCC,Fr,19.8,91.7,18.6,0.5686,3.5,7.4,20.6,17.3,0.0,2.0,36.9,0.399,0.598,0.85,5.30775,4.96018,0.347567
49fd67a4-8888-509e-a355-7a103a474ed2,2011,Saint Mary's,WCC,So,20.8,89.7,21.5,0.5736,3.8,8.4,26.0,18.9,0.1,2.2,33.0,0.382,0.529,0.87,4.84454,5.2359,-0.391355
49fd67a4-8888-509e-a355-7a103a474ed2,2012,Saint Mary's,WCC,Jr,21.8,94.5,23.6,0.5989,2.0,8.3,33.3,20.6,0.2,1.4,46.6,0.36,0.478,0.86,3.50203,4.73768,-1.23565
49fd67a4-8888-509e-a355-7a103a474ed2,2013,Saint Mary's,WCC,Sr,22.8,91.4,25.0,0.5543,2.1,9.2,34.3,19.0,0.3,1.7,35.8,0.374,0.533,0.85,5.94557,5.86182,0.0837493
4a2b5b08-7b51-50da-a31b-6f5b6ead5087,2014,Kansas,B12,Fr,19.3,81.4,25.1,0.5634,8.4,12.3,9.2,15.9,3.1,2.1,53.8,0.341,0.299,0.775,7.08399,4.62802,2.45597
4a362555-1da1-5ba2-bcca-b46342d59f15,2011,Kentucky,SEC,Fr,19.6,89.4,26.7,0.5528,2.2,10.2,23.4,19.8,0.6,1.1,33.3,0.377,0.45,0.795,4.38308,4.5628,-0.179716
4a3fc870-3b9b-5337-bec3-d9af72681c28,2008,VCU,CAA,Fr,19.5,42.4,17.4,0.499,10.8,23.3,1.6,16.1,18.8,1.2,54.4,0.0,0.0,0.456,5.28017,-4.15504,9.4352
4a3fc870-3b9b-5337-bec3-d9af72681c28,2009,VCU,CAA,So,20.5,66.0,25.0,0.5228,13.2,24.5,3.1,19.1,11.0,1.5,42.2,0.0,0.0,0.558,1.40872,-3.03333,4.44205
4a3fc870-3b9b-5337-bec3-d9af72681c28,2010,VCU,CAA,Jr,21.5,64.9,26.1,0.5635,13.1,25.2,7.7,13.8,9.1,1.6,45.5,0.25,0.044,0.641,6.39769,2.21681,4.18088
4a686e5c-b5b4-58b1-8553-ec56185c2dd1,2008,St. John's,BE,Fr,18.6,66.0,18.1,0.5359,8.1,17.8,12.0,23.2,1.4,2.8,48.0,0.333,0.254,0.706,4.78364,0.701248,4.08239
4a686e5c-b5b4-58b1-8553-ec56185c2dd1,2009,St. John's,BE,So,19.6,86.2,20.9,0.5227,5.5,16.7,17.7,17.5,1.3,2.6,56.2,0.333,0.324,0.733,5.84098,3.31479,2.52619
4a686e5c-b5b4-58b1-8553-ec56185c2dd1,2010,St. John's,BE,Jr,20.6,77.3,25.6,0.5743,6.2,16.4,21.5,18.8,2.2,2.2,49.0,0.383,0.379,0.756,8.85098,5.68192,3.16906
4a686e5c-b5b4-58b1-8553-ec56185c2dd1,2011,St. John's,BE,Sr,21.6,69.4,19.8,0.57,5.8,18.4,14.3,18.0,2.1,3.7,59.2,0.364,0.241,0.778,8.37066,3.80072,4.56994
4accbae3-3b35-598a-bc61-8ad6af37c679,2018,Texas,B12,Fr,19.7,44.5,14.7,0.5727,7.1,17.4,2.2,16.8,3.1,1.0,58.1,0.0,0.009,0.426,1.43782,-1.07897,2.51679
4accbae3-3b35-598a-bc61-8ad6af37c679,2019,Texas,B12,So,20.7,34.9,16.8,0.5805,10.1,18.1,2.3,24.0,4.1,0.9,49.0,0.0,0.0,0.6,0.711216,-1.58703,2.29825
4accbae3-3b35-598a-bc61-8ad6af37c679,2020,Texas,B12,Jr,21.7,52.3,18.1,0.6535,13.0,23.3,6.7,18.5,4.6,0.9,31.6,0.0,0.0,0.592,6.30446,2.23292,4.07154
4accbae3-3b35-598a-bc61-8ad6af37c679,2021,Texas,B12,Sr,22.7,58.3,18.3,0.6504000000000001,10.3,22.0,5.4,20.7,4.6,1.7,73.0,0.0,0.007,0.52,6.58155,2.30352,4.27803
4b0a69a3-8cf5-5d74-b48a-dfc866b2f5f8,2014,SMU,Amer,Fr,22.0,37.0,21.9,0.6254,14.6,14.1,11.4,19.1,3.6,2.1,70.8,0.0,0.0,0.629,6.2017,3.28262,2.91908
4b0a69a3-8cf5-5d74-b48a-dfc866b2f5f8,2015,SMU,Amer,So,23.0,55.6,21.8,0.5025999999999999,10.9,13.4,17.0,20.8,5.5,2.6,59.8,0.0,0.0,0.682,5.18994,0.824092,4.36585
4b0a69a3-8cf5-5d74-b48a-dfc866b2f5f8,2016,SMU,Amer,Jr,24.0,71.9,20.4,0.5851,12.2,16.6,13.2,15.7,5.6,1.5,43.9,0.0,0.0,0.72,7.57934,3.68218,3.89716
4b0a69a3-8cf5-5d74-b48a-dfc866b2f5f8,2017,SMU,Amer,Sr,25.0,80.8,19.5,0.5786,10.1,18.0,14.5,16.1,4.5,1.7,45.1,0.2,0.018,0.625,8.08994,3.42311,4.66683
4b26644f-a6b2-57b4-8b89-bedff8a95210,2018,Kansas,B12,Fr,19.6,47.9,13.3,0.5024000000000001,5.8,13.6,8.9,17.1,1.1,2.7,37.5,0.267,0.331,0.49,4.87802,1.91555,2.96247
4b26644f-a6b2-57b4-8b89-bedff8a95210,2019,Kansas,B12,So,20.6,57.5,15.9,0.4789,4.2,11.9,11.7,16.1,1.4,2.9,39.1,0.245,0.255,0.587,5.31064,1.54328,3.76736
4b26644f-a6b2-57b4-8b89-bedff8a95210,2020,Kansas,B12,Jr,21.6,80.3,18.4,0.5022,2.3,12.8,24.9,17.8,1.0,3.2,37.6,0.333,0.218,0.614,7.33624,3.31891,4.01733
4b26644f-a6b2-57b4-8b89-bedff8a95210,2021,Kansas,B12,Sr,22.6,80.3,18.6,0.5454,2.1,13.4,20.5,18.6,1.1,2.8,31.3,0.339,0.249,0.808,5.64007,2.07098,3.56909
4b36d2ab-1256-5f15-9e5e-44db7cdafea2,2017,Kentucky,SEC,Fr,19.4,79.9,25.1,0.5859000000000001,1.1,7.2,13.3,13.3,1.5,1.6,32.3,0.397,0.47,0.822,6.08628,5.14294,0.943344
4b556d1f-3e6e-5ac9-aa26-cbdd92e6b525,2015,New Mexico St.,WAC,Fr,21.2,77.3,21.7,0.6071,13.8,17.5,9.9,18.1,5.7,1.7,45.5,0.0,0.007,0.77,6.5192,2.84499,3.67421
4b556d1f-3e6e-5ac9-aa26-cbdd92e6b525,2016,New Mexico St.,WAC,So,22.2,87.0,28.0,0.5688,13.4,23.5,11.2,12.6,6.4,1.7,40.3,0.2,0.031,0.686,7.22599,2.49908,4.7269
4b8f7ac8-d6bc-5f35-b428-647a6f682d41,2014,Louisville,Amer,Fr,20.3,47.2,18.5,0.5045000000000001,4.4,13.7,16.6,9.7,0.3,3.2,22.4,0.371,0.418,0.712,6.52368,3.27073,3.25295
4b8f7ac8-d6bc-5f35-b428-647a6f682d41,2015,Louisville,ACC,So,21.3,86.9,26.8,0.5085999999999999,3.8,13.9,19.7,14.1,0.5,3.5,33.8,0.306,0.301,0.79,7.06354,3.95371,3.10984
4bb0c68b-3bbc-5510-954a-ebecfaf7deea,2020,USC,P12,Fr,19.5,68.4,23.4,0.6459999999999999,12.4,18.4,8.4,15.9,9.8,2.3,50.2,0.25,0.014,0.72,11.4267,4.11973,7.30694
4c01e5b0-9c2c-50a3-99de-ef99009ffcf7,2012,Illinois,B10,Fr,19.5,13.8,21.7,0.5063,7.8,9.9,2.6,14.3,2.0,2.4,24.2,0.16,0.403,0.667,-0.749605,-0.248017,-0.501588
4c01e5b0-9c2c-50a3-99de-ef99009ffcf7,2013,Illinois,B10,So,20.5,25.8,19.6,0.4547,9.8,12.4,2.3,18.7,2.0,2.3,21.0,0.305,0.562,0.682,-0.170842,-0.212989,0.0421461
4c01e5b0-9c2c-50a3-99de-ef99009ffcf7,2015,DePaul,BE,Jr,22.5,69.9,24.4,0.5357,8.9,14.7,10.0,18.9,2.2,2.3,26.0,0.373,0.26,0.687,1.54952,1.40344,0.146077
4c01e5b0-9c2c-50a3-99de-ef99009ffcf7,2016,DePaul,BE,Sr,23.5,72.0,24.0,0.593,8.9,16.5,8.4,20.6,1.1,1.7,27.4,0.367,0.189,0.724,1.8852,1.90694,-0.0217343
4c4869ec-721e-5d5a-802d-8d843f8a6b59,2008,VCU,CAA,Jr,21.5,86.8,28.7,0.5632,2.5,10.9,39.0,18.3,0.7,2.2,40.3,0.394,0.297,0.762,6.10928,5.21676,0.892526
4c4869ec-721e-5d5a-802d-8d843f8a6b59,2009,VCU,CAA,Sr,22.5,88.0,32.6,0.5832999999999999,1.6,10.0,40.8,15.4,0.5,2.9,45.3,0.361,0.341,0.815,8.6185,8.21306,0.405443
4c9a433c-6402-53c5-bd18-90fdf491e818,2010,Kansas,B12,Fr,19.3,16.2,24.8,0.4693,17.2,23.0,6.7,25.3,7.7,1.7,63.2,0.0,0.0,0.395,1.80445,-2.24989,4.05433
4c9a433c-6402-53c5-bd18-90fdf491e818,2011,Kansas,B12,So,20.3,31.6,26.5,0.5875,19.1,30.7,8.0,19.1,4.9,1.7,57.1,0.0,0.0,0.51,6.0029,2.46271,3.54019
4c9a433c-6402-53c5-bd18-90fdf491e818,2012,Kansas,B12,Jr,21.3,79.2,29.4,0.5487,11.1,30.7,13.1,16.8,2.9,2.0,46.2,0.5,0.027,0.682,6.23442,2.18337,4.05106
4d116504-de14-5d7d-bffa-5bb0b65fc864,2014,Notre Dame,ACC,Fr,19.8,51.0,16.2,0.5690999999999999,2.7,9.1,14.7,21.4,0.2,1.1,45.0,0.417,0.458,0.78,-0.372227,0.868154,-1.24038
4d116504-de14-5d7d-bffa-5bb0b65fc864,2015,Notre Dame,ACC,So,20.8,85.3,18.8,0.6164000000000001,4.6,8.1,16.1,14.4,0.9,2.8,33.4,0.429,0.383,0.745,8.08239,6.77479,1.30759
4d116504-de14-5d7d-bffa-5bb0b65fc864,2016,Notre Dame,ACC,Jr,21.8,87.1,24.4,0.5597,3.1,7.9,25.1,15.3,0.8,2.1,32.5,0.331,0.381,0.813,5.02279,5.51862,-0.495835
4d5273cf-45cf-514b-810c-586cf6adc840,2017,Miami FL,ACC,Fr,20.9,79.5,21.5,0.5594,5.6,15.3,20.7,18.2,1.9,2.9,41.4,0.347,0.325,0.744,8.34215,4.12973,4.21242
4d5273cf-45cf-514b-810c-586cf6adc840,2018,Miami FL,ACC,So,21.9,49.6,22.1,0.48810000000000003,4.6,20.0,21.3,17.9,2.5,2.3,37.2,0.267,0.319,0.629,6.08818,1.97218,4.11601
4d7953b1-f303-59dc-9b63-8106b23bcf77,2013,Iowa St.,B12,Fr,20.0,61.8,21.9,0.5986,6.2,14.2,14.6,15.7,0.9,1.5,32.8,0.392,0.318,0.7,5.5513,5.13892,0.412381
4d7953b1-f303-59dc-9b63-8106b23bcf77,2014,Iowa St.,B12,So,21.0,70.0,27.6,0.5478999999999999,3.7,11.9,23.6,16.1,2.0,1.1,22.2,0.327,0.314,0.721,4.0002,3.24974,0.750464
4d7953b1-f303-59dc-9b63-8106b23bcf77,2015,Iowa St.,B12,Jr,22.0,76.8,26.7,0.5598,4.0,15.2,21.9,18.7,1.5,0.9,30.8,0.4,0.283,0.808,4.05394,3.21624,0.837703
4d7953b1-f303-59dc-9b63-8106b23bcf77,2016,Iowa St.,B12,Sr,23.0,82.1,28.0,0.6249,4.8,15.6,19.2,15.8,1.8,1.5,23.0,0.392,0.276,0.807,7.35651,6.33387,1.02264
4dc2da94-ce92-5102-b989-f29b710500af,2014,Utah,P12,Jr,22.2,91.7,23.3,0.6334000000000001,4.5,15.9,29.3,18.7,3.5,4.0,63.6,0.226,0.178,0.794,11.5188,5.55342,5.96536
4dc2da94-ce92-5102-b989-f29b710500af,2015,Utah,P12,Sr,23.2,83.7,24.2,0.6165999999999999,4.1,13.6,32.8,15.4,3.2,3.9,57.1,0.356,0.229,0.835,14.2752,7.83227,6.4429
4de1e141-aabd-5c01-8e3f-f6072b70f01f,2010,Northwestern,B10,Fr,18.9,1.8,12.3,0.625,4.8,4.9,24.3,20.8,0.0,0.0,0.0,0.5,0.5,0.0,-4.09878,1.31731,-5.41609
4de1e141-aabd-5c01-8e3f-f6072b70f01f,2011,Northwestern,B10,So,19.9,3.5,22.6,0.5655,5.1,5.6,12.1,17.3,2.4,2.6,61.5,0.333,0.462,0.875,0.210772,1.44356,-1.23279
4de1e141-aabd-5c01-8e3f-f6072b70f01f,2012,Northwestern,B10,Jr,20.9,64.6,16.2,0.6146,5.0,12.4,10.1,22.4,1.3,1.6,26.6,0.371,0.548,0.787,1.8372,2.2938,-0.456594
4de1e141-aabd-5c01-8e3f-f6072b70f01f,2013,Northwestern,B10,Sr,21.9,77.0,23.0,0.5586,3.5,13.1,12.1,16.2,1.2,2.3,50.7,0.336,0.39,0.735,2.62772,1.81632,0.811407
4dec9fcd-9a41-55e7-ae1c-3d6c374a9df7,2012,LSU,SEC,Fr,19.1,44.8,28.5,0.4429,15.3,19.8,4.2,23.2,3.8,1.5,38.6,0.167,0.053,0.625,-3.25267,-4.25477,1.00209
4dec9fcd-9a41-55e7-ae1c-3d6c374a9df7,2013,LSU,SEC,So,20.1,67.1,28.0,0.5091,11.4,21.3,13.1,22.7,2.4,1.0,44.2,0.25,0.038,0.596,-0.57484,-1.04374,0.468896
4dec9fcd-9a41-55e7-ae1c-3d6c374a9df7,2014,LSU,SEC,Jr,21.1,74.2,28.5,0.5278,10.8,16.6,11.5,21.0,2.9,1.0,45.5,0.5,0.005,0.634,0.48373,-0.118018,0.601748
4e114a73-7342-526c-9cdc-b186c2e4daaf,2021,North Florida,ASun,Fr,19.5,10.5,12.0,0.4878,0.0,7.6,12.6,16.7,0.0,2.0,18.8,0.3,0.625,0.667,-4.82246,-1.66457,-3.15789
4e114a73-7342-526c-9cdc-b186c2e4daaf,2022,North Florida,ASun,Fr,20.5,52.5,11.2,0.5268,4.3,9.6,9.3,13.2,0.9,2.0,38.7,0.306,0.527,0.806,0.338489,-0.0266888,0.365178
4e114a73-7342-526c-9cdc-b186c2e4daaf,2023,North Florida,ASun,So,21.5,48.3,11.4,0.5809000000000001,2.9,11.2,7.8,13.5,0.8,1.1,9.3,0.403,0.574,1.0,-1.3038,0.66781,-1.97161
4e114a73-7342-526c-9cdc-b186c2e4daaf,2024,North Florida,ASun,Jr,22.5,84.6,24.3,0.662,1.8,14.4,11.6,12.1,0.8,1.5,27.2,0.434,0.567,0.877,1.97246,4.22478,-2.25232
4e114a73-7342-526c-9cdc-b186c2e4daaf,2025,Tennessee,SEC,Sr,23.5,78.4,24.9,0.5597,2.0,12.1,7.8,8.8,0.5,1.8,17.6,0.395,0.551,0.758,4.54763,4.06356,0.484078
4e3b0c82-b7a0-5fb9-9aa9-9ba82a715d5d,2022,Memphis,Amer,Fr,18.6,55.5,23.0,0.6079,14.0,21.5,10.5,21.6,9.9,1.8,44.1,0.0,0.004,0.625,9.39587,2.97073,6.42514
4e5e913a-8715-5334-8941-7f69b150af23,2013,North Carolina,ACC,Fr,19.8,71.5,18.4,0.47950000000000004,0.8,9.3,26.2,25.4,0.5,2.6,23.2,0.339,0.483,0.836,2.53009,1.15912,1.37097
4e5e913a-8715-5334-8941-7f69b150af23,2014,North Carolina,ACC,So,20.8,88.4,21.7,0.5920000000000001,1.6,8.2,22.0,15.6,0.6,2.4,33.6,0.389,0.509,0.877,7.30644,6.23823,1.0682
4e5e913a-8715-5334-8941-7f69b150af23,2015,North Carolina,ACC,Jr,21.8,81.8,20.2,0.5696,1.3,8.0,23.4,16.6,0.7,3.0,26.7,0.395,0.572,0.865,9.13192,7.25082,1.8811
4e5e913a-8715-5334-8941-7f69b150af23,2016,North Carolina,ACC,Sr,22.8,67.2,18.4,0.5375,1.6,7.0,18.6,12.1,1.5,2.1,26.3,0.356,0.588,0.774,7.33953,6.01301,1.32652
4ea0e30c-a3d7-5acf-846d-c941c2cebf5d,2008,Virginia,ACC,Sr,22.5,84.0,30.8,0.5615,2.5,10.1,37.7,20.8,0.1,3.0,46.6,0.367,0.332,0.851,6.73105,6.28968,0.441369
4ec0da71-8956-58da-a815-29892155ee7b,2014,Duke,ACC,Fr,19.6,5.7,16.5,0.7282,10.2,12.3,4.4,23.0,5.0,3.1,78.6,0.571,0.5,0.909,9.34606,5.34103,4.00503
4ec0da71-8956-58da-a815-29892155ee7b,2015,Duke,ACC,So,20.6,4.0,15.6,0.42200000000000004,6.0,19.3,2.6,0.0,0.0,2.9,38.9,0.25,0.889,0.571,3.71341,3.61678,0.0966358
4ec0da71-8956-58da-a815-29892155ee7b,2017,SMU,Amer,Jr,22.6,85.4,24.5,0.6214999999999999,8.4,15.0,9.3,10.7,1.6,0.8,50.8,0.424,0.399,0.785,6.6094,6.57877,0.0306241
4ec5d1ff-7749-58e1-a9dd-5ba740125fa7,2016,Nevada,MWC,Fr,20.0,73.6,22.5,0.5442,9.7,22.5,6.2,17.3,8.8,1.2,33.1,0.317,0.159,0.664,3.09989,-1.25679,4.35668
4ec5d1ff-7749-58e1-a9dd-5ba740125fa7,2017,Nevada,MWC,So,21.0,79.4,24.2,0.5648,5.7,23.8,11.9,17.2,8.3,1.5,30.0,0.384,0.396,0.692,6.26863,1.41416,4.85447
4f27b123-49b8-5bcd-8605-2200bb603591,2008,Pepperdine,WCC,Fr,20.1,61.0,16.2,0.5244,4.4,8.1,9.3,18.4,1.0,3.6,22.6,0.37,0.673,0.735,1.11327,1.33629,-0.223018
4f27b123-49b8-5bcd-8605-2200bb603591,2009,Pepperdine,WCC,So,21.1,70.1,21.6,0.4042,4.5,9.4,9.3,19.9,2.4,1.9,18.5,0.276,0.352,0.745,-3.11228,-3.01459,-0.097683
4f27b123-49b8-5bcd-8605-2200bb603591,2010,Pepperdine,WCC,Jr,22.1,77.1,21.5,0.4525,3.8,14.5,14.9,12.8,2.1,1.6,24.9,0.319,0.419,0.744,-0.309387,0.397419,-0.706806
4f27b123-49b8-5bcd-8605-2200bb603591,2011,Pepperdine,WCC,Sr,23.1,80.0,26.0,0.46619999999999995,5.7,15.8,13.1,12.8,3.5,2.0,26.2,0.308,0.379,0.782,0.879267,1.44356,-0.564295
4f27dbe5-8ab1-5fc7-b005-108964906723,2024,Connecticut,BE,Fr,19.6,57.3,22.4,0.5508,7.8,12.0,18.4,15.0,2.1,1.8,37.9,0.267,0.259,0.755,7.07534,4.25075,2.82458
4f2c372c-a136-575a-b803-50e6c415ddb9,2021,Northeastern,CAA,Fr,20.2,67.5,24.0,0.5305,3.1,12.1,10.7,17.6,1.4,1.2,28.2,0.366,0.401,0.78,-2.06277,-1.77326,-0.289514
4f2c372c-a136-575a-b803-50e6c415ddb9,2022,Northeastern,CAA,So,21.2,80.8,25.7,0.4886,3.8,7.9,13.3,20.6,1.4,1.6,32.9,0.248,0.327,0.658,-3.62425,-2.55636,-1.06789
4f2c372c-a136-575a-b803-50e6c415ddb9,2023,Northeastern,CAA,Jr,22.2,84.0,25.1,0.5476,3.5,12.1,15.6,16.8,1.4,1.8,30.5,0.321,0.351,0.798,-0.0620764,1.17856,-1.24063
4f2c372c-a136-575a-b803-50e6c415ddb9,2024,Butler,BE,Sr,23.2,86.3,21.9,0.5135000000000001,3.8,12.3,15.9,12.7,1.5,1.6,23.2,0.308,0.272,0.846,3.57198,1.8054,1.76659
4f2c372c-a136-575a-b803-50e6c415ddb9,2025,Butler,BE,Sr,24.2,82.7,24.1,0.5764,3.6,11.2,20.2,15.4,0.9,1.7,43.7,0.361,0.313,0.771,4.08734,3.88924,0.198105
4f5eac04-d215-545e-bb3f-12c3f9f7ff93,2022,Gonzaga,WCC,Fr,19.2,34.1,14.5,0.605,5.0,9.8,6.7,18.0,1.1,2.4,23.8,0.263,0.188,0.708,5.04106,2.33148,2.70958
4f5eac04-d215-545e-bb3f-12c3f9f7ff93,2023,Gonzaga,WCC,So,20.2,41.6,14.2,0.5468,3.8,11.6,11.1,16.9,1.1,2.1,32.8,0.238,0.336,0.78,3.63127,2.38521,1.24606
4f5eac04-d215-545e-bb3f-12c3f9f7ff93,2024,Wake Forest,ACC,Jr,21.3,85.5,23.9,0.5956,2.3,11.3,14.1,12.9,1.7,1.8,25.0,0.405,0.402,0.783,5.28165,4.50219,0.77946
4f5eac04-d215-545e-bb3f-12c3f9f7ff93,2025,Wake Forest,ACC,Sr,22.3,89.8,26.8,0.5486,1.8,14.4,18.1,14.9,1.9,2.0,32.0,0.277,0.335,0.804,3.6007,1.78625,1.81445
4f72fc4e-6f18-5426-af0f-73a5dff524eb,2022,Creighton,BE,Fr,19.3,66.4,22.1,0.4878,0.8,8.6,24.8,24.0,0.1,2.1,19.6,0.311,0.372,0.732,0.540999,-0.535758,1.07676
4f72fc4e-6f18-5426-af0f-73a5dff524eb,2023,Creighton,BE,So,20.3,84.4,20.7,0.5431,1.3,11.4,25.5,17.1,0.2,1.2,22.8,0.356,0.399,0.871,3.94355,2.62667,1.31687
4f72fc4e-6f18-5426-af0f-73a5dff524eb,2024,Gonzaga,WCC,Jr,21.3,90.5,21.4,0.5279,1.6,10.2,29.8,16.9,0.1,1.9,27.7,0.324,0.297,0.752,4.24019,3.76674,0.473445
4f72fc4e-6f18-5426-af0f-73a5dff524eb,2025,Gonzaga,WCC,Sr,22.3,86.8,20.1,0.547,1.0,8.3,41.5,19.9,0.2,2.8,29.4,0.404,0.318,0.77,5.62348,4.46248,1.161
4f73ba95-df1f-5ff1-8443-61804d1e6bc0,2023,UC Riverside,BW,Fr,19.5,69.2,23.6,0.5096,10.0,15.8,10.9,16.6,1.9,1.5,31.1,0.274,0.195,0.556,0.715842,0.354587,0.361255
4fbda642-56ae-5df9-b90e-3b767e7e2d32,2008,Duke,ACC,Sr,22.5,77.0,23.1,0.564,5.1,15.4,17.5,18.6,0.9,2.7,52.1,0.388,0.293,0.601,7.28353,3.84008,3.44344
4ff4fa5d-c549-566e-98be-48b91e534c10,2008,Siena,MAAC,So,20.5,79.7,23.3,0.5746,4.8,10.6,11.1,12.6,3.2,2.1,26.1,0.4,0.176,0.712,3.57151,2.52579,1.04572
4ff4fa5d-c549-566e-98be-48b91e534c10,2009,Siena,MAAC,Jr,21.5,83.0,22.7,0.5384,5.2,11.0,12.0,18.8,2.8,2.5,33.2,0.309,0.161,0.636,3.31463,1.62815,1.68648
4ff4fa5d-c549-566e-98be-48b91e534c10,2010,Siena,MAAC,Sr,22.5,67.6,24.1,0.5252,3.7,9.6,15.2,14.7,0.7,2.0,20.6,0.397,0.183,0.659,2.57657,2.18697,0.389599
4ff95146-0fb2-515a-a2da-8dd7f662f985,2020,East Carolina,Amer,Fr,19.2,74.0,21.1,0.5249,2.0,15.1,25.6,17.2,1.3,2.3,47.7,0.324,0.386,0.802,1.78815,1.60809,0.180063
4ff95146-0fb2-515a-a2da-8dd7f662f985,2021,East Carolina,Amer,So,20.2,69.2,19.2,0.46549999999999997,3.5,11.5,26.9,21.1,1.3,2.0,26.0,0.273,0.42,0.882,0.73247,-0.188016,0.920486
4ff95146-0fb2-515a-a2da-8dd7f662f985,2022,East Carolina,Amer,So,21.2,86.3,27.9,0.5746,2.7,13.0,34.4,20.7,1.0,2.4,45.6,0.333,0.38,0.879,4.26567,4.01156,0.254107
4ff95146-0fb2-515a-a2da-8dd7f662f985,2023,Connecticut,BE,Sr,22.2,72.0,21.5,0.5393,4.7,13.0,27.2,22.6,0.9,2.2,57.0,0.366,0.43,0.816,7.04179,4.17204,2.86975
4ff95146-0fb2-515a-a2da-8dd7f662f985,2024,Connecticut,BE,Sr,23.2,83.0,26.1,0.5606,5.4,16.8,31.2,17.1,0.9,1.7,47.4,0.321,0.503,0.808,9.71286,6.87978,2.83308
5001ba08-4196-5415-ae17-7ad60d1541c2,2020,Stanford,P12,Fr,19.7,78.2,24.3,0.5892000000000001,1.4,14.4,20.3,19.4,0.2,2.5,33.0,0.408,0.456,0.891,5.17461,2.98222,2.19239
502d0e27-5c58-56ae-87ab-4bd3d50fe31f,2015,Boise St.,MWC,Fr,19.2,24.6,19.0,0.4299,7.0,12.2,11.7,14.8,1.5,2.4,40.8,0.286,0.184,0.645,0.244149,-1.67097,1.91512
502d0e27-5c58-56ae-87ab-4bd3d50fe31f,2016,Boise St.,MWC,So,20.2,47.2,18.8,0.5136,9.8,14.4,12.4,15.8,1.8,1.8,48.6,0.2,0.071,0.662,2.40268,0.158871,2.24381
502d0e27-5c58-56ae-87ab-4bd3d50fe31f,2017,Boise St.,MWC,Jr,21.2,79.8,28.4,0.5463,4.5,23.3,19.0,16.5,0.6,2.1,41.7,0.358,0.164,0.671,3.73511,1.75717,1.97794
502d0e27-5c58-56ae-87ab-4bd3d50fe31f,2018,Boise St.,MWC,Sr,22.2,74.3,33.0,0.5731,3.2,25.6,23.6,18.8,1.0,2.8,51.4,0.35,0.293,0.731,6.65751,2.73693,3.92059
5036dce2-1e25-5ccf-90fd-7b4c8e7af67f,2019,Houston,Amer,Fr,20.0,48.2,19.6,0.5333,6.3,17.9,10.4,14.4,0.5,3.2,32.1,0.337,0.381,0.857,6.1411,2.72792,3.41318
5036dce2-1e25-5ccf-90fd-7b4c8e7af67f,2020,Houston,Amer,So,21.0,75.2,18.2,0.5399,9.7,22.0,13.0,13.4,0.7,2.8,34.5,0.387,0.456,0.756,9.24493,5.6003,3.64463
50667099-96e0-57d3-bce3-c5616f3182b7,2015,Virginia,ACC,Fr,19.9,36.2,17.0,0.5046,2.1,12.7,14.3,16.9,2.6,2.6,23.3,0.38,0.431,0.63,6.22129,1.06021,5.16108
50667099-96e0-57d3-bce3-c5616f3182b7,2016,Virginia,ACC,So,20.9,35.4,17.2,0.5650999999999999,2.1,14.2,13.8,20.1,1.2,1.4,26.3,0.436,0.331,0.548,4.11882,1.44065,2.67817
50667099-96e0-57d3-bce3-c5616f3182b7,2017,Virginia,ACC,Jr,21.9,50.9,25.6,0.5107,2.2,12.6,10.8,13.3,2.0,2.8,19.9,0.328,0.213,0.796,3.47109,0.090659,3.38043
50667099-96e0-57d3-bce3-c5616f3182b7,2019,Iowa St.,B12,Sr,23.9,79.9,26.9,0.6108,5.1,11.7,12.2,17.6,0.8,1.7,26.6,0.384,0.4,0.878,4.25118,4.60652,-0.35534
507e119f-d486-5509-892e-ddbaf3a41df6,2020,Richmond,A10,Fr,20.4,34.0,19.2,0.5347,7.7,23.2,3.8,20.5,3.9,2.3,32.4,0.263,0.342,0.75,-0.239124,-2.60682,2.3677
507e119f-d486-5509-892e-ddbaf3a41df6,2021,Richmond,A10,So,21.4,79.1,18.9,0.5631,5.8,24.2,3.0,10.1,2.0,2.0,29.2,0.36,0.411,0.803,1.68155,1.09842,0.583131
507e119f-d486-5509-892e-ddbaf3a41df6,2022,Richmond,A10,Jr,22.4,81.9,24.0,0.586,5.4,22.3,6.2,12.4,1.8,2.0,50.4,0.365,0.381,0.791,2.06641,1.60648,0.459929
507e119f-d486-5509-892e-ddbaf3a41df6,2023,Richmond,A10,Sr,23.4,89.0,27.8,0.5594,3.8,20.6,9.8,13.1,1.6,2.5,44.3,0.293,0.406,0.761,1.87595,0.98229,0.89366
507e119f-d486-5509-892e-ddbaf3a41df6,2024,Villanova,BE,Sr,24.4,60.9,16.7,0.5361,6.1,22.6,8.3,8.0,1.6,1.8,42.6,0.327,0.513,0.75,5.17368,1.6213,3.55239
509e858d-c26d-5df2-b456-475e56ada311,2026,Houston,B12,Fr,19.5,78.9,26.5,0.5633,1.8,12.9,32.6,13.1,1.3,3.0,27.7,0.387,0.227,0.845,10.3482,5.86741,4.48078
50a9b5db-6e05-562f-b66f-b2e1a92baf08,2010,Louisville,BE,Fr,19.7,26.1,23.0,0.5583,1.6,6.9,29.4,33.6,0.6,5.3,46.6,0.404,0.534,0.61,1.58222,0.700832,0.881386
50a9b5db-6e05-562f-b66f-b2e1a92baf08,2011,Louisville,BE,So,20.7,68.4,23.4,0.5396,1.4,11.0,34.0,26.0,0.7,4.2,53.9,0.272,0.359,0.681,4.3158,1.56441,2.75139
50a9b5db-6e05-562f-b66f-b2e1a92baf08,2012,Louisville,BE,Jr,21.7,74.3,22.0,0.4853,1.8,9.1,35.5,29.4,0.4,3.2,39.5,0.246,0.229,0.739,1.96947,-0.554889,2.52436
50a9b5db-6e05-562f-b66f-b2e1a92baf08,2013,Louisville,BE,Sr,22.7,76.7,21.1,0.5134000000000001,1.1,7.6,34.3,24.0,0.6,4.3,28.5,0.288,0.384,0.867,6.09804,3.42442,2.67362
50f011df-8190-5aff-abce-a40dcf1a9d2b,2011,Florida St.,ACC,Fr,18.9,41.0,21.3,0.5538000000000001,10.1,10.8,6.0,21.2,3.2,2.4,54.4,0.265,0.212,0.828,3.36392,0.587271,2.77665
50f011df-8190-5aff-abce-a40dcf1a9d2b,2012,Florida St.,ACC,So,19.9,55.6,18.4,0.5628,8.8,13.5,4.5,20.6,2.0,1.5,52.9,0.333,0.173,0.752,3.0595,1.39379,1.66571
50f011df-8190-5aff-abce-a40dcf1a9d2b,2013,Florida St.,ACC,Jr,20.9,72.3,20.7,0.6188,9.8,15.3,6.3,15.9,4.1,2.0,54.1,0.313,0.296,0.815,5.84749,4.66084,1.18665
50f011df-8190-5aff-abce-a40dcf1a9d2b,2014,Florida St.,ACC,Sr,21.9,74.8,22.1,0.6082,9.0,16.8,7.0,17.0,3.9,1.5,52.0,0.375,0.198,0.798,5.73671,3.58086,2.15585
515e53b5-985f-597f-8869-9e6c1fbdb0cf,2010,Kansas St.,B12,Fr,18.9,27.8,13.6,0.6103000000000001,9.8,15.0,7.8,15.1,2.6,1.4,26.9,0.419,0.462,0.72,7.29977,4.82897,2.4708
515e53b5-985f-597f-8869-9e6c1fbdb0cf,2011,Kansas St.,B12,So,19.9,76.7,16.5,0.5697,7.4,15.4,10.4,16.3,0.7,1.3,23.5,0.405,0.572,0.701,7.02144,4.93672,2.08472
515e53b5-985f-597f-8869-9e6c1fbdb0cf,2012,Kansas St.,B12,Jr,20.9,81.3,21.6,0.5642,8.0,10.6,9.7,12.6,0.9,2.1,29.8,0.385,0.32,0.802,6.93159,5.35353,1.57806
515e53b5-985f-597f-8869-9e6c1fbdb0cf,2013,Kansas St.,B12,Sr,21.9,84.6,23.9,0.5268,7.2,11.9,13.6,13.2,0.9,2.4,24.3,0.34,0.329,0.748,6.70981,5.29056,1.41925
516af4e3-03b7-512c-b869-3c98ef441bd7,2020,USC,P12,Fr,20.8,50.1,19.0,0.5086999999999999,8.8,19.4,9.4,22.4,3.5,1.8,46.1,0.286,0.182,0.521,2.71525,-0.926187,3.64143
516af4e3-03b7-512c-b869-3c98ef441bd7,2021,USC,P12,So,21.8,66.9,19.8,0.5177,11.1,18.0,10.7,13.0,3.5,0.9,44.4,0.436,0.155,0.545,6.88908,3.40801,3.48107
516af4e3-03b7-512c-b869-3c98ef441bd7,2022,USC,P12,Jr,22.8,79.6,22.6,0.5351,7.5,18.7,18.8,14.4,2.7,1.3,35.6,0.352,0.337,0.682,6.95074,4.20128,2.74946
51ab5652-6a85-5100-af2c-222aa74d31d6,2020,Colorado St.,MWC,Fr,19.2,63.3,24.7,0.5326,7.6,17.6,13.7,17.7,3.4,1.3,41.4,0.2,0.275,0.735,1.54561,0.814622,0.730986
51ab5652-6a85-5100-af2c-222aa74d31d6,2021,Colorado St.,MWC,So,20.2,78.4,25.8,0.6003000000000001,8.6,25.1,18.0,17.1,2.4,1.5,46.7,0.29,0.24,0.784,5.73003,3.00608,2.72395
51ab5652-6a85-5100-af2c-222aa74d31d6,2022,Colorado St.,MWC,Jr,21.2,82.1,28.8,0.6487,7.3,20.8,19.8,15.2,4.0,2.1,38.9,0.437,0.272,0.694,9.66648,6.34551,3.32096
51e90b5f-0bf2-5c33-aa06-2c4e7a043822,2010,Illinois,B10,Fr,19.2,46.7,26.6,0.4351,7.3,10.8,13.0,15.1,0.8,2.5,32.3,0.279,0.462,0.644,1.10076,0.760488,0.340273
51e90b5f-0bf2-5c33-aa06-2c4e7a043822,2011,Illinois,B10,So,20.2,55.7,23.7,0.5314,3.7,12.4,18.1,20.5,1.7,2.9,34.7,0.361,0.48,0.767,5.51307,2.75691,2.75616
51e90b5f-0bf2-5c33-aa06-2c4e7a043822,2012,Illinois,B10,Jr,21.2,82.6,27.9,0.5191,3.5,14.3,19.2,22.6,2.9,2.7,46.5,0.333,0.438,0.727,4.23825,1.137,3.10126
51e90b5f-0bf2-5c33-aa06-2c4e7a043822,2013,Illinois,B10,Sr,22.2,80.2,28.8,0.5297,2.2,14.8,19.6,17.7,2.3,2.4,44.7,0.316,0.516,0.733,6.19069,4.28289,1.90779
51f3ac80-3c59-5df1-80fb-84c821598fd5,2018,Michigan St.,B10,Fr,18.8,54.4,22.8,0.6470999999999999,8.7,19.7,9.3,20.8,14.2,1.6,57.3,0.396,0.414,0.797,12.7717,3.42232,9.34935
51fb42b0-2ac1-569c-a010-afd20dfbe53f,2008,Purdue,B10,Fr,19.4,41.1,18.8,0.46869999999999995,7.6,15.8,3.8,11.3,7.2,1.5,46.5,0.0,0.013,0.649,1.83795,-1.61024,3.44819
51fb42b0-2ac1-569c-a010-afd20dfbe53f,2009,Purdue,B10,So,20.4,66.8,24.2,0.5813,9.6,14.4,6.2,12.3,8.3,1.2,45.2,0.0,0.009,0.736,6.99911,2.14589,4.85322
51fb42b0-2ac1-569c-a010-afd20dfbe53f,2010,Purdue,B10,Jr,21.4,77.8,25.4,0.5605,8.8,18.0,5.4,13.6,7.0,1.6,58.0,0.0,0.011,0.718,5.89514,0.821219,5.07392
51fb42b0-2ac1-569c-a010-afd20dfbe53f,2011,Purdue,B10,Sr,22.4,88.1,27.3,0.5636,7.9,20.2,6.4,10.3,6.7,1.5,40.2,0.294,0.098,0.809,7.01641,2.92683,4.08958
52b5f9c5-d05a-5d9f-ba6b-10e1b4047128,2011,Michigan St.,B10,Fr,19.4,57.5,15.2,0.5832999999999999,2.9,11.5,11.8,27.4,2.2,1.7,20.9,0.404,0.577,0.912,2.71124,0.612377,2.09886
52b5f9c5-d05a-5d9f-ba6b-10e1b4047128,2012,Michigan St.,B10,So,20.4,76.7,22.0,0.5416,1.9,8.7,23.8,20.7,1.5,2.3,55.4,0.25,0.313,0.788,4.91352,2.69348,2.22004
52b5f9c5-d05a-5d9f-ba6b-10e1b4047128,2013,Michigan St.,B10,Jr,21.4,84.4,23.0,0.5146999999999999,1.5,10.2,20.5,18.7,1.9,2.3,43.6,0.31,0.343,0.744,5.14004,2.81509,2.32495
52b5f9c5-d05a-5d9f-ba6b-10e1b4047128,2014,Michigan St.,B10,Sr,22.4,71.8,21.2,0.5446,1.5,9.5,25.9,19.1,1.5,2.3,48.3,0.362,0.322,0.66,4.3535,3.06074,1.29276
52cad303-f659-507c-9708-2565dd91e201,2021,West Virginia,B12,Fr,20.1,43.2,13.6,0.6264,10.3,11.8,3.3,11.5,2.6,1.6,23.3,0.409,0.55,0.714,7.08012,5.65422,1.4259
52cad303-f659-507c-9708-2565dd91e201,2022,West Virginia,B12,So,21.1,67.0,15.5,0.5528,8.3,12.6,6.1,9.8,2.9,2.1,27.9,0.325,0.514,0.823,6.7154,4.64197,2.07343
52cad303-f659-507c-9708-2565dd91e201,2023,Baylor,B12,Jr,22.1,68.1,17.3,0.6113000000000001,10.5,14.8,7.4,13.2,4.4,1.9,32.8,0.324,0.449,0.778,9.81222,6.35743,3.45479
52cad303-f659-507c-9708-2565dd91e201,2024,Baylor,B12,Sr,23.1,78.5,16.8,0.616,7.7,15.1,8.2,10.4,1.9,1.9,25.9,0.417,0.574,0.823,8.71618,6.71899,1.99718
52e45460-4f51-5800-bf0c-5f8c3ccb99ff,2015,Florida,SEC,Fr,19.6,56.5,13.6,0.4854,2.1,9.9,18.5,25.4,0.2,3.3,38.9,0.323,0.575,0.477,4.06475,0.291256,3.7735
52e45460-4f51-5800-bf0c-5f8c3ccb99ff,2016,Florida,SEC,So,20.6,59.2,20.2,0.46759999999999996,1.2,11.6,33.6,21.2,0.2,2.6,23.6,0.32,0.512,0.797,3.27159,1.48577,1.78582
52e45460-4f51-5800-bf0c-5f8c3ccb99ff,2017,Florida,SEC,Jr,21.6,54.8,19.6,0.5418,2.1,14.6,30.8,20.4,0.0,3.4,39.8,0.316,0.473,0.787,8.7661,4.67879,4.08731
52e45460-4f51-5800-bf0c-5f8c3ccb99ff,2018,Florida,SEC,Sr,22.6,79.3,21.0,0.5257000000000001,1.8,13.8,35.9,15.5,0.4,3.5,30.0,0.349,0.348,0.809,8.17571,4.93113,3.24458
52ec62bc-6741-54e6-89c3-578ea259c8c9,2008,Stanford,P10,So,20.5,60.5,22.6,0.5650999999999999,12.6,14.0,5.4,19.5,9.5,1.3,50.4,1.0,0.004,0.652,8.01796,1.688,6.32996
53002cf0-0465-5167-a549-1b3f0b8cdbd2,2008,N.C. State,ACC,Fr,19.5,69.4,27.6,0.6222,12.3,22.8,10.0,21.0,5.0,1.5,71.6,0.0,0.004,0.682,4.43007,2.08747,2.3426
5321e85e-1d51-52f6-971c-563013ef64bb,2010,Lehigh,Pat,Fr,18.8,79.1,27.0,0.5932999999999999,5.1,12.3,17.1,13.2,0.7,2.3,42.8,0.421,0.387,0.81,4.37381,5.43216,-1.05835
5321e85e-1d51-52f6-971c-563013ef64bb,2011,Lehigh,Pat,So,19.8,85.2,32.1,0.5226,6.1,18.8,16.0,14.4,2.0,4.1,43.4,0.315,0.307,0.845,4.85536,3.40921,1.44615
5321e85e-1d51-52f6-971c-563013ef64bb,2012,Lehigh,Pat,Jr,20.8,83.6,32.7,0.5593,5.0,17.4,25.4,12.4,1.8,4.6,42.7,0.349,0.304,0.813,10.2952,6.78428,3.51087
5321e85e-1d51-52f6-971c-563013ef64bb,2013,Lehigh,Pat,Sr,21.8,31.0,35.0,0.6275,4.0,14.5,25.1,14.7,1.2,2.7,37.6,0.516,0.33,0.849,7.00788,7.29408,-0.286195
53348a77-6de0-5823-8e19-0fd8a0c1e667,2008,Texas,B12,So,20.5,94.0,28.0,0.5579,1.5,6.9,30.6,16.0,0.0,1.9,40.7,0.381,0.348,0.783,6.40343,7.10122,-0.697796
53802603-79df-554b-8f05-7ed8c398f574,2009,Minnesota,B10,Fr,20.0,43.0,18.3,0.5809000000000001,10.2,13.8,7.8,26.9,9.0,1.5,51.8,0.0,0.0,0.492,4.4736,-0.644039,5.11764
53802603-79df-554b-8f05-7ed8c398f574,2010,Minnesota,B10,So,21.0,41.9,20.2,0.49689999999999995,10.2,19.6,6.7,23.8,6.3,1.2,53.9,0.0,0.0,0.526,0.559119,-2.19597,2.75509
53802603-79df-554b-8f05-7ed8c398f574,2011,Minnesota,B10,Jr,22.0,45.9,21.0,0.48469999999999996,12.8,17.7,11.5,24.3,4.3,1.5,68.5,0.0,0.0,0.573,0.941025,-1.07839,2.01942
53802603-79df-554b-8f05-7ed8c398f574,2013,Colorado St.,MWC,Sr,24.0,74.7,24.5,0.5958,13.2,26.4,10.0,17.2,2.8,0.9,73.9,0.0,0.0,0.585,6.21587,4.45226,1.76361
5399504e-58b8-5b5e-8677-5822ce90da07,2013,North Carolina,ACC,Fr,19.0,25.7,23.6,0.5002,9.1,24.1,5.9,11.8,4.7,2.3,13.7,0.0,0.0,0.565,2.23336,-0.375896,2.60926
5399504e-58b8-5b5e-8677-5822ce90da07,2014,North Carolina,ACC,So,20.0,48.2,24.0,0.5774,12.6,21.7,9.7,14.2,6.9,2.2,30.9,0.0,0.0,0.622,8.30925,3.23769,5.07156
5399504e-58b8-5b5e-8677-5822ce90da07,2015,North Carolina,ACC,Jr,21.0,61.7,23.2,0.5848,11.0,22.6,7.4,15.3,4.8,1.6,31.4,0.0,0.0,0.678,7.60815,3.9486,3.65955
5399504e-58b8-5b5e-8677-5822ce90da07,2016,North Carolina,ACC,Sr,22.0,70.1,24.5,0.6489,11.7,28.5,9.7,14.5,5.5,2.2,42.3,0.0,0.0,0.783,11.2518,6.06829,5.18354
53b1da55-6629-526c-b34a-34536d5d35ca,2011,Green Bay,Horz,Fr,18.9,62.9,21.6,0.5579,9.1,18.1,3.6,17.2,9.1,0.9,54.6,0.333,0.026,0.75,1.60406,-0.915556,2.51962
53b1da55-6629-526c-b34a-34536d5d35ca,2012,Green Bay,Horz,So,19.9,78.8,24.4,0.5054,11.0,18.5,6.6,15.5,9.4,1.6,38.2,0.222,0.057,0.758,3.4494,-0.127334,3.57673
53b1da55-6629-526c-b34a-34536d5d35ca,2013,Green Bay,Horz,Jr,20.9,76.6,26.7,0.5293,8.2,15.4,9.3,20.5,6.7,1.2,39.0,0.435,0.187,0.743,0.842309,-0.818864,1.66117
53b1da55-6629-526c-b34a-34536d5d35ca,2014,Green Bay,Horz,Sr,21.9,73.3,24.5,0.5848,7.7,12.6,7.7,17.8,9.7,1.1,34.5,0.446,0.297,0.757,4.04368,0.727133,3.31655
53ca5bc8-2e06-57d4-a87c-aee98233c808,2020,Florida St.,ACC,Fr,20.2,22.2,19.7,0.6973999999999999,13.3,14.2,5.9,17.9,3.1,1.9,52.1,0.0,0.0,0.658,5.40802,4.15308,1.25493
53ca5bc8-2e06-57d4-a87c-aee98233c808,2021,Florida St.,ACC,So,21.1,46.4,22.0,0.6222,13.6,19.5,7.7,17.8,8.0,0.9,41.5,1.0,0.007,0.689,7.53753,3.32307,4.21446
53e0fc36-b705-529c-9a23-901a146f98a3,2017,William & Mary,CAA,Fr,19.8,41.8,23.1,0.5929,8.4,19.0,12.8,15.3,7.5,1.1,62.3,0.182,0.073,0.574,2.40267,0.797503,1.60517
53e0fc36-b705-529c-9a23-901a146f98a3,2018,William & Mary,CAA,So,20.8,72.0,30.7,0.6347,8.2,22.6,15.9,17.8,6.9,1.1,54.4,0.294,0.101,0.772,1.78753,1.40094,0.386588
53e0fc36-b705-529c-9a23-901a146f98a3,2019,William & Mary,CAA,Jr,21.8,75.4,33.0,0.6254,10.4,22.2,28.6,15.2,7.4,0.8,53.1,0.244,0.103,0.731,7.59882,4.82948,2.76934
53e0fc36-b705-529c-9a23-901a146f98a3,2020,William & Mary,CAA,Sr,22.8,74.8,34.4,0.6092,11.2,29.4,14.6,14.8,5.2,1.4,52.9,0.305,0.224,0.778,5.53129,4.00333,1.52796
53e7a72c-854a-5e95-a45d-820725c0e1aa,2018,Syracuse,ACC,Fr,20.0,94.1,22.6,0.4911,6.9,19.4,5.5,13.5,2.7,1.9,48.3,0.331,0.362,0.787,2.25696,0.216356,2.04061
53e7a72c-854a-5e95-a45d-820725c0e1aa,2019,Syracuse,ACC,So,21.0,82.2,23.3,0.475,7.5,18.0,11.8,15.6,3.4,1.8,40.1,0.27,0.297,0.66,3.01833,0.775652,2.24268
53f65e38-341d-58ff-8992-2de431daf359,2022,Texas,B12,Fr,19.6,4.0,18.5,0.42619999999999997,4.4,15.8,10.9,18.3,4.4,4.5,20.0,0.0,0.267,0.667,3.94406,-1.61705,5.56111
53f65e38-341d-58ff-8992-2de431daf359,2023,Texas Tech,B12,So,20.6,69.5,18.6,0.58,6.8,17.9,9.1,18.6,1.5,2.8,17.9,0.402,0.407,0.723,5.79844,2.72481,3.07363
53f65e38-341d-58ff-8992-2de431daf359,2024,California,P12,Jr,21.6,81.3,30.0,0.5574,5.2,16.9,23.5,17.3,1.5,2.0,29.8,0.36,0.291,0.796,4.51123,3.21068,1.30054
53f8525e-e82d-535b-bc7f-843a059017f6,2008,Washington St.,P10,Sr,22.5,81.9,25.7,0.561,4.6,16.4,28.5,21.7,2.6,3.5,57.7,0.364,0.221,0.733,9.70034,3.66038,6.03996
5402423e-2181-5660-9224-0b763bbd9d22,2012,VCU,CAA,Fr,19.5,46.5,17.8,0.5046,4.4,14.7,17.9,23.4,1.4,7.0,44.1,0.25,0.248,0.75,7.48615,0.859315,6.62684
5402423e-2181-5660-9224-0b763bbd9d22,2013,VCU,A10,So,20.5,51.8,16.2,0.5109,4.0,12.4,21.5,19.5,1.4,7.6,40.9,0.225,0.252,0.785,10.8608,3.88527,6.9755
5402423e-2181-5660-9224-0b763bbd9d22,2014,VCU,A10,Jr,21.5,71.2,18.6,0.5322,3.4,12.7,25.1,19.2,0.5,6.8,45.7,0.244,0.161,0.784,9.63573,2.88184,6.75389
5402423e-2181-5660-9224-0b763bbd9d22,2015,VCU,A10,Sr,22.5,35.9,20.2,0.498,2.8,13.7,31.9,18.9,0.9,8.9,39.4,0.414,0.212,0.741,10.919,3.63432,7.28468
542baeae-f75e-5c52-9780-f349eef2cb81,2020,Kentucky,SEC,Fr,19.9,37.4,17.1,0.508,8.5,15.5,2.5,18.3,3.1,1.4,22.0,0.263,0.154,0.63,0.455602,-0.589579,1.04518
542baeae-f75e-5c52-9780-f349eef2cb81,2021,Kentucky,SEC,So,20.9,35.7,26.3,0.5045000000000001,12.2,20.3,16.7,18.1,3.7,1.6,26.9,0.214,0.193,0.795,5.66881,2.82684,2.84197
542baeae-f75e-5c52-9780-f349eef2cb81,2022,Kentucky,SEC,Jr,21.9,59.0,21.3,0.5481,7.3,12.9,7.0,14.8,2.7,1.6,32.6,0.233,0.106,0.783,4.40643,2.7971,1.60933
542baeae-f75e-5c52-9780-f349eef2cb81,2023,Washington,P12,Sr,22.9,81.7,28.0,0.5256000000000001,5.2,15.6,9.2,18.4,3.6,1.2,37.1,0.286,0.26,0.794,0.412666,-0.650669,1.06334
542baeae-f75e-5c52-9780-f349eef2cb81,2024,Washington,P12,Sr,23.9,86.1,26.1,0.5941,4.9,16.7,7.7,11.6,2.1,1.1,44.7,0.38,0.293,0.794,4.11933,3.66443,0.454903
5463cb25-a607-5716-8779-4855738dd44c,2008,Cleveland St.,Horz,Fr,19.7,35.3,21.5,0.4807,2.7,9.4,11.1,23.5,0.0,2.4,43.8,0.25,0.308,0.825,-3.09441,-2.87425,-0.220159
5463cb25-a607-5716-8779-4855738dd44c,2009,Cleveland St.,Horz,So,20.7,84.2,20.9,0.5377000000000001,3.3,5.3,16.5,13.3,0.5,2.2,24.5,0.295,0.318,0.798,2.99999,2.89619,0.103798
5463cb25-a607-5716-8779-4855738dd44c,2010,Cleveland St.,Horz,Jr,21.7,87.7,28.2,0.5224,1.6,8.9,30.0,16.6,0.3,2.9,39.0,0.339,0.263,0.796,1.41448,2.8632,-1.44873
5463cb25-a607-5716-8779-4855738dd44c,2011,Cleveland St.,Horz,Sr,22.7,90.2,32.8,0.5483,2.5,16.7,38.0,14.3,0.3,3.7,47.2,0.324,0.259,0.853,9.52054,6.97518,2.54537
546949db-5615-5336-8995-aab2f0a43720,2014,DePaul,BE,Fr,19.7,68.0,23.8,0.5204,1.5,8.7,21.9,18.5,0.4,1.9,54.8,0.319,0.397,0.825,-0.641077,1.67199,-2.31306
546949db-5615-5336-8995-aab2f0a43720,2015,DePaul,BE,So,20.7,74.8,23.2,0.5743,0.5,9.4,27.0,19.5,0.9,1.4,74.6,0.327,0.425,0.835,0.691467,2.94324,-2.25178
546949db-5615-5336-8995-aab2f0a43720,2016,DePaul,BE,Jr,21.7,67.4,26.5,0.5215,1.2,11.2,27.1,19.4,1.1,1.4,49.0,0.277,0.344,0.819,0.6989,1.81156,-1.11266
546949db-5615-5336-8995-aab2f0a43720,2017,DePaul,BE,Sr,22.7,73.0,29.3,0.5364,1.5,10.7,25.1,22.0,0.7,2.3,49.3,0.363,0.313,0.882,-0.569091,0.564899,-1.13399
546c4f33-5181-5ca5-ba3c-ca7f608956db,2008,Vanderbilt,SEC,Sr,22.5,82.2,21.5,0.6793,4.1,12.3,10.7,13.1,0.7,1.8,20.7,0.469,0.618,0.76,8.47416,7.79162,0.682545
548d1750-8ef0-5804-98ac-401f5d18881c,2025,Duke,ACC,Fr,19.6,31.8,19.4,0.6206,1.0,7.9,6.4,10.0,0.7,0.8,17.5,0.416,0.814,0.813,4.48838,5.01942,-0.531035
548d1750-8ef0-5804-98ac-401f5d18881c,2026,Duke,ACC,So,20.6,70.5,21.8,0.5897,1.7,10.7,8.4,11.0,2.9,1.5,26.5,0.361,0.651,0.86,6.54394,4.22279,2.32115
54a51492-71e2-5479-bf44-8e681c8df228,2008,Tennessee Martin,OVC,Jr,21.5,91.7,32.4,0.5945,6.6,16.3,28.4,18.1,1.9,4.0,27.4,0.384,0.522,0.832,8.71028,8.11882,0.591459
54a51492-71e2-5479-bf44-8e681c8df228,2009,Tennessee Martin,OVC,Sr,22.5,90.6,35.5,0.56,6.5,18.3,27.3,15.0,1.7,3.3,24.7,0.345,0.427,0.878,9.11737,7.93,1.18737
55b505fb-9e90-5ba0-8634-48118dcaca9b,2013,Texas Tech,B12,Fr,19.8,55.7,14.8,0.5437,0.8,5.5,3.3,16.5,0.2,1.4,16.9,0.374,0.672,0.806,-1.99849,0.575246,-2.57373
55b505fb-9e90-5ba0-8634-48118dcaca9b,2014,Texas Tech,B12,So,20.8,54.9,17.6,0.5516,2.5,5.4,11.2,13.2,0.2,1.2,33.7,0.369,0.575,0.923,1.03718,2.93288,-1.8957
55b505fb-9e90-5ba0-8634-48118dcaca9b,2016,Arkansas,SEC,Jr,22.8,66.4,23.8,0.6086,2.4,7.5,7.0,11.1,0.0,1.3,30.3,0.433,0.492,0.87,2.2918,4.75085,-2.45905
55b505fb-9e90-5ba0-8634-48118dcaca9b,2017,Arkansas,SEC,Sr,23.8,61.9,25.0,0.5893,2.6,5.0,9.6,15.0,0.5,1.0,31.1,0.387,0.499,0.908,0.710937,3.93849,-3.22756
55f6549e-63f5-57c8-bb92-c7c58bcb88a4,2016,Oral Roberts,Sum,Fr,18.8,47.1,14.5,0.6368,7.3,15.4,7.8,15.0,2.8,1.9,36.0,0.385,0.228,0.78,3.65729,2.54873,1.10856
55f6549e-63f5-57c8-bb92-c7c58bcb88a4,2018,Tulsa,Amer,Jr,20.8,43.7,20.3,0.6409,9.5,15.1,8.3,18.5,7.7,1.6,28.9,0.393,0.367,0.792,7.99326,3.09364,4.89963
55f6549e-63f5-57c8-bb92-c7c58bcb88a4,2019,Tulsa,Amer,Sr,21.8,67.5,22.0,0.6173,5.5,16.0,14.5,15.2,5.2,2.0,40.0,0.366,0.447,0.755,8.19197,3.9921,4.19987
561113e3-59d0-5342-b754-2038a398488e,2011,Ohio St.,B10,Fr,18.9,14.0,20.1,0.3761,4.9,10.1,11.2,19.3,0.6,3.0,24.2,0.25,0.516,0.533,1.11922,-0.435624,1.55484
561113e3-59d0-5342-b754-2038a398488e,2012,Ohio St.,B10,So,19.9,17.5,17.6,0.40549999999999997,2.2,12.3,11.2,17.2,0.4,2.4,22.8,0.26,0.633,0.556,2.52668,0.361422,2.16526
561113e3-59d0-5342-b754-2038a398488e,2014,Dayton,A10,Jr,21.9,64.6,21.0,0.6054999999999999,1.8,8.8,12.0,13.8,0.5,1.9,32.2,0.426,0.604,0.712,5.01086,4.96965,0.0412136
561113e3-59d0-5342-b754-2038a398488e,2015,Dayton,A10,Sr,22.9,84.1,23.5,0.609,0.9,10.8,14.1,14.1,0.5,3.2,47.4,0.349,0.59,0.788,5.71306,4.37483,1.33824
561bb7ef-1441-5a9d-ba11-a56e07ea023b,2008,Marquette,BE,So,20.5,62.5,23.4,0.5761999999999999,8.4,21.1,4.9,17.9,1.5,2.6,35.7,0.456,0.28,0.774,4.08342,2.35172,1.7317
561bb7ef-1441-5a9d-ba11-a56e07ea023b,2009,Marquette,BE,Jr,21.5,78.9,23.7,0.5721,10.3,21.7,7.5,14.2,0.9,1.8,30.6,0.358,0.34,0.82,5.01254,4.40576,0.606782
561bb7ef-1441-5a9d-ba11-a56e07ea023b,2010,Marquette,BE,Sr,22.5,79.5,29.6,0.5363,8.2,21.3,11.2,12.9,1.7,3.6,24.7,0.349,0.362,0.843,6.70451,4.07651,2.62801
5629f257-5b60-5171-b3dd-b10f763a94ff,2019,Michigan,B10,Fr,19.1,4.5,26.2,0.3996,14.2,21.7,3.0,17.5,6.1,0.9,40.9,0.0,0.136,0.333,-3.41378,-5.85255,2.43877
5629f257-5b60-5171-b3dd-b10f763a94ff,2020,Michigan,B10,So,20.1,15.8,20.8,0.6114999999999999,10.7,23.3,7.4,18.3,6.1,0.9,58.0,0.0,0.08,0.828,4.59018,0.771317,3.81886
5629f257-5b60-5171-b3dd-b10f763a94ff,2021,Florida,SEC,Jr,21.1,62.1,22.7,0.6412,11.9,16.6,8.6,18.5,9.2,1.2,51.6,0.0,0.005,0.781,8.25923,3.24857,5.01066
5629f257-5b60-5171-b3dd-b10f763a94ff,2022,Florida,SEC,Sr,22.1,62.7,26.9,0.5843,11.6,23.3,12.5,16.0,7.8,1.7,49.4,0.0,0.029,0.703,6.96349,2.60814,4.35536
5629f257-5b60-5171-b3dd-b10f763a94ff,2023,Florida,SEC,Sr,23.1,61.1,28.2,0.5554,6.6,20.2,19.9,16.5,9.2,1.7,51.7,0.133,0.05,0.729,8.05798,1.11385,6.94414
563d5b81-43fa-5d2c-925d-c5bd5fd29643,2023,Villanova,BE,Fr,19.0,51.9,24.3,0.5710999999999999,3.7,20.3,6.4,15.1,1.6,3.2,25.1,0.343,0.424,0.703,3.27211,1.31021,1.9619
56dcf593-0e95-5d9a-9bb8-b405eae423e0,2008,Virginia,ACC,Fr,19.9,43.4,17.0,0.5108,12.6,19.7,4.7,14.2,2.3,1.9,51.7,0.4,0.07,0.703,2.44142,1.29105,1.15037
56dcf593-0e95-5d9a-9bb8-b405eae423e0,2009,Virginia,ACC,So,20.9,68.5,18.8,0.5871999999999999,13.5,16.6,5.7,19.1,1.2,1.8,41.7,0.333,0.029,0.741,4.06768,2.40931,1.65836
56dcf593-0e95-5d9a-9bb8-b405eae423e0,2010,Virginia,ACC,Jr,21.9,61.4,24.9,0.5345,9.8,21.6,11.4,15.2,1.1,1.4,22.6,0.429,0.025,0.719,2.47371,1.17487,1.29884
56dcf593-0e95-5d9a-9bb8-b405eae423e0,2011,Virginia,ACC,Sr,22.9,27.0,28.0,0.5760000000000001,13.6,24.2,12.6,16.4,2.5,0.6,53.6,1.0,0.009,0.881,4.30094,2.48691,1.81403
56dcf593-0e95-5d9a-9bb8-b405eae423e0,2012,Virginia,ACC,Sr,23.9,77.7,29.8,0.62,9.7,24.0,10.7,14.8,1.8,1.4,45.0,0.3,0.052,0.808,5.90473,3.30932,2.59541
5707ebbc-4b54-5c7c-97be-bc7b1c7310ea,2014,Syracuse,ACC,Fr,19.8,88.7,22.7,0.5107,2.6,9.0,32.5,13.8,0.7,3.9,41.4,0.353,0.236,0.765,6.81907,4.82933,1.98973
572540b4-6a92-5c07-ac1a-37469998ffed,2022,Notre Dame,ACC,Fr,19.3,72.7,30.7,0.494,2.9,11.4,17.4,15.2,0.2,2.6,32.9,0.302,0.401,0.667,1.47636,1.20732,0.269031
5735b529-ef0d-5623-8f29-b7a580bfa904,2015,Kentucky,SEC,Fr,19.6,52.6,20.6,0.5426,9.9,16.1,9.2,15.0,2.1,1.4,42.5,0.138,0.121,0.735,7.07654,3.61686,3.45968
5738d026-4db8-5d81-92a0-c2e7e2a41369,2009,West Virginia,BE,Fr,19.5,75.2,20.4,0.5281,9.5,20.3,17.4,18.9,2.6,1.7,49.8,0.125,0.142,0.7,7.45769,3.40056,4.05713
5738d026-4db8-5d81-92a0-c2e7e2a41369,2010,West Virginia,BE,So,20.5,75.1,20.6,0.5268999999999999,9.5,18.0,14.7,19.4,2.2,1.9,48.3,0.1,0.095,0.77,7.0297,3.08449,3.94521
573dac5b-2f71-5c9d-8bee-2c6cce0cc003,2019,Rutgers,B10,Fr,19.2,55.4,17.8,0.508,2.5,13.0,10.3,12.8,2.6,1.5,24.9,0.278,0.507,0.679,2.60934,1.14614,1.4632
573dac5b-2f71-5c9d-8bee-2c6cce0cc003,2020,Rutgers,B10,So,20.2,70.2,20.5,0.5442,4.3,17.7,7.6,10.5,3.5,1.7,28.8,0.352,0.366,0.694,6.1874,3.13728,3.05012
573dac5b-2f71-5c9d-8bee-2c6cce0cc003,2021,Rutgers,B10,Jr,21.2,76.7,22.6,0.5385,3.5,16.8,9.9,9.3,2.3,1.2,26.3,0.31,0.438,0.736,4.56648,3.25701,1.30947
573dac5b-2f71-5c9d-8bee-2c6cce0cc003,2022,Rutgers,B10,Sr,22.2,84.4,22.8,0.5697,4.4,15.7,11.6,12.7,2.2,1.9,31.5,0.398,0.442,0.795,5.33334,3.86734,1.466
574819b3-f914-5745-a362-64c71e76bef4,2024,Northern Illinois,MAC,So,21.3,42.5,19.8,0.5471,8.2,15.9,3.7,20.4,10.8,0.5,58.5,0.227,0.179,0.597,-1.54576,-3.50574,1.95998
574819b3-f914-5745-a362-64c71e76bef4,2025,Penn St.,B10,Jr,22.3,58.7,22.9,0.6313,10.1,19.9,6.1,16.1,10.2,1.5,56.0,0.091,0.047,0.664,6.20012,1.00363,5.19649
57679d66-59eb-5227-a058-a85eb555667c,2015,Cincinnati,Amer,Fr,20.6,68.5,17.8,0.5426,13.4,18.9,13.9,15.1,5.5,2.5,34.3,0.0,0.024,0.625,9.3416,3.52488,5.81672
57679d66-59eb-5227-a058-a85eb555667c,2016,Cincinnati,Amer,So,21.6,73.9,18.4,0.5779,12.7,19.6,13.9,13.9,5.4,2.5,47.3,0.52,0.103,0.687,9.63447,3.79557,5.8389
57679d66-59eb-5227-a058-a85eb555667c,2017,Cincinnati,Amer,Jr,22.6,71.1,19.7,0.5849,12.3,19.5,14.0,12.4,4.7,2.1,43.1,0.286,0.178,0.697,10.1323,4.88044,5.25186
57679d66-59eb-5227-a058-a85eb555667c,2018,Cincinnati,Amer,Sr,23.6,71.2,20.8,0.6121,12.1,22.2,14.8,10.2,5.0,3.0,52.0,0.435,0.204,0.741,13.7704,6.20898,7.56145
5773e81c-4a5a-5b47-a819-2a2e4828e937,2017,Florida St.,ACC,Fr,19.7,59.9,20.0,0.6137,7.7,25.0,7.5,15.7,6.2,2.4,46.1,0.348,0.348,0.78,8.87615,3.56143,5.31472
578489a6-a430-59e6-b58b-e2be0c5d887d,2010,Montana,BSky,Fr,19.4,57.3,26.1,0.4664,2.8,11.7,20.8,19.6,1.0,5.3,44.8,0.182,0.149,0.545,0.659191,-1.66399,2.32319
578489a6-a430-59e6-b58b-e2be0c5d887d,2011,Montana,BSky,So,20.4,80.5,25.2,0.5251,1.5,10.4,26.9,16.9,0.8,4.2,51.0,0.235,0.314,0.73,4.23982,2.13992,2.0999
578489a6-a430-59e6-b58b-e2be0c5d887d,2012,Montana,BSky,Jr,21.4,84.3,26.2,0.5771999999999999,2.4,11.3,20.5,18.8,1.1,4.6,45.0,0.383,0.381,0.79,5.18252,2.41604,2.76648
578489a6-a430-59e6-b58b-e2be0c5d887d,2013,Montana,BSky,Sr,22.4,58.9,26.8,0.5243,3.4,12.8,26.4,18.7,1.2,3.6,55.7,0.263,0.362,0.764,2.66788,1.64424,1.02364
578bbab6-adc6-5a86-88a0-ffe6a0ff4c8b,2011,Memphis,CUSA,Fr,19.6,56.0,20.9,0.5467,14.4,11.3,3.2,16.3,7.3,2.0,54.5,0.0,0.0,0.587,2.87042,0.26974,2.60068
578bbab6-adc6-5a86-88a0-ffe6a0ff4c8b,2012,Memphis,CUSA,So,20.6,63.3,18.4,0.6735,10.7,12.0,1.3,16.2,6.2,1.5,68.4,0.0,0.0,0.594,5.56159,3.00786,2.55373
578bbab6-adc6-5a86-88a0-ffe6a0ff4c8b,2013,Memphis,CUSA,Jr,21.6,45.7,19.9,0.5606,10.1,16.0,4.1,18.6,3.1,1.9,66.3,0.0,0.0,0.448,0.617193,-0.622157,1.23935
578bbab6-adc6-5a86-88a0-ffe6a0ff4c8b,2014,Kansas,B12,Sr,22.6,31.6,17.2,0.6798000000000001,11.6,21.3,3.9,17.3,4.0,1.3,51.4,0.0,0.009,0.6,5.8254,3.47729,2.3481
587e461d-4ece-5f44-a647-c4192ded03bd,2020,Miami FL,ACC,Fr,19.4,51.5,22.1,0.5307,5.7,10.0,9.7,21.0,1.7,1.3,40.0,0.373,0.268,0.829,-0.154583,0.03494,-0.189523
587e461d-4ece-5f44-a647-c4192ded03bd,2021,Miami FL,ACC,So,20.4,88.4,24.3,0.5496,2.6,13.1,15.4,12.1,1.5,1.8,35.3,0.347,0.4,0.803,3.56394,3.81455,-0.250606
587e461d-4ece-5f44-a647-c4192ded03bd,2022,Miami FL,ACC,So,21.4,84.4,23.5,0.5401,2.3,12.9,11.6,10.4,1.0,1.6,30.3,0.302,0.347,0.748,1.72894,2.46887,-0.739933
587e461d-4ece-5f44-a647-c4192ded03bd,2023,Miami FL,ACC,Jr,22.4,83.3,24.0,0.5784,3.9,11.5,17.1,15.1,1.2,2.3,42.0,0.384,0.369,0.845,5.43102,4.90674,0.524283
58cfaaaf-d5fd-525a-af47-3a64a8c4a28e,2020,Loyola MD,Pat,Fr,19.5,24.3,26.9,0.5112,5.9,22.5,15.6,15.7,6.2,1.7,24.8,0.217,0.451,0.515,0.396218,-0.421036,0.817254
58cfaaaf-d5fd-525a-af47-3a64a8c4a28e,2021,Loyola MD,Pat,So,20.5,83.8,29.4,0.594,6.1,27.9,15.5,18.2,5.6,1.7,32.7,0.368,0.331,0.686,4.99633,2.02279,2.97355
58e1c257-656d-5653-b3d4-e714a6b0d60e,2021,Bradley,MVC,Fr,19.4,20.9,20.2,0.46950000000000003,4.3,8.9,5.4,15.0,0.0,1.7,10.7,0.298,0.627,0.75,-3.35046,-0.516208,-2.83425
58e1c257-656d-5653-b3d4-e714a6b0d60e,2022,Bradley,MVC,So,20.4,45.5,20.8,0.4747,6.0,9.7,4.6,20.8,0.8,1.8,29.6,0.253,0.491,0.64,-3.03441,-2.20928,-0.825128
58e1c257-656d-5653-b3d4-e714a6b0d60e,2023,Indiana St.,MVC,So,21.4,36.7,16.9,0.5713,5.5,11.2,4.5,12.3,1.2,1.4,28.1,0.271,0.504,0.795,-0.0473531,0.470488,-0.517841
58e1c257-656d-5653-b3d4-e714a6b0d60e,2024,Indiana St.,MVC,Jr,22.4,73.8,16.7,0.726,8.9,21.9,3.3,12.0,1.6,1.3,43.9,0.375,0.281,0.832,4.68222,3.96759,0.714627
58e1c257-656d-5653-b3d4-e714a6b0d60e,2025,Texas,SEC,Sr,23.4,32.7,18.7,0.5583,11.8,10.4,4.7,17.5,1.7,1.6,50.0,0.27,0.336,0.545,2.19867,1.92452,0.274145
591478d1-0116-5f93-9186-c58598733895,2009,Louisville,BE,Fr,19.5,62.6,23.3,0.6049,11.4,10.1,7.6,21.1,5.4,1.4,58.5,0.0,0.004,0.667,5.33225,1.80205,3.5302
591478d1-0116-5f93-9186-c58598733895,2010,Louisville,BE,So,20.5,72.5,26.2,0.5756,12.2,14.7,8.5,18.9,4.1,1.2,64.9,0.0,0.0,0.706,3.36679,2.19872,1.16807
59534ea8-1f5d-5039-93fc-afc2faee61d7,2016,Montana St.,BSky,Fr,19.3,79.8,24.6,0.5958,2.8,16.2,11.1,13.2,0.9,1.7,20.1,0.431,0.505,0.874,1.77044,3.72067,-1.95022
59534ea8-1f5d-5039-93fc-afc2faee61d7,2017,Montana St.,BSky,So,20.3,84.3,27.1,0.6365,1.4,16.4,18.8,12.0,1.0,1.8,32.5,0.431,0.56,0.839,4.5232,5.61291,-1.08971
59534ea8-1f5d-5039-93fc-afc2faee61d7,2018,Montana St.,BSky,Jr,21.3,78.0,24.6,0.5472,2.4,10.9,18.7,12.7,1.4,1.4,24.3,0.351,0.623,0.918,1.63436,3.57202,-1.93766
59534ea8-1f5d-5039-93fc-afc2faee61d7,2019,Montana St.,BSky,Sr,22.3,84.4,27.1,0.5854,2.0,14.6,18.4,12.8,0.8,1.8,17.2,0.38,0.592,0.828,0.897524,4.13961,-3.24209
5977bb77-e9ae-529d-9e8b-82d2bec1941b,2018,Louisville,ACC,Fr,19.8,23.0,22.0,0.6091,5.2,14.6,6.4,17.9,0.9,2.9,34.8,0.439,0.509,0.769,2.97964,2.45249,0.527152
5977bb77-e9ae-529d-9e8b-82d2bec1941b,2019,Louisville,ACC,So,20.8,78.6,26.1,0.5672,4.3,21.7,9.3,16.5,1.2,1.7,30.6,0.374,0.464,0.765,6.26571,3.07519,3.19052
5977bb77-e9ae-529d-9e8b-82d2bec1941b,2020,Louisville,ACC,Jr,21.8,82.2,26.0,0.5685,6.0,19.8,8.4,14.5,0.9,1.3,29.8,0.402,0.44,0.813,5.90938,4.49833,1.41105
5996abc5-c60b-556a-aa39-789b9574b3c2,2023,Ohio St.,B10,Fr,19.2,38.5,13.6,0.5972999999999999,10.4,16.7,3.0,14.9,8.8,1.6,25.0,0.2,0.048,0.615,6.82261,1.92549,4.89711
5996abc5-c60b-556a-aa39-789b9574b3c2,2024,Ohio St.,B10,So,20.2,56.8,14.9,0.5875,10.9,19.4,4.0,16.4,9.7,0.9,32.9,0.0,0.035,0.589,6.57708,0.622535,5.95454
5996abc5-c60b-556a-aa39-789b9574b3c2,2025,Tennessee,SEC,Jr,21.2,64.5,14.3,0.6148,11.7,17.3,2.3,18.1,8.3,0.6,33.7,1.0,0.005,0.719,6.07601,0.474958,5.60105
5996abc5-c60b-556a-aa39-789b9574b3c2,2026,Tennessee,SEC,Sr,22.2,62.9,13.5,0.6168,10.9,15.4,3.1,16.8,7.0,0.9,38.7,0.364,0.058,0.635,7.38782,1.74317,5.64465
59b2923e-1c89-59f4-b867-4aad48142cc3,2016,California,P12,Fr,19.7,68.3,30.9,0.5176,4.5,16.5,15.1,21.0,2.2,1.7,57.4,0.294,0.27,0.654,2.59309,-0.0222782,2.61537
59d57119-c4fc-5a89-b21b-a07fe14c4d60,2008,Alabama,SEC,Jr,21.5,74.2,25.4,0.503,10.3,14.7,8.6,14.3,1.5,3.0,38.7,0.31,0.288,0.679,3.57628,3.00935,0.566928
59d57119-c4fc-5a89-b21b-a07fe14c4d60,2009,Alabama,SEC,Sr,22.5,80.2,24.7,0.5064,9.9,13.3,8.3,16.3,2.1,1.5,39.7,0.38,0.188,0.627,2.57104,2.30823,0.262804
5a48a939-765a-5e8a-ba70-87de7670d014,2012,Clemson,ACC,Fr,19.4,24.3,22.3,0.5085000000000001,13.4,8.9,5.2,12.1,7.5,2.1,39.2,0.28,0.258,0.579,3.96998,1.5795,2.39048
5a48a939-765a-5e8a-ba70-87de7670d014,2013,Clemson,ACC,So,20.4,62.2,22.9,0.525,7.8,14.0,6.5,16.0,8.3,2.7,31.3,0.333,0.381,0.684,5.98788,0.99257,4.99531
5a48a939-765a-5e8a-ba70-87de7670d014,2014,Clemson,ACC,Jr,21.4,82.4,28.5,0.5665,8.8,15.9,12.7,16.0,8.9,2.3,40.2,0.304,0.303,0.842,10.9408,4.05891,6.88185
5a495195-b60e-5ef3-a6b1-c5fedd8314fe,2014,Illinois St.,MVC,So,21.6,51.4,28.3,0.46149999999999997,2.8,11.0,15.5,13.4,0.3,2.7,31.5,0.281,0.537,0.745,-0.762619,0.475347,-1.23797
5a495195-b60e-5ef3-a6b1-c5fedd8314fe,2017,Texas Southern,SWAC,Jr,24.6,80.9,26.7,0.5325,2.8,10.2,16.3,15.3,0.9,2.4,53.2,0.258,0.291,0.786,-0.633363,0.252851,-0.886213
5a495195-b60e-5ef3-a6b1-c5fedd8314fe,2018,New Mexico St.,WAC,Sr,25.6,78.5,27.8,0.5747,3.8,14.1,11.1,13.9,0.5,1.8,37.8,0.37,0.483,0.781,4.19114,3.55559,0.635552
5a6341f1-4ccf-5950-af7b-078e6db291d0,2016,Florida St.,ACC,Fr,19.7,42.3,15.4,0.5783,8.8,16.0,9.2,15.0,1.3,2.0,47.2,0.308,0.104,0.458,4.22181,2.57291,1.6489
5a6341f1-4ccf-5950-af7b-078e6db291d0,2017,Florida St.,ACC,So,20.7,62.6,16.1,0.6118,8.6,11.5,10.9,16.4,0.7,2.2,44.9,0.304,0.116,0.663,6.51399,4.16584,2.34815
5a6341f1-4ccf-5950-af7b-078e6db291d0,2018,Florida St.,ACC,Jr,21.7,69.9,20.5,0.6048,7.5,13.0,16.6,16.3,1.0,1.7,37.5,0.25,0.173,0.655,6.25156,4.37324,1.87832
5a6341f1-4ccf-5950-af7b-078e6db291d0,2019,Florida St.,ACC,Sr,22.7,78.3,18.4,0.603,9.1,14.3,15.6,17.3,1.2,1.2,42.6,0.39,0.265,0.79,8.26109,5.12436,3.13673
5aae99f1-92f3-5772-9938-0b6a5f98fae6,2015,Pittsburgh,ACC,Fr,19.3,7.0,16.4,0.4671,2.6,8.4,8.7,8.5,3.7,0.7,14.8,0.278,0.667,0.5,0.457124,1.20077,-0.743642
5aae99f1-92f3-5772-9938-0b6a5f98fae6,2016,Pittsburgh,ACC,Fr,20.3,27.8,19.2,0.5355,4.3,14.3,8.1,13.1,1.5,1.5,19.4,0.373,0.605,0.792,2.48144,2.03099,0.45045
5aae99f1-92f3-5772-9938-0b6a5f98fae6,2017,Pittsburgh,ACC,So,21.3,82.0,16.3,0.6161,2.5,12.8,14.4,12.6,1.0,1.7,26.1,0.417,0.661,0.811,6.02456,4.85729,1.16728
5aae99f1-92f3-5772-9938-0b6a5f98fae6,2018,North Carolina,ACC,Jr,22.3,51.3,18.8,0.5511,6.3,10.7,13.2,10.9,0.7,1.3,22.3,0.341,0.521,0.847,6.51448,6.04214,0.472336
5aae99f1-92f3-5772-9938-0b6a5f98fae6,2019,North Carolina,ACC,Sr,23.3,74.6,20.7,0.6465000000000001,6.5,13.4,13.8,12.8,1.1,2.1,26.3,0.457,0.502,0.818,11.3563,8.51789,2.83839
5b0d9551-1cb6-55e3-9b12-b5c9110dc84f,2016,Notre Dame,ACC,Fr,19.2,36.1,14.5,0.5952000000000001,1.0,11.9,6.2,4.9,0.6,1.1,16.7,0.374,0.854,0.792,3.01054,4.5677,-1.55716
5b0d9551-1cb6-55e3-9b12-b5c9110dc84f,2017,Notre Dame,ACC,So,20.2,19.8,19.5,0.6313,2.5,10.4,9.3,13.9,0.4,1.2,10.1,0.434,0.838,0.9,3.4199,4.63187,-1.21197
5b0d9551-1cb6-55e3-9b12-b5c9110dc84f,2019,Vanderbilt,SEC,Jr,22.2,56.2,17.1,0.5017,1.9,10.3,8.0,14.5,0.6,0.8,14.6,0.328,0.822,0.75,-0.951318,0.129984,-1.0813
5b0d9551-1cb6-55e3-9b12-b5c9110dc84f,2020,Chattanooga,SC,Sr,23.2,78.2,24.2,0.5687,2.5,16.2,12.5,14.4,0.3,0.8,25.3,0.35,0.622,0.874,1.61657,3.24068,-1.62411
5b2d4567-9824-5d95-b872-0f916c321d00,2021,Colorado,P12,Fr,20.1,17.3,16.8,0.5732,4.5,9.1,6.9,24.5,1.0,2.2,23.5,0.267,0.294,0.583,2.46626,0.305365,2.1609
5b2d4567-9824-5d95-b872-0f916c321d00,2022,Colorado,P12,So,21.1,66.1,18.0,0.5825,5.1,9.3,14.0,21.1,1.7,1.3,31.8,0.373,0.346,0.797,3.15618,1.69321,1.46298
5b2d4567-9824-5d95-b872-0f916c321d00,2023,Colorado,P12,Jr,22.1,77.4,23.6,0.5848,4.5,13.2,9.6,15.8,1.3,2.3,24.9,0.394,0.322,0.755,4.20719,2.75652,1.45066
5b2d4567-9824-5d95-b872-0f916c321d00,2024,Colorado,P12,Sr,23.1,77.3,21.2,0.6059,3.6,13.7,13.4,14.5,1.7,2.0,25.8,0.395,0.405,0.835,6.26736,4.31879,1.94857
5b8ec4e0-35d3-59ab-ac51-f3c716f44d65,2019,Ohio,MAC,Fr,19.9,70.9,12.8,0.4894,2.5,10.7,21.3,18.3,0.3,1.4,20.9,0.217,0.291,0.788,-0.94052,-0.837791,-0.102729
5b8ec4e0-35d3-59ab-ac51-f3c716f44d65,2020,Ohio,MAC,So,20.9,96.5,26.2,0.5816,2.3,17.6,39.8,22.0,0.3,2.2,33.5,0.398,0.232,0.724,4.14638,3.20344,0.942941
5b8ec4e0-35d3-59ab-ac51-f3c716f44d65,2021,Ohio,MAC,Jr,21.9,68.4,24.9,0.5740999999999999,3.8,21.3,37.6,19.6,0.9,2.1,20.3,0.385,0.336,0.596,7.17643,4.60628,2.57015
5b950d7a-878f-585a-a449-ef2ad6c28183,2021,Memphis,Amer,Fr,18.8,46.4,20.9,0.5107,13.4,23.7,5.0,22.4,10.5,0.9,51.0,0.0,0.007,0.324,3.16719,-3.0296,6.19679
5b950d7a-878f-585a-a449-ef2ad6c28183,2022,Oklahoma St.,B12,So,19.8,47.2,20.0,0.5667,15.2,21.3,3.6,19.0,11.1,1.2,62.2,0.0,0.0,0.562,6.1553,-0.177987,6.33329
5b950d7a-878f-585a-a449-ef2ad6c28183,2023,Oklahoma St.,B12,Jr,20.8,49.6,17.2,0.5521,12.0,28.2,5.9,17.7,9.9,0.9,52.5,0.0,0.0,0.41,6.53988,-0.644032,7.18391
5b950d7a-878f-585a-a449-ef2ad6c28183,2024,Mississippi,SEC,Sr,21.8,35.5,16.6,0.5176,13.9,15.6,3.3,20.9,8.4,2.2,40.4,0.0,0.011,0.263,1.88158,-1.41409,3.29566
5b950d7a-878f-585a-a449-ef2ad6c28183,2025,Memphis,Amer,Sr,22.8,45.0,18.4,0.5367000000000001,17.3,22.7,4.3,17.2,9.8,2.1,99.2,0.0,0.0,0.488,4.62717,-0.488655,5.11582
5baf56fb-dab6-5783-b376-6c402b67c459,2010,Xavier,A10,So,20.5,79.4,28.9,0.5643,3.4,12.0,20.1,14.7,0.6,2.4,27.4,0.391,0.359,0.773,7.43427,6.42758,1.00669
5bb1af2a-d8e8-59ae-a2e9-152c3ce6735b,2025,Drake,MVC,Jr,21.7,98.8,26.1,0.6043,2.2,14.0,34.0,13.1,1.0,3.3,38.6,0.396,0.341,0.793,8.31243,6.18653,2.1259
5bb1af2a-d8e8-59ae-a2e9-152c3ce6735b,2026,Iowa,B10,Sr,22.7,94.0,26.1,0.6072,1.0,8.7,24.9,11.9,0.9,2.3,31.4,0.358,0.489,0.848,7.35854,6.62516,0.733373
5bca02b8-e829-5ea6-bb2d-7e3b9af6dd7a,2020,Utah,P12,Fr,21.0,49.8,18.5,0.5690999999999999,8.2,13.3,7.9,20.4,7.2,0.9,27.4,0.231,0.079,0.622,2.65659,-0.732843,3.38943
5bca02b8-e829-5ea6-bb2d-7e3b9af6dd7a,2021,Utah,P12,So,22.0,58.0,19.0,0.5854,5.7,17.9,6.0,12.1,7.9,0.5,25.8,0.5,0.112,0.609,4.89146,1.37753,3.51393
5bca02b8-e829-5ea6-bb2d-7e3b9af6dd7a,2022,Utah,P12,Jr,23.0,49.8,24.9,0.5776,6.9,18.3,10.5,14.2,6.4,0.8,26.4,0.309,0.22,0.818,4.52709,2.36461,2.16248
5bca02b8-e829-5ea6-bb2d-7e3b9af6dd7a,2023,Utah,P12,Sr,24.0,70.6,27.1,0.586,7.9,19.2,12.3,15.9,7.0,0.6,33.3,0.331,0.333,0.774,7.31885,3.07117,4.24768
5bca02b8-e829-5ea6-bb2d-7e3b9af6dd7a,2024,Utah,P12,Sr,25.0,71.3,24.7,0.5911,5.4,17.8,10.8,11.3,5.0,0.7,25.8,0.379,0.366,0.714,5.93307,3.57587,2.3572
5bcea035-e8f3-518f-88d1-af463fa6966c,2022,Tennessee,SEC,Fr,19.6,8.7,14.2,0.4465,10.1,8.6,11.1,30.3,2.0,5.3,52.9,0.333,0.176,0.444,5.18619,-0.880168,6.06636
5bcea035-e8f3-518f-88d1-af463fa6966c,2023,Tennessee,SEC,So,20.6,45.1,18.3,0.48,7.3,7.6,15.9,23.6,2.0,4.7,38.0,0.306,0.24,0.579,5.46902,-0.162938,5.63196
5bcea035-e8f3-518f-88d1-af463fa6966c,2024,Tennessee,SEC,Jr,21.6,44.6,14.0,0.5445,8.8,9.9,12.1,14.0,2.0,2.7,40.0,0.359,0.312,0.72,7.09774,2.54321,4.55453
5bcea035-e8f3-518f-88d1-af463fa6966c,2025,Tennessee,SEC,Sr,22.6,70.4,12.2,0.5632,6.0,11.4,9.4,16.6,2.4,3.7,50.9,0.351,0.35,0.723,9.12719,2.8534,6.27379
5bd1a7fc-d8db-5197-a8ee-8a89e5a86fa3,2019,Clemson,ACC,Fr,19.0,18.8,14.1,0.3642,2.9,11.6,8.5,9.8,3.8,0.5,14.3,0.234,0.746,0.667,-0.620316,-1.92694,1.30663
5bd1a7fc-d8db-5197-a8ee-8a89e5a86fa3,2020,Clemson,ACC,So,20.0,33.5,19.7,0.5764,5.6,20.4,5.8,10.9,0.9,2.4,32.0,0.321,0.656,0.707,3.38995,2.4336,0.956347
5bd1a7fc-d8db-5197-a8ee-8a89e5a86fa3,2021,Clemson,ACC,Jr,21.0,33.1,21.5,0.6079,4.6,25.8,4.3,15.4,2.4,1.7,34.7,0.431,0.505,0.771,2.85576,1.13837,1.7174
5bd1a7fc-d8db-5197-a8ee-8a89e5a86fa3,2022,Clemson,ACC,Sr,22.0,48.0,19.9,0.5666,6.3,19.1,10.1,11.3,1.6,1.9,28.9,0.342,0.392,0.786,4.3542,2.97495,1.37925
5bd1a7fc-d8db-5197-a8ee-8a89e5a86fa3,2023,Clemson,ACC,Sr,23.0,86.2,19.2,0.6315,4.7,26.1,8.3,9.1,0.4,1.6,30.9,0.405,0.571,0.838,6.58126,4.78836,1.7929
5be14190-386f-51ba-899b-e9f244dc34ea,2013,Villanova,BE,Fr,19.2,83.9,20.8,0.5318999999999999,0.8,6.2,23.6,23.5,0.0,2.0,47.7,0.327,0.699,0.826,2.24865,2.60873,-0.360086
5be14190-386f-51ba-899b-e9f244dc34ea,2014,Villanova,BE,So,20.2,76.5,17.3,0.5362,1.2,7.5,21.1,15.4,0.1,2.1,33.6,0.345,0.631,0.703,4.08756,2.91891,1.16865
5be14190-386f-51ba-899b-e9f244dc34ea,2015,Villanova,BE,Jr,21.2,75.5,18.4,0.5512,1.2,5.5,22.1,14.6,0.2,2.2,40.4,0.372,0.534,0.813,4.64778,4.51779,0.12999
5be14190-386f-51ba-899b-e9f244dc34ea,2016,Villanova,BE,Sr,22.3,79.9,20.1,0.5882999999999999,1.5,8.7,24.1,14.1,0.1,2.5,29.6,0.394,0.52,0.836,8.08556,6.21835,1.86722
5c1aa387-b4ee-53d7-ab7d-5bd07aac39a6,2013,Tulsa,CUSA,Fr,19.7,66.7,20.0,0.45020000000000004,3.1,12.8,21.6,26.6,1.9,3.4,65.2,0.125,0.13,0.65,0.0461101,-2.41358,2.45969
5c1aa387-b4ee-53d7-ab7d-5bd07aac39a6,2014,Tulsa,CUSA,So,20.7,74.9,19.9,0.5259,2.7,11.5,21.1,22.1,0.9,3.5,68.7,0.267,0.129,0.681,3.41885,-0.166183,3.58503
5c1aa387-b4ee-53d7-ab7d-5bd07aac39a6,2015,Tulsa,Amer,Jr,21.7,78.0,26.4,0.5024000000000001,4.1,13.9,28.9,17.7,2.2,3.9,47.1,0.241,0.157,0.617,6.88672,1.96402,4.92271
5c1aa387-b4ee-53d7-ab7d-5bd07aac39a6,2016,Tulsa,Amer,Sr,22.7,80.2,26.4,0.5222,3.6,15.6,27.3,14.1,0.8,3.4,54.8,0.195,0.112,0.632,5.64315,3.01294,2.6302
5c2a0799-48e7-56d6-8a64-ed2cec3ab9bb,2025,Illinois,B10,Fr,19.1,74.5,25.6,0.5898,4.9,13.6,26.0,25.4,0.8,1.5,49.6,0.318,0.501,0.845,6.50605,4.27237,2.23368
5c2a0902-9d63-559c-8091-dcb885f343e6,2011,Detroit Mercy,Horz,Fr,20.0,82.1,23.1,0.5375,4.9,10.6,29.4,19.0,0.5,2.7,64.9,0.321,0.256,0.687,3.8163,4.23856,-0.42226
5c2a0902-9d63-559c-8091-dcb885f343e6,2012,Detroit Mercy,Horz,So,21.0,84.9,24.4,0.5458,3.7,12.8,25.6,16.6,0.7,2.6,44.8,0.252,0.301,0.763,3.77711,4.26863,-0.491516
5c2a0902-9d63-559c-8091-dcb885f343e6,2013,Detroit Mercy,Horz,Jr,22.0,93.2,24.4,0.5657,4.0,13.3,23.5,12.8,1.7,3.0,46.7,0.317,0.298,0.715,6.2771,5.8364,0.440697
5c2c0020-ac4c-5578-b9bb-9acc068338be,2011,Marquette,BE,Jr,21.0,68.8,19.5,0.5644,9.5,18.7,11.4,8.7,3.3,2.8,38.3,0.359,0.359,0.616,9.92199,6.44821,3.47378
5c2c0020-ac4c-5578-b9bb-9acc068338be,2012,Marquette,BE,Sr,22.0,82.4,22.0,0.5985,7.0,20.5,13.5,9.8,3.1,4.3,37.2,0.345,0.406,0.735,13.1975,7.31518,5.88235
5c5ac2fd-aec0-5440-a4b3-069c5b498e44,2008,Cornell,Ivy,Jr,21.5,41.8,21.6,0.5667,10.7,24.5,12.1,18.9,6.6,0.9,71.4,0.0,0.0,0.575,2.47499,-0.289181,2.76417
5c5ac2fd-aec0-5440-a4b3-069c5b498e44,2009,Cornell,Ivy,Sr,22.5,72.3,23.9,0.5593,9.2,19.8,15.4,17.9,7.3,0.9,54.7,0.0,0.0,0.633,3.4357,0.381107,3.05459
5c5ac2fd-aec0-5440-a4b3-069c5b498e44,2010,Cornell,Ivy,Sr,22.5,70.9,24.1,0.6108,10.5,25.0,16.9,22.3,7.8,1.1,59.7,0.0,0.0,0.586,6.89008,2.45648,4.4336
5d14f158-07e8-572b-aa89-54beb19eb785,2024,Kentucky,SEC,Fr,19.5,55.7,29.9,0.5948,1.2,11.8,30.1,15.6,0.3,2.4,27.1,0.444,0.398,0.796,4.54889,6.05472,-1.50582
5d5fd81f-7485-5317-a159-ddb2b20162ba,2014,Colorado,P12,Fr,20.4,10.5,20.7,0.4106,4.1,28.1,6.7,23.3,0.7,1.6,59.0,0.2,0.513,0.652,-4.86156,-5.52018,0.65862
5d5fd81f-7485-5317-a159-ddb2b20162ba,2016,Colorado,P12,So,22.4,63.8,24.0,0.5822999999999999,6.9,12.4,5.8,16.9,0.9,0.9,35.5,0.459,0.436,0.748,2.20123,2.5866,-0.385372
5d5fd81f-7485-5317-a159-ddb2b20162ba,2017,Colorado,P12,Jr,23.4,69.5,19.9,0.5606,8.0,19.4,4.9,17.9,0.8,0.9,25.9,0.388,0.413,0.658,0.406901,1.40675,-0.999853
5d5fd81f-7485-5317-a159-ddb2b20162ba,2018,Colorado,P12,Sr,24.4,70.5,22.5,0.5745,7.2,23.2,8.2,17.9,2.6,1.1,27.3,0.395,0.492,0.782,3.21989,1.52211,1.69778
5d61f258-659a-5573-b630-fbbd985c5db0,2009,Vanderbilt,SEC,So,19.7,29.0,20.8,0.5439,9.7,13.8,0.6,33.6,6.4,0.7,73.3,0.0,0.0,0.509,-4.568,-5.62968,1.06168
5d61f258-659a-5573-b630-fbbd985c5db0,2010,Vanderbilt,SEC,So,20.7,30.7,18.7,0.5108,9.0,17.9,1.4,26.0,9.8,0.9,67.4,0.0,0.0,0.379,0.443548,-3.48255,3.9261
5d61f258-659a-5573-b630-fbbd985c5db0,2011,Vanderbilt,SEC,Jr,21.7,58.1,26.7,0.6146,14.6,15.6,1.8,16.5,10.6,1.5,84.0,0.0,0.0,0.648,5.33099,2.24324,3.08775
5d61f258-659a-5573-b630-fbbd985c5db0,2012,Vanderbilt,SEC,Sr,22.7,41.4,25.7,0.5670000000000001,13.0,17.4,2.9,22.7,9.0,1.1,84.2,0.0,0.0,0.604,3.05824,-0.813075,3.87132
5d623408-51c2-5ef4-8a88-d22b36c309a3,2012,Washington,P12,Fr,19.2,75.3,32.1,0.48829999999999996,8.0,9.8,24.5,21.8,1.2,3.5,59.1,0.161,0.125,0.583,4.12616,1.82639,2.29977
5dd94974-56ba-51ab-ab69-263ffc04c9a7,2008,North Carolina,ACC,So,20.5,76.8,20.7,0.5760000000000001,3.7,11.3,10.8,13.9,0.6,1.9,22.7,0.4,0.385,0.826,8.05647,6.60235,1.45412
5dd94974-56ba-51ab-ab69-263ffc04c9a7,2009,North Carolina,ACC,Jr,21.5,76.4,20.4,0.601,5.4,10.9,14.8,13.9,0.5,1.5,25.7,0.415,0.459,0.777,8.95892,7.84373,1.11519
5e38de21-aa53-5f13-8cd8-30c00d443ce6,2008,Notre Dame,BE,Sr,22.5,71.2,20.9,0.5941,7.4,17.8,12.2,19.5,4.7,1.2,51.4,0.394,0.356,0.853,6.85587,3.38255,3.47332
5e4d747b-1f0b-59b3-ac9d-3d286ac510f4,2019,Villanova,BE,Fr,20.1,13.8,20.9,0.49979999999999997,5.9,9.4,12.2,13.1,0.6,0.9,29.7,0.283,0.719,0.632,-0.599995,1.44997,-2.04996
5e4d747b-1f0b-59b3-ac9d-3d286ac510f4,2020,Villanova,BE,So,21.1,46.0,16.5,0.5619,4.5,13.4,6.1,15.1,1.7,0.6,5.5,0.352,0.663,0.667,2.35822,1.54962,0.808601
5e4d747b-1f0b-59b3-ac9d-3d286ac510f4,2021,Villanova,BE,Jr,22.1,47.1,14.2,0.5882000000000001,3.8,13.9,10.4,9.1,0.5,1.7,10.4,0.402,0.757,0.75,5.75925,4.5515,1.20774
5e4d747b-1f0b-59b3-ac9d-3d286ac510f4,2022,Syracuse,ACC,Sr,23.1,84.5,18.5,0.5798,4.0,17.1,7.2,12.5,1.3,1.6,18.4,0.409,0.544,0.866,4.08912,4.11673,-0.027609
5e717f19-d187-5774-a866-435508546d3b,2019,Utah,P12,Fr,19.5,67.0,21.7,0.6257,6.5,14.5,17.2,19.1,0.7,1.8,59.7,0.571,0.032,0.735,3.82404,3.43007,0.393969
5e717f19-d187-5774-a866-435508546d3b,2020,Utah,P12,So,20.5,87.5,29.1,0.5083,5.0,18.5,19.3,17.5,0.5,2.0,48.7,0.211,0.089,0.722,0.963218,-0.0351276,0.998345
5e717f19-d187-5774-a866-435508546d3b,2021,Utah,P12,Jr,21.5,86.9,29.1,0.5364,4.3,17.9,23.5,17.9,0.8,2.2,43.1,0.268,0.123,0.769,4.64569,2.69653,1.94916
5e717f19-d187-5774-a866-435508546d3b,2022,Texas,B12,Sr,22.5,71.9,24.4,0.5527000000000001,10.9,16.2,16.1,16.5,1.6,2.7,48.0,0.267,0.05,0.731,7.43857,3.82814,3.61043
5e717f19-d187-5774-a866-435508546d3b,2023,Texas,B12,Sr,23.5,64.9,22.1,0.5322,5.4,17.8,21.6,19.1,1.9,1.8,45.1,0.15,0.07,0.688,5.06335,1.22626,3.8371
5e99efce-2f81-55c7-bb42-42b05b6c0970,2018,TCU,B12,Fr,19.3,2.5,32.0,0.28300000000000003,7.6,14.5,25.0,27.1,3.2,0.0,28.6,0.0,0.357,0.25,-10.2458,-9.06927,-1.17658
5e99efce-2f81-55c7-bb42-42b05b6c0970,2019,TCU,B12,Fr,20.3,41.3,16.9,0.4603,0.9,13.1,8.7,24.7,2.4,1.8,35.1,0.299,0.52,0.615,-1.01703,-3.09244,2.07541
5e99efce-2f81-55c7-bb42-42b05b6c0970,2020,TCU,B12,So,21.3,71.9,24.5,0.4719,1.0,13.0,23.5,20.3,0.6,1.8,32.8,0.317,0.409,0.733,-0.141549,-0.050049,-0.0915003
5e99efce-2f81-55c7-bb42-42b05b6c0970,2021,TCU,B12,Jr,22.3,80.1,28.0,0.5077,1.7,12.6,25.5,21.7,0.6,1.8,33.8,0.339,0.341,0.778,0.628701,0.835113,-0.206412
5f3d147f-9d98-5c5b-935b-e7be51317ab1,2010,North Carolina,ACC,Fr,19.8,21.7,19.6,0.4675,11.6,10.3,3.4,20.7,0.6,1.4,29.8,0.4,0.048,0.742,-2.40536,-1.4408,-0.964559
5f3d147f-9d98-5c5b-935b-e7be51317ab1,2012,UCLA,P12,So,21.8,59.5,21.3,0.5758,13.1,14.0,3.1,11.0,5.1,1.7,30.8,0.429,0.028,0.782,4.07803,2.78346,1.29457
5f3d147f-9d98-5c5b-935b-e7be51317ab1,2013,UCLA,P12,Jr,22.8,65.1,18.7,0.5427000000000001,6.2,13.2,3.5,14.6,3.4,1.4,28.5,0.308,0.046,0.815,2.18074,0.477085,1.70365
5f3d147f-9d98-5c5b-935b-e7be51317ab1,2014,UCLA,P12,Sr,23.8,54.5,13.5,0.5795,4.9,10.4,10.2,6.8,3.4,1.8,15.2,0.44,0.126,0.833,5.71935,3.0732,2.64614
5fa87c99-f715-5476-a238-5fef7df6ea4c,2021,Ohio,MAC,Fr,19.3,48.1,22.6,0.5941,4.8,11.7,28.5,15.6,0.2,2.9,55.2,0.293,0.306,0.851,5.42136,4.66554,0.755814
5fa87c99-f715-5476-a238-5fef7df6ea4c,2022,Ohio,MAC,So,20.3,89.3,29.5,0.5802,6.0,13.9,25.0,17.8,0.4,2.6,44.1,0.41,0.301,0.882,3.6531,3.19099,0.462106
5fa87c99-f715-5476-a238-5fef7df6ea4c,2023,Alabama,SEC,Jr,21.3,73.0,19.7,0.5739,2.5,8.9,15.7,17.7,0.2,2.1,43.0,0.345,0.597,0.847,7.22728,4.29127,2.93601
5fa87c99-f715-5476-a238-5fef7df6ea4c,2024,Alabama,SEC,Sr,22.3,83.6,25.6,0.6579,2.8,10.2,21.2,15.5,0.3,2.6,46.6,0.436,0.44,0.857,8.32598,8.34704,-0.0210693
5fa87c99-f715-5476-a238-5fef7df6ea4c,2025,Alabama,SEC,Sr,23.3,80.1,26.7,0.5669,1.5,7.3,26.4,16.3,0.2,1.4,47.8,0.345,0.526,0.844,6.01442,6.10564,-0.0912166
5fade6d6-ef9e-5633-b157-743e4e17aafe,2023,Syracuse,ACC,Fr,19.6,45.3,13.4,0.6861,11.4,14.1,7.2,17.2,3.0,2.6,28.3,0.0,0.0,0.567,4.42565,3.18679,1.23886
5fade6d6-ef9e-5633-b157-743e4e17aafe,2024,Syracuse,ACC,So,20.6,75.2,14.0,0.7216,8.8,18.7,11.0,17.1,3.2,4.1,33.7,0.368,0.109,0.712,10.2124,4.95474,5.25769
5fade6d6-ef9e-5633-b157-743e4e17aafe,2025,Duke,ACC,Jr,21.6,26.3,12.3,0.6584,12.5,14.2,14.8,28.8,2.4,4.8,39.0,0.333,0.293,0.375,13.3177,5.59457,7.72315
5fade6d6-ef9e-5633-b157-743e4e17aafe,2026,Duke,ACC,Sr,22.6,50.6,14.5,0.6345000000000001,11.8,17.3,13.4,24.1,3.9,5.3,25.8,0.167,0.227,0.5,13.8643,4.66557,9.19874
5fc4c176-24a6-5a86-8a81-72db2d08af54,2010,Georgetown,BE,Fr,18.9,25.7,11.0,0.47700000000000004,7.7,12.5,5.5,35.6,3.1,1.2,63.6,0.167,0.182,0.667,0.24904,-1.29599,1.54503
5fc4c176-24a6-5a86-8a81-72db2d08af54,2011,Georgetown,BE,So,19.9,25.6,12.8,0.498,9.3,11.9,6.3,39.7,4.7,1.5,35.1,0.091,0.297,0.615,1.25044,-2.09777,3.3482
5fc4c176-24a6-5a86-8a81-72db2d08af54,2013,Towson,CAA,Jr,21.9,89.0,27.0,0.5855,10.4,23.9,16.5,23.9,5.5,1.1,57.9,0.408,0.14,0.649,5.24041,2.26284,2.97758
5fc4c176-24a6-5a86-8a81-72db2d08af54,2014,Towson,CAA,Sr,22.9,90.7,28.4,0.5966,7.3,24.4,22.6,20.0,3.4,1.2,70.4,0.318,0.107,0.717,5.22717,3.06185,2.16531
5fc86cec-0341-56d1-ab90-2642e234b35d,2009,Butler,Horz,Fr,19.5,82.9,19.2,0.6470999999999999,5.8,17.8,14.1,17.0,3.5,2.8,47.8,0.437,0.592,0.811,10.3109,5.75745,4.55344
5fc86cec-0341-56d1-ab90-2642e234b35d,2010,Butler,Horz,So,20.5,81.2,24.4,0.6013000000000001,7.6,23.4,12.1,17.5,2.8,2.0,57.9,0.294,0.429,0.829,8.5747,3.91709,4.65761
5fec745f-17b7-57ae-bbe8-8eea8b3539dc,2015,Oregon,P12,Fr,19.4,69.9,22.6,0.5466,7.4,11.6,11.9,18.5,2.1,1.0,31.9,0.35,0.252,0.822,2.33283,2.27309,0.0597408
5fec745f-17b7-57ae-bbe8-8eea8b3539dc,2016,Oregon,P12,So,20.4,82.3,25.9,0.5586,7.2,11.6,19.4,16.0,1.2,1.9,31.1,0.338,0.293,0.808,6.18534,5.36524,0.820102
5fec745f-17b7-57ae-bbe8-8eea8b3539dc,2017,Oregon,P12,Jr,21.4,56.9,30.1,0.5820000000000001,4.7,9.9,23.0,15.8,2.0,2.5,29.6,0.404,0.345,0.744,6.43595,5.44934,0.986617
601a4c8a-0138-5778-9e93-c23bf36c48fb,2022,Yale,Ivy,Fr,19.2,7.7,18.6,0.4943,2.5,8.2,4.5,3.3,1.3,0.6,8.3,0.333,0.5,1.0,-3.41762,-0.656257,-2.76136
601a4c8a-0138-5778-9e93-c23bf36c48fb,2023,Yale,Ivy,So,20.2,74.7,19.3,0.5514,2.1,10.2,9.3,9.4,1.8,1.2,22.3,0.391,0.571,0.81,2.6337,2.48294,0.150762
601a4c8a-0138-5778-9e93-c23bf36c48fb,2024,Yale,Ivy,Jr,21.2,78.3,19.9,0.5757,2.3,6.6,11.6,8.7,1.5,0.9,17.8,0.397,0.589,0.75,2.34416,3.43341,-1.08925
601a4c8a-0138-5778-9e93-c23bf36c48fb,2025,Yale,Ivy,Sr,22.2,72.2,23.6,0.5881000000000001,1.6,9.7,7.2,5.9,0.5,1.1,21.9,0.399,0.535,0.894,1.1981,3.94789,-2.7498
602e0586-6577-546d-a1b0-9d3047bba41d,2018,St. Bonaventure,A10,Fr,19.0,28.7,18.5,0.5384,2.4,9.7,14.9,11.0,1.6,2.0,33.1,0.415,0.449,0.538,0.69732,1.0647,-0.367376
602e0586-6577-546d-a1b0-9d3047bba41d,2020,Penn St.,B10,So,21.0,52.1,21.0,0.5119,4.2,9.3,10.3,16.9,0.6,2.3,35.1,0.267,0.213,0.703,1.73646,0.448829,1.28763
602e0586-6577-546d-a1b0-9d3047bba41d,2021,Penn St.,B10,Jr,22.0,73.6,22.6,0.5065,3.8,16.3,12.2,14.5,0.9,1.9,30.1,0.279,0.158,0.841,2.12459,0.9516,1.17299
602e0586-6577-546d-a1b0-9d3047bba41d,2022,Iowa St.,B12,Sr,23.0,85.7,26.0,0.5196999999999999,5.7,19.0,11.1,13.4,0.9,2.3,27.4,0.362,0.187,0.775,3.01104,0.595622,2.41541
604e20bb-4fe5-5c7e-b65d-7f89da331ccc,2020,Arizona,P12,Fr,19.6,71.7,20.5,0.5268999999999999,4.8,11.9,16.0,14.7,1.6,2.8,38.0,0.361,0.289,0.78,6.72755,2.95548,3.77207
605a791a-f7b9-5554-99c3-01fe9a36fba5,2011,Duquesne,A10,Fr,19.2,76.0,17.6,0.5757,2.7,11.3,26.6,18.2,0.5,5.1,23.2,0.387,0.359,0.683,6.22441,3.33488,2.88954
605a791a-f7b9-5554-99c3-01fe9a36fba5,2012,Duquesne,A10,So,20.3,85.1,18.6,0.6051,2.9,11.6,30.3,22.4,0.7,4.6,21.7,0.435,0.335,0.836,6.6893,4.1434,2.5459
605a791a-f7b9-5554-99c3-01fe9a36fba5,2014,Arizona,P12,Jr,22.3,79.5,17.1,0.5284,1.9,10.9,30.4,19.9,0.7,3.3,17.9,0.36,0.357,0.62,8.1136,3.58951,4.52409
605a791a-f7b9-5554-99c3-01fe9a36fba5,2015,Arizona,P12,Sr,23.2,75.9,20.7,0.5704,2.8,12.5,39.0,19.3,0.3,4.3,22.4,0.321,0.249,0.829,11.3911,6.53385,4.85721
607e4564-7537-5ae8-809f-7965e48f49bd,2013,St. John's,BE,Fr,20.3,77.9,27.2,0.4771,7.3,14.9,7.9,13.8,3.5,2.1,30.2,0.0,0.018,0.64,0.661913,-0.76802,1.42993
607e4564-7537-5ae8-809f-7965e48f49bd,2014,St. John's,BE,So,21.3,71.2,24.2,0.508,8.0,15.5,8.9,13.2,3.6,1.3,29.5,0.2,0.014,0.565,1.22044,-0.0749705,1.29541
609a9f7b-99c4-5f52-a27d-6670d3d2e53b,2014,Texas,B12,Fr,20.0,75.1,24.6,0.47850000000000004,1.0,10.6,26.3,18.3,0.3,2.0,54.9,0.263,0.052,0.748,1.23834,0.753949,0.484392
609a9f7b-99c4-5f52-a27d-6670d3d2e53b,2015,Texas,B12,So,21.0,55.1,26.9,0.4907,1.5,9.4,33.4,19.6,0.3,1.9,37.1,0.282,0.143,0.842,2.32552,1.98741,0.33811
609a9f7b-99c4-5f52-a27d-6670d3d2e53b,2016,Texas,B12,Jr,22.0,76.6,27.7,0.5263,1.5,9.0,35.4,12.9,0.7,1.7,51.6,0.306,0.163,0.811,5.76764,5.03182,0.735823
60ada237-58be-5ffa-ba3f-bdbba9020881,2024,Xavier,BE,Fr,18.9,40.5,13.2,0.523,5.5,11.8,11.1,16.2,3.8,3.0,28.8,0.154,0.234,0.813,5.32451,0.812146,4.51236
60ada237-58be-5ffa-ba3f-bdbba9020881,2025,Xavier,BE,So,19.9,70.7,19.8,0.6036,4.5,18.5,17.6,16.5,2.3,3.2,47.6,0.25,0.111,0.817,6.8022,2.36244,4.43975
60ada237-58be-5ffa-ba3f-bdbba9020881,2026,Texas,SEC,Jr,20.9,81.9,25.5,0.6328,6.2,20.7,21.3,18.4,1.0,2.8,51.6,0.348,0.24,0.813,9.43828,6.06748,3.3708
60f5f624-9d7a-5368-822d-7458b52f0b89,2010,Kansas,B12,Fr,19.5,68.3,21.7,0.591,5.2,11.5,9.8,18.2,1.8,3.1,32.5,0.418,0.466,0.783,8.11852,5.34565,2.77288
6120b2ee-49fb-5995-aa1c-45eeb356fac2,2017,UCLA,P12,Fr,20.2,72.8,21.5,0.6596,9.1,19.7,13.2,12.4,3.5,1.1,27.8,0.466,0.152,0.679,8.03448,5.79717,2.23731
61840fbe-4c6d-51f5-9525-663f78a24ee8,2009,Kentucky,SEC,So,20.4,21.8,22.1,0.5164,13.5,17.2,5.1,21.2,6.6,1.6,35.3,0.333,0.147,0.722,0.661312,-1.27091,1.93222
61840fbe-4c6d-51f5-9525-663f78a24ee8,2010,Kentucky,SEC,Jr,21.4,5.7,16.7,0.5195000000000001,11.8,20.7,0.0,23.0,8.0,1.3,7.7,0.5,0.154,1.0,-1.88549,-3.09368,1.20819
61840fbe-4c6d-51f5-9525-663f78a24ee8,2011,Kentucky,SEC,Sr,22.4,71.0,13.7,0.6159,15.2,18.9,5.1,11.3,5.2,2.0,26.9,0.2,0.048,0.589,10.3169,5.57533,4.74155
61875142-ad49-5ada-a03a-ed6698d66444,2017,Auburn,SEC,Fr,19.8,60.0,23.0,0.5378000000000001,1.4,7.2,23.0,14.6,0.3,2.5,54.1,0.344,0.581,0.705,2.98881,4.7563,-1.76749
61875142-ad49-5ada-a03a-ed6698d66444,2018,Auburn,SEC,So,20.8,76.2,22.6,0.5558,1.4,7.3,31.9,16.8,0.1,2.1,65.6,0.355,0.558,0.822,3.81897,4.83075,-1.01177
61875142-ad49-5ada-a03a-ed6698d66444,2019,Auburn,SEC,Jr,21.8,82.3,25.1,0.5600999999999999,1.0,8.1,32.6,16.9,0.2,2.0,39.9,0.369,0.576,0.828,5.29107,6.55093,-1.25986
6188a323-69fd-58ed-aca1-7af5a64a6c3b,2022,Cornell,Ivy,So,20.5,45.6,30.6,0.5313,6.2,15.5,19.3,21.2,2.1,5.2,36.6,0.326,0.222,0.648,1.82127,-0.533762,2.35503
6188a323-69fd-58ed-aca1-7af5a64a6c3b,2023,Cornell,Ivy,Jr,21.5,50.7,27.2,0.6124,6.2,14.2,20.8,22.0,2.8,6.3,45.1,0.294,0.176,0.747,4.92973,1.92125,3.00848
6188a323-69fd-58ed-aca1-7af5a64a6c3b,2024,Cornell,Ivy,Sr,22.5,55.0,27.8,0.617,6.2,14.8,25.9,19.3,2.7,5.5,32.8,0.338,0.279,0.713,8.27505,4.22003,4.05502
6188a323-69fd-58ed-aca1-7af5a64a6c3b,2025,Vanderbilt,SEC,Sr,23.5,45.3,17.7,0.622,8.8,15.0,12.3,15.1,6.4,5.3,61.5,0.235,0.252,0.783,12.4943,5.08458,7.40974
62249ded-1c27-5935-91f6-93624f3ea20c,2017,Gonzaga,WCC,Fr,19.6,43.1,24.8,0.7031999999999999,12.2,23.2,4.4,20.2,9.8,1.5,71.5,0.476,0.101,0.743,9.48817,2.58149,6.90668
623a02e0-c124-5168-8263-3ed22ef46e8c,2018,Virginia Tech,ACC,Fr,19.8,62.9,21.0,0.5753,3.6,14.0,10.6,16.8,2.5,1.9,22.8,0.392,0.536,0.73,4.37119,2.10543,2.26576
623a02e0-c124-5168-8263-3ed22ef46e8c,2019,Virginia Tech,ACC,So,20.8,82.8,26.4,0.5859000000000001,1.8,13.1,24.6,19.6,2.3,3.4,35.9,0.374,0.387,0.778,7.45051,3.80214,3.64837
62aaa68b-67ce-5db9-8520-cd36dc313234,2021,Marquette,BE,Fr,18.9,3.5,9.9,0.6704000000000001,6.4,11.4,9.9,31.1,2.8,1.5,25.0,0.0,0.0,0.0,2.98708,0.012841,2.97424
62aaa68b-67ce-5db9-8520-cd36dc313234,2022,Marquette,BE,Fr,19.9,45.3,13.6,0.6917,7.3,12.1,9.1,17.7,5.0,1.8,38.9,0.0,0.0,0.738,5.8677,2.14302,3.72468
62aaa68b-67ce-5db9-8520-cd36dc313234,2023,Marquette,BE,Jr,20.9,76.6,18.2,0.6495000000000001,7.2,15.8,19.1,16.5,5.5,1.7,26.2,0.0,0.0,0.541,9.5283,4.23112,5.29717
62aaa68b-67ce-5db9-8520-cd36dc313234,2024,Marquette,BE,Sr,21.9,78.8,21.9,0.59,9.4,15.3,16.1,14.4,4.7,1.9,42.9,0.0,0.006,0.623,8.40112,3.55613,4.84499
62b2193c-979e-57ab-9c9f-a353a864bb1f,2021,Wichita St.,Amer,Fr,19.9,36.5,24.4,0.4951,4.6,16.9,13.1,14.6,0.7,1.0,46.2,0.417,0.226,0.653,-0.567761,-0.190812,-0.376949
62b2193c-979e-57ab-9c9f-a353a864bb1f,2022,Wichita St.,Amer,So,20.9,65.6,24.4,0.5556,5.3,17.8,14.0,19.7,2.1,2.5,42.1,0.306,0.337,0.849,3.31379,1.2818,2.03199
62b2193c-979e-57ab-9c9f-a353a864bb1f,2023,Arkansas,SEC,Jr,21.9,85.0,23.9,0.5424,3.2,9.2,12.9,14.5,0.9,1.9,50.5,0.27,0.292,0.794,3.22082,2.77502,0.445803
62f46ffa-c9ee-5e0e-a424-48f1c2485e77,2020,Florida,SEC,Fr,19.4,40.9,19.8,0.446,1.9,10.9,7.5,19.1,0.4,2.0,18.1,0.275,0.5,0.655,-1.20373,-1.25086,0.0471312
62f46ffa-c9ee-5e0e-a424-48f1c2485e77,2021,Florida,SEC,So,20.4,76.2,25.9,0.5793,2.6,17.1,22.3,19.6,0.6,2.4,30.7,0.402,0.386,0.831,5.82762,4.25007,1.57755
6362e968-f855-58ea-87dc-201fd081c49f,2009,Boston College,ACC,Fr,19.2,49.9,19.4,0.5093,6.9,11.4,16.8,18.6,2.0,2.4,26.1,0.273,0.319,0.685,3.63581,2.65194,0.983872
6362e968-f855-58ea-87dc-201fd081c49f,2010,Boston College,ACC,So,20.2,75.3,26.2,0.5157,7.5,14.7,30.5,20.0,1.5,1.2,31.2,0.291,0.326,0.733,6.28002,5.13042,1.14961
6362e968-f855-58ea-87dc-201fd081c49f,2011,Boston College,ACC,Jr,21.2,85.4,27.2,0.6179,3.9,11.3,29.7,16.0,1.7,1.9,31.5,0.42,0.389,0.796,7.69947,7.55712,0.142343
639a4e15-d8a1-5663-a2f3-ee42f35624ee,2020,VCU,A10,Fr,19.8,51.3,21.0,0.5755,1.7,10.8,19.1,15.5,1.8,2.4,10.4,0.434,0.628,0.667,4.33198,3.50219,0.82979
639a4e15-d8a1-5663-a2f3-ee42f35624ee,2021,VCU,A10,So,20.8,73.3,28.7,0.596,0.6,15.7,15.1,19.2,0.6,3.3,32.1,0.371,0.547,0.862,4.99997,3.39026,1.60972
63cf9a99-8078-573f-921f-880c2ab54344,2015,Winthrop,BSth,Fr,19.8,65.1,18.1,0.5559000000000001,8.0,18.3,12.4,22.0,5.7,1.7,44.2,0.188,0.097,0.616,2.42328,-0.887426,3.3107
63cf9a99-8078-573f-921f-880c2ab54344,2016,Winthrop,BSth,So,20.9,70.0,25.2,0.6064,5.8,20.1,11.7,20.8,5.5,1.7,33.6,0.409,0.312,0.77,2.26495,0.281796,1.98316
63cf9a99-8078-573f-921f-880c2ab54344,2017,Winthrop,BSth,Jr,21.9,71.3,30.0,0.5609000000000001,6.4,27.8,22.4,18.5,6.0,1.6,39.5,0.35,0.27,0.682,5.42147,1.14114,4.28033
63cf9a99-8078-573f-921f-880c2ab54344,2018,Winthrop,BSth,Sr,22.9,73.5,31.8,0.5571,7.9,23.7,24.3,20.4,7.8,1.7,41.8,0.317,0.179,0.68,4.14222,-0.0394939,4.18171
640c31a9-0cc9-5cf9-9542-8f6bf4ff1c48,2020,Arizona,P12,Fr,19.3,80.2,24.8,0.5207,0.9,7.8,31.5,18.2,0.0,2.1,36.1,0.327,0.44,0.797,3.605,3.30238,0.302619
6410a1af-457a-5d71-aeab-8f3768b9f66a,2019,Arizona St.,P12,Fr,20.2,77.8,27.1,0.5177,4.5,10.0,15.0,18.7,0.8,2.7,48.1,0.307,0.409,0.7,2.59491,1.73007,0.864837
64298923-d141-5c2a-b8b1-9fdcf3da88f5,2014,UNLV,MWC,Fr,18.7,29.3,18.5,0.5051,7.3,18.6,5.1,13.2,6.8,1.5,29.9,0.22,0.427,0.8,3.20416,-0.256274,3.46044
64298923-d141-5c2a-b8b1-9fdcf3da88f5,2015,UNLV,MWC,So,19.7,81.5,26.5,0.5656,10.4,22.7,8.5,17.2,8.0,0.6,42.5,0.284,0.24,0.731,4.03771,1.42322,2.61449
6438524d-9ba8-5d29-93a4-db179eddd1ee,2011,Connecticut,BE,Fr,19.9,58.4,20.9,0.507,3.0,7.8,24.1,22.6,0.5,4.2,35.6,0.326,0.522,0.771,5.88138,3.54453,2.33686
6438524d-9ba8-5d29-93a4-db179eddd1ee,2012,Connecticut,BE,So,21.0,86.6,23.6,0.5246,2.3,8.5,32.6,20.7,0.8,2.9,42.3,0.355,0.474,0.743,5.34546,4.79582,0.549641
6438524d-9ba8-5d29-93a4-db179eddd1ee,2013,Connecticut,BE,Jr,21.9,83.8,24.2,0.5984,1.7,11.6,27.9,16.3,0.3,3.3,43.5,0.398,0.517,0.819,8.29791,6.82994,1.46797
6438524d-9ba8-5d29-93a4-db179eddd1ee,2014,Connecticut,Amer,Sr,22.9,87.2,28.1,0.5911,3.4,15.0,30.8,17.7,1.0,3.2,48.0,0.405,0.433,0.87,10.5991,6.85075,3.74832
646e4917-6b8b-56c6-a4ce-9639ebf50ed3,2011,Syracuse,BE,Fr,21.0,23.0,15.1,0.584,8.1,13.8,4.5,30.4,9.1,1.9,41.8,0.0,0.0,0.391,3.54488,-1.81744,5.36231
646e4917-6b8b-56c6-a4ce-9639ebf50ed3,2012,Syracuse,BE,So,22.0,51.4,17.1,0.5806,12.3,13.5,5.0,20.0,13.0,1.2,34.7,0.0,0.0,0.633,8.81108,1.64884,7.16225
64945eb2-bd7f-58d7-be55-4234620408bf,2013,Oklahoma,B12,Fr,19.3,39.4,16.4,0.35409999999999997,1.3,12.5,17.5,29.3,0.4,2.7,17.1,0.25,0.36,0.684,-0.71823,-2.58672,1.86849
64945eb2-bd7f-58d7-be55-4234620408bf,2014,Oklahoma,B12,So,20.3,73.0,18.6,0.5564,5.7,10.0,13.0,16.2,1.2,2.3,34.5,0.404,0.335,0.804,5.83462,3.75211,2.08251
64945eb2-bd7f-58d7-be55-4234620408bf,2015,Oklahoma,B12,Jr,21.3,76.5,21.1,0.5274,3.5,12.2,14.6,18.7,1.3,2.4,20.1,0.45,0.395,0.648,5.47772,2.41179,3.06593
64945eb2-bd7f-58d7-be55-4234620408bf,2016,Oklahoma,B12,Sr,22.3,82.4,22.1,0.5064,2.1,11.9,25.1,18.2,0.8,2.3,23.3,0.411,0.38,0.67,5.18893,3.11384,2.07508
650c4309-4425-5fb9-a87c-993a226b9621,2025,Texas Tech,B12,Fr,19.2,71.1,16.1,0.5932999999999999,2.1,9.3,12.1,12.6,0.3,2.3,29.5,0.38,0.68,0.802,7.25932,5.22676,2.03256
650c4309-4425-5fb9-a87c-993a226b9621,2026,Texas Tech,B12,So,20.2,92.7,25.2,0.626,1.8,8.5,35.2,20.2,0.7,2.2,27.3,0.415,0.602,0.805,8.1787,7.23449,0.944214
65aad87e-971a-578a-88b4-1a34dff20d3b,2016,Kansas,B12,Fr,19.8,13.5,21.3,0.5718,10.4,27.2,0.9,22.7,11.9,2.0,46.6,0.0,0.0,0.556,3.35011,-2.91771,6.26782
65f34831-ea58-57c6-b4d2-87c2a782eb40,2019,San Diego St.,MWC,Fr,21.2,47.2,15.6,0.578,14.5,18.4,6.4,12.0,7.4,0.7,48.4,0.0,0.0,0.71,4.45602,0.359884,4.09613
65f34831-ea58-57c6-b4d2-87c2a782eb40,2020,San Diego St.,MWC,So,22.2,19.7,18.0,0.611,13.3,27.6,3.1,16.6,10.7,2.0,40.4,0.0,0.0,0.652,6.77696,0.0310249,6.74593
65f34831-ea58-57c6-b4d2-87c2a782eb40,2021,San Diego St.,MWC,Jr,23.2,53.6,19.8,0.5909,11.0,22.4,5.6,16.7,9.3,1.7,55.5,0.0,0.021,0.593,6.96682,0.511451,6.45537
65f34831-ea58-57c6-b4d2-87c2a782eb40,2022,San Diego St.,MWC,Sr,24.2,61.2,18.4,0.4964,11.6,21.4,5.4,16.8,11.0,2.0,39.3,0.25,0.021,0.533,7.15564,-1.3916,8.54725
65f34831-ea58-57c6-b4d2-87c2a782eb40,2023,San Diego St.,MWC,Sr,25.2,52.3,16.8,0.5576,12.1,21.7,5.1,17.8,9.8,1.9,55.8,0.5,0.012,0.648,8.65137,0.313093,8.33827
6600ece5-1bc2-5689-b6e0-a3b632093410,2016,Mississippi St.,SEC,Fr,19.3,64.5,21.8,0.5209,1.1,9.9,14.4,17.5,0.3,0.8,23.6,0.379,0.567,0.687,-0.788348,0.678246,-1.46659
6600ece5-1bc2-5689-b6e0-a3b632093410,2018,Kansas,B12,So,21.3,78.8,19.7,0.6054999999999999,2.0,15.3,11.2,13.4,0.5,1.9,28.6,0.415,0.51,0.835,6.19458,4.78302,1.41156
660e0646-6617-5673-aa6f-98cf3b7b1155,2023,Tarleton St.,WAC,Fr,19.1,1.8,29.4,0.33520000000000005,11.0,12.1,0.0,0.0,0.0,0.0,25.0,0.0,0.417,0.333,-16.2776,-5.29669,-10.9809
660e0646-6617-5673-aa6f-98cf3b7b1155,2025,St. Bonaventure,A10,Fr,21.1,83.3,16.1,0.5771000000000001,4.8,16.3,3.4,12.1,3.5,2.8,30.9,0.379,0.461,0.807,3.68739,0.549693,3.1377
660e0646-6617-5673-aa6f-98cf3b7b1155,2026,Florida St.,ACC,Sr,22.1,73.7,19.3,0.5556,5.1,16.3,7.0,10.1,4.0,2.3,36.8,0.325,0.526,0.763,5.10566,2.63461,2.47106
6616264b-32d8-51e0-a3c9-65d859b2cb48,2013,Oregon,P12,Fr,19.1,68.5,19.7,0.5226,3.7,11.1,6.8,14.5,0.5,1.9,17.5,0.329,0.385,0.723,2.77274,1.58427,1.18847
6616264b-32d8-51e0-a3c9-65d859b2cb48,2014,Oregon,P12,So,20.1,56.8,19.9,0.5246999999999999,3.7,12.4,9.7,13.9,0.7,1.2,24.9,0.313,0.313,0.803,1.2753,1.43004,-0.154741
6616264b-32d8-51e0-a3c9-65d859b2cb48,2016,Houston,Amer,Jr,22.1,75.9,18.9,0.6261,7.1,17.2,7.7,10.5,0.7,1.3,20.4,0.367,0.522,0.833,5.72465,6.41216,-0.687516
6616264b-32d8-51e0-a3c9-65d859b2cb48,2017,Houston,Amer,Sr,23.1,85.4,21.2,0.6108,5.0,18.2,6.9,8.6,0.6,1.6,12.3,0.443,0.567,0.83,6.53264,5.98181,0.550831
6626afc9-9364-5679-baa7-042f4bfd5a93,2015,Duke,ACC,Fr,19.7,20.5,21.8,0.5832,3.5,8.9,7.8,12.9,1.5,1.9,50.0,0.346,0.491,0.849,4.58811,4.30955,0.278568
6626afc9-9364-5679-baa7-042f4bfd5a93,2016,Duke,ACC,So,20.7,90.8,25.9,0.6156,2.1,11.6,19.4,12.3,0.3,2.1,49.1,0.417,0.421,0.837,7.44075,7.27997,0.160783
6626afc9-9364-5679-baa7-042f4bfd5a93,2017,Duke,ACC,Jr,21.7,68.0,25.0,0.5688,2.7,11.3,21.5,16.9,0.2,1.5,44.5,0.365,0.622,0.811,5.61076,5.84659,-0.235837
6626afc9-9364-5679-baa7-042f4bfd5a93,2018,Duke,ACC,Sr,22.7,88.3,20.3,0.5797,1.8,8.0,21.2,16.7,0.2,2.8,29.3,0.37,0.637,0.85,7.90208,6.2146,1.68748
6661aaa9-0b6d-595b-9531-cf2b6794a4da,2014,UCLA,P12,Fr,19.3,60.7,19.0,0.5448,2.4,9.5,12.6,13.9,0.8,2.1,23.6,0.375,0.444,0.691,2.70159,2.44189,0.259698
66712837-f758-530d-9ae6-cfcb42aacc86,2010,UCLA,P10,Fr,19.9,55.3,19.0,0.5504,9.5,19.9,19.2,28.1,4.8,3.3,46.8,0.345,0.209,0.6,6.7272,1.54053,5.18667
66712837-f758-530d-9ae6-cfcb42aacc86,2011,UCLA,P10,So,20.9,83.9,21.7,0.5193,5.3,17.8,16.8,23.6,5.6,1.5,29.9,0.362,0.428,0.736,6.52122,1.46451,5.05671
66ba287e-16ec-577c-81f7-dee905fa4a6d,2021,Kennesaw St.,ASun,Fr,19.4,84.2,19.4,0.4918,1.1,11.6,11.2,15.1,1.8,1.2,17.7,0.314,0.535,0.825,-1.2939,-0.907849,-0.386052
66ba287e-16ec-577c-81f7-dee905fa4a6d,2022,Kennesaw St.,ASun,So,20.4,75.1,19.7,0.5999,6.5,13.9,6.0,13.2,1.8,1.4,18.9,0.4,0.537,0.804,1.47618,3.18448,-1.7083
66ba287e-16ec-577c-81f7-dee905fa4a6d,2023,Kennesaw St.,ASun,Jr,21.4,79.3,20.5,0.5985,4.8,11.5,11.7,12.1,1.4,1.7,32.4,0.402,0.538,0.815,4.36732,3.93121,0.436107
66ba287e-16ec-577c-81f7-dee905fa4a6d,2024,South Florida,Amer,Sr,22.4,75.1,22.6,0.6077,3.3,5.8,14.9,11.9,2.1,1.1,40.1,0.416,0.476,0.829,3.14552,3.79794,-0.652425
66ba287e-16ec-577c-81f7-dee905fa4a6d,2025,Alabama,SEC,Sr,23.4,47.6,15.7,0.608,3.9,5.4,5.6,14.2,0.9,1.4,21.4,0.388,0.707,0.804,6.6644,5.27526,1.38914
672b3582-3022-52c8-9398-83e15a83527c,2008,Arizona St.,P10,Jr,21.5,69.8,23.1,0.644,10.9,18.6,7.6,19.5,7.9,1.0,56.2,0.0,0.004,0.793,5.0899,0.975216,4.11468
672b3582-3022-52c8-9398-83e15a83527c,2009,Arizona St.,P10,Sr,22.5,80.2,20.2,0.6899,11.0,21.9,6.7,12.3,3.3,1.0,48.3,0.0,0.003,0.779,7.45978,4.83715,2.62263
6751a0c0-65c6-561d-97ba-45a2c7036ee2,2008,Cleveland St.,Horz,Jr,21.5,79.0,28.9,0.5324,2.5,16.7,35.5,25.7,1.2,4.8,57.1,0.378,0.335,0.688,6.79866,2.46107,4.33759
6751a0c0-65c6-561d-97ba-45a2c7036ee2,2009,Cleveland St.,Horz,Sr,22.5,85.3,25.2,0.4732,4.2,16.4,33.3,25.6,0.7,5.6,46.2,0.295,0.317,0.634,6.69564,1.54965,5.14599
67595f2b-58fb-509e-8054-8de846189500,2024,Auburn,SEC,Jr,22.0,38.4,16.3,0.5665,7.2,17.0,8.3,20.6,3.1,1.7,30.5,0.273,0.258,0.744,4.04538,0.742024,3.30335
67595f2b-58fb-509e-8054-8de846189500,2025,Auburn,SEC,Sr,23.0,58.5,17.8,0.6145,7.9,15.7,9.9,14.6,4.0,1.8,28.7,0.294,0.206,0.704,8.62467,4.35253,4.27214
675d95a8-76b0-59be-bd8c-af167546c9c5,2020,Syracuse,ACC,Fr,20.3,11.3,13.4,0.757,8.5,17.8,0.0,17.9,9.1,1.6,79.2,0.0,0.0,0.632,1.80406,0.234427,1.56963
675d95a8-76b0-59be-bd8c-af167546c9c5,2021,Syracuse,ACC,So,21.3,14.2,12.9,0.5207,11.4,20.5,0.0,16.9,5.9,2.2,53.8,0.0,0.0,0.714,-2.34123,-2.47866,0.137425
675d95a8-76b0-59be-bd8c-af167546c9c5,2022,Syracuse,ACC,Jr,22.3,49.7,18.8,0.677,10.1,15.8,7.3,13.9,12.4,2.4,61.8,0.0,0.0,0.598,11.862,4.64391,7.21813
675d95a8-76b0-59be-bd8c-af167546c9c5,2023,Syracuse,ACC,Sr,23.3,80.8,21.8,0.6248,11.6,23.8,9.2,16.5,10.3,2.4,46.1,1.0,0.003,0.729,7.76844,2.44119,5.32725
675d95a8-76b0-59be-bd8c-af167546c9c5,2024,West Virginia,B12,Sr,24.3,50.5,26.5,0.5972,13.2,19.6,11.0,14.5,6.9,1.3,70.5,0.0,0.018,0.523,6.7679,3.4893,3.2786
677191c8-8157-51d6-905f-a9ec6d0e8b32,2019,Little Rock,SB,Fr,19.5,59.6,22.9,0.5097999999999999,1.6,9.8,24.9,26.3,0.0,2.3,21.7,0.36,0.512,0.809,-2.7829,-1.58299,-1.19991
677191c8-8157-51d6-905f-a9ec6d0e8b32,2020,Little Rock,SB,So,20.5,75.1,27.1,0.5861,1.1,8.7,31.7,23.2,0.3,3.6,32.3,0.395,0.557,0.873,2.70328,3.92285,-1.21957
677191c8-8157-51d6-905f-a9ec6d0e8b32,2021,Little Rock,SB,Jr,21.5,42.7,31.7,0.495,4.4,11.1,39.6,25.4,0.0,4.1,35.9,0.326,0.541,0.902,0.433636,1.37401,-0.940372
677191c8-8157-51d6-905f-a9ec6d0e8b32,2022,Kansas St.,B12,Jr,22.5,65.7,26.3,0.5092,1.5,11.9,35.9,18.9,0.1,4.3,28.3,0.307,0.483,0.829,6.57248,4.56019,2.01229
677191c8-8157-51d6-905f-a9ec6d0e8b32,2023,Kansas St.,B12,Sr,23.5,90.7,27.6,0.5604,1.2,9.7,42.9,20.4,0.2,3.9,44.6,0.355,0.532,0.889,7.9426,6.18751,1.75509
67abc99e-c414-5ef1-b55a-a26f0bca8136,2020,Rhode Island,A10,Fr,20.1,45.7,14.5,0.5054,7.8,14.6,5.0,11.7,2.3,1.1,34.9,0.245,0.411,0.644,1.28828,0.260736,1.02754
67abc99e-c414-5ef1-b55a-a26f0bca8136,2021,Kentucky,SEC,So,21.1,41.6,16.0,0.5233,5.8,16.2,7.6,17.0,1.4,1.5,41.4,0.308,0.131,0.78,1.82582,0.469863,1.35596
67abc99e-c414-5ef1-b55a-a26f0bca8136,2022,Kentucky,SEC,Jr,22.1,37.4,15.8,0.6034,6.6,13.9,10.1,12.2,3.3,1.1,37.3,0.4,0.079,0.745,6.68544,4.22323,2.46221
67abc99e-c414-5ef1-b55a-a26f0bca8136,2023,Kentucky,SEC,Jr,23.1,75.9,20.8,0.5181,6.9,18.3,13.5,13.6,1.7,0.9,33.1,0.305,0.173,0.664,4.18345,2.61726,1.5662
67e3c6ed-613f-5790-94c9-2ba990890023,2018,Dayton,A10,Fr,20.6,34.8,20.8,0.5746,7.3,16.8,5.9,25.6,8.3,1.0,63.4,0.133,0.149,0.516,-1.4174,-3.80003,2.38263
67f2b2ef-df2e-553d-bf11-a6e358084672,2008,Kansas St.,B12,Fr,19.5,78.4,33.3,0.6083,13.0,30.0,8.7,15.3,5.6,2.3,48.7,0.38,0.165,0.776,9.78775,6.37971,3.40804
680c72ef-2e5c-5e57-b968-b405c594b326,2010,New Mexico,MWC,Jr,21.5,83.3,27.7,0.5201,7.0,24.6,29.3,18.7,1.6,2.2,45.3,0.361,0.246,0.653,7.57519,4.37468,3.20051
687f8ee8-252f-51d7-b7bd-3da82b0aa2f1,2013,Oklahoma St.,B12,Fr,19.3,82.2,28.1,0.5324,5.4,14.2,26.8,21.1,2.2,5.3,57.5,0.29,0.35,0.777,10.564,4.56643,5.99755
687f8ee8-252f-51d7-b7bd-3da82b0aa2f1,2014,Oklahoma St.,B12,So,20.3,72.9,29.9,0.5518,5.1,14.9,30.1,15.4,1.9,5.0,64.8,0.299,0.425,0.728,11.9146,7.04889,4.86573
68a330d3-00f9-562b-ad9e-68d8c8e9c93a,2008,USC,P10,So,20.5,79.3,19.9,0.5893999999999999,10.3,18.3,8.4,23.3,8.4,1.3,55.9,0.0,0.0,0.594,8.02424,1.22223,6.80201
68a330d3-00f9-562b-ad9e-68d8c8e9c93a,2009,USC,P10,Jr,21.5,83.6,21.5,0.6212,13.4,19.0,8.2,17.4,9.5,1.8,57.6,0.0,0.0,0.659,11.3356,4.38556,6.95008
68b3b74c-39f6-50ae-bead-b80eedfa623c,2010,Oregon St.,P10,Fr,19.1,47.7,22.0,0.5979,5.2,8.0,11.4,34.9,0.6,4.4,65.4,0.333,0.165,0.747,0.683019,-2.14398,2.827
68b3b74c-39f6-50ae-bead-b80eedfa623c,2011,Oregon St.,P10,So,20.1,70.7,24.4,0.5783,4.1,8.3,15.6,19.6,0.9,5.5,79.5,0.36,0.28,0.779,5.39275,3.48987,1.90287
68b3b74c-39f6-50ae-bead-b80eedfa623c,2012,Oregon St.,P12,Jr,21.1,85.9,25.3,0.5628,3.5,9.6,15.7,18.3,1.3,4.1,60.7,0.336,0.337,0.734,4.05939,3.46358,0.595804
68c51b5e-1b88-5e22-b35f-c03034d620d5,2023,Yale,Ivy,Fr,19.1,11.6,23.3,0.4471,13.7,20.0,13.9,19.4,7.6,2.3,14.0,0.316,0.442,0.5,3.88237,-0.801648,4.68401
68c51b5e-1b88-5e22-b35f-c03034d620d5,2024,Yale,Ivy,So,20.1,75.6,26.3,0.5357,7.2,29.1,15.4,16.7,5.4,1.9,25.3,0.349,0.231,0.714,4.5201,0.114287,4.40581
68c51b5e-1b88-5e22-b35f-c03034d620d5,2025,Michigan,B10,Jr,21.1,75.7,25.2,0.5593,9.1,25.0,22.8,23.9,4.6,1.3,35.6,0.336,0.302,0.594,8.66077,2.16026,6.50051
68e7025a-bcc7-5ab4-98d6-5f3e113074e6,2011,Oregon St.,P10,Fr,19.5,1.0,22.2,0.226,37.0,10.1,16.3,0.0,31.1,9.5,100.0,0.0,0.0,0.0,26.7316,3.81202,22.9195
68e7025a-bcc7-5ab4-98d6-5f3e113074e6,2012,Oregon St.,P12,Fr,20.5,50.1,16.7,0.5205,12.1,26.8,9.8,23.7,9.6,2.1,83.1,0.333,0.024,0.476,4.95908,-0.724779,5.68386
68e7025a-bcc7-5ab4-98d6-5f3e113074e6,2013,Oregon St.,P12,So,21.5,69.2,17.3,0.5912,10.7,27.5,9.8,23.9,8.1,1.8,54.1,0.316,0.104,0.566,7.16988,1.69776,5.47213
68e7025a-bcc7-5ab4-98d6-5f3e113074e6,2014,Oregon St.,P12,Jr,22.5,45.4,19.4,0.5283,10.0,30.0,9.1,22.8,6.5,1.3,62.3,0.5,0.015,0.556,3.01157,-0.848751,3.86032
68e77e64-1ce8-52cb-b258-c16a9f360ccc,2008,West Virginia,BE,So,20.5,75.4,21.4,0.5533,8.5,14.7,11.7,13.7,0.5,1.4,30.5,0.37,0.251,0.634,4.25337,3.84621,0.407156
68e77e64-1ce8-52cb-b258-c16a9f360ccc,2009,West Virginia,BE,Jr,21.5,82.6,25.9,0.5307,7.1,13.5,11.5,16.3,1.0,2.4,30.4,0.35,0.358,0.76,5.96105,4.31654,1.64451
68e77e64-1ce8-52cb-b258-c16a9f360ccc,2010,West Virginia,BE,Sr,22.5,87.9,23.9,0.5412,5.0,15.4,19.2,13.0,1.3,1.7,42.3,0.354,0.394,0.789,8.37694,6.19448,2.18245
690cd31a-af75-52bd-8371-48f2f310e6c4,2008,Oregon,P10,Sr,22.5,75.4,23.3,0.6304,5.8,12.6,14.0,14.3,2.9,1.2,41.2,0.433,0.358,0.732,7.26174,6.61217,0.649574
690e2a21-d009-5219-9d0e-e39ff90876da,2020,Memphis,Amer,Fr,19.9,51.1,16.6,0.47950000000000004,4.5,13.1,24.8,33.9,1.5,3.0,38.4,0.294,0.152,0.558,1.85968,-2.24697,4.10665
690e2a21-d009-5219-9d0e-e39ff90876da,2021,Memphis,Amer,So,20.9,45.4,12.9,0.47590000000000005,2.8,11.8,16.6,30.4,1.6,2.7,26.8,0.263,0.232,0.682,2.12193,-1.8825,4.00443
690e2a21-d009-5219-9d0e-e39ff90876da,2022,TCU,B12,Jr,21.9,70.4,23.3,0.49520000000000003,1.8,14.5,28.6,27.2,0.7,2.5,32.2,0.27,0.346,0.656,3.05768,0.583602,2.47407
690e2a21-d009-5219-9d0e-e39ff90876da,2023,TCU,B12,Sr,22.9,72.1,21.8,0.5213,2.1,13.3,29.7,21.0,0.8,2.8,39.3,0.33,0.298,0.707,4.53055,2.25658,2.27397
69302304-9414-574e-9772-275f3c606488,2014,Syracuse,ACC,Fr,18.5,4.0,24.9,0.2917,6.4,13.6,7.4,19.2,7.5,1.2,0.0,0.125,0.667,0.0,-4.61514,-6.11003,1.49489
69302304-9414-574e-9772-275f3c606488,2015,Syracuse,ACC,So,19.5,29.3,19.1,0.40990000000000004,8.3,16.3,6.4,14.6,1.6,2.3,21.7,0.262,0.53,0.72,-0.275315,-1.16452,0.889207
69302304-9414-574e-9772-275f3c606488,2017,La Salle,A10,Jr,21.5,77.5,25.9,0.5841,5.2,18.6,6.6,16.1,1.7,2.0,34.8,0.362,0.473,0.838,0.624531,1.75384,-1.12931
69302304-9414-574e-9772-275f3c606488,2018,La Salle,A10,Sr,22.5,72.2,29.4,0.5567,6.9,20.9,4.8,14.2,2.1,2.1,33.3,0.359,0.301,0.869,0.194062,0.459919,-0.265857
695c3caf-baa8-50c5-8eae-7be9797e6b16,2024,USC,P12,Fr,19.7,36.3,16.5,0.4721,1.7,15.1,19.3,19.4,1.1,2.2,30.4,0.267,0.536,0.676,0.460397,-0.504314,0.964712
6963f9ed-f5d7-50d1-aa69-0d8641047c1c,2018,Villanova,BE,Fr,19.0,28.5,13.1,0.634,1.1,9.2,11.1,13.3,0.5,2.4,32.3,0.394,0.763,0.8,6.8335,4.94045,1.89305
6963f9ed-f5d7-50d1-aa69-0d8641047c1c,2019,Villanova,BE,So,20.0,70.9,19.0,0.5879,1.4,8.2,18.9,16.2,0.2,2.3,33.3,0.379,0.699,0.839,3.64494,3.68892,-0.0439819
6963f9ed-f5d7-50d1-aa69-0d8641047c1c,2020,Villanova,BE,Jr,21.0,85.0,24.4,0.5406,0.7,11.4,26.4,13.8,0.2,2.1,28.5,0.357,0.513,0.817,5.64052,4.65727,0.983252
6963f9ed-f5d7-50d1-aa69-0d8641047c1c,2021,Villanova,BE,Sr,22.0,66.4,22.4,0.5760000000000001,2.2,9.7,26.6,13.1,0.0,1.7,34.6,0.376,0.524,0.833,6.11363,6.20231,-0.0886802
6963f9ed-f5d7-50d1-aa69-0d8641047c1c,2022,Villanova,BE,Sr,23.0,85.4,22.4,0.6085,1.5,11.6,20.2,13.7,0.0,1.9,26.8,0.415,0.628,0.905,7.76048,6.69312,1.06736
6973c467-b496-5183-87a9-31315cb7feb7,2020,Loyola MD,Pat,Fr,20.2,49.5,15.4,0.637,2.3,11.2,21.8,10.6,0.2,0.6,21.0,0.44,0.58,0.848,-0.222462,3.3592,-3.58166
6973c467-b496-5183-87a9-31315cb7feb7,2021,Loyola MD,Pat,So,21.2,18.0,22.6,0.5522,1.8,18.4,22.7,22.0,0.9,2.3,32.5,0.467,0.375,0.769,-0.324303,-0.498137,0.173834
6973c467-b496-5183-87a9-31315cb7feb7,2022,Loyola MD,Pat,Jr,22.2,92.1,24.3,0.5744,1.8,14.4,19.4,8.7,0.8,3.6,24.6,0.358,0.376,0.858,3.22653,3.19011,0.0364199
6973c467-b496-5183-87a9-31315cb7feb7,2023,Rutgers,B10,Sr,23.2,78.2,19.7,0.5920000000000001,2.6,11.3,19.9,13.1,0.5,4.0,25.1,0.434,0.491,0.894,8.26776,4.89251,3.37525
6973c467-b496-5183-87a9-31315cb7feb7,2024,Connecticut,BE,Sr,24.2,82.0,18.5,0.6399,4.0,12.5,18.9,10.0,0.8,2.7,22.2,0.44,0.556,0.911,11.5897,8.35945,3.23024
6985e7f4-ea18-5dab-854a-b575573f97c8,2014,LSU,SEC,Fr,19.7,29.5,19.1,0.34380000000000005,4.8,11.2,20.2,25.5,1.9,3.4,29.2,0.208,0.453,0.548,-0.591801,-2.36276,1.77096
6985e7f4-ea18-5dab-854a-b575573f97c8,2015,LSU,SEC,So,20.7,82.1,19.9,0.5385,5.2,11.3,21.9,20.8,1.6,2.4,42.3,0.313,0.437,0.718,5.64561,3.3772,2.26842
6985e7f4-ea18-5dab-854a-b575573f97c8,2016,LSU,SEC,Jr,21.7,71.6,20.7,0.53,5.9,11.5,22.3,14.6,1.4,1.8,46.8,0.343,0.493,0.632,4.66757,4.22785,0.439722
69e1b37c-2f95-586a-99ce-9228eb8a7923,2011,San Diego St.,MWC,Fr,19.9,10.9,22.4,0.5496,10.1,17.8,12.4,25.6,2.7,1.6,35.7,0.333,0.5,0.6,3.41781,1.07866,2.33916
69e1b37c-2f95-586a-99ce-9228eb8a7923,2012,San Diego St.,MWC,So,20.9,70.0,30.9,0.5619,7.0,23.1,10.2,19.6,2.1,1.5,52.0,0.315,0.385,0.803,2.98002,1.67287,1.30714
69e1b37c-2f95-586a-99ce-9228eb8a7923,2013,San Diego St.,MWC,Jr,21.9,82.6,29.8,0.5341,5.6,26.3,21.7,20.7,2.3,3.0,55.6,0.279,0.373,0.79,8.0996,3.04058,5.05903
6a01e5da-4133-507f-b848-43760dbe711d,2012,Houston,CUSA,Fr,20.0,74.5,19.4,0.5259,2.7,10.4,14.8,18.3,0.7,1.8,16.8,0.372,0.489,0.83,0.803856,2.18788,-1.38402
6a01e5da-4133-507f-b848-43760dbe711d,2013,Houston,CUSA,So,21.0,78.3,22.7,0.6015999999999999,1.9,9.5,14.7,10.0,0.0,0.9,40.3,0.418,0.39,0.873,1.48552,5.13566,-3.65013
6a01e5da-4133-507f-b848-43760dbe711d,2014,Oregon,P12,Jr,22.0,76.5,24.1,0.6272,3.1,7.8,13.1,8.8,0.1,2.4,41.0,0.415,0.427,0.881,7.19405,7.62179,-0.427737
6a01e5da-4133-507f-b848-43760dbe711d,2015,Oregon,P12,Sr,23.0,91.1,27.6,0.5689,1.7,11.4,21.0,14.3,0.1,1.8,23.2,0.364,0.436,0.932,4.9575,5.91479,-0.957292
6a0a2c23-f2a7-5f97-a8b3-95f393bfb1c3,2021,Texas Tech,B12,Fr,19.9,50.3,19.2,0.4631,11.2,7.0,13.5,17.5,1.3,1.7,23.9,0.0,0.019,0.474,2.38725,0.91781,1.46944
6a0a2c23-f2a7-5f97-a8b3-95f393bfb1c3,2022,TCU,B12,So,20.9,52.3,19.2,0.4771,8.3,13.7,9.8,24.2,2.7,1.7,33.7,0.167,0.16,0.571,2.04101,-0.858058,2.89907
6a0a2c23-f2a7-5f97-a8b3-95f393bfb1c3,2023,TCU,B12,Jr,21.9,45.1,20.0,0.4468,7.1,9.8,10.4,14.3,3.7,2.7,28.5,0.267,0.29,0.644,3.05177,0.146837,2.90493
6a0a2c23-f2a7-5f97-a8b3-95f393bfb1c3,2024,TCU,B12,Sr,22.9,72.0,20.1,0.5154,6.3,13.5,16.3,16.7,0.9,2.6,26.2,0.31,0.271,0.607,3.93095,2.07849,1.85246
6a0a2c23-f2a7-5f97-a8b3-95f393bfb1c3,2025,Georgetown,BE,Sr,23.9,87.1,24.5,0.552,5.0,13.2,19.9,16.8,1.6,3.7,20.0,0.4,0.286,0.659,5.16434,2.42109,2.74324
6a32545c-d89c-5acd-aea9-602f8405b053,2017,Gonzaga,WCC,Fr,19.3,26.0,16.6,0.6195,7.9,19.0,8.3,17.4,2.4,3.3,50.0,0.478,0.256,0.778,8.94879,2.97843,5.97035
6a32545c-d89c-5acd-aea9-602f8405b053,2018,Gonzaga,WCC,So,20.3,62.9,20.9,0.6688,7.8,17.3,11.4,16.5,4.2,1.8,24.0,0.479,0.301,0.773,9.14361,4.84531,4.2983
6a32545c-d89c-5acd-aea9-602f8405b053,2019,Gonzaga,WCC,Jr,21.3,16.8,17.3,0.6067,6.1,18.6,13.5,14.3,4.0,2.3,20.0,0.438,0.457,0.643,9.41556,4.57867,4.83689
6a32545c-d89c-5acd-aea9-602f8405b053,2020,Gonzaga,WCC,Sr,22.3,44.6,21.6,0.6302,5.9,16.6,13.1,10.3,3.4,2.2,27.0,0.4,0.391,0.726,9.53443,6.87657,2.65787
6a51cbab-5843-5dbf-896b-93e223b1e2be,2019,Rice,CUSA,Fr,19.6,47.2,16.4,0.46990000000000004,3.4,15.1,14.8,19.4,0.4,1.2,29.7,0.293,0.543,0.78,-3.52937,-1.69611,-1.83327
6a51cbab-5843-5dbf-896b-93e223b1e2be,2020,Rice,CUSA,So,20.6,81.6,21.4,0.541,5.5,16.8,21.2,22.0,1.1,1.8,32.5,0.331,0.469,0.833,1.68806,1.54874,0.13932
6a51cbab-5843-5dbf-896b-93e223b1e2be,2021,USC,P12,Jr,21.6,70.6,19.4,0.522,3.6,15.6,16.8,17.7,1.1,1.3,32.3,0.385,0.338,0.701,5.28228,2.68344,2.59884
6a51cbab-5843-5dbf-896b-93e223b1e2be,2022,USC,P12,Sr,22.6,82.0,20.6,0.5726,3.9,16.0,18.9,20.7,2.4,1.2,33.2,0.412,0.373,0.717,5.01962,2.62017,2.39945
6a51cbab-5843-5dbf-896b-93e223b1e2be,2023,USC,P12,Sr,23.6,89.2,22.7,0.5417000000000001,3.0,15.6,23.9,19.6,2.2,1.7,29.4,0.358,0.361,0.752,4.68135,2.6819,1.99945
6a72fedf-1517-5aec-82c3-40df8c2bd085,2020,Arizona,P12,Fr,20.0,18.2,15.1,0.4667,13.0,19.2,3.9,4.8,12.3,2.2,34.5,0.0,0.017,0.35,8.1051,-0.0337519,8.13885
6a72fedf-1517-5aec-82c3-40df8c2bd085,2021,Arizona,P12,So,21.0,43.0,16.8,0.5498,15.1,17.1,3.4,14.7,8.8,1.6,57.1,0.0,0.01,0.625,6.92625,2.05594,4.87031
6a72fedf-1517-5aec-82c3-40df8c2bd085,2022,Arizona,P12,So,22.0,63.2,20.6,0.6607999999999999,12.2,18.0,9.8,16.7,10.3,1.6,47.2,0.0,0.01,0.735,11.2204,4.42599,6.79444
6a877626-030a-5535-92b9-31d4409b5233,2018,Seton Hall,BE,Fr,19.1,23.7,14.5,0.5446,9.4,12.3,8.1,16.7,5.3,1.4,36.8,0.296,0.397,0.6,5.54519,2.47333,3.07186
6a877626-030a-5535-92b9-31d4409b5233,2019,Seton Hall,BE,So,20.1,72.7,17.4,0.5179,8.5,21.6,10.0,16.3,4.8,1.1,40.0,0.301,0.38,0.612,4.84391,1.05996,3.78395
6a877626-030a-5535-92b9-31d4409b5233,2020,Seton Hall,BE,Jr,21.1,43.7,20.2,0.6132,8.7,15.5,10.9,14.9,2.3,1.1,21.6,0.434,0.301,0.658,6.38022,4.67217,1.70805
6a877626-030a-5535-92b9-31d4409b5233,2021,Seton Hall,BE,Sr,22.1,87.8,28.6,0.5254,6.1,18.5,20.6,19.0,1.7,1.8,34.4,0.336,0.323,0.714,4.79756,2.71473,2.08283
6a95cb7a-6952-5161-bc46-92be21cc5004,2008,West Virginia,BE,Jr,21.5,76.1,28.3,0.5363,6.8,16.8,17.0,15.0,5.5,1.4,41.2,0.289,0.082,0.817,5.50638,2.29145,3.21493
6ae832cc-87fa-5542-97d9-51433e04d60d,2013,UNLV,MWC,So,20.8,64.9,23.0,0.5136999999999999,4.7,13.4,18.2,22.1,1.0,2.0,25.6,0.35,0.39,0.722,3.10569,0.851727,2.25396
6ae832cc-87fa-5542-97d9-51433e04d60d,2014,UNLV,MWC,Jr,21.8,63.8,27.2,0.5083,3.6,10.4,23.8,13.4,1.0,1.6,45.0,0.323,0.281,0.643,3.30344,3.04867,0.254768
6ae832cc-87fa-5542-97d9-51433e04d60d,2015,Iowa St.,B12,Sr,22.8,55.9,23.6,0.5711999999999999,6.1,16.3,17.2,15.6,1.3,2.6,46.0,0.329,0.328,0.722,6.67456,4.5846,2.08996
6ba3479d-2816-5801-8456-476b8115eb13,2010,Kansas,B12,Fr,20.3,3.2,20.9,0.5499,12.9,34.8,0.0,17.7,13.0,1.3,69.2,0.0,0.0,0.556,-1.73436,-3.82742,2.09306
6ba3479d-2816-5801-8456-476b8115eb13,2011,Kansas,B12,So,21.3,10.6,19.8,0.614,15.4,17.2,5.2,21.2,12.5,1.8,97.1,0.0,0.0,0.515,9.65465,1.86325,7.7914
6ba3479d-2816-5801-8456-476b8115eb13,2012,Kansas,B12,Jr,22.3,61.9,17.8,0.6138,10.2,18.4,5.6,16.7,15.3,1.5,73.9,0.0,0.0,0.795,12.2473,1.93689,10.3104
6ba3479d-2816-5801-8456-476b8115eb13,2013,Kansas,B12,Sr,23.3,76.0,21.0,0.6207,8.8,20.9,6.2,17.8,13.7,1.4,60.4,1.0,0.003,0.714,11.0715,1.69723,9.37431
6bef524c-78ad-5e1d-bde5-6ba758809329,2010,Murray St.,OVC,Fr,19.1,50.6,22.4,0.6327,2.3,10.4,14.6,20.7,0.2,2.2,37.2,0.477,0.463,0.756,1.37589,2.13028,-0.754388
6bef524c-78ad-5e1d-bde5-6ba758809329,2011,Murray St.,OVC,So,20.1,70.5,22.5,0.5611,2.0,6.5,18.3,19.3,0.4,2.1,45.5,0.394,0.537,0.759,0.32954,1.77372,-1.44418
6bef524c-78ad-5e1d-bde5-6ba758809329,2012,Murray St.,OVC,Jr,21.1,84.8,27.0,0.6369,3.1,9.4,23.7,18.7,0.2,2.2,46.9,0.453,0.539,0.834,6.29164,6.02624,0.265397
6bef524c-78ad-5e1d-bde5-6ba758809329,2013,Murray St.,OVC,Sr,22.1,91.2,30.7,0.5763,1.7,9.1,27.7,17.3,0.4,2.6,37.9,0.371,0.513,0.823,3.61828,5.25765,-1.63937
6c282488-e47c-5c2a-99cf-6f47941e5da6,2010,San Diego St.,MWC,Fr,19.0,77.7,24.1,0.5079,13.7,23.7,12.1,17.8,2.6,2.8,33.1,0.203,0.213,0.722,5.93336,3.00845,2.92491
6c282488-e47c-5c2a-99cf-6f47941e5da6,2011,San Diego St.,MWC,So,20.0,79.6,27.7,0.5078,11.4,25.9,16.4,15.1,1.9,2.8,32.1,0.284,0.179,0.759,8.19124,3.73993,4.45131
6c3b7475-25b7-521d-ac5e-9a675e29ab7c,2009,Iowa St.,B12,Fr,19.2,33.4,16.2,0.5798,10.5,14.7,2.7,12.7,4.3,0.4,30.9,0.0,0.0,0.633,0.850044,-0.419091,1.26913
6c3b7475-25b7-521d-ac5e-9a675e29ab7c,2010,Iowa St.,B12,So,20.2,51.0,14.5,0.6426999999999999,13.9,13.4,2.9,17.8,4.8,0.7,58.3,0.0,0.0,0.7,5.08737,2.54513,2.54224
6c3b7475-25b7-521d-ac5e-9a675e29ab7c,2012,LSU,SEC,Jr,22.2,73.9,22.6,0.5531,11.8,15.3,7.0,15.4,4.7,1.5,42.8,0.25,0.038,0.781,5.52213,2.09551,3.42662
6c3f3b56-19cb-5aa1-a0c1-0cc8610b517a,2020,Texas Tech,B12,Fr,19.3,42.7,17.9,0.5864,6.8,13.8,7.8,22.6,1.9,3.8,40.8,0.296,0.216,0.725,4.72831,0.950252,3.77806
6c3f3b56-19cb-5aa1-a0c1-0cc8610b517a,2021,Texas Tech,B12,So,20.3,52.0,19.8,0.5007,5.7,18.9,13.3,14.9,3.2,3.3,41.0,0.283,0.266,0.704,7.0665,2.13615,4.93035
6c3f3b56-19cb-5aa1-a0c1-0cc8610b517a,2022,Texas Tech,B12,Jr,21.3,58.0,20.9,0.503,3.8,14.3,19.3,18.8,1.1,2.8,36.5,0.311,0.361,0.725,6.39229,2.09992,4.29237
6c3f3b56-19cb-5aa1-a0c1-0cc8610b517a,2023,Kansas,B12,Sr,22.3,71.9,19.6,0.5472,4.6,20.8,13.4,20.1,2.6,3.7,42.2,0.296,0.354,0.761,7.62463,1.89419,5.73044
6c3f3b56-19cb-5aa1-a0c1-0cc8610b517a,2024,Kansas,B12,Sr,23.3,64.5,27.1,0.5639,2.8,15.7,21.8,15.1,1.1,2.4,42.3,0.339,0.333,0.81,6.47568,3.78314,2.69254
6c49c789-07b8-5bfc-8ebb-041457ba4588,2015,Purdue,B10,Fr,19.2,64.7,18.2,0.5738,8.8,12.1,21.2,18.8,1.5,0.8,22.8,0.326,0.39,0.788,6.16293,4.84484,1.31809
6c49c789-07b8-5bfc-8ebb-041457ba4588,2016,Purdue,B10,So,20.2,67.9,21.5,0.5650999999999999,8.1,13.5,19.5,16.5,1.1,1.2,28.8,0.407,0.366,0.82,7.65066,5.29303,2.35762
6c546dba-354e-5cdc-a841-b328b111670d,2023,Oklahoma,B12,Fr,20.0,28.8,23.8,0.49810000000000004,7.5,11.7,2.8,21.1,1.4,5.3,56.6,0.25,0.038,0.65,0.472637,-2.60742,3.08006
6c546dba-354e-5cdc-a841-b328b111670d,2024,Oklahoma,B12,So,21.0,61.8,23.8,0.5529,4.6,13.3,8.4,17.6,1.9,3.4,40.6,0.377,0.192,0.643,3.26174,0.372851,2.88889
6c546dba-354e-5cdc-a841-b328b111670d,2025,Kentucky,SEC,Jr,22.0,70.6,25.4,0.5768,4.0,13.6,11.3,11.7,2.1,3.1,46.3,0.355,0.183,0.776,5.78681,3.53406,2.25275
6c546dba-354e-5cdc-a841-b328b111670d,2026,Kentucky,SEC,Sr,23.0,81.6,27.1,0.5539999999999999,3.3,12.9,16.3,13.3,0.9,3.1,42.9,0.333,0.268,0.731,4.83162,2.903,1.92862
6c61230a-0b0e-523f-8650-596d738a39db,2012,Indiana,B10,Fr,19.7,71.2,24.2,0.6645,11.3,16.8,9.5,14.4,4.3,2.9,67.3,0.0,0.0,0.755,10.9555,7.44258,3.51295
6c61230a-0b0e-523f-8650-596d738a39db,2013,Indiana,B10,So,20.7,73.3,26.5,0.6225999999999999,12.4,18.7,9.4,17.1,4.4,2.1,73.2,0.0,0.006,0.757,9.4839,5.3287,4.1552
6c9a5039-600d-5940-a3ef-99fda928599a,2010,Cincinnati,BE,Fr,19.5,67.6,26.0,0.4935,7.3,14.0,19.1,19.5,0.7,1.9,32.3,0.219,0.198,0.664,3.57559,1.62934,1.94625
6c9c4a56-4839-524a-b85e-2af289691289,2021,Houston,Amer,Fr,18.9,17.9,20.6,0.4738,1.0,8.6,23.4,26.7,2.8,3.6,26.2,0.136,0.361,0.75,1.18306,-0.964828,2.14789
6c9c4a56-4839-524a-b85e-2af289691289,2022,Houston,Amer,So,19.9,76.6,21.2,0.4955,2.1,9.0,33.3,18.6,1.0,3.2,23.4,0.298,0.35,0.802,4.94742,3.15609,1.79133
6c9c4a56-4839-524a-b85e-2af289691289,2023,Houston,Amer,Jr,20.9,81.4,20.7,0.5042,1.9,8.4,29.6,18.8,0.9,3.2,20.2,0.31,0.412,0.732,5.0074,2.92111,2.08629
6c9c4a56-4839-524a-b85e-2af289691289,2024,Houston,B12,Sr,21.9,76.9,26.4,0.4954,3.3,10.5,40.4,15.4,2.0,4.3,24.0,0.309,0.321,0.779,10.8534,5.96458,4.88884
6cce8fb6-d774-541e-8d4f-675d61826d28,2017,Alabama,SEC,Fr,20.4,73.3,25.3,0.5169,6.0,15.3,18.9,24.4,2.3,1.2,47.7,0.33,0.302,0.634,3.10528,-0.131247,3.23653
6cce8fb6-d774-541e-8d4f-675d61826d28,2018,Alabama,SEC,So,21.4,45.6,18.1,0.4928,6.6,16.4,13.7,22.0,1.8,2.3,34.0,0.25,0.403,0.667,3.47081,0.434432,3.03638
6cce8fb6-d774-541e-8d4f-675d61826d28,2019,Virginia,ACC,Jr,22.4,49.1,18.0,0.53,8.9,23.4,9.4,13.6,3.7,3.2,39.2,0.305,0.345,0.731,9.25731,3.49481,5.7625
6cce8fb6-d774-541e-8d4f-675d61826d28,2020,Virginia,ACC,Sr,23.4,74.7,20.9,0.4849,6.5,20.4,13.1,16.8,2.4,2.3,38.4,0.185,0.28,0.584,5.5049,0.346058,5.15885
6ce75673-0349-5f22-aec5-3de82d6e68fa,2010,Gonzaga,WCC,Fr,21.0,73.6,23.7,0.6103999999999999,8.7,18.2,8.0,15.2,1.7,1.8,56.9,0.451,0.157,0.676,5.11705,3.70868,1.40837
6ce75673-0349-5f22-aec5-3de82d6e68fa,2011,Gonzaga,WCC,So,22.0,63.1,22.8,0.5809000000000001,8.4,17.7,10.5,17.5,1.6,1.4,41.5,0.347,0.17,0.775,4.03259,2.33979,1.6928
6ce75673-0349-5f22-aec5-3de82d6e68fa,2012,Gonzaga,WCC,Jr,23.0,72.4,22.8,0.5696,9.5,24.4,9.5,15.9,2.8,1.9,35.7,0.414,0.215,0.672,6.34194,3.14808,3.19385
6ce75673-0349-5f22-aec5-3de82d6e68fa,2013,Gonzaga,WCC,Sr,24.0,69.4,26.4,0.5767,9.4,21.5,11.3,14.7,2.4,2.6,57.6,0.17,0.139,0.768,7.99198,4.46113,3.53086
6cfa3f80-4fde-5088-b6f5-5b3adc21d713,2013,Wichita St.,MVC,Fr,19.3,40.4,18.6,0.4855,2.4,10.9,27.3,24.1,0.4,3.4,26.1,0.408,0.32,0.725,2.80324,1.07895,1.72429
6cfa3f80-4fde-5088-b6f5-5b3adc21d713,2014,Wichita St.,MVC,So,20.3,79.5,19.2,0.6091,2.8,10.6,33.5,13.7,0.4,3.6,47.4,0.411,0.331,0.829,10.0927,7.09609,2.99659
6cfa3f80-4fde-5088-b6f5-5b3adc21d713,2015,Wichita St.,MVC,Jr,21.3,79.3,25.1,0.5539000000000001,4.4,13.2,35.3,13.5,0.4,3.9,47.5,0.367,0.32,0.796,11.158,7.75659,3.40141
6cfa3f80-4fde-5088-b6f5-5b3adc21d713,2016,Wichita St.,MVC,Sr,22.3,65.7,24.7,0.5235,1.3,11.9,39.6,14.6,0.4,3.7,39.3,0.381,0.37,0.817,8.7659,5.07517,3.69073
6d078701-6f96-5815-a199-846ffe63b5bd,2009,Georgia Tech,ACC,Fr,19.0,77.9,22.4,0.49520000000000003,2.4,10.7,29.1,28.7,0.6,3.6,48.3,0.314,0.376,0.656,2.86416,0.25262,2.61154
6d078701-6f96-5815-a199-846ffe63b5bd,2010,Georgia Tech,ACC,So,20.0,63.3,21.4,0.4824,3.5,9.0,24.3,27.0,0.6,3.5,28.2,0.333,0.417,0.72,4.57061,1.93949,2.63112
6d078701-6f96-5815-a199-846ffe63b5bd,2011,Georgia Tech,ACC,Jr,21.0,79.4,28.7,0.5172,5.8,16.4,25.7,14.6,0.7,5.0,40.1,0.278,0.346,0.806,8.3259,5.06074,3.26516
6d563c0d-6e9b-51ab-95e4-97172a03bce5,2014,Cincinnati,Amer,Fr,18.6,47.7,18.2,0.5251,2.3,12.2,23.0,22.3,0.4,3.0,52.5,0.328,0.411,0.784,2.03853,0.328966,1.70957
6d563c0d-6e9b-51ab-95e4-97172a03bce5,2015,Cincinnati,Amer,So,19.6,77.2,19.9,0.563,2.1,11.6,25.2,22.7,0.6,2.6,43.2,0.408,0.315,0.788,4.1785,2.42118,1.75732
6d563c0d-6e9b-51ab-95e4-97172a03bce5,2016,Cincinnati,Amer,Jr,20.6,81.5,22.7,0.4946,1.6,10.8,29.0,14.7,1.3,2.0,29.8,0.324,0.449,0.788,3.53816,2.73748,0.800678
6d563c0d-6e9b-51ab-95e4-97172a03bce5,2017,Cincinnati,Amer,Sr,21.6,80.1,19.1,0.5,2.3,14.1,24.4,12.9,1.1,2.2,30.0,0.325,0.458,0.687,5.6693,3.22319,2.44612
6d7abe9b-a424-51c1-9a25-fcebb9ec005a,2010,Western Michigan,MAC,Fr,19.2,5.8,17.9,0.4255,14.3,9.2,0.0,27.3,0.0,3.3,53.3,0.0,0.0,0.5,-7.95396,-4.66365,-3.29031
6d7abe9b-a424-51c1-9a25-fcebb9ec005a,2012,Western Michigan,MAC,Jr,21.2,32.7,16.0,0.5807,12.4,20.0,3.5,17.3,6.0,1.0,53.3,0.0,0.0,0.688,0.765758,-0.225379,0.991138
6d7abe9b-a424-51c1-9a25-fcebb9ec005a,2013,Western Michigan,MAC,Sr,22.2,74.1,23.3,0.5666,10.9,23.8,9.9,16.6,6.3,1.5,45.3,0.133,0.046,0.812,4.25423,0.952393,3.30184
6d7abe9b-a424-51c1-9a25-fcebb9ec005a,2014,Western Michigan,MAC,Sr,23.2,74.8,24.9,0.5752,9.9,22.8,8.7,14.0,5.6,1.5,42.0,0.156,0.091,0.762,3.43591,0.952325,2.48358
6e06048f-45a5-55ec-ae03-66c4a58e11a3,2021,VCU,A10,Fr,20.0,45.8,21.3,0.508,3.6,12.2,7.5,16.2,1.4,2.7,37.6,0.289,0.484,0.746,0.954526,-0.0800337,1.03456
6e06048f-45a5-55ec-ae03-66c4a58e11a3,2023,VCU,A10,So,22.0,58.9,23.2,0.5273,5.4,21.8,12.8,18.6,3.1,2.9,42.0,0.34,0.402,0.721,3.9102,0.0802807,3.82992
6e06048f-45a5-55ec-ae03-66c4a58e11a3,2024,Florida St.,ACC,Jr,23.0,70.2,28.0,0.5770000000000001,5.9,18.8,19.2,17.8,3.2,3.8,58.9,0.344,0.276,0.795,7.62721,4.0778,3.54941
6e06048f-45a5-55ec-ae03-66c4a58e11a3,2025,Florida St.,ACC,Sr,24.0,77.1,30.3,0.5552,3.9,16.9,16.3,16.3,2.0,2.2,59.0,0.321,0.398,0.747,2.75072,2.12795,0.622768
6e087386-1dcd-54ff-ba80-ba20c4bacbd8,2013,Arizona,P12,Fr,19.9,6.2,19.4,0.531,0.0,6.7,21.7,7.1,0.0,1.4,12.5,0.348,0.719,0.5,2.35072,5.04235,-2.69163
6e087386-1dcd-54ff-ba80-ba20c4bacbd8,2014,Arizona,P12,So,20.9,53.8,15.7,0.521,2.2,9.6,13.4,10.0,0.5,1.4,23.5,0.385,0.67,0.673,5.8563,3.5439,2.3124
6e087386-1dcd-54ff-ba80-ba20c4bacbd8,2015,Arizona,P12,Jr,21.9,56.1,17.4,0.6112,0.9,9.9,9.8,14.8,1.7,1.5,30.5,0.4,0.679,0.811,7.31897,4.60243,2.71654
6e087386-1dcd-54ff-ba80-ba20c4bacbd8,2016,Arizona,P12,Sr,22.9,81.6,21.1,0.5602,2.1,8.5,12.8,16.9,0.8,1.5,18.6,0.421,0.556,0.756,5.29899,4.18996,1.10903
6e59d0f5-e30d-5671-b0ad-b23b0f0ec182,2012,Oregon,P12,Fr,19.5,3.8,28.0,0.3593,0.0,9.1,3.3,45.3,0.0,1.2,109.1,0.143,0.636,0.417,-15.2932,-12.2049,-3.08829
6e59d0f5-e30d-5671-b0ad-b23b0f0ec182,2013,Missouri,SEC,So,20.5,59.7,19.1,0.5684,1.9,9.2,7.8,16.1,0.1,1.2,42.8,0.366,0.612,0.785,3.44556,3.80144,-0.355878
6e59d0f5-e30d-5671-b0ad-b23b0f0ec182,2014,Missouri,SEC,Jr,21.5,91.5,24.7,0.6217,1.7,11.5,12.2,15.5,0.4,1.0,61.1,0.41,0.448,0.797,3.94936,5.12321,-1.17385
6e7ebf36-2008-512a-8e0b-9d9716da2e3b,2015,Fordham,A10,Fr,18.6,67.4,27.3,0.5189,5.7,14.2,8.2,19.9,1.7,1.5,30.4,0.304,0.402,0.804,-2.14594,-0.252329,-1.89362
6e7ebf36-2008-512a-8e0b-9d9716da2e3b,2017,Villanova,BE,So,20.6,54.2,18.1,0.5829,8.6,12.8,5.2,18.5,2.7,1.5,30.3,0.279,0.349,0.695,4.08356,1.97512,2.10844
6e7ebf36-2008-512a-8e0b-9d9716da2e3b,2018,Villanova,BE,Jr,21.6,70.2,17.6,0.6369,7.7,12.8,11.6,18.3,2.2,1.8,35.6,0.356,0.374,0.813,9.03556,5.51273,3.52283
6e7ebf36-2008-512a-8e0b-9d9716da2e3b,2019,Villanova,BE,Sr,22.6,89.3,23.8,0.57,4.2,16.0,12.9,16.2,1.6,1.2,41.5,0.348,0.461,0.746,3.15749,2.3588,0.798689
6e837496-e60b-5aaa-a74a-6c45d2249e29,2010,Duke,ACC,Fr,20.3,30.1,17.4,0.4889,9.1,15.2,11.3,23.0,6.1,2.3,43.4,0.25,0.075,0.543,7.20979,0.635301,6.57449
6e837496-e60b-5aaa-a74a-6c45d2249e29,2011,Duke,ACC,So,21.3,64.1,17.2,0.5682,11.2,23.8,10.5,24.7,5.8,2.0,49.2,0.0,0.011,0.441,8.73041,1.73833,6.99208
6e837496-e60b-5aaa-a74a-6c45d2249e29,2012,Duke,ACC,Jr,22.3,70.4,22.4,0.568,12.0,24.5,11.7,19.9,5.2,1.6,70.4,0.0,0.0,0.528,7.19125,2.38025,4.81101
6e837496-e60b-5aaa-a74a-6c45d2249e29,2013,Duke,ACC,Sr,23.3,86.7,25.1,0.628,9.8,23.3,11.5,19.2,4.0,1.7,68.8,0.0,0.0,0.681,8.58497,3.9351,4.64987
6e88bbe8-1c52-5000-885f-92a986a1e36e,2008,Purdue,B10,Fr,19.3,75.9,21.4,0.5544,3.2,12.6,19.4,15.6,1.7,1.8,20.6,0.434,0.423,0.716,5.78022,4.09732,1.6829
6e88bbe8-1c52-5000-885f-92a986a1e36e,2009,Purdue,B10,So,20.3,81.9,25.1,0.5173,3.9,12.1,19.8,19.2,1.4,2.0,23.6,0.337,0.373,0.762,4.88535,2.35884,2.52652
6e88bbe8-1c52-5000-885f-92a986a1e36e,2010,Purdue,B10,Jr,21.3,78.5,27.7,0.5313,3.4,10.8,19.8,14.3,1.0,2.8,28.8,0.349,0.307,0.73,6.70097,3.86725,2.83372
6e88bbe8-1c52-5000-885f-92a986a1e36e,2011,Purdue,B10,Sr,22.3,84.4,26.8,0.5455,5.1,12.5,20.9,11.9,1.6,2.2,28.5,0.4,0.354,0.709,8.90615,6.30956,2.59659
6e9f80d4-5390-5417-963e-084de5d1b39b,2019,Washington St.,P12,Fr,19.0,77.2,27.3,0.5311,6.0,20.1,20.2,20.1,2.0,1.9,31.9,0.414,0.332,0.667,0.790734,0.45653,0.334204
6e9f80d4-5390-5417-963e-084de5d1b39b,2020,Washington St.,P12,So,20.0,82.9,27.9,0.5186,3.8,23.1,13.4,13.1,2.5,2.9,29.5,0.339,0.438,0.823,5.55067,2.74617,2.80451
6ee64871-4343-53a8-8791-720e47ca64f2,2018,Arkansas,SEC,Fr,19.7,55.8,23.8,0.5943,11.2,20.0,6.0,11.0,11.5,1.4,59.4,0.0,0.0,0.528,7.67821,2.59718,5.08103
6ee64871-4343-53a8-8791-720e47ca64f2,2019,Arkansas,SEC,So,20.7,67.0,25.2,0.6511,11.2,22.7,6.0,18.2,8.4,1.8,59.8,0.0,0.0,0.591,6.45391,2.1036,4.35032
6ee7f043-e724-59c9-bbe9-5b6339824712,2012,Connecticut,BE,Fr,20.2,27.3,16.9,0.4569,6.4,12.5,7.4,21.4,5.0,1.8,27.5,0.24,0.549,0.8,2.13065,-0.324886,2.45554
6ee7f043-e724-59c9-bbe9-5b6339824712,2013,Connecticut,BE,So,21.2,70.4,22.7,0.5326,5.7,15.8,5.4,15.5,5.3,1.8,29.4,0.309,0.227,0.705,2.31973,-0.0910855,2.41082
6ee7f043-e724-59c9-bbe9-5b6339824712,2014,Connecticut,Amer,Jr,22.2,68.4,22.5,0.5595,6.3,16.8,3.6,13.9,5.2,1.4,22.2,0.417,0.299,0.787,3.33217,0.60229,2.72988
6f05749e-b229-5fd2-9e21-e7a1bd276567,2013,Louisiana,SB,Fr,20.4,77.1,27.8,0.4935,10.9,25.5,7.0,16.6,6.4,1.4,28.1,0.314,0.24,0.699,-1.16762,-1.49763,0.330011
6f05749e-b229-5fd2-9e21-e7a1bd276567,2014,Louisiana,SB,So,21.4,71.0,27.3,0.5605,12.5,26.6,4.3,14.5,9.1,1.3,39.9,0.405,0.179,0.679,2.69926,0.902824,1.79643
6f05749e-b229-5fd2-9e21-e7a1bd276567,2015,Louisiana,SB,Jr,22.4,67.1,26.6,0.5909,12.2,28.1,12.5,17.2,5.8,1.1,48.7,0.347,0.209,0.661,5.92647,3.00636,2.92012
6f05749e-b229-5fd2-9e21-e7a1bd276567,2016,Louisiana,SB,Sr,23.4,74.2,29.1,0.5707,14.2,28.4,10.1,17.1,5.8,1.3,51.4,0.268,0.138,0.692,4.5646,2.60516,1.95944
6f42bcaf-e19b-59a5-8fee-717c253fa269,2024,Miami FL,ACC,Fr,20.5,55.5,17.6,0.5818,2.2,12.1,16.3,21.9,1.8,2.2,14.2,0.408,0.684,0.778,2.99737,1.57072,1.42665
6f5349a8-ab20-5530-98d2-ea74b811f773,2010,Bucknell,Pat,Fr,19.0,59.1,21.3,0.5189,7.6,16.2,7.5,11.2,9.6,0.7,28.7,0.3,0.08,0.806,1.74633,-1.39479,3.14112
6f5349a8-ab20-5530-98d2-ea74b811f773,2011,Bucknell,Pat,So,20.0,69.2,27.4,0.58,7.7,22.3,12.2,13.6,8.1,0.9,43.6,0.364,0.03,0.816,5.44906,0.615197,4.83387
6f5349a8-ab20-5530-98d2-ea74b811f773,2012,Bucknell,Pat,Jr,21.0,75.8,29.9,0.6015999999999999,11.9,25.4,15.0,14.2,6.5,1.0,61.6,0.35,0.053,0.855,7.37443,3.7182,3.65623
6f5349a8-ab20-5530-98d2-ea74b811f773,2013,Bucknell,Pat,Sr,22.0,80.2,31.7,0.5721,12.0,29.0,18.6,10.9,7.7,1.0,50.6,0.25,0.036,0.788,10.9775,4.86247,6.11505
6f89a955-0e03-553b-a0d2-593b75f5cce4,2016,Duke,ACC,Fr,20.0,66.3,20.1,0.5562,4.1,10.6,10.6,8.5,0.6,2.1,29.6,0.32,0.513,0.889,5.11637,5.02222,0.0941473
6f89a955-0e03-553b-a0d2-593b75f5cce4,2017,Duke,ACC,So,21.0,88.8,23.0,0.6291,3.9,12.1,13.6,11.2,0.9,1.4,38.6,0.438,0.414,0.856,7.96278,7.32411,0.638673
6f8db554-74d7-54b4-b547-a13c45e4f00a,2023,Eastern Washington,BSky,So,19.8,53.7,14.7,0.7399,8.8,20.2,13.4,15.7,3.2,2.1,45.1,0.394,0.248,0.733,7.12695,4.75522,2.37173
6f8db554-74d7-54b4-b547-a13c45e4f00a,2024,Eastern Washington,BSky,Jr,20.8,77.4,21.5,0.6615000000000001,6.2,19.1,10.6,18.9,3.7,1.6,26.6,0.365,0.409,0.915,2.7726,2.44543,0.327166
6f8db554-74d7-54b4-b547-a13c45e4f00a,2025,Washington St.,WCC,Sr,21.8,14.5,22.3,0.6999,7.0,17.2,20.6,16.5,5.3,1.4,50.8,0.4,0.492,0.839,8.03868,6.40487,1.63382
6fadf902-06aa-51ee-afcf-431d22a67fb9,2023,Alabama,SEC,Fr,18.9,60.6,17.8,0.5757,8.7,21.4,6.0,15.5,3.4,1.3,43.9,0.283,0.474,0.649,7.68093,3.06578,4.61516
6fb1ca7f-7381-584e-ae5a-00fd9a2854af,2025,Georgia,SEC,Fr,19.7,72.5,23.0,0.6115999999999999,14.0,13.5,6.7,9.8,3.8,2.0,38.4,0.292,0.253,0.748,8.33578,6.54432,1.79146
6fb6a81e-f80c-5466-87d8-34bed0bb0b63,2012,Massachusetts,A10,Fr,20.2,13.9,22.7,0.5839,15.9,23.2,2.9,25.2,10.3,0.0,28.2,0.333,0.169,0.6,0.202857,-2.07765,2.28051
6fb6a81e-f80c-5466-87d8-34bed0bb0b63,2013,Massachusetts,A10,So,21.2,53.3,19.0,0.5943999999999999,15.2,21.2,2.3,18.8,6.2,1.0,48.4,0.111,0.049,0.719,1.82962,0.717596,1.11202
6fb6a81e-f80c-5466-87d8-34bed0bb0b63,2014,Massachusetts,A10,Jr,22.2,72.2,18.8,0.5845,12.1,17.4,1.2,18.2,6.9,1.0,46.6,0.25,0.031,0.672,2.68709,-0.0818507,2.76894
6fb6a81e-f80c-5466-87d8-34bed0bb0b63,2015,Massachusetts,A10,Sr,23.2,72.0,21.6,0.5819,13.5,23.4,2.4,23.1,6.5,1.2,57.2,0.167,0.072,0.636,0.968909,-0.700862,1.66977
6fb975d1-2a56-589e-9ca0-c9b9b436ab51,2019,Maryland,B10,Fr,19.3,64.8,22.5,0.5505,12.5,16.4,7.1,12.4,5.1,1.0,39.7,0.268,0.241,0.658,6.02586,3.31509,2.71077
6fb975d1-2a56-589e-9ca0-c9b9b436ab51,2020,Maryland,B10,So,20.3,78.1,22.6,0.6265,11.5,25.4,6.1,14.3,8.3,1.3,47.4,0.368,0.279,0.75,9.73514,4.46241,5.27273
704ce079-2e31-582f-b7ab-24d90c96c42f,2015,Purdue,B10,Fr,20.0,48.5,14.4,0.47200000000000003,0.6,11.7,13.4,16.5,0.5,1.6,19.5,0.322,0.742,0.71,1.67825,1.05866,0.619588
704ce079-2e31-582f-b7ab-24d90c96c42f,2016,Purdue,B10,So,21.0,47.0,14.0,0.5703,0.4,11.8,21.2,13.3,0.3,1.0,14.0,0.386,0.726,0.864,5.11489,4.15027,0.964625
704ce079-2e31-582f-b7ab-24d90c96c42f,2017,Purdue,B10,Jr,22.0,78.5,14.7,0.6307,1.3,12.3,20.4,18.3,0.4,1.5,15.5,0.453,0.633,0.821,7.01607,4.35355,2.66252
704ce079-2e31-582f-b7ab-24d90c96c42f,2018,Purdue,B10,Sr,23.0,78.2,17.9,0.6411,0.6,13.7,22.2,15.2,0.8,2.3,17.8,0.466,0.644,0.825,8.99181,6.87119,2.12062
705a9464-72de-547d-92a4-45c098905fab,2008,Missouri,B12,Sr,22.5,62.5,24.7,0.5615,12.1,17.3,10.3,13.3,2.7,2.5,48.3,0.176,0.056,0.616,6.12601,4.08128,2.04472
705a9464-72de-547d-92a4-45c098905fab,2009,Missouri,B12,Sr,22.5,70.0,25.1,0.5915,9.3,18.6,15.2,11.5,2.4,3.1,43.3,0.364,0.1,0.634,10.1056,6.31798,3.78759
7073d289-c6c0-5e98-859e-d1804fd96c7a,2011,Colorado,B12,Fr,19.6,54.8,16.5,0.6021,15.3,25.1,7.1,18.9,5.0,3.4,44.9,0.353,0.204,0.56,8.36013,4.35945,4.00068
7073d289-c6c0-5e98-859e-d1804fd96c7a,2012,Colorado,P12,So,20.6,75.9,21.8,0.5683,12.4,29.2,9.2,17.0,6.8,2.7,56.8,0.391,0.168,0.606,9.10328,2.33532,6.76796
7073d289-c6c0-5e98-859e-d1804fd96c7a,2013,Colorado,P12,Jr,21.6,77.3,20.4,0.524,10.6,27.1,9.4,21.2,4.4,3.9,35.6,0.328,0.211,0.551,8.88296,1.56821,7.31475
70dfd8b6-971c-5c0c-8571-137b7ebf87a2,2008,Manhattan,MAAC,Fr,20.7,40.5,22.8,0.46520000000000006,6.7,11.4,10.0,12.9,0.5,0.9,29.2,0.286,0.303,0.63,-3.92604,-0.210534,-3.71551
70dfd8b6-971c-5c0c-8571-137b7ebf87a2,2009,Manhattan,MAAC,So,21.7,78.6,24.1,0.4618,3.8,16.8,9.5,16.6,1.0,2.1,31.1,0.288,0.379,0.728,-1.29251,-1.25197,-0.0405416
70dfd8b6-971c-5c0c-8571-137b7ebf87a2,2011,Louisville,BE,Jr,23.7,63.8,19.6,0.5589999999999999,6.8,13.0,18.0,19.1,0.4,2.1,33.6,0.404,0.372,0.682,4.83709,2.85316,1.98393
70dfd8b6-971c-5c0c-8571-137b7ebf87a2,2012,Louisville,BE,Sr,24.7,67.8,17.3,0.5507,4.1,10.1,14.3,13.7,0.0,1.8,33.8,0.399,0.556,0.735,5.57609,3.62502,1.95107
70e91d49-2514-5918-8911-ec525da3f06d,2015,Virginia,ACC,Fr,20.0,17.8,13.8,0.4643,1.1,7.3,14.2,24.2,0.5,2.5,27.5,0.333,0.375,0.455,2.18413,-1.19838,3.38251
70e91d49-2514-5918-8911-ec525da3f06d,2016,Virginia,ACC,So,21.0,54.5,14.4,0.47869999999999996,1.4,14.3,15.8,18.3,1.6,1.4,22.4,0.333,0.414,0.765,4.62637,1.12845,3.49792
70e91d49-2514-5918-8911-ec525da3f06d,2017,Virginia,ACC,Jr,22.0,67.4,19.1,0.513,3.1,17.3,14.0,13.1,0.6,1.3,27.3,0.372,0.351,0.776,4.78424,1.54493,3.23931
70e91d49-2514-5918-8911-ec525da3f06d,2018,Virginia,ACC,Sr,23.0,79.9,19.4,0.599,1.4,14.9,19.6,10.9,0.6,1.8,29.2,0.432,0.454,0.894,8.5738,5.05561,3.51819
7103015a-1385-597f-9395-510e21a60c73,2015,Oregon St.,P12,Jr,22.6,90.4,22.2,0.5448,6.8,18.3,22.7,15.2,4.4,5.5,29.5,0.293,0.286,0.663,11.6048,3.89783,7.70699
7103015a-1385-597f-9395-510e21a60c73,2016,Oregon St.,P12,Sr,23.6,86.0,26.5,0.5299,7.7,18.2,32.6,14.4,1.5,4.2,28.2,0.319,0.167,0.647,11.4314,6.51856,4.91285
710b753c-8221-5aa1-8d60-e57705496f10,2018,Virginia,ACC,Fr,20.8,7.8,17.5,0.7118000000000001,7.4,19.9,8.2,14.3,17.9,0.6,32.0,0.286,0.28,0.625,14.4857,2.64498,11.8407
710b753c-8221-5aa1-8d60-e57705496f10,2019,Virginia,ACC,So,21.8,20.9,21.3,0.6803,7.9,19.8,5.5,16.3,10.4,1.6,31.3,0.452,0.323,0.667,10.2742,3.90051,6.37366
710b753c-8221-5aa1-8d60-e57705496f10,2020,Virginia,ACC,Jr,22.8,61.4,18.6,0.6161,10.1,20.6,8.6,15.3,11.2,1.0,27.2,0.358,0.288,0.54,10.8521,2.30018,8.55195
710b753c-8221-5aa1-8d60-e57705496f10,2021,Virginia,ACC,Sr,23.8,67.3,23.2,0.6742,8.9,24.6,8.1,13.9,11.9,1.3,22.6,0.387,0.346,0.837,11.8196,4.69502,7.1246
712b431c-f243-5e5b-9e03-910ec5c5bcc6,2019,Kentucky,SEC,Fr,19.7,76.2,21.7,0.5575,5.5,16.5,10.6,14.5,0.6,1.5,41.6,0.381,0.316,0.703,5.96443,3.8806,2.08382
712d8a61-50e9-56b4-b20c-b3799e19962f,2015,Louisville,ACC,Fr,18.6,43.0,12.7,0.596,12.3,16.3,5.7,33.7,7.3,2.5,41.1,0.0,0.0,0.467,6.96131,-0.56897,7.53028
712d8a61-50e9-56b4-b20c-b3799e19962f,2016,Louisville,ACC,So,19.6,61.5,21.9,0.62,13.7,25.8,12.9,23.3,9.6,1.9,25.3,0.0,0.005,0.589,10.8645,1.92913,8.9354
71689179-7c4c-54bf-9166-7228e4940240,2008,California,P10,Sr,22.5,53.5,19.9,0.5841,9.4,26.4,5.3,17.6,5.9,1.4,74.6,0.0,0.0,0.636,4.2474,1.28712,2.96028
71929082-e2b4-5235-a4e6-2b13607f3e19,2019,Furman,SC,Fr,19.7,10.1,11.1,0.3759,4.0,19.9,6.4,25.8,9.1,3.3,10.5,0.182,0.579,0.5,1.9281,-4.8938,6.8219
71929082-e2b4-5235-a4e6-2b13607f3e19,2020,Furman,SC,So,20.7,56.4,18.5,0.5492,7.5,17.9,11.8,20.7,4.2,2.5,34.0,0.277,0.301,0.717,2.94313,-0.642123,3.58525
71929082-e2b4-5235-a4e6-2b13607f3e19,2021,Furman,SC,Jr,21.7,64.2,19.2,0.6334000000000001,5.9,18.1,18.2,25.1,5.6,2.6,62.6,0.382,0.296,0.694,4.94728,0.798862,4.14841
71929082-e2b4-5235-a4e6-2b13607f3e19,2022,Furman,SC,Sr,22.7,75.9,26.5,0.5765,5.4,24.1,23.6,18.9,6.5,3.3,33.8,0.3,0.366,0.8,7.58984,2.71379,4.87605
71929082-e2b4-5235-a4e6-2b13607f3e19,2023,Furman,SC,Sr,23.7,77.2,24.7,0.6414,6.8,20.4,20.2,20.4,5.4,2.7,52.1,0.385,0.305,0.774,7.71257,3.41479,4.29778
719e56b8-96ab-5333-970b-b39529f98b9d,2008,Washington,P10,Jr,21.5,75.9,28.0,0.5379,15.0,28.0,7.7,15.4,0.9,1.2,41.0,0.0,0.0,0.519,2.86552,2.52339,0.342131
719e56b8-96ab-5333-970b-b39529f98b9d,2009,Washington,P10,Sr,22.5,73.8,23.0,0.5572,15.3,25.7,7.7,14.8,0.3,1.6,55.5,0.0,0.003,0.632,6.56566,4.35632,2.20933
71abc598-3439-55ac-9d8b-b4d7876b66ac,2019,Oregon,P12,Fr,19.2,18.5,15.5,0.5767,5.7,15.6,2.8,12.6,3.4,3.0,44.4,0.24,0.397,0.5,3.12986,0.315173,2.81469
71abc598-3439-55ac-9d8b-b4d7876b66ac,2021,UC Santa Barbara,BW,Jr,21.2,64.6,18.1,0.5650999999999999,3.4,17.3,13.7,11.2,3.6,1.7,19.2,0.373,0.389,0.757,5.01464,2.06356,2.95107
71abc598-3439-55ac-9d8b-b4d7876b66ac,2022,UC Santa Barbara,BW,Sr,22.2,73.9,18.6,0.5556,6.1,16.6,7.9,16.9,2.2,1.7,26.5,0.363,0.474,0.772,2.10236,0.992949,1.10941
71abc598-3439-55ac-9d8b-b4d7876b66ac,2023,UC Santa Barbara,BW,Sr,23.2,85.5,19.5,0.5953,6.9,16.5,6.7,10.2,2.5,2.0,27.6,0.386,0.426,0.851,4.25551,3.75475,0.500763
71afb484-1b24-53e3-b8b7-af69425da7d7,2024,Washington St.,P12,Jr,20.8,70.5,18.9,0.5836,5.0,13.1,7.9,7.4,0.5,1.1,29.8,0.417,0.527,0.811,5.16742,4.85853,0.308891
71ca4707-987d-52fc-a002-32b048ec8002,2022,UCLA,P12,Fr,19.8,28.4,21.2,0.39409999999999995,8.1,18.7,10.1,21.0,5.3,2.8,27.1,0.226,0.263,0.688,2.41336,-2.53477,4.94813
72251c3d-a96c-5902-903a-98fb0e744c6d,2018,Miami FL,ACC,Fr,19.5,68.8,21.1,0.5274,1.7,9.2,13.0,11.6,1.8,2.0,20.4,0.346,0.509,0.738,4.42338,3.27508,1.1483
7264eadd-683b-5291-8a04-146de926019a,2020,Arizona,P12,Fr,19.5,75.8,24.1,0.6296,11.5,20.4,5.8,16.9,3.3,1.3,63.7,0.294,0.054,0.76,5.43738,2.73538,2.702
7277ac47-312a-5fab-a2cf-0a0a3e4b2cac,2008,Memphis,CUSA,Jr,21.5,73.3,15.7,0.5164,2.8,10.6,18.8,15.8,1.1,2.4,41.2,0.333,0.552,0.57,7.74992,4.21306,3.53687
7277ac47-312a-5fab-a2cf-0a0a3e4b2cac,2009,Memphis,CUSA,Sr,22.5,85.5,17.9,0.5336,3.5,11.9,23.5,21.6,1.4,2.4,46.4,0.254,0.244,0.733,6.9542,2.67015,4.28405
728de202-18a0-5eb4-b8c1-79f984916e31,2011,Iowa,B10,Fr,18.8,47.4,19.8,0.4334,3.7,11.0,13.8,17.1,0.4,2.1,37.9,0.268,0.236,0.53,-0.00705824,-1.02372,1.01666
728de202-18a0-5eb4-b8c1-79f984916e31,2012,Iowa,B10,So,19.8,73.6,22.1,0.5207999999999999,4.4,10.8,24.0,15.6,1.5,3.0,44.2,0.393,0.176,0.723,4.69468,3.85034,0.844344
728de202-18a0-5eb4-b8c1-79f984916e31,2013,Iowa,B10,Jr,20.8,73.1,25.6,0.5274,3.5,10.8,23.2,16.9,0.8,2.3,40.9,0.319,0.339,0.818,5.69992,4.23604,1.46388
728de202-18a0-5eb4-b8c1-79f984916e31,2014,Iowa,B10,Sr,21.8,74.4,27.1,0.5278,2.9,8.6,23.6,12.0,0.8,3.4,45.6,0.349,0.342,0.714,7.32229,6.65276,0.669536
72ad2580-ea70-5c72-a0a4-3f9a45c691ce,2019,Rhode Island,A10,Fr,20.3,66.7,17.3,0.5064,7.8,14.5,7.4,17.4,1.2,1.8,22.8,0.311,0.447,0.648,0.932917,0.427404,0.505513
72ad2580-ea70-5c72-a0a4-3f9a45c691ce,2020,Rhode Island,A10,So,21.3,84.5,19.6,0.5143,6.2,15.7,6.6,16.6,0.9,1.8,19.9,0.321,0.401,0.662,1.76542,0.604776,1.16064
72ad2580-ea70-5c72-a0a4-3f9a45c691ce,2021,Connecticut,BE,Jr,22.3,71.7,19.0,0.5113,11.0,17.2,6.6,14.3,2.0,2.0,31.6,0.32,0.259,0.672,5.65371,3.50602,2.14769
72ad2580-ea70-5c72-a0a4-3f9a45c691ce,2022,Connecticut,BE,Sr,23.3,69.1,21.9,0.5402,8.1,17.9,12.1,15.7,1.6,1.5,28.0,0.43,0.312,0.689,4.50648,3.49522,1.01126
736000e2-1124-541b-908c-8c15a81571b9,2018,Radford,BSth,Fr,20.5,76.0,23.0,0.5122,1.9,13.9,23.4,14.9,0.8,2.4,37.4,0.297,0.332,0.768,1.22749,0.720368,0.507121
736000e2-1124-541b-908c-8c15a81571b9,2019,Radford,BSth,So,21.5,82.7,28.4,0.5363,2.0,16.6,36.2,17.8,0.3,3.1,35.8,0.259,0.22,0.758,3.73781,2.94241,0.795404
736000e2-1124-541b-908c-8c15a81571b9,2020,Radford,BSth,Jr,22.5,83.9,31.4,0.5889,2.3,16.1,36.1,13.5,0.7,2.3,44.1,0.404,0.254,0.82,6.62705,6.64808,-0.021028
736000e2-1124-541b-908c-8c15a81571b9,2021,Louisville,ACC,Sr,23.5,88.6,26.2,0.49119999999999997,2.2,12.4,26.2,12.7,0.3,2.2,32.7,0.321,0.199,0.815,5.13199,3.18305,1.94894
73724eed-5628-5c33-9024-3dbac7f27144,2023,Purdue,B10,Fr,19.9,75.4,19.0,0.5855,3.1,13.2,27.3,21.5,0.6,2.5,44.2,0.376,0.421,0.868,7.57649,4.4081,3.16839
73724eed-5628-5c33-9024-3dbac7f27144,2024,Purdue,B10,So,20.9,84.2,21.8,0.5436,2.6,16.1,38.4,21.1,0.4,2.7,21.2,0.431,0.332,0.795,9.0746,5.46663,3.60798
73724eed-5628-5c33-9024-3dbac7f27144,2025,Purdue,B10,Jr,21.9,92.6,26.6,0.5477000000000001,1.4,13.5,44.1,18.6,0.7,3.5,20.3,0.381,0.462,0.833,10.2365,7.20527,3.03122
73724eed-5628-5c33-9024-3dbac7f27144,2026,Purdue,B10,Sr,22.9,85.9,26.5,0.5515,2.4,10.3,43.0,19.5,0.7,3.0,26.8,0.362,0.395,0.825,8.51445,6.57263,1.94183
738ac034-0d6e-5edc-a98f-487ea4c59551,2008,Morehead St.,OVC,Fr,18.6,50.4,28.9,0.5138,20.1,30.3,4.4,17.3,5.3,3.6,33.8,0.0,0.009,0.544,-1.90949,-2.43075,0.521256
738ac034-0d6e-5edc-a98f-487ea4c59551,2009,Morehead St.,OVC,So,19.6,73.4,24.9,0.5552,17.1,34.3,11.1,18.3,7.6,3.5,53.1,0.25,0.012,0.576,7.88921,1.88458,6.00464
738ac034-0d6e-5edc-a98f-487ea4c59551,2010,Morehead St.,OVC,Jr,20.6,76.4,27.1,0.5817,15.8,37.3,4.1,18.0,7.9,3.1,61.6,0.0,0.008,0.591,3.98077,0.043576,3.93719
738ac034-0d6e-5edc-a98f-487ea4c59551,2011,Morehead St.,OVC,Sr,21.6,87.0,25.7,0.6098,19.9,30.9,7.3,18.2,8.1,3.4,68.9,0.0,0.0,0.579,8.60738,3.39083,5.21655
739df4ef-6865-5813-a227-a55a1362de62,2015,UCLA,P12,Fr,19.4,39.0,14.2,0.4828,10.6,16.4,2.7,12.5,7.9,1.5,17.4,0.0,0.0,0.609,3.58272,-0.301518,3.88424
739df4ef-6865-5813-a227-a55a1362de62,2016,UCLA,P12,So,20.4,64.2,17.5,0.6054999999999999,13.0,20.2,3.9,9.5,4.0,0.5,16.9,0.0,0.0,0.756,4.52493,3.11039,1.41454
739df4ef-6865-5813-a227-a55a1362de62,2017,UCLA,P12,Jr,21.4,55.7,16.8,0.6154,10.7,25.5,6.1,5.6,5.1,0.7,18.2,1.0,0.004,0.894,5.53445,3.30345,2.231
739df4ef-6865-5813-a227-a55a1362de62,2018,UCLA,P12,Sr,22.4,81.2,17.4,0.5767,9.1,25.8,7.8,9.9,2.8,1.1,17.4,0.402,0.335,0.828,4.99948,3.05958,1.9399
73a409e4-00c2-52b5-808f-c99637c2e538,2013,Georgia Tech,ACC,Fr,19.2,72.0,20.4,0.5041,7.1,11.9,11.0,11.6,0.4,1.6,30.8,0.333,0.332,0.629,3.51781,2.52807,0.989743
73a409e4-00c2-52b5-808f-c99637c2e538,2014,Georgia Tech,ACC,So,20.2,77.0,22.0,0.5024000000000001,6.3,9.9,14.2,14.4,0.5,1.6,42.2,0.341,0.266,0.674,2.33786,1.83822,0.499637
73a409e4-00c2-52b5-808f-c99637c2e538,2015,Georgia Tech,ACC,Jr,21.2,73.5,24.3,0.5283,6.6,14.8,13.4,16.4,0.5,2.6,48.6,0.288,0.233,0.763,6.34596,3.36807,2.97789
73a409e4-00c2-52b5-808f-c99637c2e538,2016,Georgia Tech,ACC,Sr,22.2,80.8,25.2,0.5889,3.2,8.8,19.8,15.2,1.4,1.6,63.5,0.342,0.298,0.823,7.34352,6.00477,1.33875
73b2c760-cfc6-5a11-bb2f-c3a2118a554c,2021,Appalachian St.,SB,Fr,19.5,19.0,14.5,0.4476,10.8,11.7,7.4,12.8,4.1,1.2,19.0,0.211,0.452,0.875,-1.85363,-1.77635,-0.0772754
73b2c760-cfc6-5a11-bb2f-c3a2118a554c,2022,Appalachian St.,SB,So,20.5,54.4,13.5,0.5868,6.8,12.1,5.6,10.8,1.3,1.1,15.9,0.333,0.6,0.609,1.70589,1.26743,0.438454
73b2c760-cfc6-5a11-bb2f-c3a2118a554c,2023,Appalachian St.,SB,Jr,21.5,70.4,15.9,0.5771000000000001,7.7,15.3,4.0,7.9,2.7,1.2,30.8,0.328,0.607,0.742,3.15368,2.41384,0.739845
73b2c760-cfc6-5a11-bb2f-c3a2118a554c,2024,Appalachian St.,SB,Sr,22.5,54.7,15.6,0.6406000000000001,9.4,11.9,6.0,14.6,3.6,1.3,28.5,0.346,0.491,0.681,4.52497,2.61587,1.9091
73b2c760-cfc6-5a11-bb2f-c3a2118a554c,2025,Appalachian St.,SB,Sr,23.5,88.0,23.1,0.5644,7.7,18.4,7.5,11.8,2.1,1.1,30.8,0.356,0.333,0.679,1.39605,0.477227,0.918826
73cac11d-f238-5685-bbb7-9eefa16d9605,2010,Michigan,B10,Fr,19.5,60.1,15.3,0.45299999999999996,2.2,7.4,21.3,27.0,0.8,1.7,37.2,0.184,0.314,0.622,-2.26343,-2.8752,0.611764
73cac11d-f238-5685-bbb7-9eefa16d9605,2011,Michigan,B10,So,20.5,86.4,29.5,0.5436,3.3,10.9,43.9,18.7,0.1,1.9,37.4,0.246,0.154,0.716,6.49962,4.85348,1.64614
73e6024b-0a79-53bd-9e54-e9692abd3ef9,2010,VCU,CAA,Fr,18.9,10.8,14.8,0.54,2.2,9.2,6.8,5.1,1.2,0.7,12.2,0.366,0.837,0.833,1.09805,3.24898,-2.15093
73e6024b-0a79-53bd-9e54-e9692abd3ef9,2011,VCU,CAA,So,19.9,7.8,23.2,0.4551,4.6,15.1,1.7,8.3,0.0,2.4,5.1,0.333,0.915,0.333,-3.69635,0.683405,-4.37976
73e6024b-0a79-53bd-9e54-e9692abd3ef9,2012,VCU,CAA,Jr,20.9,60.6,19.1,0.5584,4.0,12.4,4.3,13.1,0.3,3.0,17.1,0.381,0.826,0.843,4.07903,3.48011,0.598919
73e6024b-0a79-53bd-9e54-e9692abd3ef9,2013,VCU,A10,Sr,21.9,65.2,18.0,0.5962,2.6,11.8,4.5,10.9,0.4,2.0,7.6,0.403,0.863,0.704,5.5698,5.56971,9.04976e-05
74276a22-47d2-5dde-b160-ed729cb22835,2019,Northwestern,B10,Fr,19.3,22.9,17.3,0.41509999999999997,3.8,11.9,12.7,18.8,2.9,1.6,16.0,0.263,0.507,0.417,-1.17644,-3.59386,2.41743
74276a22-47d2-5dde-b160-ed729cb22835,2020,Northwestern,B10,So,20.3,62.9,20.7,0.4763,4.1,21.4,12.8,15.8,4.4,0.8,14.0,0.297,0.404,0.686,2.33074,-0.175164,2.5059
74276a22-47d2-5dde-b160-ed729cb22835,2021,Northwestern,B10,Jr,21.3,69.2,20.3,0.5650999999999999,3.5,24.6,14.0,13.7,3.1,1.3,16.7,0.344,0.306,0.771,4.77428,1.04459,3.72969
74276a22-47d2-5dde-b160-ed729cb22835,2022,Northwestern,B10,Sr,22.3,65.5,25.3,0.5843,4.3,22.9,22.1,12.7,5.0,0.7,23.4,0.457,0.283,0.763,6.78884,3.53534,3.2535
74276a22-47d2-5dde-b160-ed729cb22835,2023,North Carolina,ACC,Sr,23.3,67.4,17.7,0.547,4.3,17.7,10.3,17.9,3.7,0.7,37.5,0.32,0.431,0.816,3.921,0.855877,3.06512
747afeb6-857c-5380-bc23-4992091b3779,2014,Duke,ACC,Fr,19.3,76.4,31.6,0.5577000000000001,11.4,23.1,8.7,14.5,4.0,2.1,42.9,0.358,0.212,0.748,6.17496,4.10795,2.06701
74c6e43d-49d5-50eb-96e6-574874f8cbc2,2008,Kansas,B12,Fr,19.5,19.8,18.5,0.5760000000000001,13.1,28.6,2.7,21.2,12.3,2.1,44.9,0.0,0.0,0.714,7.55554,-0.0731831,7.62872
74c6e43d-49d5-50eb-96e6-574874f8cbc2,2009,Kansas,B12,So,20.5,73.8,21.4,0.6402,12.5,28.4,7.2,14.5,9.6,1.2,46.2,0.0,0.0,0.792,11.2305,4.0921,7.13841
74c6e43d-49d5-50eb-96e6-574874f8cbc2,2010,Kansas,B12,Jr,21.5,66.4,20.2,0.5961,13.6,25.4,5.8,16.4,13.0,1.6,60.0,0.0,0.0,0.679,11.5905,3.13507,8.45539
7500f788-cc0d-53a4-bf92-7759f46bcdd4,2012,Northern Illinois,MAC,Fr,18.7,61.2,31.2,0.4191,4.0,17.4,12.6,23.8,4.1,1.7,26.8,0.298,0.348,0.682,-5.40116,-4.90413,-0.497035
7500f788-cc0d-53a4-bf92-7759f46bcdd4,2013,Northern Illinois,MAC,So,19.7,41.5,36.7,0.426,6.3,22.0,13.0,21.8,3.1,3.3,21.6,0.277,0.356,0.772,-3.32044,-4.17758,0.857133
7500f788-cc0d-53a4-bf92-7759f46bcdd4,2015,Iowa St.,B12,Jr,21.7,38.5,21.1,0.48840000000000006,5.0,14.5,7.8,19.1,3.0,1.3,25.3,0.217,0.406,0.767,0.282705,-0.660234,0.942939
7500f788-cc0d-53a4-bf92-7759f46bcdd4,2016,Iowa St.,B12,Sr,22.7,76.9,20.7,0.5835,2.9,14.3,8.0,19.7,2.2,1.9,31.5,0.371,0.415,0.736,3.81608,2.29901,1.51707
75062bdc-c2ba-5fc4-8ee0-b0987495558d,2011,Tennessee,SEC,Fr,18.9,72.5,25.9,0.5396,7.5,20.6,10.4,14.3,3.4,1.4,42.3,0.303,0.189,0.753,4.71834,2.687,2.03134
754c2d55-43b9-5523-8224-aad55bbe6d64,2016,Princeton,Ivy,Fr,20.1,54.7,21.3,0.6768000000000001,3.4,8.5,10.6,13.9,0.8,2.8,43.3,0.459,0.607,0.897,5.71873,5.69967,0.0190566
754c2d55-43b9-5523-8224-aad55bbe6d64,2017,Princeton,Ivy,So,21.1,79.9,20.6,0.597,1.2,12.6,11.2,11.3,1.1,2.2,27.6,0.403,0.667,0.938,4.48028,3.19018,1.2901
754c2d55-43b9-5523-8224-aad55bbe6d64,2018,Princeton,Ivy,Jr,22.1,90.1,21.9,0.5969,2.0,16.4,10.0,11.5,0.2,1.3,23.9,0.391,0.555,0.882,1.51761,2.72654,-1.20893
754c2d55-43b9-5523-8224-aad55bbe6d64,2019,Princeton,Ivy,Sr,23.1,55.8,23.2,0.5706,1.5,16.6,10.6,11.8,0.6,2.4,27.0,0.36,0.615,0.869,4.51512,3.21851,1.2966
7554c62e-6e18-56c8-a432-2d334f6fd3c2,2020,Belmont,OVC,Fr,18.9,25.6,16.3,0.445,3.8,18.5,7.9,22.7,0.9,2.2,32.4,0.237,0.514,0.625,-3.56208,-4.09706,0.534975
7554c62e-6e18-56c8-a432-2d334f6fd3c2,2021,Belmont,OVC,So,19.9,63.0,18.3,0.5761,4.4,12.8,13.2,15.7,0.6,2.1,17.6,0.333,0.516,0.667,1.65778,1.69748,-0.0396984
7554c62e-6e18-56c8-a432-2d334f6fd3c2,2022,Belmont,OVC,Jr,20.9,78.2,22.2,0.6104999999999999,3.2,11.1,9.9,11.2,0.7,2.3,29.6,0.37,0.508,0.727,2.1197,3.0481,-0.928408
7554c62e-6e18-56c8-a432-2d334f6fd3c2,2023,Belmont,MVC,Sr,21.9,85.4,26.8,0.5802,2.3,15.4,16.7,14.2,0.5,2.3,27.7,0.416,0.425,0.694,2.45912,3.33468,-0.875559
756b728f-45fe-5cfa-a0b9-3b1e5baf71be,2019,Presbyterian,BSth,Fr,19.6,79.8,22.7,0.5798,2.7,10.3,8.1,10.2,0.9,1.5,19.3,0.383,0.621,0.841,0.171441,2.837,-2.66556
756b728f-45fe-5cfa-a0b9-3b1e5baf71be,2021,Baylor,B12,So,21.6,53.4,16.4,0.615,4.6,7.3,9.9,11.5,0.2,2.2,25.4,0.434,0.573,0.872,7.7265,6.87068,0.855825
756b728f-45fe-5cfa-a0b9-3b1e5baf71be,2022,Baylor,B12,Jr,22.6,69.6,21.2,0.5594,2.3,6.1,18.3,15.3,0.5,2.1,15.2,0.387,0.545,0.741,5.83861,5.25284,0.585778
756b728f-45fe-5cfa-a0b9-3b1e5baf71be,2023,Baylor,B12,Sr,23.6,78.9,22.8,0.5621,1.1,7.7,27.9,13.0,0.2,2.1,26.6,0.4,0.508,0.79,6.39764,6.96485,-0.567216
7576b449-71f9-5cb9-b4e7-3191e36c9dc7,2020,Florida,SEC,Fr,20.3,69.7,15.4,0.5595,4.3,10.6,4.9,15.4,4.7,2.5,44.7,0.361,0.324,0.798,6.48155,2.19499,4.28656
7576b449-71f9-5cb9-b4e7-3191e36c9dc7,2021,Florida,SEC,So,21.3,53.5,18.0,0.5353,4.0,9.8,10.4,23.0,4.4,3.5,43.0,0.318,0.344,0.673,5.54963,1.18087,4.36877
757a6e74-0ce3-50e5-bc31-4efa3a4ce995,2016,Lipscomb,ASun,Fr,19.7,51.5,25.4,0.5507,5.5,12.7,14.7,15.1,1.0,2.2,29.6,0.356,0.628,0.732,0.186868,2.15887,-1.972
757a6e74-0ce3-50e5-bc31-4efa3a4ce995,2017,Lipscomb,ASun,So,20.7,79.2,27.6,0.5988,4.5,15.0,15.3,13.6,0.7,1.4,50.7,0.353,0.566,0.722,2.07608,4.11945,-2.04337
757a6e74-0ce3-50e5-bc31-4efa3a4ce995,2018,Lipscomb,ASun,Jr,21.7,76.0,27.5,0.6156,4.7,15.7,12.1,14.1,0.8,1.7,55.7,0.378,0.517,0.809,3.56807,4.23835,-0.670287
757a6e74-0ce3-50e5-bc31-4efa3a4ce995,2019,Lipscomb,ASun,Sr,22.7,74.6,28.4,0.6158,2.6,17.4,12.9,14.3,0.9,1.4,43.8,0.403,0.579,0.857,4.14327,4.54461,-0.401335
7595ac84-f26d-5a39-803d-7569a3b5e8ae,2009,Tennessee,SEC,Fr,19.9,58.3,18.9,0.5299,3.4,9.7,11.0,18.4,1.3,1.5,24.2,0.357,0.489,0.625,2.49119,2.39178,0.0994168
7595ac84-f26d-5a39-803d-7569a3b5e8ae,2010,Tennessee,SEC,So,20.9,69.0,22.8,0.5216,3.7,9.7,9.0,19.0,0.8,2.0,21.7,0.333,0.399,0.588,2.30535,1.05168,1.25367
7595ac84-f26d-5a39-803d-7569a3b5e8ae,2011,Tennessee,SEC,Jr,21.9,68.4,28.6,0.5545,3.3,9.6,10.7,19.7,0.6,1.7,37.3,0.376,0.339,0.735,1.43011,2.0445,-0.614386
75e788dc-8c8e-5ed0-96ec-19ffdafd7dbb,2019,Creighton,BE,Fr,20.9,64.6,19.0,0.586,2.2,10.4,21.2,18.8,0.1,1.9,26.5,0.406,0.559,0.762,3.57222,2.92503,0.647188
75e788dc-8c8e-5ed0-96ec-19ffdafd7dbb,2020,Creighton,BE,So,21.9,87.1,23.7,0.6012,0.6,11.2,27.3,18.4,0.3,1.9,21.5,0.419,0.474,0.756,6.46226,5.97155,0.49071
75e788dc-8c8e-5ed0-96ec-19ffdafd7dbb,2021,Creighton,BE,Jr,22.9,77.9,23.3,0.6004,1.1,10.4,23.9,15.7,0.2,2.2,20.1,0.421,0.544,0.786,6.39164,5.47473,0.916905
7679fc34-e167-5126-8b28-2db92979101e,2008,Iowa St.,B12,So,20.5,56.6,26.5,0.5108,5.6,10.7,12.1,18.4,1.3,2.0,25.0,0.328,0.489,0.786,2.40132,1.40942,0.991902
76a93a09-ba9b-521e-a9c3-c8cbb968d57f,2019,Syracuse,ACC,Fr,19.6,40.0,20.4,0.5275,3.7,7.0,13.1,13.3,0.8,2.0,17.4,0.351,0.705,0.788,2.29256,3.39987,-1.10731
76a93a09-ba9b-521e-a9c3-c8cbb968d57f,2020,Syracuse,ACC,So,20.6,88.3,20.8,0.5307,1.2,4.6,12.8,11.5,0.7,1.8,12.8,0.369,0.603,0.714,2.22821,4.0212,-1.79299
76a93a09-ba9b-521e-a9c3-c8cbb968d57f,2021,Syracuse,ACC,Jr,21.6,80.4,22.7,0.5575,1.8,6.1,14.9,11.3,0.1,2.1,14.2,0.381,0.542,0.849,3.57666,5.10686,-1.5302
76a93a09-ba9b-521e-a9c3-c8cbb968d57f,2022,Syracuse,ACC,Sr,22.6,90.1,25.0,0.531,1.7,7.9,16.0,10.8,0.3,2.3,21.4,0.34,0.494,0.884,3.52532,5.15155,-1.62622
76faf438-7a30-5392-9086-3b9539081b98,2022,Ohio St.,B10,Fr,19.1,73.6,23.4,0.5943999999999999,3.5,10.5,14.7,15.1,1.0,1.6,29.8,0.411,0.28,0.833,4.21078,4.22882,-0.0180358
7743e13e-d9aa-5786-b725-1ccdd1c66b82,2017,Kansas,B12,Fr,20.4,74.0,27.3,0.5595,8.7,17.4,18.2,18.4,3.5,3.1,40.3,0.378,0.21,0.566,9.00184,4.39964,4.6022
7797cce7-12c2-52c0-bdce-43c4d336e524,2021,Creighton,BE,Fr,19.4,34.2,19.4,0.626,12.9,15.1,4.5,11.1,10.0,0.8,36.3,0.0,0.016,0.489,6.93254,2.19999,4.73256
7797cce7-12c2-52c0-bdce-43c4d336e524,2022,Creighton,BE,So,20.4,70.6,20.0,0.6742,16.0,12.9,6.7,13.8,8.5,0.9,48.1,0.25,0.045,0.736,10.6905,5.23467,5.45582
7797cce7-12c2-52c0-bdce-43c4d336e524,2023,Creighton,BE,Jr,21.4,73.6,19.4,0.7253000000000001,9.5,12.0,7.8,13.6,5.9,1.1,38.7,0.316,0.06,0.795,10.453,5.51494,4.93804
7797cce7-12c2-52c0-bdce-43c4d336e524,2024,Creighton,BE,Sr,22.4,84.4,21.0,0.6805,9.3,15.2,7.1,12.1,7.6,0.6,39.9,0.296,0.145,0.711,9.68394,4.78198,4.90195
7797cce7-12c2-52c0-bdce-43c4d336e524,2025,Creighton,BE,Sr,23.4,83.1,22.3,0.6843,8.8,18.4,10.0,11.2,7.3,0.9,38.6,0.344,0.147,0.681,11.0027,5.6105,5.39221
77c76024-cdae-5dba-8149-fcc5e73b373b,2013,Michigan,B10,Fr,21.1,49.3,21.2,0.5881000000000001,15.5,22.1,6.4,18.3,4.0,3.4,23.1,0.0,0.0,0.44,8.35049,3.87283,4.47766
77c76024-cdae-5dba-8149-fcc5e73b373b,2014,Michigan,B10,So,22.1,13.2,24.1,0.5722999999999999,15.5,27.2,12.6,17.5,3.2,4.9,43.6,0.0,0.036,0.667,10.7783,4.60554,6.17279
77c7c29e-e718-5ce8-a08b-7ed1cbe8cab0,2014,Arizona,P12,Fr,19.5,62.3,20.4,0.5444,10.4,15.7,11.0,13.9,4.3,1.8,61.1,0.2,0.04,0.682,8.48341,2.75044,5.73297
77c7c29e-e718-5ce8-a08b-7ed1cbe8cab0,2015,Arizona,P12,So,20.5,71.5,20.9,0.5733,9.0,20.1,10.1,15.5,3.4,2.4,74.5,0.207,0.105,0.707,9.42159,3.68014,5.74144
77d3712e-b152-559f-9cd8-309c2263cc85,2013,Houston,CUSA,Fr,20.0,69.9,22.4,0.5477000000000001,6.0,12.8,12.4,16.7,0.9,1.9,57.2,0.319,0.33,0.718,0.853964,2.37889,-1.52492
77d3712e-b152-559f-9cd8-309c2263cc85,2014,Houston,Amer,So,21.0,51.6,25.9,0.5344,6.8,14.4,14.1,17.3,2.6,1.6,40.1,0.333,0.409,0.699,2.17427,2.98224,-0.807974
77d3712e-b152-559f-9cd8-309c2263cc85,2015,Texas A&M,SEC,Jr,22.0,63.5,23.7,0.5436,3.2,10.4,14.2,15.4,2.5,1.3,37.3,0.4,0.517,0.643,4.75942,3.55768,1.20174
77d3712e-b152-559f-9cd8-309c2263cc85,2016,Texas A&M,SEC,Sr,23.0,74.3,25.0,0.5153,3.8,12.8,13.9,13.3,1.2,1.0,35.4,0.309,0.521,0.715,4.51124,3.2783,1.23294
77f9fa89-454c-5a2e-9ed8-9005f71cade0,2019,Vanderbilt,SEC,Fr,19.7,72.2,19.8,0.5365,4.2,17.3,10.8,16.0,2.1,1.4,27.5,0.337,0.601,0.825,2.17843,0.993093,1.18534
77f9fa89-454c-5a2e-9ed8-9005f71cade0,2020,Vanderbilt,SEC,So,20.7,38.8,23.7,0.6853,2.5,13.9,6.9,11.6,2.6,2.3,30.7,0.522,0.561,0.825,6.21376,6.24539,-0.0316268
7807a3d7-16ad-56b5-b2d9-b7aa535628a4,2008,South Florida,BE,Fr,19.5,86.9,23.7,0.5747,4.6,10.1,18.1,16.2,0.8,2.6,42.1,0.353,0.397,0.759,6.0795,5.13397,0.94553
7807a3d7-16ad-56b5-b2d9-b7aa535628a4,2009,South Florida,BE,So,20.5,93.3,28.4,0.5173,5.8,10.9,28.7,15.8,1.1,2.3,37.1,0.309,0.38,0.708,7.79211,6.0871,1.70501
7807a3d7-16ad-56b5-b2d9-b7aa535628a4,2010,South Florida,BE,Jr,21.5,92.0,30.2,0.5622,3.6,14.9,24.4,16.0,1.6,2.8,57.2,0.311,0.339,0.741,8.39944,5.90239,2.49705
787d729b-17d4-5647-affe-64a684497579,2020,Houston,Amer,Fr,19.8,57.7,17.0,0.5112,1.4,9.7,13.9,14.2,0.5,1.6,14.8,0.352,0.726,0.758,3.82643,3.26511,0.561322
787d729b-17d4-5647-affe-64a684497579,2021,Houston,Amer,So,20.8,74.5,20.5,0.521,1.4,7.8,13.9,11.0,0.1,2.7,17.3,0.335,0.66,0.852,5.71069,5.29672,0.41397
787d729b-17d4-5647-affe-64a684497579,2022,Houston,Amer,Jr,21.8,25.0,24.7,0.6004999999999999,0.9,9.2,16.0,16.8,0.3,4.0,24.7,0.437,0.652,0.744,7.27437,5.70948,1.56488
787d729b-17d4-5647-affe-64a684497579,2023,Houston,Amer,Sr,22.8,74.9,24.9,0.598,1.4,8.9,19.6,12.9,0.7,3.2,34.7,0.384,0.575,0.848,8.28721,6.80539,1.48182
78bacf1a-a702-5a2f-965b-2b450b7089e3,2021,Arizona,P12,Fr,19.0,61.9,18.7,0.6249,5.8,16.3,9.2,14.5,0.3,1.6,41.7,0.418,0.487,0.846,6.32757,5.43475,0.89282
78bacf1a-a702-5a2f-965b-2b450b7089e3,2022,Arizona,P12,So,20.0,80.6,23.5,0.5770000000000001,5.1,12.6,13.8,12.9,0.8,1.6,36.9,0.372,0.462,0.764,5.85641,5.47535,0.381058
78fb0b75-7780-52de-83e3-ddbba186e0ca,2018,Kentucky,SEC,Fr,18.9,80.7,23.0,0.5569,3.3,14.5,8.7,17.5,1.0,1.5,37.2,0.341,0.379,0.774,3.72134,2.70937,1.01197
7905e1b0-aa70-5c61-a12b-b16b4c907325,2016,UNLV,MWC,Fr,19.8,51.8,21.9,0.5099,9.0,26.1,6.5,19.5,7.2,1.0,48.3,0.25,0.078,0.636,-0.140458,-3.78424,3.64378
79436b3b-ec25-56c4-a5c1-f86309117723,2014,Kentucky,SEC,Fr,18.8,34.1,19.8,0.5478000000000001,17.0,15.0,4.2,13.7,4.3,1.0,59.0,0.0,0.0,0.447,4.20336,3.01686,1.1865
79436b3b-ec25-56c4-a5c1-f86309117723,2015,Kentucky,SEC,So,19.8,40.3,23.1,0.5526,13.4,19.1,8.9,17.9,6.1,1.4,92.3,0.0,0.0,0.625,7.8921,2.51405,5.37805
79626bf4-3616-5c43-a41a-17dc432363ef,2010,Duke,ACC,Fr,19.2,13.8,12.1,0.42840000000000006,3.1,16.1,10.1,18.1,6.2,2.2,13.3,0.263,0.422,0.667,6.36173,-0.0737488,6.43548
79626bf4-3616-5c43-a41a-17dc432363ef,2011,Duke,ACC,So,20.2,50.2,14.9,0.602,6.6,13.4,7.3,15.3,6.1,1.9,22.3,0.319,0.375,0.805,9.40866,3.78969,5.61897
79626bf4-3616-5c43-a41a-17dc432363ef,2012,Duke,ACC,Jr,21.2,58.6,21.5,0.5967,8.2,15.3,8.6,14.5,3.5,1.7,58.1,0.408,0.407,0.807,7.51868,5.20789,2.31078
79626bf4-3616-5c43-a41a-17dc432363ef,2013,Duke,ACC,Sr,22.2,46.1,20.8,0.5864,6.9,14.3,11.0,9.7,5.4,1.4,40.1,0.422,0.392,0.812,10.0128,6.08987,3.92295
7985a0e9-7853-5ec8-9da9-d249ef1fc9ad,2016,Kentucky,SEC,Fr,20.3,39.0,20.9,0.54,7.3,14.6,3.6,16.3,10.3,0.9,32.6,0.0,0.011,0.661,4.95833,0.045965,4.91236
79884c1e-e147-543d-a018-846dd5b6294b,2020,Wichita St.,Amer,Fr,20.8,61.1,17.0,0.5581,1.7,7.8,11.2,11.3,0.4,2.7,33.2,0.388,0.708,0.8,5.6838,3.59216,2.09163
79884c1e-e147-543d-a018-846dd5b6294b,2021,Wichita St.,Amer,So,21.8,86.4,22.5,0.546,1.7,8.5,14.8,7.8,0.3,1.6,40.6,0.394,0.594,0.764,5.2806,5.82517,-0.544576
79884c1e-e147-543d-a018-846dd5b6294b,2022,Wichita St.,Amer,So,22.8,81.5,23.7,0.4915,1.4,8.2,13.6,14.7,0.1,2.0,22.2,0.326,0.605,0.768,0.66923,1.72252,-1.05329
79a65bc1-a376-578e-9710-3fd4cb169eeb,2013,Murray St.,OVC,Fr,19.5,14.6,14.0,0.38689999999999997,8.4,16.1,3.3,24.6,0.6,1.4,2.7,0.167,0.324,1.0,-6.48124,-4.72628,-1.75497
79a65bc1-a376-578e-9710-3fd4cb169eeb,2015,Louisiana Tech,CUSA,So,21.5,60.9,23.5,0.5619,6.7,19.6,4.9,15.4,1.9,1.8,33.4,0.333,0.328,0.702,-0.0262663,0.342063,-0.36833
79a65bc1-a376-578e-9710-3fd4cb169eeb,2016,Louisiana Tech,CUSA,Jr,22.5,71.6,24.6,0.5447,4.5,21.1,7.8,16.4,1.5,1.1,40.2,0.352,0.363,0.711,-2.23146,-1.32241,-0.909053
79a65bc1-a376-578e-9710-3fd4cb169eeb,2017,Louisiana Tech,CUSA,Sr,23.5,80.2,26.3,0.5813,6.0,25.4,8.6,17.7,1.6,0.7,39.7,0.372,0.344,0.766,-0.689353,-0.10892,-0.580433
79ba59d3-6356-5dbf-b02b-cd3335aa9189,2011,Ohio St.,B10,Fr,19.8,34.9,27.1,0.5627,15.1,16.5,6.8,13.3,1.3,1.7,26.9,0.328,0.292,0.797,5.09831,5.31304,-0.214733
79ba59d3-6356-5dbf-b02b-cd3335aa9189,2012,Ohio St.,B10,So,20.8,78.5,21.9,0.5954999999999999,9.9,10.7,6.0,10.4,0.9,0.7,23.8,0.345,0.31,0.748,7.47451,6.63865,0.835864
79ba59d3-6356-5dbf-b02b-cd3335aa9189,2013,Ohio St.,B10,Jr,21.8,88.1,27.0,0.5517,5.8,14.0,8.6,9.1,1.0,0.9,28.9,0.344,0.358,0.834,5.53299,5.71112,-0.178122
79cb530f-98eb-5ec0-a7d6-e1241e0c11df,2016,Indiana,B10,Fr,19.2,19.4,13.5,0.6425,10.6,17.1,2.8,23.5,4.0,1.9,73.2,0.455,0.268,0.8,3.86025,1.813,2.04725
79cb530f-98eb-5ec0-a7d6-e1241e0c11df,2017,Indiana,B10,So,20.2,51.9,16.6,0.6212,11.0,17.2,8.2,17.2,4.2,1.5,56.1,0.25,0.255,0.739,6.51131,4.14079,2.37052
79cb530f-98eb-5ec0-a7d6-e1241e0c11df,2018,Indiana,B10,Jr,21.2,72.7,25.7,0.6142,10.7,18.5,12.0,12.8,5.4,2.4,49.9,0.302,0.157,0.631,9.28822,5.30738,3.98084
79cb530f-98eb-5ec0-a7d6-e1241e0c11df,2019,Indiana,B10,Sr,22.2,73.4,25.3,0.605,9.9,21.0,14.1,15.0,5.8,2.3,35.3,0.295,0.229,0.647,9.64684,4.74085,4.90599
79e98036-6437-58f9-af04-858301716057,2021,Utah St.,MWC,Fr,19.0,13.9,17.9,0.45289999999999997,6.5,23.6,8.8,33.0,0.0,3.3,15.8,0.3,0.526,0.833,-1.78329,-4.29489,2.5116
79e98036-6437-58f9-af04-858301716057,2022,Utah St.,MWC,So,20.0,31.2,16.9,0.6711,4.9,12.9,14.5,22.7,0.3,2.8,59.5,0.462,0.494,0.766,4.64944,2.67983,1.96961
79e98036-6437-58f9-af04-858301716057,2023,Utah St.,MWC,Jr,21.0,78.1,21.2,0.5852,2.4,14.0,22.5,19.6,1.0,1.4,47.9,0.364,0.504,0.824,4.77561,3.28502,1.49059
79e98036-6437-58f9-af04-858301716057,2024,VCU,A10,Sr,22.0,79.5,21.2,0.6431999999999999,1.4,14.6,23.5,17.7,1.0,1.7,49.2,0.415,0.633,0.876,5.85562,4.54266,1.31295
79e98036-6437-58f9-af04-858301716057,2025,VCU,A10,Sr,23.0,83.2,22.5,0.5935,5.8,14.1,23.2,13.9,0.4,3.3,51.4,0.387,0.534,0.782,8.54062,6.35988,2.18075
7a10afce-2b0d-529e-8f6a-26c515a3257c,2021,Clemson,ACC,Fr,19.0,22.1,18.3,0.43229999999999996,10.4,13.2,5.7,12.7,1.8,1.2,42.3,0.167,0.346,0.682,0.0267687,-0.934457,0.961226
7a10afce-2b0d-529e-8f6a-26c515a3257c,2022,Marquette,BE,Fr,20.0,51.5,16.1,0.5616,3.3,13.4,7.9,15.2,0.6,2.4,30.3,0.317,0.364,0.82,1.87011,0.88643,0.983678
7a10afce-2b0d-529e-8f6a-26c515a3257c,2023,Marquette,BE,Jr,21.0,71.6,19.8,0.6169,7.1,12.3,4.0,14.0,0.5,1.8,51.5,0.339,0.392,0.735,3.54127,3.50283,0.0384319
7a432d2d-51a9-540a-9fc5-4ab734961b64,2010,UAB,CUSA,Jr,21.5,82.0,29.7,0.5159,9.5,24.5,13.5,21.5,1.1,3.1,56.5,0.241,0.189,0.695,4.60934,0.564908,4.04443
7a67805c-78d2-5da4-8f72-fa270cc38067,2016,SMU,Amer,Fr,19.7,81.7,15.0,0.6029,1.1,8.9,14.0,18.8,1.0,1.5,21.5,0.426,0.515,0.725,3.65537,3.04151,0.613865
7a67805c-78d2-5da4-8f72-fa270cc38067,2017,SMU,Amer,So,20.7,88.4,19.3,0.5815,1.5,11.7,24.2,16.3,1.2,2.2,26.1,0.423,0.557,0.758,7.01439,5.19082,1.82357
7a67805c-78d2-5da4-8f72-fa270cc38067,2018,SMU,Amer,Jr,21.7,60.6,24.7,0.606,2.1,13.5,25.9,15.7,2.3,2.4,40.5,0.434,0.471,0.847,5.70199,4.46513,1.23686
7a7488fe-e452-5bfb-a57a-97e5617438be,2016,Oregon St.,P12,Fr,19.4,53.2,18.0,0.5841,7.1,16.5,3.7,20.5,6.5,1.1,35.1,0.0,0.0,0.627,1.68989,-1.47025,3.16014
7a7488fe-e452-5bfb-a57a-97e5617438be,2017,Oregon St.,P12,So,20.4,80.1,23.7,0.6086,9.1,21.3,9.7,23.6,7.6,1.2,47.4,0.0,0.0,0.708,2.52056,-1.26459,3.78515
7a7488fe-e452-5bfb-a57a-97e5617438be,2018,Oregon St.,P12,Jr,21.4,77.2,19.1,0.6459999999999999,7.3,18.7,7.3,17.2,6.4,0.9,51.0,0.0,0.0,0.701,3.72837,0.649755,3.07862
7a969f92-137d-51e6-8405-ed0e0e3b6734,2011,Virginia,ACC,Fr,19.8,72.8,20.1,0.5696,4.6,14.0,10.3,17.3,1.5,1.9,22.7,0.417,0.609,0.759,5.13301,3.00904,2.12397
7a969f92-137d-51e6-8405-ed0e0e3b6734,2012,Virginia,ACC,So,20.8,75.4,21.1,0.5697,4.1,12.1,13.0,14.7,1.5,1.6,33.6,0.38,0.471,0.772,5.82011,3.11831,2.7018
7a969f92-137d-51e6-8405-ed0e0e3b6734,2013,Virginia,ACC,Jr,21.8,81.1,26.3,0.5947,3.5,11.9,16.1,15.2,1.8,1.8,36.8,0.425,0.444,0.74,6.83485,5.37908,1.45577
7a969f92-137d-51e6-8405-ed0e0e3b6734,2014,Virginia,ACC,Sr,22.8,71.8,22.1,0.5648,2.7,9.8,18.1,13.4,0.9,2.2,33.7,0.4,0.533,0.64,8.34568,5.65361,2.69207
7aa8791e-4372-58f7-afcd-df2ee5a60f56,2021,Saint Joseph's,A10,Fr,19.4,77.2,22.2,0.5078,2.7,17.8,35.2,22.9,0.2,2.2,27.2,0.351,0.511,0.76,2.02278,1.60729,0.415487
7aa8791e-4372-58f7-afcd-df2ee5a60f56,2022,Saint Joseph's,A10,So,20.4,87.5,26.6,0.4964,3.1,17.7,35.0,21.7,0.5,2.0,14.2,0.362,0.47,0.737,3.68198,1.74512,1.93686
7ab9cb8f-9181-5f74-82d5-db8a380a5559,2012,Furman,SC,Fr,18.9,46.7,20.6,0.4783,3.5,14.6,18.5,24.4,0.8,1.7,39.9,0.275,0.37,0.673,-2.28732,-2.11545,-0.171862
7ab9cb8f-9181-5f74-82d5-db8a380a5559,2013,Furman,SC,So,19.9,2.0,16.5,0.31370000000000003,0.0,26.7,37.7,0.0,0.0,0.0,125.0,0.0,0.25,0.4,-7.695,-2.77969,-4.91531
7ad061c2-68bb-5af3-9685-4503cbdd3a6d,2009,Washington,P10,Fr,20.4,70.1,27.7,0.5083,2.8,9.0,18.0,18.6,0.2,1.9,48.5,0.29,0.31,0.688,3.69057,2.76309,0.927486
7ad061c2-68bb-5af3-9685-4503cbdd3a6d,2010,Washington,P10,So,21.4,75.4,26.0,0.5399,2.1,11.9,19.5,16.1,0.3,1.9,47.5,0.327,0.444,0.732,5.28123,4.55667,0.724559
7ad061c2-68bb-5af3-9685-4503cbdd3a6d,2011,Washington,P10,Jr,22.4,79.1,27.2,0.5625,2.5,9.5,32.7,19.0,0.2,2.3,49.8,0.349,0.408,0.719,6.34615,6.19259,0.153558
7c10084c-7a6f-5dff-ba57-893ce26b638b,2008,Gonzaga,WCC,Fr,19.1,20.1,18.2,0.4971,8.4,13.8,4.6,17.8,2.5,1.5,65.1,0.0,0.0,0.634,-0.711145,-1.30368,0.592535
7c10084c-7a6f-5dff-ba57-893ce26b638b,2009,Gonzaga,WCC,So,20.1,3.3,16.7,0.6944,19.7,16.3,0.0,15.8,4.9,1.3,114.3,0.0,0.0,0.625,1.64073,2.97399,-1.33325
7c10084c-7a6f-5dff-ba57-893ce26b638b,2010,Gonzaga,WCC,So,21.1,63.0,22.2,0.5593,9.1,14.8,4.6,20.2,7.8,1.6,75.6,1.0,0.004,0.629,3.73184,-0.575924,4.30777
7c10084c-7a6f-5dff-ba57-893ce26b638b,2011,Gonzaga,WCC,Jr,22.1,64.8,25.0,0.5839,12.0,16.8,8.5,19.5,8.0,1.7,68.7,0.0,0.004,0.825,6.50305,1.26177,5.24127
7c10084c-7a6f-5dff-ba57-893ce26b638b,2012,Gonzaga,WCC,Sr,23.1,65.4,22.9,0.5952000000000001,9.9,18.1,5.7,18.1,5.8,0.8,86.0,0.0,0.009,0.761,4.15135,1.15911,2.99224
7c606a83-3e4a-5971-8649-3fb579463804,2008,Arizona,P10,Fr,19.5,77.8,28.8,0.6127,1.6,7.5,24.9,17.7,0.3,1.7,57.8,0.415,0.384,0.836,5.50823,6.16698,-0.658748
7c994cfb-8821-5268-b6e3-a260ada6e74d,2017,Kentucky,SEC,Fr,19.5,69.8,27.6,0.5481,2.1,12.2,28.6,15.8,0.7,2.7,47.1,0.246,0.154,0.739,7.08711,4.36594,2.72117
7cad316c-b335-5b56-9a69-bb04d7123fba,2015,UT Arlington,SB,Fr,19.0,54.3,19.7,0.47409999999999997,9.8,19.9,7.0,18.0,1.4,1.6,23.4,0.264,0.537,0.729,-0.579828,-0.0180895,-0.561739
7cad316c-b335-5b56-9a69-bb04d7123fba,2016,UT Arlington,SB,So,20.0,33.3,27.6,0.5516,7.5,26.5,20.5,16.0,3.2,1.2,33.3,0.303,0.412,0.764,5.77414,3.13103,2.64311
7cad316c-b335-5b56-9a69-bb04d7123fba,2017,UT Arlington,SB,Jr,21.0,68.4,27.9,0.562,5.8,27.8,16.0,13.7,1.9,2.3,34.5,0.321,0.43,0.753,5.95162,3.65108,2.30055
7cad316c-b335-5b56-9a69-bb04d7123fba,2018,UT Arlington,SB,Sr,22.0,80.3,29.5,0.5527000000000001,8.0,20.1,15.2,15.5,2.2,2.1,25.7,0.339,0.417,0.807,3.64299,2.81182,0.83117
7cb75642-cac6-5de5-b7c2-d9e2173b5042,2021,Tulane,Amer,Fr,18.6,64.9,15.6,0.5134000000000001,2.0,13.4,16.2,24.8,1.1,2.8,58.8,0.28,0.245,0.65,0.140319,-2.37201,2.51232
7cb75642-cac6-5de5-b7c2-d9e2173b5042,2022,Tulane,Amer,So,19.6,86.8,14.2,0.5091,1.5,12.0,18.4,18.4,1.7,2.6,42.0,0.333,0.324,0.703,3.26908,1.0786,2.19048
7cb75642-cac6-5de5-b7c2-d9e2173b5042,2023,Tulane,Amer,So,20.6,91.7,13.3,0.5821999999999999,2.1,11.7,15.3,13.4,2.4,2.9,47.4,0.317,0.389,0.71,4.65351,2.10121,2.5523
7cb75642-cac6-5de5-b7c2-d9e2173b5042,2024,Tulane,Amer,Jr,21.6,91.2,17.0,0.6154,3.1,12.6,13.3,10.3,2.3,2.4,49.5,0.385,0.394,0.679,3.66115,3.16969,0.491458
7cb75642-cac6-5de5-b7c2-d9e2173b5042,2025,Duke,ACC,Jr,22.6,63.9,17.1,0.6352,3.7,14.2,18.9,16.6,1.1,1.9,46.1,0.413,0.346,0.81,8.7686,5.12132,3.64728
7d00a0a6-0785-5f4b-981c-505ebe439a60,2025,Duke,ACC,Fr,18.5,72.8,30.8,0.5926,5.5,21.2,26.8,13.5,4.9,2.8,42.9,0.385,0.272,0.84,14.1669,7.20267,6.96426
7d01ef0b-f2dc-5e14-affb-f88e4736e9e3,2025,BYU,B12,Fr,19.3,62.0,25.8,0.5088,1.3,14.8,34.6,24.2,1.7,2.5,26.8,0.273,0.503,0.695,5.03765,2.98567,2.05198
7d04c79a-968e-5086-9c40-b650905c2f71,2010,Connecticut,BE,Fr,20.0,61.3,12.8,0.4829,10.8,17.5,2.6,19.0,6.0,0.9,58.4,0.0,0.007,0.537,2.21715,-0.837734,3.05489
7d04c79a-968e-5086-9c40-b650905c2f71,2011,Connecticut,BE,So,21.0,71.4,18.1,0.5346,14.5,18.0,2.5,12.9,5.6,0.8,45.7,0.0,0.0,0.63,4.52579,2.14748,2.37831
7d04c79a-968e-5086-9c40-b650905c2f71,2012,Connecticut,BE,Jr,22.0,53.1,18.5,0.5108,9.6,15.0,2.8,18.7,6.4,0.3,38.3,0.0,0.0,0.569,0.108255,-1.40873,1.51699
7d04c79a-968e-5086-9c40-b650905c2f71,2013,Missouri,SEC,Sr,23.0,64.1,19.0,0.6738,14.1,21.5,2.6,16.5,6.4,1.3,65.7,0.0,0.0,0.746,6.86739,3.94463,2.92276
7d119d54-754e-534d-be4e-7e17875be0f3,2017,Boston College,ACC,Fr,20.0,71.9,24.7,0.609,3.1,16.6,20.6,22.6,0.5,2.2,32.0,0.449,0.425,0.712,3.30409,2.4513,0.85279
7d119d54-754e-534d-be4e-7e17875be0f3,2018,Boston College,ACC,So,21.0,94.5,25.3,0.5344,2.4,17.3,24.4,18.8,1.0,2.2,23.0,0.362,0.427,0.807,4.19017,2.98943,1.20074
7d119d54-754e-534d-be4e-7e17875be0f3,2019,Boston College,ACC,Jr,22.0,96.7,26.4,0.5272,2.3,18.2,22.9,16.0,1.6,2.1,32.0,0.374,0.435,0.761,4.7484,3.20678,1.54162
7d28a1c6-87c5-5bf4-a6ae-4541f85b9db6,2010,Georgia Tech,ACC,Fr,19.5,44.6,16.6,0.5104,7.8,9.7,16.0,22.2,2.7,3.2,28.5,0.439,0.377,0.558,7.33348,3.2454,4.08807
7d28a1c6-87c5-5bf4-a6ae-4541f85b9db6,2011,Georgia Tech,ACC,So,20.5,70.8,25.5,0.502,7.0,16.3,20.4,18.2,1.6,3.0,29.4,0.302,0.401,0.637,3.98732,1.99729,1.99003
7d28a1c6-87c5-5bf4-a6ae-4541f85b9db6,2012,Georgia Tech,ACC,Jr,21.5,50.4,25.7,0.5386,8.0,18.8,19.1,18.8,3.3,2.8,29.6,0.333,0.404,0.606,6.37208,3.49485,2.87723
7d7d25c2-e220-5d45-a552-f76de6d91aab,2012,Notre Dame,BE,Fr,19.5,59.4,15.6,0.5467,4.9,16.7,7.9,12.2,0.6,1.3,18.4,0.342,0.597,0.757,2.81953,1.93055,0.888978
7d7d25c2-e220-5d45-a552-f76de6d91aab,2013,Notre Dame,BE,So,20.5,78.0,14.0,0.5788,2.8,14.3,12.8,12.7,1.1,0.9,19.6,0.377,0.629,0.708,6.04826,4.21216,1.8361
7d7d25c2-e220-5d45-a552-f76de6d91aab,2014,Notre Dame,ACC,Jr,21.5,91.2,17.8,0.589,3.9,19.6,15.6,10.3,1.7,1.7,19.2,0.378,0.586,0.833,7.01146,5.39668,1.61478
7d7d25c2-e220-5d45-a552-f76de6d91aab,2015,Notre Dame,ACC,Sr,22.5,87.4,16.7,0.6146,4.2,20.4,7.6,12.2,2.7,1.3,18.0,0.423,0.618,0.781,7.48351,5.57805,1.90546
7d9652f1-798f-5965-b940-ffe31297e8bc,2017,East Carolina,Amer,Fr,19.3,38.8,21.7,0.47659999999999997,2.4,9.5,14.6,12.8,2.2,1.6,47.6,0.273,0.53,0.684,-0.0698767,-0.340078,0.270201
7d9652f1-798f-5965-b940-ffe31297e8bc,2019,Syracuse,ACC,Jr,21.3,81.2,20.6,0.5653,2.3,12.6,10.0,16.3,3.5,2.3,25.3,0.37,0.639,0.742,5.34582,3.12252,2.22329
7d9652f1-798f-5965-b940-ffe31297e8bc,2020,Syracuse,ACC,Jr,22.3,91.1,25.5,0.5609000000000001,1.3,13.3,20.1,14.2,2.9,1.8,35.8,0.342,0.491,0.813,5.75544,5.03205,0.723388
7ddfa4f1-1496-50ad-9f7b-96e20b24a952,2022,Auburn,SEC,Fr,19.1,70.9,26.2,0.5715,3.5,23.4,13.8,14.0,3.8,2.1,38.5,0.422,0.439,0.799,7.00491,4.03035,2.97456
7de1ac53-a938-5087-a23e-3a7905599d0c,2014,Kentucky,SEC,Fr,19.7,80.7,20.0,0.555,2.3,7.8,11.6,14.9,0.9,2.0,42.8,0.356,0.423,0.79,5.45272,4.3337,1.11902
7de1ac53-a938-5087-a23e-3a7905599d0c,2015,Kentucky,SEC,So,20.7,63.8,21.1,0.5144,1.9,9.2,11.1,10.3,0.6,2.7,27.3,0.316,0.505,0.782,7.44538,4.87938,2.56599
7def6348-b679-559b-a9c3-8a9e6624cc13,2022,Michigan,B10,Fr,20.4,58.5,20.1,0.5647,11.9,17.0,6.2,17.5,3.7,0.8,38.9,0.214,0.065,0.619,3.56742,1.77153,1.79589
7df1e285-86f5-5927-9740-4c6045086c81,2017,Cincinnati,Amer,Fr,19.8,46.1,21.2,0.6025,6.3,8.3,14.9,15.1,1.6,3.1,43.3,0.355,0.532,0.644,7.40351,5.24862,2.15488
7df1e285-86f5-5927-9740-4c6045086c81,2018,Cincinnati,Amer,So,20.8,72.3,21.6,0.5286,5.0,10.4,18.9,17.1,1.5,2.2,34.1,0.339,0.525,0.678,6.3017,2.98696,3.31473
7df1e285-86f5-5927-9740-4c6045086c81,2019,Cincinnati,Amer,Jr,21.8,80.6,31.3,0.5366,4.1,12.4,25.6,16.7,1.6,2.2,41.2,0.388,0.402,0.773,6.77326,5.08116,1.6921
7df1e285-86f5-5927-9740-4c6045086c81,2020,Cincinnati,Amer,Sr,22.8,70.5,29.0,0.5326,2.1,11.1,31.6,23.1,2.2,1.9,61.0,0.313,0.472,0.753,3.80493,2.90201,0.902919
7e061285-31d4-59fa-b79c-25972b143aa7,2021,Duke,ACC,Fr,19.5,28.7,28.8,0.5791,7.9,25.3,20.5,23.8,6.0,3.1,35.2,0.444,0.167,0.632,7.16174,2.03203,5.1297
7e241264-d99c-5ab3-84c2-a78249cf2d42,2017,Washington St.,P12,Fr,19.1,82.6,18.0,0.5203,0.9,8.9,16.8,20.7,0.1,1.2,17.5,0.384,0.579,0.727,-1.03129,-0.125937,-0.905357
7e241264-d99c-5ab3-84c2-a78249cf2d42,2018,Washington St.,P12,So,20.1,82.8,25.3,0.5539000000000001,2.5,9.4,26.3,14.5,0.2,2.7,26.5,0.338,0.582,0.846,2.90656,4.68798,-1.78143
7e241264-d99c-5ab3-84c2-a78249cf2d42,2020,San Diego St.,MWC,Jr,22.1,84.8,27.1,0.5825,2.3,13.5,30.2,11.7,0.4,3.1,33.7,0.368,0.49,0.855,10.4193,8.04193,2.37739
7e418ad3-5c8f-5a00-838e-9224aaa8a38e,2009,Memphis,CUSA,Fr,19.5,72.2,33.0,0.5292,5.0,15.3,30.0,21.8,2.8,4.2,38.4,0.274,0.246,0.711,10.0383,3.86939,6.16888
7e8a8a9d-ab60-56e7-85c5-c1b963cd9f01,2021,Xavier,BE,Fr,19.1,49.1,16.8,0.5661,6.3,12.3,17.6,21.3,1.0,2.6,44.0,0.333,0.321,0.757,4.38002,2.19014,2.18988
7e8a8a9d-ab60-56e7-85c5-c1b963cd9f01,2022,Xavier,BE,So,20.1,80.2,19.9,0.5563,8.3,16.5,17.9,17.1,1.7,2.7,49.7,0.292,0.243,0.68,6.96002,4.0929,2.86712
7e8a8a9d-ab60-56e7-85c5-c1b963cd9f01,2023,Xavier,BE,Jr,21.1,82.4,22.1,0.5795,4.4,14.4,22.3,17.3,1.6,2.1,30.5,0.378,0.292,0.653,6.60437,4.50134,2.10303
7ea3ef46-e958-5dab-89be-31b4e993a709,2015,UNLV,MWC,Fr,19.7,70.9,19.3,0.5379,2.9,8.6,17.5,17.3,1.1,2.9,20.3,0.377,0.59,0.712,3.52269,3.0656,0.45709
7ea3ef46-e958-5dab-89be-31b4e993a709,2016,UNLV,MWC,So,20.7,83.4,20.3,0.5793,3.4,12.7,23.0,16.3,1.2,3.8,30.7,0.352,0.519,0.769,7.22139,4.20509,3.0163
7ea9d3d3-3154-514b-b698-049909ef58fa,2011,New Mexico,MWC,Fr,20.5,21.1,13.4,0.5868,10.1,11.5,4.0,21.4,2.3,1.0,39.2,0.5,0.039,0.6,1.54236,0.338729,1.20363
7ea9d3d3-3154-514b-b698-049909ef58fa,2012,New Mexico,MWC,So,21.5,36.7,16.0,0.5003,13.1,13.7,3.6,24.1,4.4,1.4,76.8,0.0,0.012,0.667,1.80948,-1.54445,3.35393
7ea9d3d3-3154-514b-b698-049909ef58fa,2013,New Mexico,MWC,Jr,22.5,59.9,23.1,0.5366,11.1,17.8,8.8,13.6,3.0,1.8,70.9,0.0,0.0,0.738,3.76419,1.11961,2.64458
7ea9d3d3-3154-514b-b698-049909ef58fa,2014,New Mexico,MWC,Sr,23.5,81.1,28.9,0.6114,8.5,16.6,11.8,12.8,4.9,1.0,70.0,0.333,0.007,0.735,6.02863,3.27029,2.75834
7eb74759-0aa8-5bb1-8631-35b4f60636bd,2023,Duke,ACC,Fr,19.2,73.0,19.1,0.5041,1.9,10.0,20.9,17.9,0.4,1.3,23.2,0.32,0.487,0.871,2.73531,1.85338,0.881922
7eb74759-0aa8-5bb1-8631-35b4f60636bd,2024,Duke,ACC,So,20.2,67.6,18.1,0.5451,0.6,10.8,21.7,13.5,0.3,1.3,17.3,0.352,0.581,0.755,4.46567,3.87021,0.595463
7eb74759-0aa8-5bb1-8631-35b4f60636bd,2025,Duke,ACC,Jr,21.2,72.9,18.7,0.5866,2.0,9.0,12.9,11.3,0.4,1.6,20.5,0.405,0.603,0.68,6.97787,5.34141,1.63646
7ece81d6-c4b8-5220-b12a-8c5cd94f2552,2015,USC,P12,Fr,19.2,53.5,24.9,0.4483,1.8,8.6,30.1,16.7,0.8,2.8,36.4,0.272,0.407,0.652,1.78868,1.62813,0.160553
7ece81d6-c4b8-5220-b12a-8c5cd94f2552,2016,USC,P12,So,20.2,79.7,21.0,0.5788,1.7,10.2,25.6,19.3,0.4,2.8,29.9,0.424,0.383,0.738,5.72044,4.49707,1.22337
7ece81d6-c4b8-5220-b12a-8c5cd94f2552,2017,USC,P12,Jr,21.2,85.0,20.8,0.569,2.7,8.9,29.6,17.9,0.3,2.5,33.7,0.402,0.331,0.798,3.52506,3.9041,-0.379041
7ece81d6-c4b8-5220-b12a-8c5cd94f2552,2018,USC,P12,Sr,22.2,87.0,22.4,0.5609000000000001,2.5,9.9,38.5,18.9,0.7,3.3,33.3,0.397,0.384,0.746,6.61349,5.11669,1.4968
7f042f1d-1e95-55a2-a840-f6c481013f50,2008,Texas,B12,So,20.5,15.9,24.9,0.5631,22.5,17.2,4.9,21.9,7.6,0.8,56.9,0.0,0.0,0.568,3.98721,1.98237,2.00484
7f042f1d-1e95-55a2-a840-f6c481013f50,2009,Texas,B12,Jr,21.5,41.1,27.9,0.6422,17.7,18.8,5.3,18.1,5.9,1.3,64.5,0.0,0.0,0.691,7.39724,5.33752,2.05972
7f042f1d-1e95-55a2-a840-f6c481013f50,2010,Texas,B12,Sr,22.5,47.1,24.4,0.6382,16.6,15.3,5.1,20.4,8.9,1.0,63.1,0.0,0.0,0.556,7.98227,3.90406,4.07821
7f28fdfb-6609-5bd9-a0ac-f94edb30f3c4,2024,Kentucky,SEC,Fr,20.5,51.5,18.0,0.5822999999999999,6.4,10.4,6.9,11.9,1.1,2.2,22.5,0.365,0.39,0.776,3.19723,3.79626,-0.599027
7f866a17-9480-5c03-9d1c-b1c23072566e,2020,Duke,ACC,Fr,18.8,47.6,20.1,0.5005,7.4,11.7,12.6,27.6,0.9,2.0,43.5,0.211,0.123,0.806,1.54942,-0.406234,1.95566
7f866a17-9480-5c03-9d1c-b1c23072566e,2021,Duke,ACC,So,19.8,68.1,20.9,0.5113,4.9,15.5,16.3,20.1,0.6,2.5,22.3,0.301,0.354,0.848,3.0234,2.04879,0.974611
7f866a17-9480-5c03-9d1c-b1c23072566e,2022,Duke,ACC,Jr,20.8,84.6,20.3,0.6053000000000001,4.3,12.4,21.7,16.6,0.6,2.3,31.4,0.413,0.335,0.805,7.96656,6.54288,1.42368
7f954aad-8f78-59cf-97f1-6913dc8eddcc,2022,South Carolina,SEC,Fr,20.3,45.2,27.6,0.5055,6.4,14.9,19.0,21.8,1.6,2.4,55.2,0.281,0.281,0.688,1.38204,-0.106222,1.48827
7f954aad-8f78-59cf-97f1-6913dc8eddcc,2023,Providence,BE,So,21.3,78.5,21.2,0.5314,4.4,13.3,14.3,13.8,3.4,3.3,47.6,0.299,0.355,0.72,6.70234,3.64731,3.05503
7f954aad-8f78-59cf-97f1-6913dc8eddcc,2024,Providence,BE,Jr,22.3,82.3,27.8,0.5975,3.4,23.7,23.3,16.1,2.8,2.9,37.6,0.377,0.482,0.747,9.80985,5.01519,4.79466
7fa33b60-5089-575c-9c65-6c9c28af0069,2020,West Virginia,B12,Fr,19.8,55.1,22.1,0.4979,2.5,9.6,17.3,15.5,2.6,2.9,35.8,0.304,0.311,0.747,6.24001,2.56308,3.67694
7fa33b60-5089-575c-9c65-6c9c28af0069,2021,West Virginia,B12,So,20.8,84.3,23.0,0.5434,3.7,9.2,28.6,13.2,1.0,3.2,33.9,0.414,0.306,0.813,9.09572,7.20698,1.88874
7fb095af-166e-5c75-b11f-60ff308fff47,2023,Oregon,P12,Fr,19.2,38.3,21.8,0.5337,7.3,21.7,6.8,13.4,8.8,1.4,35.5,0.273,0.296,0.712,5.19474,0.77634,4.4184
7fb095af-166e-5c75-b11f-60ff308fff47,2024,Indiana,B10,So,20.2,73.0,22.1,0.623,8.0,26.1,9.9,12.7,6.5,1.1,41.9,0.425,0.125,0.634,7.35239,3.00768,4.34471
7fc01364-96b6-5aef-9f97-6a8b031a940d,2010,Baylor,B12,Fr,19.5,5.9,16.3,0.47,13.6,12.3,0.0,21.9,3.8,0.7,52.9,0.0,0.059,0.667,-4.57801,-1.69766,-2.88034
7fc01364-96b6-5aef-9f97-6a8b031a940d,2012,Baylor,B12,So,21.5,23.0,17.1,0.5312,8.7,19.7,1.7,15.3,12.3,1.2,50.6,0.0,0.024,0.605,4.10225,-1.0141,5.11634
7fc01364-96b6-5aef-9f97-6a8b031a940d,2013,Baylor,B12,Jr,22.5,69.8,19.0,0.6437999999999999,10.7,20.2,2.1,8.8,6.7,1.0,47.9,0.375,0.026,0.719,6.18508,3.74231,2.44277
7fc01364-96b6-5aef-9f97-6a8b031a940d,2014,Baylor,B12,Sr,23.5,72.3,23.6,0.5495,11.3,20.9,7.7,12.5,4.6,0.8,56.6,0.378,0.106,0.646,5.16385,3.43905,1.7248
80006a06-e0ca-585f-8ca3-15b5cb335f56,2017,Butler,BE,Fr,20.6,23.5,11.6,0.5738,4.8,12.0,4.7,16.1,2.2,1.1,28.3,0.357,0.792,0.667,3.9863,2.20001,1.78629
80006a06-e0ca-585f-8ca3-15b5cb335f56,2018,Butler,BE,So,21.6,51.6,13.7,0.6698000000000001,6.1,14.1,7.2,15.4,1.1,1.6,13.6,0.431,0.673,0.818,7.60675,5.07992,2.52683
80006a06-e0ca-585f-8ca3-15b5cb335f56,2019,Butler,BE,Jr,22.6,69.2,14.8,0.6114999999999999,3.3,14.1,3.1,10.1,0.7,1.0,15.4,0.406,0.75,0.811,3.02437,3.20883,-0.184463
80006a06-e0ca-585f-8ca3-15b5cb335f56,2020,Butler,BE,Sr,23.6,82.0,15.4,0.6389,4.4,18.4,6.2,8.4,1.5,1.3,27.1,0.394,0.657,0.868,7.83918,5.68384,2.15535
8047bb64-c23b-574d-9679-63aca7794b16,2016,Michigan,B10,So,22.2,73.0,17.4,0.6424,2.5,12.2,12.1,11.6,0.9,1.3,15.1,0.452,0.719,0.886,5.59193,4.73206,0.85987
8047bb64-c23b-574d-9679-63aca7794b16,2017,Michigan,B10,Jr,23.2,49.8,17.0,0.6321,1.9,9.3,8.3,9.2,1.2,1.2,14.9,0.424,0.702,0.781,5.48606,5.39634,0.0897252
8047bb64-c23b-574d-9679-63aca7794b16,2018,Michigan,B10,Sr,24.2,63.8,15.8,0.6157,2.2,9.5,7.4,9.3,1.7,1.6,24.1,0.381,0.729,0.891,7.39202,4.20363,3.18839
805c9e65-9689-51de-8c0f-246021fe1cd0,2021,Auburn,SEC,Fr,20.0,36.4,34.4,0.5195000000000001,2.2,11.3,51.9,19.9,0.7,1.6,56.0,0.228,0.31,0.825,4.29689,5.65557,-1.35868
805ec358-6b37-57ab-8b67-3c9849107abd,2008,Duke,ACC,Fr,19.9,36.7,20.6,0.5781000000000001,2.6,8.7,15.9,25.5,0.9,1.9,34.7,0.386,0.38,0.769,2.1376,0.873133,1.26447
805ec358-6b37-57ab-8b67-3c9849107abd,2009,Duke,ACC,So,20.9,49.5,20.6,0.5384,3.5,8.0,15.2,20.9,0.3,2.5,31.7,0.346,0.339,0.849,2.85891,2.1966,0.662308
805ec358-6b37-57ab-8b67-3c9849107abd,2010,Duke,ACC,Jr,21.9,84.4,23.7,0.5344,2.9,5.8,17.6,13.0,0.6,2.0,29.3,0.392,0.282,0.767,6.45307,5.03081,1.42226
805ec358-6b37-57ab-8b67-3c9849107abd,2011,Duke,ACC,Sr,22.9,85.1,30.8,0.564,4.1,10.1,30.3,17.3,0.2,2.0,40.5,0.35,0.287,0.813,7.8177,6.47381,1.3439
807d88f8-42b3-57bf-9971-d27bf129acbc,2020,Kansas,B12,Fr,19.0,25.2,18.1,0.4251,6.9,15.9,8.9,27.7,3.1,2.7,30.0,0.259,0.386,0.524,2.45422,-1.69392,4.14814
807d88f8-42b3-57bf-9971-d27bf129acbc,2021,Kansas,B12,So,20.0,18.9,19.9,0.4953,8.0,10.8,6.9,25.0,2.0,2.1,22.6,0.238,0.339,0.643,-0.0650986,-1.83816,1.77306
807d88f8-42b3-57bf-9971-d27bf129acbc,2022,Iowa St.,B12,Jr,21.0,33.8,15.9,0.5851,8.5,16.5,4.4,21.2,3.7,2.0,23.9,0.333,0.083,0.731,2.07992,-1.67637,3.75628
807d88f8-42b3-57bf-9971-d27bf129acbc,2023,Cleveland St.,Horz,Jr,22.0,78.6,24.4,0.5576,8.5,14.8,9.3,12.5,4.1,2.0,39.1,0.188,0.122,0.688,2.61435,1.62895,0.985401
807d88f8-42b3-57bf-9971-d27bf129acbc,2024,Cleveland St.,Horz,Sr,23.0,80.9,28.5,0.5631,7.7,14.3,17.5,11.7,3.0,2.1,43.1,0.326,0.172,0.721,2.97249,3.37632,-0.403824
80b89da3-49de-5a2a-a975-a8719a18f909,2013,California,P12,Fr,19.0,70.3,19.4,0.40630000000000005,4.9,12.3,17.5,18.6,1.7,1.7,28.4,0.224,0.381,0.534,1.9252,-0.084483,2.00968
80b89da3-49de-5a2a-a975-a8719a18f909,2014,California,P12,So,20.0,77.0,20.6,0.5181,3.8,11.2,16.7,14.6,1.5,2.4,34.1,0.321,0.409,0.625,4.46627,2.60686,1.85941
80b89da3-49de-5a2a-a975-a8719a18f909,2015,California,P12,Jr,21.0,86.3,31.3,0.48369999999999996,3.0,20.4,26.2,15.7,0.9,2.2,40.5,0.318,0.18,0.606,3.90725,1.51935,2.3879
80b89da3-49de-5a2a-a975-a8719a18f909,2016,California,P12,Sr,22.0,65.5,27.6,0.5143,3.5,14.3,28.5,17.3,1.3,1.8,45.0,0.298,0.246,0.649,6.31767,3.33524,2.98243
80d77bbf-f505-54c2-9afd-15d696a680e2,2025,Virginia Tech,ACC,Jr,22.2,61.2,24.3,0.6244,10.8,22.0,7.7,20.7,3.1,1.4,63.3,0.371,0.271,0.641,2.97586,1.35633,1.61954
80d77bbf-f505-54c2-9afd-15d696a680e2,2026,Virginia Tech,ACC,Sr,23.2,50.8,20.2,0.635,9.2,25.0,3.9,17.9,4.3,0.6,71.1,0.25,0.289,0.763,2.38953,0.644338,1.7452
8144b44a-a1ca-523e-a36a-69beda197824,2008,Washington St.,P10,Jr,21.5,59.4,23.9,0.622,11.0,22.4,3.2,17.6,3.7,1.8,64.0,0.0,0.004,0.66,3.32883,0.817233,2.51159
8144b44a-a1ca-523e-a36a-69beda197824,2009,Washington St.,P10,Sr,22.5,71.5,23.7,0.63,9.8,23.1,5.6,16.2,5.6,0.6,55.3,1.0,0.004,0.774,5.5786,1.63167,3.94693
8152a65d-c04e-5f6d-85d7-dd9979c5f5ea,2008,Arizona St.,P10,Fr,19.5,83.6,28.1,0.6323,5.4,14.5,24.7,17.8,2.2,4.1,60.2,0.407,0.29,0.754,10.2958,6.29426,4.00155
8152a65d-c04e-5f6d-85d7-dd9979c5f5ea,2009,Arizona St.,P10,So,20.5,88.3,32.6,0.6065999999999999,5.5,14.6,29.2,19.0,1.1,3.1,59.7,0.356,0.361,0.756,10.3738,7.16968,3.20412
81952cfb-2d96-53b1-8d5a-9c01bb00e50a,2013,Bowling Green,MAC,So,20.5,45.9,17.7,0.6284000000000001,14.8,17.1,2.9,15.1,13.2,1.6,37.6,0.0,0.015,0.62,6.41848,0.703601,5.71488
81952cfb-2d96-53b1-8d5a-9c01bb00e50a,2014,Bowling Green,MAC,Jr,21.5,79.9,21.6,0.568,9.7,17.4,6.5,15.7,9.2,2.0,55.2,0.3,0.139,0.711,4.68122,-0.434579,5.1158
81952cfb-2d96-53b1-8d5a-9c01bb00e50a,2015,Bowling Green,MAC,Sr,22.5,67.1,25.1,0.6231,11.5,21.0,7.2,16.5,11.3,1.5,50.7,0.419,0.154,0.711,8.01051,2.68317,5.32734
819ea424-b6c8-58fc-98c7-c7ed5b7c464e,2019,Indiana,B10,Fr,19.7,76.8,25.5,0.5418999999999999,4.8,12.8,14.2,14.2,2.7,1.3,49.1,0.272,0.316,0.722,3.85764,2.60279,1.25485
81b00136-4b04-51f6-beed-050f9bebdfe1,2018,Wake Forest,ACC,Fr,19.3,36.5,16.2,0.4278,7.4,15.1,4.2,24.8,5.5,1.3,48.9,0.25,0.261,0.6,-0.463921,-3.27162,2.8077
81b00136-4b04-51f6-beed-050f9bebdfe1,2019,Wake Forest,ACC,So,20.3,43.4,17.2,0.5421,11.3,17.1,4.7,23.1,5.4,1.1,53.5,0.25,0.14,0.705,1.41859,-0.922449,2.34104
81b00136-4b04-51f6-beed-050f9bebdfe1,2020,Wake Forest,ACC,Jr,21.3,63.7,24.2,0.5962,11.4,25.8,8.0,13.6,4.5,0.8,69.2,0.143,0.027,0.761,4.93839,3.25391,1.68449
81b00136-4b04-51f6-beed-050f9bebdfe1,2021,Kentucky,SEC,Sr,22.3,61.1,23.4,0.5596,9.3,13.6,11.3,20.2,4.9,0.9,46.0,0.462,0.131,0.791,4.46084,1.9764,2.48444
81b876b9-913c-560e-9598-a3e9d565b93d,2023,UCF,Amer,Fr,19.6,84.4,20.4,0.5889,8.1,16.2,8.6,12.1,5.9,1.6,28.6,0.394,0.403,0.782,7.44161,3.43536,4.00625
822162b5-8ec7-5716-a598-4df044dad3ac,2008,Mississippi St.,SEC,So,20.5,70.4,13.5,0.6184000000000001,9.0,18.5,3.5,17.9,16.1,1.1,58.8,0.5,0.012,0.5,10.3871,0.469552,9.91759
822162b5-8ec7-5716-a598-4df044dad3ac,2009,Mississippi St.,SEC,Jr,21.5,69.5,22.5,0.5676,11.6,19.8,6.7,14.6,15.2,1.3,48.3,0.0,0.003,0.645,9.38867,1.36366,8.02501
822162b5-8ec7-5716-a598-4df044dad3ac,2010,Mississippi St.,SEC,Sr,22.5,77.9,22.1,0.5965,10.7,23.1,6.2,16.6,14.3,1.2,66.5,0.0,0.0,0.61,9.49706,1.02252,8.47454
82302032-7a70-5a3e-9927-9c779fc70a7c,2015,Florida,SEC,Fr,20.3,47.2,20.7,0.4815,5.2,13.1,8.1,15.1,2.4,1.7,28.4,0.256,0.423,0.636,2.49548,0.0231958,2.47228
82302032-7a70-5a3e-9927-9c779fc70a7c,2016,Florida,SEC,So,21.3,57.6,17.4,0.5655,7.4,17.7,4.0,11.3,2.6,1.2,30.9,0.34,0.426,0.766,4.54454,2.20131,2.34323
82302032-7a70-5a3e-9927-9c779fc70a7c,2017,Florida,SEC,Jr,22.3,65.4,19.1,0.5764,7.3,18.5,4.8,12.2,3.1,1.9,33.8,0.391,0.368,0.723,8.02623,3.91014,4.11609
825be994-bb5a-5678-9a1d-dca69206cf39,2023,Connecticut,BE,Fr,19.3,32.6,24.6,0.6335000000000001,20.0,29.6,7.5,18.7,14.4,1.8,50.9,0.0,0.006,0.517,12.6992,3.50117,9.19801
825be994-bb5a-5678-9a1d-dca69206cf39,2024,Connecticut,BE,So,20.3,49.3,24.6,0.6372,13.8,23.4,13.4,8.7,11.4,1.4,47.8,0.25,0.027,0.583,14.6038,6.47889,8.1249
8297da8a-eefd-5171-b508-0e76c72dcf5e,2011,Texas,B12,Fr,19.8,80.4,16.8,0.5257000000000001,2.2,9.5,17.3,16.1,0.9,1.9,22.7,0.413,0.391,0.699,6.53257,3.70428,2.82828
82b497ef-8511-59f8-a723-5041253a2cd5,2008,Washington,P10,Jr,21.5,60.1,21.0,0.5231,2.7,8.6,17.3,18.1,0.5,2.6,42.6,0.318,0.332,0.706,3.91853,2.77105,1.14748
82b497ef-8511-59f8-a723-5041253a2cd5,2009,Washington,P10,Sr,22.5,70.1,21.9,0.5932999999999999,3.3,7.4,16.3,16.7,0.5,2.9,42.8,0.411,0.436,0.824,8.82544,6.37243,2.45301
837ce880-e12d-510b-9530-b85372226433,2020,Duke,ACC,Fr,20.2,50.5,19.4,0.6,8.4,11.6,7.6,11.9,3.3,1.2,23.9,0.393,0.473,0.741,6.81551,5.47753,1.33797
837ce880-e12d-510b-9530-b85372226433,2021,Duke,ACC,So,21.2,80.7,21.0,0.6609,5.1,17.0,8.1,9.8,2.1,1.3,25.7,0.444,0.426,0.724,7.06921,6.9828,0.0864071
83a2e4f0-9a38-587d-99a0-65e67d708d37,2017,Duke,ACC,Fr,19.2,10.6,16.3,0.4768,10.7,8.3,2.2,24.6,4.2,0.7,22.9,0.0,0.0,0.625,-1.31624,-2.08358,0.76734
83a2e4f0-9a38-587d-99a0-65e67d708d37,2018,Duke,ACC,So,20.2,25.4,14.2,0.6165999999999999,11.7,17.8,7.2,16.8,7.4,1.3,34.6,0.0,0.0,0.593,8.45887,2.77066,5.68821
83a2e4f0-9a38-587d-99a0-65e67d708d37,2019,Duke,ACC,Jr,21.2,43.7,13.0,0.6222,11.2,13.3,3.6,15.7,8.5,1.6,64.0,0.0,0.061,0.726,8.28562,2.65555,5.63007
83baf329-e923-582f-ab78-a8b8e0323e96,2015,Utah,P12,Fr,19.5,56.4,22.1,0.6265999999999999,15.8,20.1,6.3,20.2,8.9,1.0,65.2,0.0,0.005,0.433,8.46412,2.26952,6.1946
83baf329-e923-582f-ab78-a8b8e0323e96,2016,Utah,P12,So,20.5,75.4,26.0,0.6623,11.9,22.0,13.9,14.9,4.8,1.2,66.6,0.0,0.0,0.697,9.5731,5.67957,3.89354
83bdddd3-db41-5083-94c5-e19c4f381ae4,2009,Georgetown,BE,Fr,19.2,21.8,14.2,0.44939999999999997,7.9,13.3,5.7,20.5,6.3,1.8,32.7,0.167,0.231,0.588,2.10269,-1.77489,3.87757
83bdddd3-db41-5083-94c5-e19c4f381ae4,2010,Georgetown,BE,So,20.2,13.8,16.0,0.5281,7.2,17.2,6.2,33.7,7.0,1.0,88.5,0.0,0.115,0.565,-0.155678,-3.08887,2.93319
83bdddd3-db41-5083-94c5-e19c4f381ae4,2011,Georgetown,BE,Jr,21.2,34.9,17.5,0.569,8.0,18.9,16.2,27.4,4.8,1.2,45.8,0.0,0.012,0.5,3.39175,-0.297566,3.68932
83bdddd3-db41-5083-94c5-e19c4f381ae4,2012,Georgetown,BE,Sr,22.2,68.6,28.7,0.5224,8.3,17.3,26.4,23.0,5.5,1.3,57.4,0.0,0.004,0.722,5.5949,0.789594,4.80531
83c19195-5660-5619-942a-92c5807d8b11,2016,Tennessee,SEC,Fr,19.2,44.0,19.1,0.541,7.3,14.8,9.7,10.8,1.7,1.1,18.8,0.301,0.401,0.897,2.36457,2.76326,-0.398692
83c19195-5660-5619-942a-92c5807d8b11,2017,Tennessee,SEC,So,20.2,42.8,20.4,0.5629,5.1,20.1,8.4,16.4,1.0,0.9,39.5,0.389,0.314,0.779,1.74359,1.05342,0.690167
83c19195-5660-5619-942a-92c5807d8b11,2018,Tennessee,SEC,Jr,21.2,69.6,24.4,0.5538000000000001,6.7,19.4,11.8,15.7,1.8,2.1,22.7,0.395,0.409,0.756,6.31157,3.27441,3.03716
83c19195-5660-5619-942a-92c5807d8b11,2019,Tennessee,SEC,Sr,22.2,78.2,24.4,0.5623,4.5,16.3,11.7,14.4,1.7,1.6,17.6,0.422,0.353,0.698,5.04023,4.02451,1.01573
83c8ec6f-15f0-5fb8-ad03-9bbffe9745fd,2018,Georgia Tech,ACC,Fr,19.5,32.2,19.9,0.3483,7.2,17.2,8.2,21.2,3.4,2.3,30.7,0.065,0.272,0.543,-3.96689,-5.40672,1.43983
83c8ec6f-15f0-5fb8-ad03-9bbffe9745fd,2019,Georgia Tech,ACC,So,20.5,43.1,21.8,0.48460000000000003,5.1,17.6,9.6,16.5,3.8,1.4,24.2,0.208,0.129,0.489,-1.59367,-3.12458,1.53091
83c8ec6f-15f0-5fb8-ad03-9bbffe9745fd,2020,Georgia Tech,ACC,Jr,21.5,76.3,22.8,0.5494,7.3,18.3,6.6,21.8,4.0,1.2,28.7,0.241,0.092,0.611,1.86053,-1.00839,2.86892
83c8ec6f-15f0-5fb8-ad03-9bbffe9745fd,2021,Georgia Tech,ACC,Sr,22.5,82.8,25.8,0.5683,11.5,17.5,13.7,11.2,5.4,2.3,33.6,0.4,0.091,0.658,7.83923,4.41254,3.42669
83ef3a46-cc94-51c0-a0c1-1afcb09496ea,2011,Utah,MWC,Fr,19.2,49.7,16.8,0.4476,8.7,12.5,8.9,21.5,0.5,1.0,42.1,0.118,0.14,0.588,-0.832046,-1.09067,0.258621
83ef3a46-cc94-51c0-a0c1-1afcb09496ea,2013,San Diego St.,MWC,So,21.2,67.8,16.6,0.5282,10.5,8.1,10.5,17.4,1.6,1.9,24.3,0.2,0.025,0.469,4.66095,1.84545,2.81549
83ef3a46-cc94-51c0-a0c1-1afcb09496ea,2014,San Diego St.,MWC,Jr,22.2,68.2,17.5,0.4951,8.0,10.7,7.8,18.0,1.2,1.6,48.1,0.188,0.077,0.66,2.86145,0.136564,2.72489
83ef3a46-cc94-51c0-a0c1-1afcb09496ea,2015,San Diego St.,MWC,Sr,23.2,82.4,19.7,0.5025,7.8,11.3,17.2,15.4,0.7,2.7,29.1,0.294,0.109,0.637,6.39395,2.57274,3.82121
83f24449-4017-5976-88c9-ab0fe5f2641e,2016,Marquette,BE,Fr,19.4,82.6,25.8,0.5335,7.8,24.1,11.0,15.0,4.4,1.4,43.9,0.288,0.239,0.749,3.49062,1.10831,2.38231
83fd0674-2ee5-5b2f-83d5-e57ec139758b,2024,Baylor,B12,Fr,19.8,79.6,22.1,0.5435,5.5,12.3,8.2,11.2,0.8,2.0,48.9,0.346,0.572,0.792,5.03865,4.90765,0.130998
840328a8-20b3-5115-8369-6040a63c53b8,2022,Marquette,BE,Fr,20.3,44.7,18.7,0.5625,1.6,6.4,11.9,12.5,0.5,2.2,9.2,0.392,0.733,0.611,2.12798,3.15188,-1.0239
840328a8-20b3-5115-8369-6040a63c53b8,2023,Marquette,BE,So,21.3,73.6,21.8,0.5841,0.9,13.4,12.7,8.9,0.5,2.7,14.0,0.36,0.639,0.656,6.42727,5.51482,0.912457
840328a8-20b3-5115-8369-6040a63c53b8,2024,Marquette,BE,Jr,22.3,70.2,25.4,0.6137,1.8,9.7,16.7,10.7,0.2,2.3,16.2,0.406,0.499,0.724,6.4592,6.35537,0.103827
840328a8-20b3-5115-8369-6040a63c53b8,2025,Marquette,BE,Sr,23.3,83.9,29.2,0.5508,2.1,13.6,38.1,11.1,0.9,2.4,16.0,0.311,0.374,0.648,8.48581,7.05462,1.43119
840693c4-f354-56ac-9a14-23bc73367bbe,2008,Memphis,CUSA,Sr,22.5,59.5,14.5,0.5838,15.1,25.6,3.5,16.6,7.6,2.4,71.3,0.0,0.006,0.378,10.0534,2.77448,7.27888
84235ba3-678e-5aed-8b88-a520e77c456c,2019,SMU,Amer,Fr,20.0,58.8,17.5,0.5957,9.4,21.7,5.6,21.7,4.4,2.0,31.1,0.25,0.181,0.691,2.05239,0.331241,1.72115
84235ba3-678e-5aed-8b88-a520e77c456c,2020,SMU,Amer,So,21.0,69.1,18.9,0.6104999999999999,8.6,19.2,7.5,17.9,3.7,1.6,29.5,0.275,0.215,0.743,3.59382,2.3764,1.21741
84235ba3-678e-5aed-8b88-a520e77c456c,2021,SMU,Amer,Jr,22.0,66.3,18.6,0.608,8.5,22.4,4.3,19.4,3.5,2.1,36.0,0.2,0.2,0.733,3.18244,0.865824,2.31661
842d6f9d-e9d8-5c1b-a5a8-42809ad799f6,2012,North Carolina,ACC,Fr,19.5,31.5,22.0,0.466,6.0,10.9,9.4,13.9,1.2,1.6,31.3,0.273,0.702,0.839,4.48866,3.64358,0.845085
842d6f9d-e9d8-5c1b-a5a8-42809ad799f6,2013,North Carolina,ACC,So,20.5,56.2,25.2,0.5847,8.5,11.3,10.6,10.7,1.8,2.8,30.7,0.395,0.608,0.775,10.1962,8.76542,1.43077
8469d3ec-3321-5ecb-b301-30a3f04a8142,2026,BYU,B12,Fr,19.4,86.6,33.5,0.6003000000000001,4.7,16.9,22.1,15.0,1.1,1.7,49.0,0.331,0.245,0.774,6.22968,5.88655,0.34313
847d6c35-e210-50f6-8dec-be231b5a5820,2011,Gonzaga,WCC,Fr,20.0,37.0,15.5,0.5915,0.5,8.8,24.5,26.1,0.4,3.6,39.4,0.315,0.574,0.838,3.82582,2.08919,1.73664
847d6c35-e210-50f6-8dec-be231b5a5820,2012,Gonzaga,WCC,So,21.0,41.7,17.1,0.5156000000000001,0.7,6.2,25.8,31.0,0.4,2.9,51.0,0.392,0.531,0.592,0.552774,0.10021,0.452565
847d6c35-e210-50f6-8dec-be231b5a5820,2013,Gonzaga,WCC,Jr,22.0,45.9,15.8,0.4608,1.0,9.4,29.7,26.1,0.2,4.9,26.1,0.25,0.432,0.517,5.2715,1.98355,3.28795
847d6c35-e210-50f6-8dec-be231b5a5820,2014,Gonzaga,WCC,Sr,23.0,70.0,18.6,0.5241,1.2,8.1,26.9,22.8,0.6,3.4,42.7,0.232,0.327,0.756,4.11175,1.23913,2.87262
84846556-e03d-5414-b9ac-343af4fc3b3d,2023,Arkansas,SEC,Fr,19.2,30.4,26.3,0.4718,1.1,6.3,13.4,13.3,0.5,1.8,24.8,0.338,0.351,0.74,-1.56382,0.121433,-1.68525
84b34209-525e-5163-9b6e-05edbdd5f09f,2022,Colorado,P12,Fr,19.9,51.2,24.2,0.4851,2.1,11.4,25.5,24.5,0.6,2.2,42.6,0.254,0.328,0.77,-0.711696,-1.29547,0.583774
84b34209-525e-5163-9b6e-05edbdd5f09f,2023,Colorado,P12,So,20.9,65.9,28.3,0.4987,2.7,12.7,25.8,16.1,0.6,2.7,32.8,0.276,0.336,0.817,4.00672,2.68657,1.32016
84b34209-525e-5163-9b6e-05edbdd5f09f,2024,Colorado,P12,Jr,21.9,86.8,26.4,0.6063000000000001,2.8,16.4,27.1,13.9,0.2,2.7,36.3,0.434,0.355,0.876,8.96887,6.90323,2.06564
84b6a759-1b62-5ea0-816e-b066a5bca335,2019,Kansas,B12,Fr,19.9,80.2,19.8,0.5896,2.2,9.9,19.7,19.8,0.5,2.4,48.2,0.363,0.298,0.782,5.86995,3.62834,2.2416
84b6a759-1b62-5ea0-816e-b066a5bca335,2020,Kansas,B12,So,20.9,84.2,26.3,0.5740999999999999,1.9,10.5,23.3,15.9,0.3,3.6,44.8,0.302,0.308,0.828,8.91701,6.08647,2.83054
84d1ea9f-dda6-550c-af27-c5644f9e83c8,2020,Connecticut,Amer,Fr,19.8,56.6,24.5,0.56,6.7,11.3,11.5,16.3,0.9,1.7,36.5,0.347,0.26,0.822,2.8369,3.28397,-0.447077
84d1ea9f-dda6-550c-af27-c5644f9e83c8,2021,Connecticut,BE,So,20.8,51.4,30.2,0.5457,5.3,15.0,12.8,17.7,0.9,2.2,37.0,0.293,0.342,0.778,4.43359,3.9062,0.527388
84e24504-f17f-565c-a779-3152b2bdfff9,2008,Florida St.,ACC,So,20.5,43.3,15.3,0.575,11.8,13.2,5.1,28.6,3.0,1.8,58.3,1.0,0.01,0.679,2.76888,0.12179,2.64709
84e24504-f17f-565c-a779-3152b2bdfff9,2009,Florida St.,ACC,Jr,21.5,47.4,19.7,0.48560000000000003,9.5,12.4,7.9,32.2,3.8,2.0,53.9,0.0,0.0,0.632,0.297536,-3.12407,3.42161
84e24504-f17f-565c-a779-3152b2bdfff9,2010,Florida St.,ACC,Sr,22.5,54.8,18.3,0.5158,9.9,10.0,10.1,23.2,2.6,1.5,46.1,0.0,0.0,0.597,2.4297,-0.286247,2.71594
84ef66c1-c0c7-575a-b4b3-6d330e6c3a15,2014,Tulane,CUSA,Fr,19.4,45.1,16.6,0.38049999999999995,2.2,11.5,6.1,15.2,1.2,1.1,30.9,0.266,0.631,0.543,-6.39546,-4.09987,-2.29559
84ef66c1-c0c7-575a-b4b3-6d330e6c3a15,2015,Tulane,Amer,So,20.4,8.0,23.9,0.39039999999999997,5.9,16.8,25.6,16.1,0.0,2.6,8.1,0.154,0.351,0.0,-1.51073,-1.51933,0.0086019
84ef66c1-c0c7-575a-b4b3-6d330e6c3a15,2016,Tulane,Amer,So,21.4,44.4,20.3,0.4397,5.0,13.7,6.0,17.9,1.2,1.7,16.3,0.267,0.431,0.824,-3.49153,-3.39065,-0.100876
84ef66c1-c0c7-575a-b4b3-6d330e6c3a15,2017,Tulane,Amer,Jr,22.4,86.9,22.1,0.5467,4.2,18.2,9.6,11.0,1.4,1.3,23.7,0.388,0.463,0.796,1.7424,2.98283,-1.24043
84ef66c1-c0c7-575a-b4b3-6d330e6c3a15,2018,Tulane,Amer,Sr,23.4,89.4,21.6,0.5052,3.7,16.2,12.5,11.1,1.7,1.2,21.7,0.353,0.413,0.703,0.375353,0.955795,-0.580443
84f339b2-6e5c-5b80-92a9-080287f5089f,2012,Virginia,ACC,Fr,19.5,48.7,20.7,0.5144,3.1,12.6,13.2,22.2,0.6,1.5,31.4,0.324,0.428,0.8,1.10268,-0.935293,2.03798
84f339b2-6e5c-5b80-92a9-080287f5089f,2014,Virginia,ACC,So,21.5,78.3,22.8,0.5447,3.6,17.3,19.4,13.1,0.5,2.5,39.7,0.37,0.328,0.875,9.02906,4.88432,4.14473
84f339b2-6e5c-5b80-92a9-080287f5089f,2015,Virginia,ACC,Jr,22.5,80.7,24.7,0.545,1.9,12.7,16.5,14.5,1.6,1.5,35.3,0.344,0.342,0.879,6.71727,3.28934,3.42792
84f339b2-6e5c-5b80-92a9-080287f5089f,2016,Virginia,ACC,Sr,23.5,85.1,26.8,0.5848,2.1,13.3,19.5,10.0,0.9,1.8,31.0,0.391,0.382,0.897,9.41661,7.22777,2.18884
85039030-bca9-52cf-ab7c-2885f3ec8cb7,2012,South Carolina,SEC,Fr,19.7,63.0,19.7,0.5154,9.0,14.5,10.1,20.9,1.5,1.4,43.2,0.393,0.147,0.646,-0.223803,0.232546,-0.456349
85039030-bca9-52cf-ab7c-2885f3ec8cb7,2014,Virginia,ACC,So,21.7,49.4,23.0,0.6076,8.6,16.1,5.1,16.0,3.3,1.0,81.0,0.0,0.0,0.627,4.19397,1.55195,2.64202
85039030-bca9-52cf-ab7c-2885f3ec8cb7,2015,Virginia,ACC,Jr,22.7,62.7,25.0,0.6135,15.5,16.3,8.0,12.3,2.4,2.3,67.2,0.0,0.004,0.677,9.96132,5.77912,4.1822
85039030-bca9-52cf-ab7c-2885f3ec8cb7,2016,Virginia,ACC,Sr,23.7,69.8,24.0,0.6235,10.6,18.2,5.8,10.9,2.6,1.5,53.1,1.0,0.006,0.746,7.12654,4.61309,2.51345
8540b9a5-0fe3-5cec-b746-5afd3e7e5406,2023,Kansas,B12,Fr,19.6,81.2,19.2,0.5811,4.0,13.5,9.4,11.4,0.8,2.5,22.6,0.403,0.523,0.854,6.95374,4.60447,2.34927
8542c590-241e-5eb1-9cf6-74383f3e55a9,2013,Mississippi St.,SEC,Fr,19.4,66.2,29.5,0.4573,3.2,9.1,23.2,29.3,1.8,3.8,50.0,0.194,0.226,0.554,-3.55428,-4.56224,1.00796
8542c590-241e-5eb1-9cf6-74383f3e55a9,2014,Mississippi St.,SEC,So,20.4,67.7,28.8,0.5342,4.5,11.3,23.5,21.4,1.8,3.9,55.2,0.273,0.136,0.62,2.8434,0.573201,2.2702
8542c590-241e-5eb1-9cf6-74383f3e55a9,2015,Mississippi St.,SEC,Jr,21.4,56.1,26.8,0.5659000000000001,2.2,11.0,17.9,23.5,1.9,2.6,63.7,0.36,0.349,0.701,2.76792,1.10422,1.6637
8542c590-241e-5eb1-9cf6-74383f3e55a9,2016,Mississippi St.,SEC,Sr,22.4,72.7,26.7,0.5261,4.4,10.3,19.8,22.8,3.3,2.6,43.8,0.232,0.312,0.676,2.5905,0.288341,2.30216
859c9235-8db5-503e-82a9-a0eb7851fb3c,2014,Oakland,Horz,Fr,19.2,80.7,21.5,0.5123,1.5,13.5,38.8,23.8,0.5,1.5,45.7,0.333,0.247,0.748,-2.47647,-0.137965,-2.3385
859c9235-8db5-503e-82a9-a0eb7851fb3c,2015,Oakland,Horz,So,20.2,95.7,29.5,0.5566,2.4,12.6,39.5,21.7,0.7,3.0,53.3,0.341,0.314,0.826,3.52564,4.26709,-0.741448
859c9235-8db5-503e-82a9-a0eb7851fb3c,2016,Oakland,Horz,Jr,21.2,91.5,32.9,0.5718,2.2,9.7,50.0,15.2,0.5,2.9,46.1,0.355,0.35,0.848,8.67975,9.07926,-0.399506
86169f15-ac60-5d6f-b3b5-8e59d349e1fc,2012,Kentucky,SEC,Fr,19.3,80.1,19.1,0.6541,11.6,23.9,7.5,10.0,13.7,2.5,60.2,0.15,0.059,0.709,17.5778,7.50008,10.0777
867a7fce-a15b-5896-a8bf-a6c3208878c7,2014,Iowa St.,B12,Fr,19.9,52.1,12.6,0.5059,0.9,9.5,8.2,9.8,0.9,1.5,18.3,0.336,0.728,0.667,2.49405,1.52992,0.964133
867a7fce-a15b-5896-a8bf-a6c3208878c7,2015,Iowa St.,B12,So,20.9,35.9,16.4,0.5022,1.5,12.5,7.7,10.7,0.4,1.3,19.4,0.33,0.674,0.714,1.30658,1.80616,-0.499576
867a7fce-a15b-5896-a8bf-a6c3208878c7,2016,Iowa St.,B12,Jr,21.9,83.1,14.3,0.6144,1.8,12.3,7.9,14.0,0.7,1.4,14.0,0.432,0.703,0.902,5.67825,4.74457,0.933684
867a7fce-a15b-5896-a8bf-a6c3208878c7,2017,Iowa St.,B12,Sr,22.9,76.0,16.4,0.6473,2.3,11.5,9.1,12.8,0.4,1.7,18.0,0.445,0.654,0.891,6.69571,5.49739,1.19832
86d61ac8-ad95-5d42-bcde-5627972979e0,2008,Wisconsin,B10,Sr,22.5,27.8,18.3,0.5821999999999999,11.8,20.6,13.7,21.7,11.4,2.1,24.7,0.0,0.0,0.826,12.1211,1.73525,10.3859
873743ab-a801-5159-bc7c-4289a7c93ed9,2013,North Carolina Central,MEAC,Jr,21.3,82.2,22.6,0.6009,10.0,16.0,7.0,17.6,1.9,2.0,36.6,0.38,0.172,0.698,2.97243,1.56288,1.40956
873743ab-a801-5159-bc7c-4289a7c93ed9,2015,Colorado St.,MWC,Sr,23.3,75.3,20.3,0.5508,8.6,10.7,13.2,14.2,3.2,1.5,26.0,0.407,0.277,0.741,4.49038,2.94334,1.54704
874b56ae-5bec-53c3-ba09-f519f14e51ee,2008,IU Indy,Sum,Jr,21.5,86.6,30.2,0.6507,5.5,18.7,26.2,17.1,1.7,3.0,62.8,0.433,0.271,0.804,8.11179,7.10938,1.00242
875d9d11-d13d-525d-b9d2-530838f99ecc,2017,North Carolina,ACC,Fr,19.5,34.3,21.4,0.5821000000000001,18.2,19.0,7.4,11.5,4.6,1.0,57.6,0.0,0.0,0.616,8.24036,5.21644,3.02392
876a9dca-80c5-56c2-bb36-b1376193b4b7,2008,UCLA,P10,Fr,19.5,74.1,27.2,0.6424,15.3,28.6,13.8,14.8,5.0,1.5,63.4,0.354,0.207,0.769,13.5467,8.18972,5.35695
876c3552-7edc-56dd-bac5-94d3693e388d,2020,Colorado St.,MWC,Fr,19.2,19.8,19.1,0.6121,2.4,12.4,7.8,16.8,0.0,1.1,40.3,0.442,0.597,0.69,-1.41014,1.36235,-2.77249
876c3552-7edc-56dd-bac5-94d3693e388d,2021,Colorado St.,MWC,So,20.2,50.9,18.1,0.5458,4.4,11.7,7.9,16.8,1.1,1.2,38.0,0.316,0.556,0.852,-0.0375155,0.208407,-0.245922
876c3552-7edc-56dd-bac5-94d3693e388d,2022,Colorado St.,MWC,Jr,21.2,61.0,18.3,0.5913,2.9,11.1,6.1,14.0,1.0,1.0,40.4,0.36,0.457,0.816,0.501413,1.31341,-0.811997
876c3552-7edc-56dd-bac5-94d3693e388d,2023,Colorado St.,MWC,Sr,22.2,77.3,23.5,0.5988,2.7,15.5,8.6,15.5,1.3,1.4,40.1,0.368,0.469,0.815,1.10169,1.96215,-0.860464
876c3552-7edc-56dd-bac5-94d3693e388d,2024,Missouri,SEC,Sr,23.2,6.1,14.6,0.6851999999999999,1.5,7.6,9.3,31.0,1.5,1.5,58.3,0.333,0.5,1.0,-2.69017,-1.54603,-1.14414
876c3552-7edc-56dd-bac5-94d3693e388d,2025,Wisconsin,B10,Sr,24.2,77.5,26.8,0.6468,3.0,15.6,11.9,12.9,0.8,1.4,57.9,0.388,0.499,0.909,7.84818,6.47614,1.37204
8774cf3b-60a9-5bdb-a0c0-c16c6d6e4344,2022,Georgia Tech,ACC,Fr,19.4,32.9,16.5,0.5306000000000001,2.0,9.6,6.6,15.5,0.8,2.1,15.9,0.333,0.637,0.722,-1.15306,-0.694981,-0.458076
8774cf3b-60a9-5bdb-a0c0-c16c6d6e4344,2023,Georgia Tech,ACC,So,20.4,81.3,21.6,0.5468,1.1,11.0,7.9,12.8,0.2,1.3,14.1,0.378,0.578,0.927,-0.560834,1.26757,-1.8284
8774cf3b-60a9-5bdb-a0c0-c16c6d6e4344,2024,Georgia Tech,ACC,Jr,21.4,78.2,24.3,0.4892,3.4,15.5,12.2,15.0,0.9,1.4,25.9,0.321,0.53,0.733,1.07206,1.22863,-0.156573
8774cf3b-60a9-5bdb-a0c0-c16c6d6e4344,2025,Auburn,SEC,Sr,22.4,70.2,17.0,0.5683,1.4,13.1,6.4,10.5,1.5,2.1,19.0,0.378,0.671,0.909,6.60017,4.29145,2.30872
8799dae8-23aa-5531-9ee0-4813489d2132,2010,Texas,B12,Fr,19.5,72.9,19.0,0.49579999999999996,3.5,6.6,12.4,14.6,1.6,2.4,17.9,0.375,0.304,0.545,5.01655,3.11873,1.89782
87fb92b3-c8e6-5380-8a55-4fb3954438b1,2020,South Dakota St.,Sum,Fr,19.7,50.5,20.3,0.5074000000000001,4.9,19.8,18.2,26.1,1.0,1.0,29.0,0.253,0.484,0.667,-1.57222,-1.10885,-0.463365
87fb92b3-c8e6-5380-8a55-4fb3954438b1,2021,South Dakota St.,Sum,So,20.7,88.9,19.9,0.6489,1.8,27.5,20.3,15.7,0.6,1.7,29.3,0.44,0.539,0.853,5.42404,4.86638,0.557653
87fb92b3-c8e6-5380-8a55-4fb3954438b1,2022,South Dakota St.,Sum,So,21.7,84.5,22.6,0.643,1.6,24.2,22.4,13.9,0.4,2.2,32.6,0.462,0.456,0.802,7.17937,5.86323,1.31613
87fb92b3-c8e6-5380-8a55-4fb3954438b1,2023,Creighton,BE,Sr,22.7,81.3,21.1,0.5678,3.6,24.0,18.2,18.1,0.7,1.8,19.7,0.364,0.629,0.84,7.40341,3.62249,3.78092
87fb92b3-c8e6-5380-8a55-4fb3954438b1,2024,Creighton,BE,Sr,23.7,89.8,24.9,0.5961,2.6,23.2,19.9,14.4,0.3,1.5,23.1,0.381,0.591,0.876,8.28338,5.62473,2.65866
880dd338-dce8-5ef1-ab92-749c5401c5b3,2016,Purdue,B10,Fr,19.2,61.8,23.9,0.5327000000000001,7.5,27.2,13.2,25.4,0.9,0.8,33.3,0.292,0.255,0.713,2.29875,-0.366093,2.66484
880dd338-dce8-5ef1-ab92-749c5401c5b3,2017,Purdue,B10,So,20.2,80.5,28.5,0.6203,10.7,32.7,18.7,20.9,2.5,0.8,49.9,0.447,0.202,0.781,8.33723,3.6442,4.69303
88132de1-e7d6-5de2-9c32-8bce368d65c1,2015,Vanderbilt,SEC,Fr,19.2,71.7,19.9,0.5855,2.3,14.4,31.1,20.5,0.4,3.1,46.6,0.439,0.439,0.808,6.67002,5.23782,1.4322
88132de1-e7d6-5de2-9c32-8bce368d65c1,2016,Vanderbilt,SEC,So,20.2,75.3,26.4,0.5709000000000001,1.5,11.6,33.7,19.7,1.0,2.3,61.4,0.406,0.32,0.799,6.89495,4.5466,2.34835
88195e31-4752-5229-9cf1-3db7e8aa6074,2011,Michigan St.,B10,Fr,20.3,22.4,18.8,0.485,12.1,18.4,3.5,21.5,10.1,1.8,49.3,0.0,0.014,0.486,1.96543,-2.93201,4.89744
88195e31-4752-5229-9cf1-3db7e8aa6074,2012,Michigan St.,B10,So,21.3,44.5,19.6,0.6015999999999999,11.0,16.9,3.6,18.3,6.9,2.3,51.4,0.5,0.012,0.697,6.38313,1.38614,4.99699
88195e31-4752-5229-9cf1-3db7e8aa6074,2013,Michigan St.,B10,Jr,22.3,64.6,20.4,0.6306,9.9,24.0,6.0,20.9,5.5,1.8,41.6,0.381,0.173,0.842,7.34271,2.76166,4.58105
88195e31-4752-5229-9cf1-3db7e8aa6074,2014,Michigan St.,B10,Sr,23.3,56.7,27.1,0.6065999999999999,6.8,22.9,10.2,16.1,3.8,1.0,39.0,0.423,0.294,0.79,5.12079,3.48232,1.63848
888df755-aa8e-52ec-aa13-5c81ed761b23,2009,Alabama,SEC,Fr,19.0,60.2,22.5,0.5751,15.8,17.2,6.0,22.3,6.7,1.9,47.2,0.0,0.0,0.709,5.4674,1.98737,3.48003
888df755-aa8e-52ec-aa13-5c81ed761b23,2010,Alabama,SEC,So,20.0,65.4,29.4,0.5409,11.9,18.5,9.3,19.4,6.8,2.0,50.2,0.0,0.015,0.695,4.21552,0.531076,3.68445
888df755-aa8e-52ec-aa13-5c81ed761b23,2011,Alabama,SEC,Jr,21.0,63.6,30.7,0.563,13.4,17.7,12.2,19.9,8.2,3.2,52.9,1.0,0.003,0.737,7.87967,1.90513,5.97454
888df755-aa8e-52ec-aa13-5c81ed761b23,2012,Alabama,SEC,Sr,22.0,57.1,27.5,0.585,10.5,19.1,14.9,21.2,6.0,1.6,51.8,0.2,0.04,0.69,7.09841,1.81842,5.27999
88d9de99-20f0-5d16-80d6-69832a994124,2019,Arkansas,SEC,Fr,20.0,74.8,19.2,0.5932999999999999,2.3,8.1,11.5,11.8,0.6,2.8,22.9,0.414,0.763,0.756,6.11663,5.72806,0.388577
88d9de99-20f0-5d16-80d6-69832a994124,2020,Arkansas,SEC,So,21.0,72.1,22.9,0.5444,1.7,11.5,10.0,11.7,0.8,2.2,25.3,0.342,0.764,0.89,3.74544,3.94034,-0.194903
8909a629-08da-53fd-887d-f781cda0a8f6,2016,Maryland,B10,Fr,19.4,55.1,26.4,0.6067,13.0,15.3,4.1,15.1,7.2,1.3,44.6,0.0,0.0,0.75,3.51338,1.56436,1.94902
89c8c9ce-a481-5c8d-b6bb-34c61da6eabd,2021,Connecticut,BE,Fr,19.4,42.4,22.9,0.5583,9.9,22.0,7.3,20.8,6.0,1.4,18.7,0.0,0.0,0.577,3.6945,0.209236,3.48527
89c8c9ce-a481-5c8d-b6bb-34c61da6eabd,2022,Connecticut,BE,So,20.4,63.0,27.3,0.5304,13.8,19.8,7.7,17.6,6.8,1.8,28.7,0.0,0.003,0.686,3.92979,0.887315,3.04247
89c8c9ce-a481-5c8d-b6bb-34c61da6eabd,2023,Connecticut,BE,Jr,21.4,66.5,26.4,0.6479,11.6,21.3,11.5,16.1,3.2,1.5,28.0,0.365,0.114,0.766,9.28011,5.97945,3.30066
89d4378c-293a-58ab-9179-ae89ecd16003,2013,Kentucky,SEC,Fr,19.8,64.1,21.2,0.6359,8.9,16.9,5.2,21.6,1.6,0.6,57.6,0.424,0.144,0.689,0.536811,1.694,-1.15719
89d4378c-293a-58ab-9179-ae89ecd16003,2014,Kentucky,SEC,So,20.8,45.4,17.4,0.5442,11.6,16.3,4.6,17.8,4.0,1.0,45.2,0.242,0.186,0.625,4.10389,2.03473,2.06916
89d4378c-293a-58ab-9179-ae89ecd16003,2015,Kentucky,SEC,Jr,21.8,10.3,17.6,0.4522,9.4,12.0,2.3,17.6,7.9,1.5,33.3,0.0,0.167,0.857,5.045,-0.436459,5.48146
89d4378c-293a-58ab-9179-ae89ecd16003,2016,Kentucky,SEC,Sr,22.8,50.3,18.7,0.6431,8.9,19.1,2.5,15.8,2.8,1.5,51.5,0.304,0.116,0.706,5.38423,3.84078,1.54346
89e6826a-7ca3-578b-bc74-17d0f120c4fa,2011,Fresno St.,WAC,Fr,19.1,41.9,19.2,0.469,8.3,11.2,23.9,26.5,2.0,3.9,44.5,0.143,0.255,0.551,0.938143,-0.71001,1.64815
89e6826a-7ca3-578b-bc74-17d0f120c4fa,2012,Fresno St.,WAC,So,20.1,72.3,19.8,0.4852,6.1,12.6,19.3,13.1,1.2,3.0,30.3,0.31,0.28,0.675,3.06122,1.57506,1.48616
89e6826a-7ca3-578b-bc74-17d0f120c4fa,2013,Fresno St.,MWC,Jr,21.1,70.7,22.7,0.5299,4.1,12.2,19.2,12.8,0.6,1.8,26.5,0.38,0.299,0.729,4.97038,3.56287,1.40751
89e6826a-7ca3-578b-bc74-17d0f120c4fa,2014,Fresno St.,MWC,Sr,22.1,75.3,23.3,0.5794,5.1,18.8,20.0,10.2,1.0,1.8,32.5,0.438,0.332,0.803,6.04545,5.47306,0.572393
8a174213-89ac-581f-bd77-c6b06d2e7870,2010,North Carolina,ACC,Fr,19.8,18.8,15.7,0.5025,6.3,10.1,6.9,24.9,0.7,1.4,22.5,0.5,0.225,0.563,-0.417413,-0.897046,0.479632
8a174213-89ac-581f-bd77-c6b06d2e7870,2012,UCLA,P12,So,21.8,70.9,18.7,0.5485,8.9,18.1,5.3,13.7,0.9,1.5,26.6,0.467,0.114,0.786,1.72161,1.51953,0.20208
8a174213-89ac-581f-bd77-c6b06d2e7870,2013,UCLA,P12,Jr,22.8,56.1,16.8,0.4917,7.9,15.2,7.6,12.5,1.1,1.2,15.7,0.341,0.192,0.639,2.24172,1.37492,0.866797
8a174213-89ac-581f-bd77-c6b06d2e7870,2014,UCLA,P12,Sr,23.8,56.9,13.9,0.5918,7.4,12.0,5.4,15.9,1.0,1.5,22.2,0.442,0.281,0.805,3.09581,2.24607,0.849738
8a4d01d1-554a-5e0c-9e7a-dbc3c7edddb7,2012,Villanova,BE,Fr,19.2,40.3,14.5,0.49200000000000005,2.7,12.1,10.8,17.1,1.6,1.5,23.8,0.292,0.571,0.767,2.4274,1.31678,1.11061
8a4d01d1-554a-5e0c-9e7a-dbc3c7edddb7,2013,Villanova,BE,So,20.2,73.8,20.8,0.5312,1.4,9.4,13.8,18.7,1.2,3.2,53.7,0.317,0.432,0.739,4.31849,1.99116,2.32734
8a4d01d1-554a-5e0c-9e7a-dbc3c7edddb7,2014,Villanova,BE,Jr,21.2,71.6,23.4,0.6224000000000001,3.6,10.6,19.3,19.3,1.9,2.6,44.0,0.414,0.523,0.718,7.58566,4.55832,3.02735
8a4d01d1-554a-5e0c-9e7a-dbc3c7edddb7,2015,Villanova,BE,Sr,22.2,69.4,23.1,0.5760000000000001,2.0,10.7,15.9,11.1,1.3,3.8,26.7,0.387,0.528,0.796,9.11549,6.40824,2.70725
8a6cfbd6-65c6-5e97-adb1-9ac679970a37,2009,Saint Louis,A10,Fr,19.5,53.4,21.0,0.5616,10.8,15.4,2.3,16.9,6.1,0.6,54.9,0.0,0.0,0.558,-0.310242,-1.57265,1.26241
8a6cfbd6-65c6-5e97-adb1-9ac679970a37,2010,Saint Louis,A10,So,20.5,64.6,25.2,0.5658,10.6,23.6,7.8,15.8,7.7,1.7,58.3,0.0,0.0,0.479,5.38595,-0.280103,5.66605
8a76adb0-6696-5053-8f6e-3baef85c08ab,2012,Long Beach St.,BW,Jr,22.0,72.3,18.2,0.6113000000000001,5.3,11.4,17.3,22.8,2.7,3.2,38.0,0.347,0.534,0.714,7.5954,3.59352,4.00188
8a76adb0-6696-5053-8f6e-3baef85c08ab,2013,Long Beach St.,BW,Sr,23.0,83.5,24.0,0.6102000000000001,6.3,15.5,14.2,21.0,4.1,3.1,37.3,0.358,0.428,0.853,6.06116,3.82061,2.24056
8a99bb51-dcf2-5d4f-b63d-39bd5ca78bfa,2016,Texas A&M,SEC,Fr,19.1,54.7,22.4,0.6557999999999999,14.2,15.6,6.6,18.2,5.9,1.4,73.4,0.0,0.0,0.625,8.32409,3.65318,4.67091
8a99bb51-dcf2-5d4f-b63d-39bd5ca78bfa,2017,Texas A&M,SEC,So,20.1,65.5,26.6,0.642,13.5,16.0,12.2,22.8,4.0,1.1,56.7,0.0,0.004,0.693,4.8147,2.78597,2.02873
8a99bb51-dcf2-5d4f-b63d-39bd5ca78bfa,2018,Texas A&M,SEC,Jr,21.1,72.7,23.6,0.6061,13.3,18.7,8.7,16.3,4.8,0.7,46.0,0.28,0.071,0.623,6.36196,3.60928,2.75267
8a9bfde2-5dca-55b2-bde4-cd6ec4f30379,2021,Duke,ACC,Fr,19.5,36.2,21.1,0.6483,14.4,20.0,9.5,15.6,9.6,2.1,38.3,0.0,0.0,0.537,9.97796,4.62728,5.35068
8a9bfde2-5dca-55b2-bde4-cd6ec4f30379,2022,Duke,ACC,So,20.5,58.9,18.6,0.7238,13.2,21.4,6.9,12.3,11.3,1.3,28.9,0.0,0.004,0.727,13.1483,6.72514,6.42311
8a9d4741-89d6-511e-9761-81fa3a838850,2010,Villanova,BE,Fr,19.1,37.2,23.3,0.5426,2.3,8.6,16.2,21.6,0.2,2.4,40.0,0.315,0.309,0.814,0.760695,1.34399,-0.583291
8a9d4741-89d6-511e-9761-81fa3a838850,2011,Villanova,BE,So,20.1,75.0,27.6,0.5233,2.5,8.2,32.4,20.1,0.1,2.3,48.7,0.271,0.334,0.82,3.21319,3.76981,-0.55662
8a9d4741-89d6-511e-9761-81fa3a838850,2012,Villanova,BE,Jr,21.1,75.0,27.7,0.5472,1.7,10.6,32.5,19.0,0.1,1.7,40.4,0.298,0.386,0.892,4.98287,5.54328,-0.560409
8ad5bb50-e6d1-5df6-b116-cdc68079a8df,2013,Duke,ACC,Fr,20.9,3.5,19.2,0.08470000000000001,12.3,13.4,3.1,30.5,5.8,3.5,100.0,0.0,0.0,0.0,-5.49071,-10.036,4.54532
8ad5bb50-e6d1-5df6-b116-cdc68079a8df,2014,Duke,ACC,So,21.9,18.1,12.0,0.5125,16.5,14.1,5.3,19.9,6.7,1.4,58.6,0.0,0.0,0.353,7.15872,2.48875,4.66997
8ad5bb50-e6d1-5df6-b116-cdc68079a8df,2015,Duke,ACC,Jr,22.9,23.9,11.5,0.7669,13.1,15.6,5.2,19.6,5.6,1.3,73.8,1.0,0.024,0.71,10.2881,5.46141,4.82666
8ad5bb50-e6d1-5df6-b116-cdc68079a8df,2016,Duke,ACC,Sr,23.9,75.8,13.8,0.6617000000000001,12.2,18.7,5.9,14.9,4.9,1.5,99.4,0.0,0.0,0.575,8.36073,4.21411,4.14662
8b5fede2-8aa5-52ed-8b16-d7c421d01ce9,2008,Georgetown,BE,Sr,22.5,65.3,25.6,0.6264,11.3,17.0,16.6,15.7,9.7,1.3,49.0,1.0,0.01,0.646,11.5295,4.50859,7.02088
8ba44148-fa80-5d82-86c3-f7587931dc0f,2018,Michigan St.,B10,Fr,19.4,21.7,15.7,0.6581999999999999,14.7,18.6,5.7,19.5,7.8,1.7,53.3,0.0,0.0,0.656,8.51172,2.91437,5.59735
8ba44148-fa80-5d82-86c3-f7587931dc0f,2019,Michigan St.,B10,So,20.4,59.7,20.1,0.652,13.0,20.0,13.1,18.1,7.3,2.3,53.4,0.296,0.113,0.732,12.884,5.45712,7.42686
8ba44148-fa80-5d82-86c3-f7587931dc0f,2020,Michigan St.,B10,Jr,21.5,80.2,21.6,0.5929,9.9,23.9,18.3,16.4,6.9,2.1,41.0,0.26,0.167,0.667,12.816,4.98187,7.8341
8bbd4305-d432-5a06-b188-3f286109a0f4,2010,Georgetown,BE,Fr,19.2,48.7,13.0,0.5764,5.3,9.4,8.6,18.0,2.3,2.8,32.0,0.438,0.525,0.615,5.43762,3.48926,1.94836
8bbd4305-d432-5a06-b188-3f286109a0f4,2011,Georgetown,BE,So,20.2,57.9,16.0,0.6439,6.6,16.2,6.2,13.5,1.9,2.1,26.5,0.457,0.487,0.72,6.19321,4.52471,1.66849
8bbd4305-d432-5a06-b188-3f286109a0f4,2012,Georgetown,BE,Jr,21.2,76.8,21.2,0.5679,5.5,15.2,10.6,15.8,1.6,1.4,24.2,0.432,0.404,0.671,5.04302,3.42912,1.6139
8c666d82-07d0-5e02-ac82-48f71d0a4c19,2016,Tulane,Amer,Fr,19.8,47.6,17.2,0.47200000000000003,6.6,11.4,7.5,19.7,1.4,2.8,39.5,0.286,0.401,0.516,-0.0974621,-1.85667,1.75921
8c666d82-07d0-5e02-ac82-48f71d0a4c19,2017,Tulane,Amer,So,20.8,72.3,21.2,0.5285,4.5,12.9,10.8,21.1,1.7,3.5,46.1,0.264,0.397,0.667,1.72641,0.622812,1.10359
8c666d82-07d0-5e02-ac82-48f71d0a4c19,2018,Tulane,Amer,Jr,21.8,82.6,21.8,0.6309,3.9,14.6,17.9,19.5,2.2,3.5,36.6,0.385,0.283,0.712,5.38332,3.02678,2.35654
8cabfeb3-095f-5a71-a8db-0544fac35448,2008,Western Kentucky,SB,Sr,22.5,74.3,30.3,0.5739,5.4,14.0,15.5,14.7,3.0,3.3,34.3,0.399,0.321,0.822,7.24728,4.90012,2.34717
8d7905e8-62cd-58dd-8c7b-6f57299a2b60,2008,Harvard,Ivy,So,20.5,75.5,24.8,0.5218,3.7,15.3,26.8,22.3,1.9,3.7,26.7,0.296,0.319,0.61,0.9173,0.711475,0.205825
8d7905e8-62cd-58dd-8c7b-6f57299a2b60,2009,Harvard,Ivy,Jr,21.5,86.8,29.8,0.6004999999999999,3.3,16.1,30.8,22.9,2.0,4.2,49.7,0.398,0.302,0.733,4.6202,3.66042,0.959776
8d7905e8-62cd-58dd-8c7b-6f57299a2b60,2010,Harvard,Ivy,Sr,22.5,79.6,26.5,0.627,3.2,13.4,30.8,21.3,3.4,4.4,69.1,0.349,0.313,0.747,8.24453,5.14449,3.10004
8d85c742-5bec-5bbc-a20c-f7bd2d209201,2013,Stony Brook,AE,Fr,19.4,68.6,21.9,0.6039,10.5,18.8,8.0,11.9,6.4,1.6,53.3,0.0,0.0,0.565,6.92177,2.94079,3.98098
8d85c742-5bec-5bbc-a20c-f7bd2d209201,2014,Stony Brook,AE,So,20.4,73.5,22.9,0.6171,11.6,19.9,15.8,11.3,5.4,1.5,42.4,0.0,0.0,0.606,7.18126,4.36396,2.8173
8d85c742-5bec-5bbc-a20c-f7bd2d209201,2015,Stony Brook,AE,Jr,21.4,82.9,26.8,0.5429999999999999,14.2,26.0,16.2,12.3,8.3,1.4,35.0,0.0,0.0,0.576,9.19302,3.52922,5.6638
8d85c742-5bec-5bbc-a20c-f7bd2d209201,2016,Stony Brook,AE,Sr,22.4,84.0,25.2,0.6315999999999999,14.8,21.3,10.3,9.4,9.8,1.6,41.5,0.0,0.0,0.614,10.0616,4.63606,5.42551
8db96174-f300-5213-a689-22628da5da7a,2019,Ohio St.,B10,Fr,19.3,42.8,24.2,0.4673,1.8,15.2,13.8,15.2,0.0,1.0,13.8,0.306,0.545,0.647,-1.57056,-0.95845,-0.612115
8db96174-f300-5213-a689-22628da5da7a,2020,Ohio St.,B10,So,20.3,55.9,23.0,0.5413,1.1,11.4,12.8,13.9,0.3,1.0,22.4,0.393,0.522,0.833,2.80485,3.01097,-0.206116
8db96174-f300-5213-a689-22628da5da7a,2021,Ohio St.,B10,Jr,21.3,79.4,25.9,0.5508,0.6,11.1,18.8,15.3,0.1,0.8,21.8,0.374,0.571,0.835,4.17941,5.35968,-1.18027
8dd8bcfb-ee79-56b8-9fba-b1fa01f24068,2011,New Mexico,MWC,Fr,19.6,42.0,14.5,0.5134000000000001,3.4,9.5,9.4,19.9,1.2,0.5,26.6,0.345,0.656,0.735,0.888634,0.678897,0.209737
8dd8bcfb-ee79-56b8-9fba-b1fa01f24068,2012,New Mexico,MWC,So,20.6,63.9,19.2,0.6157,1.6,9.9,18.7,18.7,1.7,1.2,24.2,0.393,0.704,0.841,5.529,4.07737,1.45162
8dd8bcfb-ee79-56b8-9fba-b1fa01f24068,2013,New Mexico,MWC,Jr,21.6,77.5,22.0,0.5623,1.6,8.1,22.4,18.5,1.9,1.6,29.9,0.39,0.481,0.843,4.11361,2.91923,1.19438
8df16181-ff91-598f-8ae9-ac67f949a2df,2010,Oregon,P10,Fr,19.6,33.8,17.5,0.5007,8.5,14.9,11.1,20.2,3.3,1.6,24.5,0.281,0.291,0.741,2.9446,0.728229,2.21637
8df16181-ff91-598f-8ae9-ac67f949a2df,2012,Marquette,BE,So,21.6,58.6,16.1,0.503,8.1,10.7,8.8,15.8,5.8,1.7,27.4,0.345,0.137,0.707,5.67183,0.861632,4.8102
8df16181-ff91-598f-8ae9-ac67f949a2df,2013,Marquette,BE,Jr,22.6,62.0,21.0,0.5472,7.5,15.6,14.6,17.3,3.9,1.4,32.1,0.36,0.373,0.744,7.49968,4.55966,2.94001
8df16181-ff91-598f-8ae9-ac67f949a2df,2014,Marquette,BE,Sr,23.6,70.2,23.3,0.509,5.8,18.3,19.3,16.7,2.0,1.2,33.3,0.327,0.308,0.67,3.99232,1.99503,1.99729
8dfb3f63-29ad-5889-9afa-57fc4bd6320e,2020,Texas Tech,B12,Fr,19.9,54.0,21.2,0.5683,5.7,15.4,8.9,15.0,2.1,2.2,52.5,0.257,0.175,0.829,3.41446,1.37032,2.04415
8dfb3f63-29ad-5889-9afa-57fc4bd6320e,2021,Texas Tech,B12,So,20.9,64.1,23.7,0.5547,4.9,12.8,11.1,12.8,0.7,2.5,44.4,0.357,0.313,0.756,4.8651,3.70301,1.16208
8dfb3f63-29ad-5889-9afa-57fc4bd6320e,2022,Texas Tech,B12,Jr,21.9,43.3,22.1,0.5811999999999999,2.5,9.8,15.8,21.2,1.1,2.0,37.4,0.384,0.434,0.784,4.72875,2.29295,2.4358
8dfb3f63-29ad-5889-9afa-57fc4bd6320e,2023,Illinois,B10,Sr,22.9,74.4,26.9,0.5808,4.4,11.8,17.7,17.2,1.5,2.3,58.3,0.321,0.433,0.79,5.34785,4.12725,1.2206
8dfb3f63-29ad-5889-9afa-57fc4bd6320e,2024,Illinois,B10,Sr,23.9,70.6,27.9,0.6214999999999999,2.7,10.0,13.2,12.1,2.3,1.7,59.9,0.362,0.462,0.801,8.88839,8.25686,0.631531
8e90f49d-174a-5bdc-8913-f7420bd5b8cc,2008,Connecticut,BE,So,20.5,48.6,24.5,0.5428999999999999,4.7,8.7,14.6,23.4,2.2,3.7,47.1,0.325,0.369,0.811,5.01873,2.89193,2.1268
8e90f49d-174a-5bdc-8913-f7420bd5b8cc,2009,Connecticut,BE,Jr,21.5,47.7,24.2,0.5095000000000001,4.9,9.5,20.5,16.7,1.0,3.7,45.5,0.348,0.271,0.724,8.2134,4.43541,3.77799
8e90f49d-174a-5bdc-8913-f7420bd5b8cc,2010,Connecticut,BE,Sr,22.5,84.0,30.7,0.4863,3.3,9.9,28.1,21.8,1.7,2.3,43.7,0.292,0.275,0.716,2.3535,1.55331,0.800188
8f0c6d80-1dc6-59d9-9ad4-a08361e558b7,2008,UAB,CUSA,Jr,21.5,84.8,27.8,0.578,1.4,9.5,16.6,17.3,0.6,1.6,24.3,0.4,0.659,0.863,5.31284,5.53578,-0.22294
8f0c6d80-1dc6-59d9-9ad4-a08361e558b7,2009,UAB,CUSA,Sr,22.5,90.2,25.7,0.5268,2.3,13.5,11.9,15.6,1.8,1.7,19.2,0.346,0.621,0.74,4.44251,2.7887,1.65381
8f774c6d-d4cf-5551-85b7-1e9ca27a9a8c,2016,Belmont,OVC,Fr,19.8,46.0,13.7,0.5719,8.6,18.6,8.0,21.0,3.0,1.8,44.9,0.222,0.459,0.682,2.89794,1.23544,1.6625
8f774c6d-d4cf-5551-85b7-1e9ca27a9a8c,2017,Belmont,OVC,So,20.8,76.5,14.0,0.6545000000000001,6.3,18.1,9.4,14.0,3.2,1.7,32.0,0.402,0.508,0.724,6.2975,2.94448,3.35301
8f774c6d-d4cf-5551-85b7-1e9ca27a9a8c,2018,Belmont,OVC,Jr,21.8,88.5,22.6,0.6683,6.3,24.0,15.2,17.3,2.8,1.7,35.9,0.426,0.444,0.718,7.58777,4.33598,3.25178
8f774c6d-d4cf-5551-85b7-1e9ca27a9a8c,2019,Belmont,OVC,Sr,22.8,83.7,24.7,0.6803,6.8,27.2,13.4,13.6,1.7,2.4,30.5,0.425,0.515,0.852,8.87464,6.81167,2.06297
8fa8004e-11e8-582f-b74a-b98f67e56894,2018,Loyola Chicago,MVC,Fr,19.4,50.6,12.7,0.6071,2.5,10.8,8.3,18.5,1.4,2.4,46.6,0.427,0.647,0.704,4.66057,1.55582,3.10474
8fa8004e-11e8-582f-b74a-b98f67e56894,2019,Loyola Chicago,MVC,So,20.4,36.2,16.3,0.6127,3.5,22.6,11.1,17.7,1.3,3.4,30.0,0.413,0.63,0.6,5.43582,1.99434,3.44148
8fa8004e-11e8-582f-b74a-b98f67e56894,2020,Loyola Chicago,MVC,Jr,21.4,75.2,17.1,0.5426,1.3,13.2,10.5,21.1,1.1,3.2,29.2,0.298,0.585,0.694,2.07457,-0.29094,2.36551
8fa8004e-11e8-582f-b74a-b98f67e56894,2021,Loyola Chicago,MVC,Sr,22.4,70.4,17.7,0.5599000000000001,3.2,15.7,14.0,14.7,0.9,3.1,23.6,0.352,0.601,0.755,6.55606,2.7457,3.81036
8fa8004e-11e8-582f-b74a-b98f67e56894,2022,Loyola Chicago,MVC,Sr,23.4,79.8,23.3,0.5834,3.0,15.8,18.8,16.6,1.1,2.6,38.8,0.387,0.578,0.728,6.37343,3.36644,3.00699
900d8eb7-69b7-5d72-8d54-accbdee113a6,2014,Kansas St.,B12,Fr,19.5,58.4,17.2,0.5309,6.3,14.2,15.4,18.9,1.7,1.5,72.7,0.412,0.11,0.634,4.07982,0.302245,3.77758
900d8eb7-69b7-5d72-8d54-accbdee113a6,2015,Kansas St.,B12,So,20.5,60.7,18.5,0.4625,5.6,12.3,17.1,27.1,3.0,1.9,50.6,0.316,0.122,0.595,1.63794,-1.66399,3.30193
900d8eb7-69b7-5d72-8d54-accbdee113a6,2016,Kansas St.,B12,Jr,21.5,79.6,22.2,0.5366,4.1,12.6,24.6,23.5,0.9,2.4,53.2,0.2,0.102,0.692,3.81218,1.04056,2.77162
900d8eb7-69b7-5d72-8d54-accbdee113a6,2017,Kansas St.,B12,Sr,22.5,78.1,22.6,0.5853,4.1,20.0,22.9,19.2,1.2,1.9,50.6,0.376,0.271,0.767,6.09889,3.14066,2.95823
904d4d97-bd7e-5cd1-bde2-f41974bb009f,2017,LSU,SEC,So,21.0,69.3,21.9,0.5390999999999999,8.2,16.6,5.8,18.5,5.7,1.0,25.3,0.314,0.114,0.603,0.462205,0.0580162,0.404188
904d4d97-bd7e-5cd1-bde2-f41974bb009f,2018,LSU,SEC,Sr,22.0,60.3,25.1,0.5863,9.8,16.1,5.7,15.9,4.7,1.1,31.6,0.422,0.147,0.629,1.07605,0.869394,0.206656
912220ca-cec1-5e61-a6ad-382a9aed00dd,2020,George Washington,A10,Fr,19.1,86.9,15.9,0.57,1.3,16.2,3.7,11.7,1.3,0.7,17.0,0.366,0.794,0.846,-0.36234,1.03448,-1.39682
912220ca-cec1-5e61-a6ad-382a9aed00dd,2021,George Washington,A10,So,20.1,80.0,22.0,0.5878,1.3,14.4,4.3,15.8,0.8,1.4,23.7,0.354,0.485,0.787,-1.28433,0.911967,-2.19629
912220ca-cec1-5e61-a6ad-382a9aed00dd,2022,Minnesota,B10,So,21.1,87.9,23.8,0.5627,1.0,19.4,6.0,9.4,1.2,0.6,19.1,0.366,0.496,0.759,0.344641,1.87714,-1.5325
912220ca-cec1-5e61-a6ad-382a9aed00dd,2023,Minnesota,B10,Jr,22.1,77.0,21.0,0.473,1.0,11.3,11.0,15.0,1.2,1.0,9.4,0.311,0.559,0.781,-1.7867,-0.442035,-1.34466
912220ca-cec1-5e61-a6ad-382a9aed00dd,2024,Ohio St.,B10,Sr,23.1,75.3,21.1,0.6242,4.4,14.0,8.3,13.8,0.8,0.7,24.7,0.433,0.545,0.926,4.62602,4.67245,-0.0464305
914f1500-f148-55b4-acb7-49031ef3eff2,2009,Georgia,SEC,Fr,19.1,56.4,25.9,0.515,8.7,22.0,7.5,20.5,4.2,2.1,23.6,0.384,0.278,0.726,1.29098,-0.998422,2.28941
91559185-7e8d-54ac-b55c-e73b94dc754b,2009,Butler,Horz,Fr,19.2,77.8,23.8,0.5188,5.3,12.1,26.3,18.0,0.1,2.3,35.0,0.319,0.553,0.762,5.30111,4.30475,0.996358
91559185-7e8d-54ac-b55c-e73b94dc754b,2010,Butler,Horz,So,20.2,76.9,24.9,0.5645,2.2,13.0,25.1,16.9,0.5,2.8,25.8,0.391,0.435,0.734,7.41886,4.29828,3.12058
91559185-7e8d-54ac-b55c-e73b94dc754b,2011,Butler,Horz,Jr,21.2,79.4,27.9,0.5325,2.7,14.3,25.1,16.9,0.3,1.4,32.6,0.351,0.505,0.769,5.43347,4.51558,0.917896
916a9188-e982-5926-83ef-c9d8a344b493,2025,Connecticut,BE,Fr,19.7,61.1,24.2,0.5293,3.7,18.7,13.1,14.8,0.8,1.1,41.0,0.317,0.468,0.866,0.927904,1.6481,-0.720199
916ee875-e63b-524f-b0ba-6908580460c5,2020,San Diego St.,MWC,Fr,19.0,6.9,26.8,0.4179,14.7,19.1,6.6,18.6,1.5,3.6,41.4,0.235,0.586,0.25,-0.431039,-1.29353,0.862492
916ee875-e63b-524f-b0ba-6908580460c5,2021,San Diego St.,MWC,So,20.0,28.1,17.1,0.5028,9.3,22.3,8.5,12.6,5.1,1.2,58.2,0.368,0.284,0.538,4.22146,0.409256,3.8122
916ee875-e63b-524f-b0ba-6908580460c5,2022,San Diego St.,MWC,Jr,21.0,58.8,16.5,0.5912,6.9,15.5,8.9,18.1,3.2,1.7,45.9,0.182,0.208,0.644,5.55286,1.19607,4.3568
916ee875-e63b-524f-b0ba-6908580460c5,2023,San Diego St.,MWC,Sr,22.0,55.4,17.4,0.5737,7.5,18.6,6.0,13.0,2.3,1.3,42.7,0.262,0.197,0.648,4.97916,1.72947,3.24969
916ee875-e63b-524f-b0ba-6908580460c5,2024,Arizona,P12,Sr,23.0,67.9,18.3,0.6164000000000001,8.0,14.8,10.8,16.7,2.7,2.0,37.5,0.387,0.326,0.71,8.60258,4.48137,4.12122
9170b4f7-8357-5e94-9d2b-33c26f708047,2010,Colorado,B12,Fr,18.9,73.1,26.8,0.6249,8.5,11.9,13.5,14.0,1.5,2.2,59.9,0.352,0.178,0.786,5.66009,6.00763,-0.347539
9170b4f7-8357-5e94-9d2b-33c26f708047,2011,Colorado,B12,So,19.9,78.2,32.1,0.5771000000000001,9.1,14.7,19.8,15.0,1.0,2.0,57.8,0.295,0.184,0.822,5.78677,6.36371,-0.576944
918aa695-c4df-5057-9440-fa616d10d696,2018,Colorado,P12,Fr,19.7,80.5,26.5,0.5329,5.9,10.2,36.0,19.5,1.5,1.7,33.2,0.304,0.25,0.77,5.18847,3.7155,1.47297
918aa695-c4df-5057-9440-fa616d10d696,2019,Colorado,P12,So,20.7,78.6,22.8,0.596,3.0,14.2,29.4,24.2,0.7,2.0,36.5,0.365,0.319,0.807,5.02296,2.45933,2.56362
918aa695-c4df-5057-9440-fa616d10d696,2020,Colorado,P12,Jr,21.7,86.4,24.8,0.5463,4.2,14.7,31.3,20.6,1.0,1.9,33.0,0.336,0.319,0.792,6.33419,3.87705,2.45714
918aa695-c4df-5057-9440-fa616d10d696,2021,Colorado,P12,Sr,22.7,81.3,26.3,0.5677,3.3,12.8,36.9,15.1,1.0,1.9,32.9,0.304,0.248,0.844,9.54865,7.00978,2.53887
91a798a3-f4e1-518e-9f50-138744e175f1,2012,Iowa St.,B12,So,21.2,78.8,29.1,0.536,9.4,24.6,34.5,24.7,3.0,2.2,62.5,0.333,0.037,0.498,8.11031,2.62224,5.48806
91b11e17-ebc9-5c94-a217-84304c7599e3,2021,Texas,B12,Fr,19.8,48.9,25.8,0.5347999999999999,6.8,25.7,3.8,25.0,5.0,1.6,37.3,0.33,0.472,0.708,0.438483,-1.89567,2.33415
91d4d266-2b8c-5b71-9a88-6adf12964152,2013,Villanova,BE,Fr,19.5,42.8,15.6,0.4612,11.9,15.9,7.7,26.3,4.8,2.6,63.8,0.0,0.021,0.483,4.00099,-1.11789,5.11888
91d4d266-2b8c-5b71-9a88-6adf12964152,2014,Villanova,BE,So,20.5,53.2,17.3,0.5915,10.4,21.8,12.1,29.2,7.7,1.9,57.8,0.0,0.008,0.554,7.20154,-0.781499,7.98304
91d4d266-2b8c-5b71-9a88-6adf12964152,2015,Villanova,BE,Jr,21.5,59.6,20.9,0.6603,14.0,28.1,13.2,22.4,6.3,2.2,51.5,0.0,0.0,0.692,11.0315,4.0801,6.95143
91d4d266-2b8c-5b71-9a88-6adf12964152,2016,Villanova,BE,Sr,22.5,53.9,21.3,0.6416,11.3,25.6,14.6,16.2,7.5,2.0,38.9,0.0,0.004,0.684,12.6355,4.66662,7.96888
920e19ea-4970-57d7-8461-bfbc713d845f,2016,Oregon,P12,Fr,20.4,70.9,21.6,0.5667,5.1,11.0,11.6,17.2,0.7,1.5,41.7,0.399,0.482,0.709,3.86563,3.97473,-0.1091
920e19ea-4970-57d7-8461-bfbc713d845f,2017,Oregon,P12,So,21.3,75.4,21.5,0.6049,3.3,9.6,10.9,13.9,0.4,1.5,34.5,0.424,0.511,0.752,4.47016,4.7426,-0.272438
921929dd-bfe0-59aa-8c7c-4098448b7262,2018,Kentucky,SEC,Fr,19.2,16.0,22.9,0.4765,23.2,27.9,10.7,15.7,5.3,1.4,55.9,0.0,0.015,0.632,6.305,2.62855,3.67645
92a5b0f3-cff0-5440-8c60-56998524a7da,2011,North Carolina,ACC,Fr,19.1,73.2,24.7,0.5217,7.2,12.8,9.6,14.6,1.4,1.4,24.9,0.344,0.392,0.75,6.33638,4.38372,1.95266
92a5b0f3-cff0-5440-8c60-56998524a7da,2012,North Carolina,ACC,So,20.1,72.9,26.0,0.528,6.9,11.0,7.2,14.0,1.1,2.0,37.4,0.358,0.263,0.723,5.45848,3.98482,1.47366
92abe983-71b2-528a-bd12-14905671db7b,2014,Iowa St.,B12,Fr,19.0,69.1,12.6,0.5699000000000001,2.0,7.6,20.4,12.2,0.7,2.5,40.2,0.406,0.385,0.847,5.1189,3.41969,1.6992
92abe983-71b2-528a-bd12-14905671db7b,2015,Iowa St.,B12,So,20.0,84.8,17.7,0.5861,2.5,8.6,27.4,10.7,1.3,3.2,27.8,0.395,0.265,0.753,8.63824,6.4284,2.20984
92abe983-71b2-528a-bd12-14905671db7b,2016,Iowa St.,B12,Jr,21.0,94.1,19.9,0.5607,2.4,8.9,28.9,12.1,0.7,2.6,24.9,0.358,0.275,0.729,7.15501,6.2507,0.904313
92abe983-71b2-528a-bd12-14905671db7b,2017,Iowa St.,B12,Sr,22.0,86.8,23.8,0.5553,3.7,11.3,32.0,8.1,0.8,2.4,23.9,0.378,0.308,0.802,9.69761,8.00625,1.69135
92eb7018-505d-5a3e-b9c0-66f6743bfb79,2009,Tennessee Tech,OVC,Fr,19.3,51.1,27.4,0.4925,4.3,12.1,16.0,25.8,1.0,1.5,33.6,0.405,0.362,0.731,-5.66682,-3.19503,-2.47179
92eb7018-505d-5a3e-b9c0-66f6743bfb79,2010,Tennessee Tech,OVC,So,20.3,77.1,25.9,0.5468,4.1,10.4,14.0,20.0,0.3,1.2,41.2,0.31,0.319,0.753,-2.81325,1.06374,-3.87699
92eb7018-505d-5a3e-b9c0-66f6743bfb79,2011,Tennessee Tech,OVC,Jr,21.3,75.0,28.4,0.5528,2.3,15.9,13.2,22.2,0.7,1.9,39.7,0.33,0.252,0.732,-1.8706,-1.14278,-0.727821
92eb7018-505d-5a3e-b9c0-66f6743bfb79,2012,Tennessee Tech,OVC,Sr,22.3,85.8,30.5,0.5429999999999999,3.1,15.6,17.0,18.6,0.7,1.4,31.1,0.42,0.354,0.711,-0.668929,1.04305,-1.71198
92f94805-6352-58ce-8e2f-13625e67bdf4,2015,Duke,ACC,Fr,19.5,72.8,27.6,0.6414,14.8,18.2,9.4,18.2,4.5,1.5,46.2,0.0,0.0,0.51,9.18755,5.62673,3.56082
930dcb88-eeac-5bf3-b751-4d3164a8c74b,2008,Wisconsin,B10,Fr,19.1,19.2,20.5,0.5478999999999999,8.5,8.9,9.4,22.3,1.2,0.9,40.3,0.462,0.361,0.483,2.34002,1.08066,1.25935
930dcb88-eeac-5bf3-b751-4d3164a8c74b,2009,Wisconsin,B10,So,20.1,52.5,26.3,0.5157,8.4,16.3,10.3,16.1,3.4,1.6,30.8,0.296,0.219,0.605,2.99603,1.12842,1.86762
930dcb88-eeac-5bf3-b751-4d3164a8c74b,2010,Wisconsin,B10,Jr,21.1,52.0,26.9,0.5835,6.4,20.0,14.9,8.6,5.2,1.3,34.2,0.391,0.169,0.72,8.80565,5.07914,3.72652
930dcb88-eeac-5bf3-b751-4d3164a8c74b,2011,Wisconsin,B10,Sr,22.1,83.1,29.4,0.568,6.5,22.6,12.8,11.3,3.1,1.0,27.7,0.37,0.302,0.843,6.7488,5.28686,1.46194
934c137b-c8d7-5d4f-abf3-fb78fd180bed,2009,Kansas,B12,Fr,19.2,66.0,19.8,0.5926,1.5,7.3,20.6,25.8,0.9,2.4,44.3,0.364,0.278,0.724,4.22839,2.23002,1.99837
934c137b-c8d7-5d4f-abf3-fb78fd180bed,2010,Kansas,B12,So,20.2,57.3,18.7,0.531,2.4,8.4,24.1,22.4,0.8,3.2,43.3,0.339,0.276,0.716,5.24844,3.19184,2.05661
934c137b-c8d7-5d4f-abf3-fb78fd180bed,2011,Kansas,B12,Jr,21.2,64.1,21.0,0.5622,1.4,6.5,27.4,26.8,1.1,2.1,47.1,0.38,0.207,0.719,2.87326,1.62479,1.24848
934c137b-c8d7-5d4f-abf3-fb78fd180bed,2012,Kansas,B12,Sr,22.2,83.3,27.5,0.569,0.7,6.9,29.7,22.7,0.5,2.4,42.0,0.382,0.321,0.688,3.88833,3.36475,0.523573
934d1ec5-7fac-5093-bdcd-fd5ddfb7e184,2017,N.C. State,ACC,Fr,19.6,86.4,28.2,0.5631,2.7,11.5,34.2,19.0,1.2,3.1,47.6,0.359,0.364,0.715,6.34615,5.77571,0.570446
937d9a8c-c068-5554-8600-70e3eed05c0b,2023,South Carolina,SEC,Fr,18.5,78.8,29.1,0.47409999999999997,5.4,17.0,6.6,17.7,2.8,1.4,26.9,0.324,0.369,0.677,-2.88145,-1.80439,-1.07706
937e160d-2167-5192-b07f-6902968af7c2,2012,Gonzaga,WCC,Fr,19.4,78.8,20.7,0.6046,1.0,8.6,21.7,16.6,0.2,2.3,35.8,0.401,0.619,0.851,6.84871,6.0795,0.769203
937e160d-2167-5192-b07f-6902968af7c2,2013,Gonzaga,WCC,So,20.4,81.9,18.0,0.5876,1.5,7.5,18.0,15.0,0.0,2.8,26.6,0.419,0.596,0.807,8.1089,6.24517,1.86373
937e160d-2167-5192-b07f-6902968af7c2,2014,Gonzaga,WCC,Jr,21.4,87.7,19.9,0.5926,0.8,9.5,18.3,14.6,0.1,1.7,36.7,0.409,0.55,0.879,5.98667,4.39983,1.58684
937e160d-2167-5192-b07f-6902968af7c2,2015,Gonzaga,WCC,Sr,22.4,84.8,17.5,0.6252,1.7,7.3,23.2,14.2,0.2,2.3,36.1,0.433,0.625,0.824,8.43614,7.13051,1.30563
93852812-69b8-58e8-b6cb-79ab6ce6c49f,2015,Kansas,B12,Fr,20.3,35.8,18.9,0.5356000000000001,1.8,7.1,23.0,20.1,0.0,2.9,65.0,0.425,0.342,0.724,3.85393,2.761,1.09293
93852812-69b8-58e8-b6cb-79ab6ce6c49f,2016,Kansas,B12,So,21.3,80.6,17.0,0.5989,1.3,9.9,19.5,17.8,0.4,2.5,29.0,0.436,0.545,0.739,8.85182,5.61833,3.23349
93852812-69b8-58e8-b6cb-79ab6ce6c49f,2017,Kansas,B12,Jr,22.3,87.2,17.8,0.5856,1.6,7.9,19.2,15.8,0.6,2.4,25.1,0.388,0.659,0.793,7.33138,5.98358,1.3478
93852812-69b8-58e8-b6cb-79ab6ce6c49f,2018,Kansas,B12,Sr,23.3,94.2,25.2,0.5682,2.0,9.6,31.4,16.7,0.1,2.4,40.6,0.406,0.544,0.827,7.50691,6.87452,0.632384
939ad909-8c48-5866-abac-1230e00e7696,2018,Wisconsin,B10,Fr,20.5,60.8,12.7,0.5794,3.1,11.9,7.1,15.5,0.8,0.9,22.0,0.409,0.733,0.818,1.33672,0.993601,0.343115
939ad909-8c48-5866-abac-1230e00e7696,2019,Wisconsin,B10,So,21.5,31.0,14.7,0.4623,3.1,12.5,4.7,15.6,1.0,1.2,3.9,0.287,0.777,1.0,-0.0440143,-1.55117,1.50716
939ad909-8c48-5866-abac-1230e00e7696,2020,Wisconsin,B10,Jr,22.5,62.3,19.4,0.5443,5.9,14.7,9.2,12.9,1.6,1.2,22.1,0.342,0.541,0.694,5.51112,3.2088,2.30232
939ad909-8c48-5866-abac-1230e00e7696,2021,Wisconsin,B10,Sr,23.5,65.5,18.2,0.5209,3.7,15.1,8.4,11.9,2.1,1.4,13.2,0.343,0.551,0.781,4.574,2.17475,2.39925
93abb321-73d5-563e-ab64-0b55d202176e,2017,Texas,B12,Fr,19.2,80.4,22.9,0.5714,11.0,18.8,5.5,20.1,5.0,1.0,47.2,0.0,0.022,0.564,3.33538,-0.19975,3.53513
93b2a38f-f17d-5009-bbc5-54fb47260071,2013,North Carolina,ACC,Fr,19.8,20.4,20.8,0.48119999999999996,9.3,11.1,14.9,27.2,1.4,3.3,30.4,0.0,0.114,0.375,2.54123,-0.45079,2.99202
93b2a38f-f17d-5009-bbc5-54fb47260071,2014,North Carolina,ACC,So,20.8,71.2,19.0,0.5072,7.2,14.7,18.9,19.4,2.0,3.2,37.1,0.222,0.136,0.5,7.19384,2.67197,4.52188
93b2a38f-f17d-5009-bbc5-54fb47260071,2015,North Carolina,ACC,Jr,21.8,71.6,19.6,0.4838,6.5,14.4,24.3,22.8,1.3,3.0,43.2,0.375,0.118,0.615,7.81253,3.5522,4.26033
93b46472-5167-5441-983b-0d1ca9568d0d,2014,Connecticut,Amer,Fr,20.4,40.3,13.7,0.6319,10.3,11.1,3.4,19.3,15.1,0.4,61.0,0.0,0.0,0.574,8.79357,-0.0744488,8.86802
93b46472-5167-5441-983b-0d1ca9568d0d,2015,Connecticut,Amer,So,21.4,65.5,16.4,0.6761,9.6,10.8,1.8,15.4,15.0,0.5,55.1,0.0,0.0,0.65,7.85502,1.10089,6.75413
93b46472-5167-5441-983b-0d1ca9568d0d,2016,Connecticut,Amer,Jr,22.4,36.2,13.9,0.6914,10.7,14.0,1.1,16.4,14.3,0.7,33.7,0.0,0.0,0.824,8.3583,0.678647,7.67966
93b46472-5167-5441-983b-0d1ca9568d0d,2017,Connecticut,Amer,Sr,23.4,62.3,17.3,0.5903,9.8,17.5,2.1,21.2,12.3,0.5,73.9,0.0,0.0,0.619,3.62266,-2.06162,5.68428
94079d58-c3cb-5e5d-b751-e97517597639,2011,Wisconsin,B10,Fr,19.6,1.1,15.4,0.25,17.4,27.2,0.0,0.0,0.0,0.0,0.0,0.0,0.0,0.0,-12.3948,-5.69101,-6.70382
94079d58-c3cb-5e5d-b751-e97517597639,2012,Wisconsin,B10,So,20.6,2.8,17.8,0.5056,3.1,17.8,10.8,28.2,0.0,5.0,57.1,0.0,0.286,0.25,2.47977,-2.31306,4.79284
94079d58-c3cb-5e5d-b751-e97517597639,2014,Wisconsin,B10,Jr,22.6,20.3,17.0,0.6035,7.8,14.7,7.5,9.6,0.3,0.6,17.1,0.366,0.5,0.714,4.05291,4.40398,-0.351071
94079d58-c3cb-5e5d-b751-e97517597639,2015,Wisconsin,B10,Sr,23.6,37.6,18.9,0.5089,6.3,14.9,7.5,14.7,0.5,0.9,29.7,0.319,0.587,0.674,3.4181,3.40299,0.0151066
94104c74-c69f-5b82-a5e1-cf695926447a,2019,George Mason,A10,Fr,19.4,37.8,16.9,0.6397999999999999,15.1,12.8,4.6,13.2,3.0,1.6,40.5,0.333,0.155,0.617,4.51416,3.90209,0.612073
94104c74-c69f-5b82-a5e1-cf695926447a,2020,George Mason,A10,So,20.4,80.7,21.1,0.5335,7.6,10.8,9.7,16.0,0.6,1.9,36.1,0.33,0.309,0.701,1.0633,1.96832,-0.905021
94104c74-c69f-5b82-a5e1-cf695926447a,2021,George Mason,A10,Jr,21.4,73.4,24.2,0.5471,7.7,13.2,13.3,13.9,1.2,1.7,27.2,0.343,0.285,0.776,2.89935,2.95139,-0.0520473
94104c74-c69f-5b82-a5e1-cf695926447a,2022,Miami FL,ACC,Jr,22.4,74.6,15.9,0.6133,8.4,15.2,6.8,10.4,2.0,3.4,26.0,0.292,0.248,0.706,7.11999,4.40963,2.71035
94104c74-c69f-5b82-a5e1-cf695926447a,2023,Miami FL,ACC,Sr,23.4,86.9,20.0,0.6161,7.2,14.0,14.1,11.1,1.3,2.0,31.3,0.352,0.228,0.784,7.69323,6.35634,1.33689
9421d411-325e-520e-be9e-6fc584538946,2019,UNC Wilmington,CAA,Fr,20.5,45.0,14.8,0.5502,5.9,12.5,7.6,13.9,1.4,1.0,38.3,0.362,0.602,0.745,0.0979024,1.41531,-1.31741
9421d411-325e-520e-be9e-6fc584538946,2020,UNC Wilmington,CAA,So,21.5,78.0,20.4,0.47729999999999995,2.9,16.6,7.6,12.5,0.4,1.0,45.9,0.312,0.581,0.653,-2.71779,-1.03214,-1.68566
9421d411-325e-520e-be9e-6fc584538946,2021,UNC Wilmington,CAA,Jr,22.5,63.3,25.7,0.5753,2.5,16.7,11.1,16.8,0.2,1.4,59.4,0.382,0.385,0.776,-2.84655,0.395207,-3.24176
9421d411-325e-520e-be9e-6fc584538946,2022,UNC Wilmington,CAA,Sr,23.5,85.8,26.1,0.5278,3.7,15.8,15.1,12.0,0.7,2.1,47.3,0.349,0.374,0.819,1.30271,2.43519,-1.13248
943485f7-98fb-5e0b-ac28-1505da6abc73,2008,Memphis,CUSA,Jr,21.5,71.2,26.2,0.6174000000000001,5.0,10.5,12.8,15.5,1.6,2.4,47.2,0.413,0.228,0.712,8.36299,5.70858,2.65441
943d4684-ee21-53a3-b14a-8634e895b2cb,2008,Michigan St.,B10,Fr,19.1,62.6,24.9,0.5053,2.1,5.0,30.0,20.0,0.1,2.1,29.7,0.364,0.172,0.768,1.56568,2.26913,-0.703449
943d4684-ee21-53a3-b14a-8634e895b2cb,2009,Michigan St.,B10,So,20.1,79.8,24.9,0.5184000000000001,2.5,5.2,29.6,16.4,0.6,1.9,48.6,0.39,0.24,0.808,5.26644,4.65741,0.609031
943d4684-ee21-53a3-b14a-8634e895b2cb,2010,Michigan St.,B10,Jr,21.1,69.2,25.1,0.5556,2.6,4.4,25.8,18.6,0.2,2.4,44.5,0.354,0.272,0.772,3.95292,4.31701,-0.364098
943d4684-ee21-53a3-b14a-8634e895b2cb,2011,Michigan St.,B10,Sr,22.1,83.0,26.5,0.5393,1.6,5.9,23.8,17.5,0.2,1.9,37.4,0.394,0.305,0.815,1.71544,3.02741,-1.31197
94420359-3f30-538a-9b69-f699de8cf1c0,2008,Arizona,P10,So,20.5,87.5,26.3,0.5563,3.8,14.7,18.4,15.2,0.5,2.0,31.5,0.378,0.417,0.714,6.27983,5.0518,1.22803
94420359-3f30-538a-9b69-f699de8cf1c0,2009,Arizona,P10,Jr,21.5,93.7,23.9,0.5942000000000001,4.9,14.8,19.0,16.6,1.4,2.3,34.2,0.399,0.368,0.801,7.82959,6.90449,0.925103
94919b54-ce25-5279-b1b2-13b4441c1e50,2008,Boston University,AE,Fr,19.6,62.0,24.2,0.5342,7.3,16.4,10.4,17.0,1.7,3.5,35.4,0.331,0.431,0.649,1.73555,0.719746,1.0158
94919b54-ce25-5279-b1b2-13b4441c1e50,2009,Boston University,AE,So,20.6,85.2,24.0,0.5948,7.5,10.9,7.8,12.8,1.1,3.1,30.3,0.396,0.506,0.769,4.11276,4.79391,-0.68115
94919b54-ce25-5279-b1b2-13b4441c1e50,2010,Boston University,AE,Jr,21.6,85.4,25.0,0.5902000000000001,5.3,14.1,7.5,13.6,0.9,2.6,45.9,0.357,0.359,0.851,3.62275,3.46219,0.160553
94919b54-ce25-5279-b1b2-13b4441c1e50,2011,Boston University,AE,Sr,22.6,82.1,30.5,0.5266,4.4,14.6,13.1,13.2,1.1,2.6,38.0,0.33,0.437,0.86,2.60067,3.44591,-0.845245
94a601f7-1738-5830-9614-5ab6ef2ca9e2,2013,Syracuse,BE,Fr,19.3,35.5,16.0,0.511,9.0,13.6,5.9,17.2,3.7,1.8,62.4,0.4,0.128,0.562,3.63216,0.975637,2.65652
94a601f7-1738-5830-9614-5ab6ef2ca9e2,2014,Syracuse,ACC,So,20.3,73.4,21.4,0.5474,9.1,17.2,9.4,11.3,2.5,1.7,66.4,0.0,0.019,0.674,4.58728,2.54555,2.04173
94c2a5c9-b28c-5831-bb1b-1268f9c40406,2009,Mississippi St.,SEC,Fr,19.1,30.4,18.3,0.4976,7.3,14.2,3.7,20.1,2.6,0.9,49.5,0.28,0.229,0.648,-2.40794,-1.86657,-0.541373
94c2a5c9-b28c-5831-bb1b-1268f9c40406,2010,Mississippi St.,SEC,So,20.1,31.4,19.5,0.5488000000000001,8.5,12.0,9.7,22.3,2.5,1.0,34.5,0.41,0.328,0.634,1.28281,0.452466,0.830341
94c2a5c9-b28c-5831-bb1b-1268f9c40406,2012,Oklahoma,B12,Jr,22.1,75.2,22.1,0.5465,9.6,18.2,6.2,16.1,3.9,1.1,45.7,0.389,0.06,0.715,3.2687,1.3165,1.9522
94c2a5c9-b28c-5831-bb1b-1268f9c40406,2013,Oklahoma,B12,Sr,23.1,70.7,25.4,0.6038,8.2,19.5,10.2,10.8,3.2,1.3,58.6,0.529,0.051,0.794,7.55055,5.66748,1.88307
94d992fa-b099-5c22-a401-6537c7132856,2010,Memphis,CUSA,So,20.5,83.3,27.7,0.5985,2.7,11.3,24.0,18.8,0.4,2.4,66.0,0.366,0.423,0.758,4.78189,5.42648,-0.644584
94ee6cbd-d067-56b2-930f-644c6fd27101,2019,UCLA,P12,Fr,19.7,55.9,21.3,0.5558,15.7,21.1,2.4,16.6,8.8,1.4,58.4,0.0,0.0,0.352,2.73398,-0.0157362,2.74972
9541d84f-6e27-58a0-a131-c81dffe90753,2015,Northwestern,B10,Fr,19.5,59.8,19.9,0.5059,5.2,18.2,11.4,20.5,2.3,1.8,33.5,0.355,0.398,0.766,0.802824,-0.782883,1.58571
9541d84f-6e27-58a0-a131-c81dffe90753,2017,Northwestern,B10,So,21.5,80.3,20.7,0.5236999999999999,4.6,15.4,10.8,14.1,1.7,2.0,33.4,0.399,0.405,0.738,4.18154,1.85332,2.32822
9541d84f-6e27-58a0-a131-c81dffe90753,2018,Northwestern,B10,Jr,22.5,68.2,20.5,0.5539999999999999,4.2,18.7,15.0,15.7,2.2,2.1,26.1,0.383,0.51,0.824,5.51486,3.03613,2.47873
9541d84f-6e27-58a0-a131-c81dffe90753,2019,Northwestern,B10,Sr,23.5,77.6,26.1,0.5154,3.5,18.8,21.5,15.1,3.1,1.9,30.7,0.335,0.438,0.786,5.4844,1.72217,3.76223
95ba807b-725d-516c-9049-64aa843c38a6,2026,Illinois,B10,Fr,19.4,83.7,25.7,0.5956,6.7,10.0,23.2,12.5,1.3,1.7,47.6,0.397,0.482,0.796,11.1599,8.84287,2.31707
96095c16-3aab-5094-9737-a58e9ce52482,2020,Memphis,Amer,Fr,19.6,61.1,18.8,0.5678,3.3,9.7,14.4,21.3,0.4,1.4,55.2,0.313,0.593,0.804,2.89154,1.66334,1.22821
96095c16-3aab-5094-9737-a58e9ce52482,2021,Memphis,Amer,So,20.6,65.9,17.5,0.5613,6.7,17.5,13.4,16.3,0.8,1.8,32.5,0.4,0.534,0.672,5.95887,3.19807,2.7608
96095c16-3aab-5094-9737-a58e9ce52482,2022,Memphis,Amer,Jr,21.6,68.0,16.1,0.6001,4.4,9.5,8.6,17.4,0.5,2.4,37.6,0.39,0.603,0.75,5.69857,4.75542,0.943151
961b3ae0-1028-5738-925d-fbfcecc78613,2026,Arizona,B12,Fr,19.4,63.9,24.4,0.5571,9.1,12.5,16.7,13.3,2.5,1.3,42.7,0.35,0.053,0.623,7.99692,4.11329,3.88364
96985926-56af-5da7-800d-5be4665c973a,2014,Murray St.,OVC,Fr,19.9,81.9,29.6,0.5307999999999999,0.9,10.8,34.1,19.3,1.7,2.8,32.9,0.345,0.455,0.799,2.9613,3.05119,-0.089891
96985926-56af-5da7-800d-5be4665c973a,2015,Murray St.,OVC,So,20.9,81.4,31.3,0.5672999999999999,2.3,10.7,39.8,14.9,1.6,3.2,31.3,0.373,0.428,0.783,8.37349,8.08177,0.291724
96a26e31-f79f-53cb-b65b-0f82c01b09ea,2023,Arkansas,SEC,Fr,19.4,85.6,22.2,0.5486,4.3,12.8,20.9,22.6,1.9,3.4,57.8,0.301,0.283,0.705,6.48724,2.71821,3.76904
96ab4f0a-0c50-5dec-90d8-fcde1adecbae,2020,Akron,MAC,Fr,19.9,0.7,6.4,0.5263,0.0,12.9,0.0,0.0,0.0,0.0,0.0,0.0,,0.5,-5.81161,-3.70065,-2.11096
96ab4f0a-0c50-5dec-90d8-fcde1adecbae,2021,Akron,MAC,So,20.9,55.2,15.2,0.7187,12.8,29.2,2.5,23.4,8.6,1.2,43.7,0.0,0.011,0.658,4.08403,-0.110516,4.19455
96ab4f0a-0c50-5dec-90d8-fcde1adecbae,2022,Akron,MAC,So,21.9,72.5,23.0,0.6677,13.2,31.1,11.2,17.5,4.5,1.0,62.2,0.0,0.008,0.647,5.23669,2.64291,2.59378
96ab4f0a-0c50-5dec-90d8-fcde1adecbae,2023,Akron,MAC,Jr,22.9,78.2,26.7,0.6177,12.3,30.8,14.3,15.1,4.3,1.1,49.3,0.333,0.009,0.632,5.29093,2.50476,2.78618
96ab4f0a-0c50-5dec-90d8-fcde1adecbae,2024,Akron,MAC,Sr,23.9,81.8,28.1,0.6452,11.8,32.8,10.9,17.3,5.9,1.4,59.4,0.365,0.137,0.729,6.07283,1.96265,4.11018
96bc2204-3177-5d21-8cab-21f780b6a32d,2009,Kansas,B12,Fr,19.8,46.0,23.1,0.5367000000000001,12.5,16.2,11.2,21.9,2.0,3.2,55.8,0.4,0.079,0.604,6.13585,2.12259,4.01326
96bc2204-3177-5d21-8cab-21f780b6a32d,2010,Kansas,B12,So,20.8,61.3,22.6,0.61,12.8,14.0,8.1,13.6,1.3,2.2,49.2,0.375,0.105,0.66,7.82387,6.33621,1.48766
96bc2204-3177-5d21-8cab-21f780b6a32d,2011,Kansas,B12,Jr,21.8,70.6,25.9,0.6251,11.5,19.0,11.4,13.7,2.4,1.7,51.1,0.342,0.181,0.688,9.5956,6.76747,2.82812
96e09756-0143-572c-bc57-b2aba60a9537,2020,Charlotte,CUSA,Fr,19.7,79.9,22.1,0.5521,2.3,18.0,19.6,15.6,1.3,2.9,38.6,0.373,0.455,0.738,3.40555,1.73912,1.66644
96e09756-0143-572c-bc57-b2aba60a9537,2021,Charlotte,CUSA,So,20.7,91.4,27.1,0.5615,2.7,13.9,17.9,14.6,0.9,1.8,45.4,0.352,0.397,0.839,1.01954,2.2039,-1.18436
96e09756-0143-572c-bc57-b2aba60a9537,2022,Charlotte,CUSA,Jr,21.7,89.6,28.1,0.5854,2.4,18.0,23.3,12.7,1.4,1.8,33.0,0.341,0.365,0.892,3.67234,4.30622,-0.633879
96e09756-0143-572c-bc57-b2aba60a9537,2023,Maryland,B10,Sr,22.7,78.3,29.3,0.527,4.5,13.4,21.8,15.2,1.3,2.5,38.8,0.311,0.305,0.831,5.77538,3.70168,2.0737
96e09756-0143-572c-bc57-b2aba60a9537,2024,Maryland,B10,Sr,23.7,84.7,30.7,0.5456,3.2,12.9,30.0,15.0,0.9,2.3,44.6,0.324,0.351,0.9,6.86225,5.05844,1.8038
9754e374-02ea-5ab3-925e-13ab11a826b6,2013,UCLA,P12,Fr,19.0,70.4,22.4,0.5717,2.4,11.2,11.3,10.3,1.1,4.2,41.5,0.307,0.407,0.843,8.29901,5.75163,2.54738
9754e374-02ea-5ab3-925e-13ab11a826b6,2014,UCLA,P12,So,20.0,72.6,25.7,0.6033,7.5,13.1,14.7,11.0,0.6,5.0,44.1,0.356,0.34,0.836,10.5299,7.69732,2.83256
97f6a412-bba7-5f45-a391-694a4976ef64,2023,Houston,Amer,Fr,19.8,67.4,22.0,0.5332,9.5,18.1,12.4,14.9,6.2,2.2,23.6,0.347,0.298,0.662,8.49956,2.90728,5.59228
98a94f06-b2be-5565-9fc3-96e950a546bf,2008,Duke,ACC,So,20.5,43.5,13.8,0.5164,10.4,8.8,2.7,21.6,1.8,1.7,75.3,0.0,0.0,0.521,2.80981,0.405394,2.40441
98a94f06-b2be-5565-9fc3-96e950a546bf,2009,Duke,ACC,Jr,21.5,46.4,14.3,0.6138,11.3,10.7,4.5,16.9,1.4,1.4,81.7,0.0,0.0,0.553,4.41816,3.24946,1.16871
98a94f06-b2be-5565-9fc3-96e950a546bf,2010,Duke,ACC,Sr,22.5,63.1,13.5,0.5022,10.4,11.0,6.1,26.9,0.8,1.4,47.7,0.0,0.0,0.743,4.55547,1.2466,3.30888
98c25aea-3962-5ca9-aada-ef0db0e0d785,2017,Arizona,P12,Fr,20.1,77.0,21.5,0.6345000000000001,10.0,17.5,5.6,9.8,1.8,0.8,43.6,0.423,0.434,0.835,7.74815,6.92405,0.824101
98c980da-4f33-5f31-a47f-2823af3f6760,2017,Evansville,MVC,Fr,19.5,48.6,15.0,0.5546,1.2,12.1,25.6,21.4,1.8,2.2,26.7,0.34,0.405,0.806,2.80872,1.59951,1.2092
98c980da-4f33-5f31-a47f-2823af3f6760,2018,Evansville,MVC,So,20.5,53.0,24.5,0.711,1.6,11.7,37.6,26.0,2.1,4.0,51.2,0.491,0.327,0.86,8.72503,4.72616,3.99887
98c980da-4f33-5f31-a47f-2823af3f6760,2020,Missouri,SEC,Jr,22.5,81.3,23.5,0.5435,4.6,10.7,27.1,21.5,1.5,3.8,46.6,0.294,0.287,0.899,6.08128,3.04971,3.03157
98c980da-4f33-5f31-a47f-2823af3f6760,2021,Missouri,SEC,Sr,23.5,84.4,21.6,0.5729,1.4,9.9,22.6,18.4,1.0,3.5,31.2,0.398,0.418,0.841,7.28484,4.7,2.58483
98cfd777-0b09-5f7f-8c93-5c3ef64dfdd2,2017,St. John's,BE,Fr,19.0,84.2,23.5,0.5707,3.7,10.8,18.9,12.8,0.7,3.3,32.4,0.375,0.46,0.823,5.88294,5.59302,0.289919
98cfd777-0b09-5f7f-8c93-5c3ef64dfdd2,2018,St. John's,BE,So,20.0,82.8,32.0,0.523,3.6,11.4,29.7,13.4,0.2,3.6,33.1,0.251,0.342,0.855,6.16929,5.1231,1.04618
98cfd777-0b09-5f7f-8c93-5c3ef64dfdd2,2019,St. John's,BE,Jr,21.0,84.3,27.6,0.5772999999999999,3.1,10.3,29.0,11.3,0.9,4.1,38.4,0.353,0.387,0.836,7.89067,6.72547,1.1652
98df8892-675d-5914-8e87-238ec25c8b87,2009,Kansas,B12,Fr,19.8,38.9,19.2,0.4985,11.4,19.9,11.0,23.5,4.8,1.5,44.8,0.188,0.119,0.65,5.08825,0.325642,4.76261
98df8892-675d-5914-8e87-238ec25c8b87,2010,Kansas,B12,So,20.8,43.5,20.1,0.6119,11.9,20.3,10.7,22.8,5.5,1.5,64.5,0.526,0.125,0.622,8.03109,3.48926,4.54183
98df8892-675d-5914-8e87-238ec25c8b87,2011,Kansas,B12,Jr,21.8,60.7,25.2,0.6416,13.9,24.7,11.0,19.0,4.9,1.9,46.2,0.424,0.178,0.673,10.541,5.61017,4.93085
99084b11-56a3-59b1-aba4-5510fa3086b8,2017,N.C. State,ACC,Fr,19.0,32.2,19.1,0.4954,8.4,16.9,11.2,19.6,3.8,0.5,27.6,0.333,0.026,0.719,-0.622266,-1.13535,0.513083
99084b11-56a3-59b1-aba4-5510fa3086b8,2018,N.C. State,ACC,So,20.0,59.3,23.0,0.6096,12.8,19.4,3.9,11.6,7.6,1.1,24.5,0.5,0.135,0.613,5.83679,3.4879,2.34888
99084b11-56a3-59b1-aba4-5510fa3086b8,2020,Georgetown,BE,Sr,22.0,55.2,27.6,0.5705,15.4,24.2,10.4,16.9,6.1,0.9,30.1,0.214,0.045,0.753,5.03259,2.95052,2.08208
9968f5c7-dcbe-5a17-877a-ee4919ab7dba,2016,Boston College,ACC,Fr,19.3,59.8,22.7,0.5043,1.3,13.3,21.3,20.8,1.0,2.5,30.5,0.371,0.266,0.648,-0.333546,-1.93257,1.59902
9968f5c7-dcbe-5a17-877a-ee4919ab7dba,2017,Boston College,ACC,So,20.3,85.1,29.7,0.5139,1.9,11.2,21.4,17.2,1.2,2.8,32.3,0.333,0.323,0.722,1.65983,1.2364,0.423428
9968f5c7-dcbe-5a17-877a-ee4919ab7dba,2018,Boston College,ACC,Jr,21.3,89.0,26.3,0.6073,1.6,9.4,19.5,16.5,0.4,1.4,34.2,0.409,0.384,0.83,2.82902,4.37901,-1.54999
996ac395-e2c3-5ac9-9ecb-29dc4bbd8a92,2012,Michigan St.,B10,Fr,19.4,43.1,21.6,0.5839,13.3,12.5,9.5,19.0,4.8,2.8,36.5,0.0,0.016,0.594,8.33408,3.31778,5.01629
996ac395-e2c3-5ac9-9ecb-29dc4bbd8a92,2013,Michigan St.,B10,So,20.4,67.6,20.3,0.5394,10.0,15.3,10.7,21.7,3.7,3.7,30.7,0.0,0.02,0.538,8.0566,2.28435,5.77225
996ac395-e2c3-5ac9-9ecb-29dc4bbd8a92,2014,Michigan St.,B10,Jr,21.4,51.6,19.3,0.622,13.0,21.3,11.7,14.2,3.7,2.7,28.8,0.0,0.005,0.656,10.0574,5.32057,4.73682
996ac395-e2c3-5ac9-9ecb-29dc4bbd8a92,2015,Michigan St.,B10,Sr,22.4,65.7,23.4,0.5329,11.9,23.5,12.2,17.1,6.3,2.5,30.6,0.0,0.0,0.49,8.71722,2.29175,6.42546
99a33b34-3563-554e-9787-e2b7f493155c,2016,LSU,SEC,Fr,19.2,26.8,17.6,0.43920000000000003,3.0,6.7,10.4,14.7,0.9,1.8,24.8,0.269,0.615,0.704,-1.94332,-0.579827,-1.36349
99a33b34-3563-554e-9787-e2b7f493155c,2017,LSU,SEC,So,20.2,68.9,19.5,0.5911,2.3,9.9,9.0,20.6,1.6,1.2,39.8,0.339,0.453,0.772,0.243047,1.93807,-1.69503
99a33b34-3563-554e-9787-e2b7f493155c,2018,LSU,SEC,Jr,21.1,38.4,19.3,0.5974,4.3,11.9,7.8,15.9,0.5,2.4,38.8,0.35,0.544,0.702,2.16353,2.66729,-0.503767
99b849bf-45ce-58ac-b728-fc3876ae80d1,2012,Tennessee,SEC,Fr,18.5,32.4,22.4,0.5474,12.0,21.2,6.4,21.8,5.3,2.3,55.1,0.0,0.025,0.569,4.03144,-0.345065,4.37651
99b849bf-45ce-58ac-b728-fc3876ae80d1,2013,Tennessee,SEC,So,19.5,71.0,25.9,0.5452,17.3,22.3,10.9,17.3,4.1,1.5,68.8,0.0,0.0,0.567,6.57589,3.8467,2.7292
99b849bf-45ce-58ac-b728-fc3876ae80d1,2014,Tennessee,SEC,Jr,20.5,81.2,25.7,0.5801,15.1,23.2,13.4,16.1,2.8,1.4,61.9,0.0,0.0,0.69,9.16471,5.25368,3.91102
99b8d7f0-0572-5c29-afa3-1af64dd36a5b,2017,Michigan St.,B10,Fr,19.3,63.7,25.5,0.5801,5.7,23.0,14.5,16.9,4.9,1.2,25.3,0.389,0.396,0.685,8.37576,3.61174,4.76401
99b8d7f0-0572-5c29-afa3-1af64dd36a5b,2018,Michigan St.,B10,So,20.3,75.9,25.0,0.5726,5.2,18.1,16.6,14.7,2.5,1.2,24.1,0.366,0.425,0.845,7.37061,4.75471,2.6159
99bfa986-293e-578d-97fa-20a09e4cbdde,2021,North Carolina,ACC,Fr,19.9,21.9,22.8,0.58,18.4,21.0,7.3,15.3,10.7,3.3,45.6,0.25,0.044,0.537,11.2186,4.10775,7.11081
99bfa986-293e-578d-97fa-20a09e4cbdde,2022,Auburn,SEC,So,20.9,63.0,19.0,0.6269,10.9,22.1,7.0,12.9,18.8,2.4,33.2,0.2,0.187,0.596,15.7419,3.54326,12.1987
99c2a51d-2f0e-5034-be2e-eba63db0050a,2016,Old Dominion,CUSA,Fr,19.8,38.2,15.3,0.3882,1.5,11.6,19.6,22.7,2.7,2.5,31.9,0.271,0.425,0.5,-1.10859,-3.33411,2.22552
99c2a51d-2f0e-5034-be2e-eba63db0050a,2017,Old Dominion,CUSA,So,20.8,88.0,22.9,0.4815,1.7,10.1,29.4,16.4,0.7,2.3,33.5,0.368,0.504,0.628,1.9679,1.76345,0.204451
99c2a51d-2f0e-5034-be2e-eba63db0050a,2018,Old Dominion,CUSA,Jr,21.8,92.2,22.2,0.52,1.8,9.0,31.6,14.7,0.5,3.7,30.8,0.349,0.489,0.667,5.33804,3.8609,1.47714
99c2a51d-2f0e-5034-be2e-eba63db0050a,2019,Old Dominion,CUSA,Sr,22.8,94.0,26.4,0.4877,1.5,11.2,33.4,13.3,0.9,2.3,33.5,0.303,0.449,0.692,4.35444,3.34269,1.01174
9a036186-bc78-5c0a-9b41-3a5bc41127c6,2020,Auburn,SEC,Fr,19.4,69.3,20.0,0.5851,6.4,8.8,13.1,17.6,3.1,1.7,54.9,0.286,0.287,0.672,5.74774,3.48113,2.26661
9a5d56ea-e6d2-5d6e-a143-099f2cc857f1,2017,Saint Mary's,WCC,Fr,19.1,12.1,24.4,0.5431,3.4,8.8,21.8,13.0,0.0,1.6,40.7,0.357,0.519,0.818,2.99267,3.46219,-0.469522
9a5d56ea-e6d2-5d6e-a143-099f2cc857f1,2018,Saint Mary's,WCC,So,20.1,68.0,18.8,0.6137,2.4,9.9,10.8,10.5,0.2,2.0,22.0,0.443,0.39,0.754,4.63493,4.36578,0.269148
9a5d56ea-e6d2-5d6e-a143-099f2cc857f1,2019,Saint Mary's,WCC,Jr,21.1,91.9,27.5,0.5949,1.7,7.7,14.9,11.7,0.1,2.1,32.6,0.412,0.326,0.8,5.44553,5.46909,-0.02356
9a5d56ea-e6d2-5d6e-a143-099f2cc857f1,2020,Saint Mary's,WCC,Sr,22.1,93.4,27.0,0.5958,2.0,8.4,13.8,9.0,0.1,2.2,25.8,0.401,0.375,0.835,5.72926,6.43917,-0.709914
9a690255-47df-5c0d-82f9-71dc6ad40a75,2019,LSU,SEC,Fr,20.1,70.8,20.5,0.4756,1.7,10.6,14.2,17.1,0.5,2.5,24.6,0.313,0.37,0.839,2.36976,1.55627,0.813496
9a690255-47df-5c0d-82f9-71dc6ad40a75,2020,LSU,SEC,So,21.1,84.8,20.2,0.517,2.0,9.1,21.2,18.4,0.5,1.8,20.5,0.326,0.413,0.814,2.47838,3.6149,-1.13652
9a690255-47df-5c0d-82f9-71dc6ad40a75,2021,LSU,SEC,Jr,22.1,85.7,21.5,0.5865,0.9,9.7,20.0,18.8,0.3,1.9,17.9,0.402,0.494,0.857,5.05482,5.26283,-0.208004
9acf8f09-eb65-5685-9223-ccc8dccd43c2,2016,Villanova,BE,Fr,19.8,59.8,22.1,0.5814,2.4,5.9,19.1,20.2,0.0,1.7,38.0,0.383,0.459,0.774,3.57852,3.26961,0.308917
9acf8f09-eb65-5685-9223-ccc8dccd43c2,2017,Villanova,BE,So,20.8,77.8,23.5,0.655,2.1,7.9,26.1,17.2,0.0,1.7,40.5,0.378,0.328,0.876,6.10662,5.93008,0.176538
9acf8f09-eb65-5685-9223-ccc8dccd43c2,2018,Villanova,BE,Jr,21.8,78.8,26.1,0.6353,1.2,9.7,26.6,12.3,0.1,1.7,31.3,0.408,0.407,0.802,8.40007,8.14278,0.257294
9ad7de3e-aa52-5c90-8a6d-9ecd83078401,2009,Mississippi,SEC,Fr,19.5,74.6,23.1,0.5259,3.0,9.3,16.6,14.9,0.9,1.6,21.3,0.354,0.477,0.628,3.44851,4.31358,-0.86507
9ad7de3e-aa52-5c90-8a6d-9ecd83078401,2010,Mississippi,SEC,So,20.5,77.7,22.4,0.5263,5.3,9.9,9.1,10.7,0.6,1.6,26.6,0.343,0.398,0.714,3.18623,3.89365,-0.707417
9ad8f144-e588-5fdb-832b-e19037ec5331,2019,Florida St.,ACC,Fr,20.0,29.4,19.1,0.5206000000000001,6.1,15.4,11.6,22.5,1.6,3.8,37.4,0.313,0.278,0.721,5.10322,0.638147,4.46508
9ad8f144-e588-5fdb-832b-e19037ec5331,2020,Florida St.,ACC,So,21.0,45.1,20.9,0.47850000000000004,6.3,16.7,12.4,25.0,4.1,3.2,46.6,0.22,0.277,0.696,3.2121,-0.98812,4.20022
9ad8f144-e588-5fdb-832b-e19037ec5331,2021,Florida St.,ACC,Jr,22.0,65.1,23.5,0.5820000000000001,7.0,20.1,16.1,20.4,3.1,2.6,44.1,0.267,0.142,0.763,7.54987,3.37843,4.17144
9b615465-738f-52f7-be7c-35e4d75abf92,2017,Duke,ACC,Fr,19.2,20.2,19.2,0.5705,16.5,21.6,5.6,18.0,5.3,1.7,30.8,0.0,0.0,0.5,4.90353,1.97243,2.93109
9bf06caa-d3f8-50af-af16-68952cbd544d,2015,Colorado St.,MWC,Jr,21.6,59.1,19.5,0.5057,1.2,16.2,10.2,13.6,1.9,2.5,47.4,0.299,0.596,0.679,1.87513,0.701972,1.17316
9bf06caa-d3f8-50af-af16-68952cbd544d,2016,Colorado St.,MWC,Sr,22.6,25.8,25.1,0.5692,4.7,16.7,19.1,12.1,1.6,1.2,44.8,0.417,0.448,0.733,4.53601,5.23973,-0.703727
9bf06caa-d3f8-50af-af16-68952cbd544d,2017,Colorado St.,MWC,Sr,23.6,72.6,27.1,0.5418999999999999,4.1,14.3,11.6,11.7,2.3,3.2,28.3,0.386,0.45,0.693,5.62461,4.09411,1.5305
9c393fb6-cf13-507d-8a84-c768c5177a51,2016,Duke,ACC,Fr,18.8,85.9,24.6,0.5525,6.1,15.4,11.3,13.7,3.6,1.9,35.1,0.41,0.403,0.682,6.22047,4.03509,2.18538
9c621adc-b0b2-5181-b53c-dbfb41018714,2019,Mississippi St.,SEC,Fr,19.8,43.6,16.8,0.5202,9.5,18.1,7.5,12.8,3.2,1.8,32.1,0.273,0.282,0.58,4.03787,2.32904,1.70883
9c621adc-b0b2-5181-b53c-dbfb41018714,2020,Mississippi St.,SEC,So,20.8,82.5,17.8,0.564,8.2,14.9,7.6,18.8,3.4,2.0,28.4,0.429,0.255,0.641,5.09328,3.22901,1.86426
9c721faf-f72d-5a8d-a07b-632749f3280a,2013,Michigan,B10,Fr,18.8,23.2,15.3,0.3973,2.1,9.9,11.5,11.5,0.6,1.1,15.7,0.302,0.483,0.5,0.336211,0.455559,-0.119347
9c721faf-f72d-5a8d-a07b-632749f3280a,2014,Michigan,B10,So,19.8,84.4,21.4,0.5584,2.0,14.0,17.2,14.7,0.8,2.2,32.3,0.408,0.396,0.767,6.67231,4.63636,2.03595
9c721faf-f72d-5a8d-a07b-632749f3280a,2015,Michigan,B10,Jr,20.8,48.2,26.0,0.5242,1.0,15.9,22.9,16.3,1.2,3.4,28.7,0.384,0.349,0.817,6.74583,3.36889,3.37694
9c721faf-f72d-5a8d-a07b-632749f3280a,2016,Michigan,B10,Sr,21.8,31.0,26.0,0.6314,2.5,19.0,32.9,11.9,0.8,1.8,44.0,0.45,0.4,0.788,9.49935,7.66734,1.83202
9c85324e-e23c-5efe-a963-38bff2302b7e,2008,Clemson,ACC,So,20.5,65.6,20.5,0.5688,10.7,20.3,9.4,20.0,6.9,1.3,43.9,0.333,0.057,0.569,6.65475,1.83055,4.8242
9c85324e-e23c-5efe-a963-38bff2302b7e,2009,Clemson,ACC,Jr,21.5,76.4,22.3,0.6125,12.1,23.1,10.6,15.3,6.3,2.7,44.4,0.409,0.066,0.707,10.4518,5.74336,4.70844
9c85324e-e23c-5efe-a963-38bff2302b7e,2010,Clemson,ACC,Sr,22.5,76.9,24.7,0.5495,10.1,20.4,17.4,14.4,4.6,2.5,47.4,0.265,0.094,0.591,9.71073,4.73297,4.97777
9cb5a483-3620-5ac6-af3b-a243873fdfaf,2008,Nevada,WAC,Fr,19.5,79.1,20.1,0.5736,3.0,11.1,19.5,22.0,0.6,1.4,38.0,0.338,0.292,0.788,1.34984,1.78106,-0.431219
9cb5a483-3620-5ac6-af3b-a243873fdfaf,2009,Nevada,WAC,So,20.5,79.0,28.1,0.4959,2.9,9.9,31.7,15.8,0.6,1.6,32.6,0.264,0.204,0.791,1.7296,2.69802,-0.968426
9cb5a483-3620-5ac6-af3b-a243873fdfaf,2010,Nevada,WAC,Jr,21.5,86.4,26.4,0.5324,2.7,7.7,29.8,20.8,0.9,1.4,26.7,0.243,0.163,0.687,0.261264,1.8184,-1.55714
9d1245f3-6f93-52f0-a80a-0724f5395d6d,2019,Stanford,P12,So,20.2,76.1,26.6,0.5432,4.1,14.9,13.0,18.3,1.4,1.7,47.1,0.368,0.237,0.671,0.982659,-0.040509,1.02317
9d30de53-7031-5c35-9cf3-3d3e3cb3b791,2017,Kentucky,SEC,Fr,19.9,75.1,19.2,0.6236,11.2,17.2,4.7,15.5,4.9,1.2,83.1,0.0,0.004,0.653,7.59574,3.36132,4.23442
9d3f920c-5321-5ee2-9e7b-06ca7150bd2a,2008,Connecticut,BE,Jr,21.5,83.9,23.2,0.5388000000000001,9.0,18.1,7.6,19.6,3.3,0.8,66.4,0.5,0.012,0.616,2.26159,1.09135,1.17024
9d3f920c-5321-5ee2-9e7b-06ca7150bd2a,2009,Connecticut,BE,Sr,22.5,82.0,20.5,0.534,10.5,19.4,9.3,14.5,3.0,0.9,50.8,0.0,0.003,0.598,6.96419,3.09291,3.87128
9d6f43ae-7e4c-5bd1-b0d0-e3029f6a6741,2015,Baylor,B12,Fr,20.1,53.2,23.7,0.4631,12.3,10.4,7.2,19.3,6.8,1.3,40.0,0.2,0.064,0.638,3.13005,-0.174691,3.30474
9d6f43ae-7e4c-5bd1-b0d0-e3029f6a6741,2016,Baylor,B12,So,21.1,52.2,23.6,0.6143,12.8,16.7,8.7,18.0,6.3,1.5,48.7,0.0,0.009,0.614,6.38986,3.55187,2.838
9d6f43ae-7e4c-5bd1-b0d0-e3029f6a6741,2017,Baylor,B12,Jr,22.1,74.9,30.3,0.5628,14.9,22.9,16.7,19.2,3.9,0.7,42.3,0.258,0.074,0.702,7.56485,4.10989,3.45496
9d8e6059-3776-5ea7-b7a0-3f9b04061b24,2013,Kentucky,SEC,Fr,18.9,78.8,27.2,0.5091,5.6,10.4,16.8,21.0,1.4,2.1,59.4,0.266,0.179,0.637,0.728379,0.742198,-0.0138195
9dc30751-668a-50b8-a32c-45891d8a598b,2012,Stanford,P12,Fr,19.4,74.9,22.2,0.5811,2.2,10.2,14.2,19.5,0.2,2.2,30.4,0.438,0.504,0.761,5.17554,3.48375,1.69179
9dc30751-668a-50b8-a32c-45891d8a598b,2013,Stanford,P12,So,20.4,77.2,24.3,0.5201,2.4,8.5,18.3,17.9,0.2,2.1,29.7,0.359,0.435,0.784,3.63362,3.31048,0.323133
9dc30751-668a-50b8-a32c-45891d8a598b,2014,Stanford,P12,Jr,21.4,87.4,25.8,0.5964,1.9,9.9,13.6,16.0,0.2,1.7,48.5,0.389,0.38,0.767,3.57706,3.79532,-0.218269
9dc30751-668a-50b8-a32c-45891d8a598b,2015,Stanford,P12,Sr,22.4,89.5,26.5,0.5592,1.0,9.7,18.8,12.8,0.4,2.3,42.3,0.363,0.46,0.877,5.63712,5.6707,-0.0335757
9df8ec3e-931c-5fb6-b8d0-6098c3992b68,2022,Duke,ACC,Fr,19.6,82.2,27.2,0.557,6.5,19.1,17.5,15.4,2.7,1.9,36.6,0.338,0.253,0.729,7.03346,4.8293,2.20416
9e5aca22-783f-54e5-9bcc-01d4a225d437,2021,Tennessee Tech,OVC,Fr,19.3,4.5,17.7,0.35710000000000003,0.0,2.4,11.7,26.3,0.0,1.2,0.0,0.2,0.714,0.0,-12.785,-7.07235,-5.71265
9e5aca22-783f-54e5-9bcc-01d4a225d437,2025,Liberty,CUSA,Sr,23.3,57.9,20.8,0.7276,1.4,18.3,9.9,8.1,0.4,2.3,32.7,0.458,0.61,0.771,7.20552,5.93556,1.26996
9eab06e7-df21-51a4-b2d0-d5318268600d,2021,Iowa,B10,Fr,20.8,44.8,18.0,0.5859000000000001,9.8,19.2,5.2,11.2,7.2,2.4,31.9,0.296,0.325,0.755,9.16033,4.46342,4.69691
9eab06e7-df21-51a4-b2d0-d5318268600d,2022,Iowa,B10,So,21.8,77.0,28.1,0.638,9.8,20.2,10.1,7.1,6.4,2.3,34.3,0.398,0.3,0.747,13.2833,9.67949,3.60378
9ee49a1f-1682-5a7c-816a-2f6fa81cec95,2014,Arkansas,SEC,Fr,19.4,66.5,21.3,0.5618,10.2,16.8,11.0,11.6,5.9,2.1,37.3,0.273,0.104,0.737,7.02517,2.66902,4.35615
9ee49a1f-1682-5a7c-816a-2f6fa81cec95,2015,Arkansas,SEC,So,20.4,74.2,25.7,0.5822999999999999,13.6,20.2,8.8,11.5,4.8,2.1,33.5,0.467,0.064,0.737,7.80486,5.03147,2.77339
9eed5c0f-174b-554d-975c-605c6a2acca8,2008,Texas A&M,B12,So,20.5,74.9,20.8,0.5049,2.8,11.6,22.6,22.0,0.1,1.0,39.4,0.287,0.309,0.676,3.45442,1.9818,1.47263
9eed5c0f-174b-554d-975c-605c6a2acca8,2009,Texas A&M,B12,Jr,21.5,75.3,22.1,0.4929,1.2,12.5,21.9,14.9,0.2,1.3,42.2,0.358,0.248,0.739,2.87863,2.80013,0.0785013
9eed5c0f-174b-554d-975c-605c6a2acca8,2010,Texas A&M,B12,Sr,22.5,82.9,27.0,0.5519,2.3,9.8,16.6,15.6,0.2,1.2,45.2,0.359,0.291,0.784,4.26191,3.71163,0.550274
9f0196ce-4115-538f-b189-5a438a34a2f2,2010,Kentucky,SEC,Fr,19.5,73.1,20.2,0.5656,2.0,8.6,16.8,27.7,1.1,2.6,39.4,0.383,0.41,0.667,4.20548,1.74799,2.45749
9f75e374-ebd1-5cbe-b7b7-fd0eaac703a4,2016,Washington,P12,Fr,19.8,82.2,26.0,0.4851,4.1,13.7,25.7,19.0,0.8,2.8,34.2,0.288,0.243,0.663,3.3624,1.7365,1.6259
9fbdcf35-d2f6-5c50-90d1-65fc0d8d38b4,2008,Connecticut,BE,Jr,21.5,79.7,23.7,0.5514,2.8,8.1,36.1,17.7,0.3,2.3,38.8,0.369,0.385,0.746,6.17437,6.84135,-0.666979
9fbdcf35-d2f6-5c50-90d1-65fc0d8d38b4,2009,Connecticut,BE,Sr,22.5,73.0,24.4,0.5392,2.1,9.2,28.5,20.2,0.0,1.2,30.3,0.398,0.488,0.721,5.47426,4.88235,0.591908
9ff6d5d6-01f3-5a59-a1fd-c97ea0aebbcb,2018,Texas,B12,Fr,20.1,64.3,21.5,0.5926,12.2,28.2,3.6,14.1,12.9,1.5,44.1,0.275,0.189,0.681,9.65985,1.53164,8.12821
a07bf9c5-e9d0-573b-8e27-853a75b78f19,2009,Ohio St.,B10,Fr,19.5,50.3,23.2,0.6288,11.6,17.1,3.3,20.9,6.8,1.5,49.5,0.0,0.005,0.559,2.75191,0.948526,1.80338
a0cb62d4-067f-5c9d-a723-d4215584a4f7,2017,Purdue,B10,Fr,19.3,57.5,25.1,0.4844,2.2,10.4,14.2,17.9,0.4,2.6,23.0,0.34,0.43,0.714,1.37854,-0.195371,1.57391
a0cb62d4-067f-5c9d-a723-d4215584a4f7,2018,Purdue,B10,So,20.3,73.7,28.6,0.596,1.5,12.9,19.5,12.0,0.8,2.3,31.8,0.406,0.478,0.824,7.52489,6.92523,0.599663
a0cb62d4-067f-5c9d-a723-d4215584a4f7,2019,Purdue,B10,Jr,21.3,87.3,34.8,0.5409,1.3,10.7,18.3,15.5,1.0,2.3,31.4,0.355,0.541,0.837,5.21873,5.61262,-0.393888
a0fc1d3d-4015-5822-83a0-f5c96f8e07dd,2016,UNLV,MWC,Fr,19.4,47.1,22.2,0.609,7.9,13.5,8.2,14.7,6.1,1.8,64.1,0.189,0.193,0.602,4.30443,1.35158,2.95285
a129b151-30cf-56e9-808e-be4f8b3b3f5d,2017,Seton Hall,BE,Fr,20.0,58.8,20.1,0.5357,2.6,8.0,7.3,11.6,0.8,2.2,19.9,0.332,0.681,0.817,3.79933,3.39362,0.405705
a129b151-30cf-56e9-808e-be4f8b3b3f5d,2018,Seton Hall,BE,So,21.0,78.7,21.8,0.5856,1.8,7.5,15.9,16.2,0.8,1.8,28.9,0.379,0.628,0.789,5.22109,5.35757,-0.136476
a129b151-30cf-56e9-808e-be4f8b3b3f5d,2019,Seton Hall,BE,Jr,22.0,88.9,29.5,0.5922999999999999,2.4,10.3,18.4,15.8,0.6,3.2,36.5,0.363,0.523,0.84,6.96384,6.10155,0.862287
a129b151-30cf-56e9-808e-be4f8b3b3f5d,2020,Seton Hall,BE,Sr,23.0,73.7,33.6,0.5243,3.3,11.2,21.2,14.7,0.6,2.2,30.8,0.306,0.527,0.795,5.34327,5.54138,-0.198109
a16c9281-0bcd-54da-a541-461aa9187184,2021,Duquesne,A10,Fr,19.7,48.5,16.1,0.5065,6.9,13.2,8.8,26.9,3.7,2.5,31.9,0.308,0.361,0.609,1.57074,-1.5298,3.10053
a16c9281-0bcd-54da-a541-461aa9187184,2022,Duquesne,A10,So,20.7,49.0,15.9,0.4128,8.2,12.9,7.3,22.0,2.5,2.2,17.4,0.194,0.235,0.696,-3.23598,-3.14055,-0.0954317
a16c9281-0bcd-54da-a541-461aa9187184,2023,Illinois Chicago,MVC,Jr,21.7,79.5,22.1,0.493,5.4,20.0,16.7,19.3,4.0,1.5,29.0,0.298,0.188,0.648,-1.32199,-2.55998,1.23799
a16c9281-0bcd-54da-a541-461aa9187184,2024,Illinois Chicago,MVC,Sr,22.7,79.5,24.0,0.4583,5.6,18.9,11.7,20.0,6.3,2.6,27.8,0.317,0.293,0.583,0.421544,-3.75287,4.17442
a16c9281-0bcd-54da-a541-461aa9187184,2025,West Virginia,B12,Sr,23.7,71.9,19.0,0.4763,8.0,8.3,10.0,16.6,3.1,1.2,22.9,0.302,0.253,0.386,1.85911,-1.17879,3.03789
a1b77de4-56ae-5e15-a65d-0ab805df935b,2016,Florida St.,ACC,Fr,20.8,71.7,27.3,0.5212,5.4,17.4,10.4,15.3,0.1,1.9,34.9,0.281,0.259,0.714,0.889506,1.4262,-0.536692
a1b77de4-56ae-5e15-a65d-0ab805df935b,2017,Florida St.,ACC,So,21.8,72.0,27.4,0.5437,4.0,11.9,11.6,14.1,0.4,1.9,28.2,0.333,0.35,0.754,2.88435,3.07886,-0.19451
a1c3c504-7291-59b3-a461-1c6307d50de7,2019,Alabama,SEC,Fr,18.2,78.8,22.0,0.5483,1.4,7.5,19.0,17.9,0.9,1.5,31.7,0.358,0.416,0.783,3.04167,2.54339,0.498271
a1c3c504-7291-59b3-a461-1c6307d50de7,2020,Alabama,SEC,So,19.2,92.5,24.7,0.5593,2.3,10.7,27.7,20.0,1.5,2.5,29.1,0.364,0.342,0.802,4.78994,3.69909,1.09085
a1f782be-52b8-543d-87d2-edf5ee984ddc,2023,UCLA,P12,Fr,19.4,54.5,23.5,0.5529,3.6,13.1,15.2,23.0,1.4,2.5,23.1,0.389,0.198,0.698,3.48647,0.117684,3.36878
a25a9b1e-b61d-5e05-a358-3507e7e2bbb8,2019,Wake Forest,ACC,Fr,20.2,74.9,24.8,0.5186999999999999,9.0,19.6,12.5,19.8,2.5,1.2,38.3,0.226,0.16,0.717,1.56565,0.373129,1.19252
a263ce45-f98d-56c7-bf57-a6c3f72b50b8,2010,Baylor,B12,Jr,21.5,88.0,23.0,0.5299,12.8,17.6,14.7,17.9,11.0,1.4,41.4,0.269,0.068,0.692,11.4607,4.3082,7.15246
a2863ea0-c320-5aec-8ecf-1b62ddbb581f,2022,Belmont,OVC,Fr,19.5,68.1,21.3,0.5824,7.6,18.3,10.7,13.2,3.5,2.5,32.2,0.316,0.481,0.802,4.03701,2.28979,1.74722
a2863ea0-c320-5aec-8ecf-1b62ddbb581f,2023,Florida,SEC,So,20.5,67.3,15.5,0.6446999999999999,4.2,13.3,5.8,9.9,1.9,1.9,31.1,0.398,0.569,0.857,5.77781,3.68988,2.08793
a2863ea0-c320-5aec-8ecf-1b62ddbb581f,2024,Florida,SEC,Jr,21.5,72.4,17.1,0.5566,5.4,8.6,7.4,14.4,1.5,1.8,27.9,0.345,0.623,0.802,5.06722,4.38511,0.68211
a2863ea0-c320-5aec-8ecf-1b62ddbb581f,2025,Florida,SEC,Sr,22.5,79.1,17.4,0.6238,4.0,11.0,9.9,15.9,1.1,3.0,25.3,0.359,0.587,0.844,9.61457,6.05025,3.56432
a2e0e08b-b352-5211-abdb-cfc92eb5b39d,2023,Northwestern,B10,Fr,19.2,14.5,14.4,0.5567,10.1,6.7,6.3,10.8,0.0,1.9,29.3,0.5,0.195,0.5,1.45184,1.33758,0.114264
a2e0e08b-b352-5211-abdb-cfc92eb5b39d,2024,Northwestern,B10,So,20.2,63.7,18.0,0.544,6.4,14.4,8.1,9.3,0.8,1.3,19.8,0.271,0.19,0.78,1.23135,1.08959,0.141763
a2e0e08b-b352-5211-abdb-cfc92eb5b39d,2025,Northwestern,B10,Jr,21.2,92.7,27.8,0.5403,7.3,12.7,10.4,11.6,0.8,1.2,36.6,0.333,0.18,0.728,2.18537,2.38011,-0.194744
a2e0e08b-b352-5211-abdb-cfc92eb5b39d,2026,Northwestern,B10,Sr,22.2,86.1,29.4,0.6019,7.8,13.5,13.2,8.4,1.2,1.4,41.8,0.417,0.205,0.809,5.86337,5.67387,0.189507
a33cb6ef-8c68-57cf-8603-330d5341efe4,2018,Michigan,B10,Fr,19.9,36.7,13.0,0.5527000000000001,7.4,11.5,4.8,17.5,1.8,1.2,10.8,0.339,0.505,0.667,4.09198,0.805781,3.2862
a33cb6ef-8c68-57cf-8603-330d5341efe4,2019,Michigan,B10,So,20.9,53.6,15.7,0.6362,3.9,15.7,6.1,11.4,2.4,1.9,20.6,0.426,0.613,0.78,9.08609,4.22854,4.85755
a33cb6ef-8c68-57cf-8603-330d5341efe4,2020,Michigan,B10,Jr,21.9,52.7,18.0,0.5895,3.0,11.3,6.4,8.8,2.1,0.8,22.1,0.402,0.49,0.957,5.51577,3.97622,1.53955
a33cb6ef-8c68-57cf-8603-330d5341efe4,2021,Michigan,B10,Sr,22.9,64.6,18.9,0.6053000000000001,4.5,16.6,11.6,11.3,2.3,1.1,24.2,0.431,0.52,0.87,9.32712,5.80032,3.5268
a3b5bd38-dde0-5b9f-8a90-7dfd59ba2583,2012,UCLA,P12,Fr,19.1,44.2,15.7,0.4658,1.9,13.7,12.2,15.9,1.8,1.6,9.4,0.343,0.47,0.643,0.737099,-0.185199,0.922297
a3b5bd38-dde0-5b9f-8a90-7dfd59ba2583,2013,UCLA,P12,So,20.1,54.4,14.5,0.5274,0.6,9.8,8.3,19.5,2.2,1.9,22.0,0.293,0.505,0.675,2.49938,0.457055,2.04233
a3b5bd38-dde0-5b9f-8a90-7dfd59ba2583,2014,UCLA,P12,Jr,21.1,63.9,19.2,0.6108,3.0,9.6,11.8,11.8,1.8,3.1,42.9,0.294,0.237,0.78,5.92835,3.96332,1.96503
a3b5bd38-dde0-5b9f-8a90-7dfd59ba2583,2015,UCLA,P12,Sr,22.1,85.7,24.0,0.5399,1.9,13.3,12.8,15.8,1.5,3.2,36.2,0.319,0.255,0.751,4.86764,2.77465,2.09298
a3dd36a2-bcaf-53ec-bab7-4a960ec863b0,2023,UCLA,P12,Fr,20.2,51.2,16.9,0.6607999999999999,11.4,15.7,5.6,20.5,9.1,1.5,53.2,0.0,0.0,0.573,9.22211,1.89323,7.32888
a3dd36a2-bcaf-53ec-bab7-4a960ec863b0,2024,UCLA,P12,So,21.2,66.7,25.6,0.6167,8.7,18.3,11.5,22.3,8.7,2.7,57.3,0.0,0.008,0.697,7.87245,0.959104,6.91334
a41c11ed-01a6-57d9-b66c-b1a43ee6dfe4,2018,Wake Forest,ACC,Fr,19.6,50.6,20.0,0.4984,4.8,11.9,10.7,16.8,0.9,0.6,14.5,0.342,0.369,0.806,-0.437104,0.302731,-0.739836
a41c11ed-01a6-57d9-b66c-b1a43ee6dfe4,2019,Wake Forest,ACC,So,20.6,72.1,21.0,0.5205,6.2,13.2,9.9,14.7,0.8,1.4,25.6,0.323,0.421,0.84,1.81345,2.17234,-0.358887
a41c11ed-01a6-57d9-b66c-b1a43ee6dfe4,2020,Wake Forest,ACC,Jr,21.6,51.3,21.3,0.5567,6.7,18.7,10.9,14.7,0.5,1.0,36.0,0.328,0.271,0.831,3.27195,3.27734,-0.00539157
a41c11ed-01a6-57d9-b66c-b1a43ee6dfe4,2021,Michigan,B10,Sr,22.6,51.5,17.1,0.6122,4.9,12.0,5.7,12.7,1.2,0.4,17.1,0.419,0.547,0.69,5.25061,4.10102,1.14959
a44c7351-aa38-5618-aca2-f9a2cde5cd41,2018,San Diego St.,MWC,Fr,20.0,34.3,12.0,0.4802,4.7,12.0,7.1,9.7,0.8,1.4,17.9,0.351,0.779,0.647,2.81819,1.12996,1.68823
a44c7351-aa38-5618-aca2-f9a2cde5cd41,2019,San Diego St.,MWC,So,21.0,47.7,13.1,0.6456000000000001,3.7,13.3,8.6,9.9,0.8,2.0,32.8,0.422,0.761,0.841,4.6598,3.02027,1.63954
a44c7351-aa38-5618-aca2-f9a2cde5cd41,2020,San Diego St.,MWC,Jr,22.0,67.0,15.1,0.6344,3.0,12.1,4.0,8.2,0.3,1.8,17.3,0.434,0.707,0.923,5.56409,4.4803,1.08379
a44c7351-aa38-5618-aca2-f9a2cde5cd41,2021,San Diego St.,MWC,Sr,23.0,73.4,18.7,0.6531,3.6,14.4,6.8,8.0,0.7,2.0,22.5,0.46,0.652,0.9,7.89417,6.46194,1.43223
a499d48e-0648-50f3-9574-6ac52b63ac66,2009,UCLA,P10,Fr,19.0,26.3,19.2,0.5590999999999999,15.7,24.5,3.5,20.5,4.5,3.0,39.1,0.0,0.0,0.5,4.5988,1.50212,3.09668
a499d48e-0648-50f3-9574-6ac52b63ac66,2010,UCLA,P10,So,20.0,11.3,22.0,0.5811,14.1,13.4,8.4,11.3,9.0,1.3,27.5,0.0,0.039,0.643,6.27696,3.36215,2.91482
a499d48e-0648-50f3-9574-6ac52b63ac66,2011,New Mexico,MWC,Jr,21.0,52.8,25.0,0.5529,14.9,29.1,5.2,20.0,5.3,1.2,34.4,0.0,0.0,0.678,1.98138,-0.545477,2.52685
a499d48e-0648-50f3-9574-6ac52b63ac66,2012,New Mexico,MWC,Sr,22.0,77.1,23.6,0.5814,12.4,28.3,9.2,19.9,3.6,2.2,39.6,1.0,0.006,0.754,6.00633,1.103,4.90334
a4a4d995-aa11-5b9c-ad78-59a97d955ae0,2016,Indiana,B10,Fr,18.9,56.3,22.1,0.7043,11.2,19.0,8.1,19.2,4.1,1.2,59.1,0.333,0.065,0.706,6.48377,4.51259,1.97118
a4a4d995-aa11-5b9c-ad78-59a97d955ae0,2017,Indiana,B10,So,19.9,68.6,22.3,0.6009,9.7,17.2,9.8,20.9,5.7,1.6,51.9,0.383,0.211,0.73,5.90648,2.80997,3.09651
a4e056de-7ab5-5a8e-86c9-ad13acc5173a,2015,Kentucky,SEC,Fr,19.6,52.3,24.2,0.6272,14.1,22.2,11.5,16.6,11.4,1.4,52.3,0.25,0.031,0.813,14.7242,5.52782,9.19638
a54f77b6-023f-5231-a3be-647c7a73941c,2022,UNLV,MWC,Fr,19.0,36.4,17.7,0.43189999999999995,7.0,11.5,21.4,30.7,0.8,4.9,36.3,0.28,0.312,0.69,3.18291,-1.16831,4.35122
a54f77b6-023f-5231-a3be-647c7a73941c,2023,UNLV,MWC,So,20.0,66.1,24.5,0.5565,3.9,13.3,24.2,24.5,0.3,3.5,38.8,0.371,0.271,0.78,1.79933,0.520746,1.27858
a54f77b6-023f-5231-a3be-647c7a73941c,2024,Iowa St.,B12,Jr,21.0,77.5,25.8,0.544,3.2,13.8,24.9,20.3,0.2,3.8,54.6,0.346,0.281,0.728,5.89421,1.87885,4.01536
a54f77b6-023f-5231-a3be-647c7a73941c,2025,Iowa St.,B12,Sr,22.0,64.5,24.5,0.5688,2.4,10.7,24.0,24.2,0.4,3.1,41.4,0.333,0.274,0.729,3.97269,1.44389,2.5288
a573fb71-403f-5c84-9917-157ff0f4c0da,2008,Georgetown,BE,So,20.5,65.7,23.3,0.5494,5.0,17.4,11.4,20.2,2.5,2.4,34.5,0.342,0.519,0.707,5.19154,1.97293,3.2186
a573fb71-403f-5c84-9917-157ff0f4c0da,2009,Georgetown,BE,Jr,21.5,72.4,24.4,0.5981000000000001,5.3,11.5,9.7,22.4,2.5,2.4,47.1,0.385,0.467,0.713,4.14272,2.37595,1.76678
a595882e-2344-5549-bb6d-bacd1df145c9,2021,Drexel,CAA,Fr,19.4,7.6,21.4,0.4618,4.3,25.8,27.1,23.3,8.7,1.0,50.0,0.0,0.143,0.571,0.820882,-3.63961,4.46049
a595882e-2344-5549-bb6d-bacd1df145c9,2022,Drexel,CAA,So,20.4,49.5,27.5,0.5553,13.1,28.5,10.1,19.6,9.8,1.8,54.6,0.5,0.033,0.61,4.08434,-1.46684,5.55118
a595882e-2344-5549-bb6d-bacd1df145c9,2023,Drexel,CAA,Jr,21.4,64.7,31.3,0.5543,9.4,29.5,21.5,21.0,8.3,3.1,52.0,0.267,0.05,0.606,6.83689,-0.782727,7.61962
a595882e-2344-5549-bb6d-bacd1df145c9,2024,Drexel,CAA,Sr,22.4,57.5,31.7,0.5600999999999999,12.6,26.2,17.0,20.0,8.4,2.2,61.6,0.333,0.011,0.661,5.92587,0.185762,5.74011
a595882e-2344-5549-bb6d-bacd1df145c9,2025,Kentucky,SEC,Sr,23.4,56.7,26.9,0.5871999999999999,10.3,29.7,24.7,20.5,6.1,1.4,74.4,0.25,0.016,0.623,9.11998,2.86661,6.25337
a5e7a65a-2bbc-556e-ad9d-4960672f4f98,2018,Saint Louis,A10,Fr,19.7,65.0,24.1,0.44939999999999997,9.2,17.7,27.0,16.4,2.0,3.6,30.3,0.241,0.278,0.686,5.24587,1.78713,3.45874
a5e7a65a-2bbc-556e-ad9d-4960672f4f98,2019,Saint Louis,A10,So,20.7,85.3,21.4,0.45640000000000003,10.8,13.4,20.9,19.8,1.2,3.3,40.8,0.263,0.275,0.511,4.50854,1.44805,3.06049
a5e7a65a-2bbc-556e-ad9d-4960672f4f98,2020,Saint Louis,A10,Jr,21.7,88.4,25.5,0.506,10.2,21.3,17.6,19.3,0.7,3.2,36.0,0.279,0.175,0.543,6.18773,2.8346,3.35313
a5e7a65a-2bbc-556e-ad9d-4960672f4f98,2021,Saint Louis,A10,Sr,22.7,82.9,26.1,0.4985,9.1,27.0,21.8,18.6,0.7,3.6,31.7,0.314,0.264,0.643,6.75363,2.81389,3.93974
a60be497-5e62-51a0-83ba-b1b213118f05,2008,Florida St.,ACC,Fr,19.5,6.5,25.4,0.4961,11.1,15.8,0.0,28.2,13.6,0.7,29.0,0.0,0.0,0.556,-6.09304,-8.23118,2.13814
a60be497-5e62-51a0-83ba-b1b213118f05,2009,Florida St.,ACC,So,20.5,55.2,20.3,0.5638000000000001,11.8,16.7,3.6,20.9,10.5,1.4,33.2,0.0,0.004,0.68,5.2021,-0.449103,5.6512
a60be497-5e62-51a0-83ba-b1b213118f05,2010,Florida St.,ACC,So,20.5,63.8,22.2,0.5963,11.6,15.7,4.4,19.7,10.4,1.4,54.6,0.0,0.0,0.794,6.45588,0.451032,6.00485
a632e791-15d2-5bd5-81d4-c215d514a027,2018,Georgetown,BE,Fr,20.5,66.9,20.2,0.498,2.4,12.8,12.0,24.4,2.3,0.8,21.0,0.357,0.599,0.745,-0.341554,-0.897133,0.555579
a632e791-15d2-5bd5-81d4-c215d514a027,2019,Georgetown,BE,So,21.5,53.8,15.5,0.49570000000000003,3.1,14.1,8.2,24.2,4.7,1.8,18.5,0.356,0.567,0.606,1.52297,-1.61087,3.13384
a632e791-15d2-5bd5-81d4-c215d514a027,2020,Georgetown,BE,Jr,22.5,77.3,18.7,0.4878,6.7,15.7,6.7,19.3,3.3,1.2,24.7,0.376,0.363,0.757,1.53892,0.372995,1.16592
a632e791-15d2-5bd5-81d4-c215d514a027,2021,Georgetown,BE,Sr,23.5,86.3,19.9,0.5105,3.5,18.3,12.0,20.6,1.8,1.7,29.7,0.373,0.403,0.827,4.64478,1.43698,3.20781
a66ed35a-0621-50d3-9d9f-9ad053ebec40,2021,Tennessee,SEC,Fr,19.3,62.5,27.3,0.5171,4.8,11.2,21.2,22.5,1.9,2.6,41.1,0.271,0.195,0.703,1.93997,-0.376142,2.31611
a67e3f58-f8e4-573b-bdbb-c999b5cec13d,2019,Michigan St.,B10,Fr,19.8,54.9,15.7,0.555,5.7,12.8,12.3,21.9,2.3,1.7,27.8,0.385,0.209,0.692,5.28094,1.59816,3.68278
a67e3f58-f8e4-573b-bdbb-c999b5cec13d,2020,Michigan St.,B10,So,20.8,70.3,19.7,0.5274,4.2,12.2,17.8,20.5,2.1,1.7,25.2,0.344,0.354,0.703,5.05433,1.97062,3.08371
a67e3f58-f8e4-573b-bdbb-c999b5cec13d,2021,Michigan St.,B10,Jr,21.8,80.9,26.9,0.5207,4.8,14.6,25.2,19.0,4.1,2.4,28.9,0.296,0.223,0.762,7.33559,2.8126,4.52299
a7148c08-ac5e-5a2c-abef-fa1eb091fdcc,2017,Iowa,B10,Fr,19.8,47.5,24.8,0.5728,8.7,14.3,7.9,21.7,1.7,1.6,52.8,0.25,0.035,0.598,-0.235822,-0.249719,0.013897
a7148c08-ac5e-5a2c-abef-fa1eb091fdcc,2018,Iowa,B10,So,20.8,69.4,26.2,0.5932999999999999,9.1,18.2,12.3,19.0,2.1,1.3,54.3,0.143,0.021,0.658,1.91664,2.11456,-0.19792
a7148c08-ac5e-5a2c-abef-fa1eb091fdcc,2019,Iowa,B10,Jr,21.8,71.9,26.3,0.547,8.2,20.1,16.5,19.5,2.0,1.3,59.2,0.0,0.018,0.644,2.67224,1.08797,1.58426
a7224a5a-b7fe-5464-9956-556cda0d884f,2008,Kansas St.,B12,Fr,19.5,64.3,27.6,0.5488000000000001,9.8,15.6,14.7,19.1,2.1,1.6,34.6,0.304,0.294,0.75,6.61468,4.84252,1.77216
a7513ad5-3a57-56a2-99dd-8985c99ca249,2021,Stanford,P12,Fr,19.8,50.7,25.8,0.4729,2.4,16.4,16.4,23.2,2.2,1.7,24.1,0.291,0.389,0.796,0.160526,-1.89355,2.05407
a78e99be-da5b-573b-9222-3d31de315eb9,2008,Virginia Tech,ACC,Sr,22.5,81.6,22.8,0.5022,6.9,15.6,14.2,16.3,2.1,1.7,62.0,0.269,0.19,0.671,5.1154,1.7634,3.352
a7a44acb-7a5d-53ba-8adf-c8d9327b276a,2012,Louisiana,SB,Fr,18.3,55.8,24.5,0.4868,3.4,13.8,27.7,31.5,1.2,2.6,78.2,0.0,0.047,0.564,-1.97887,-4.09863,2.11975
a7a44acb-7a5d-53ba-8adf-c8d9327b276a,2013,Louisiana,SB,So,19.3,88.1,26.9,0.5306000000000001,4.2,13.6,33.5,19.5,1.9,3.9,53.0,0.327,0.127,0.644,4.47105,2.9034,1.56765
a7a44acb-7a5d-53ba-8adf-c8d9327b276a,2014,Louisiana,SB,Jr,20.3,90.2,29.5,0.5407,7.2,12.0,32.3,19.4,1.5,3.6,64.6,0.259,0.123,0.59,6.86447,4.85563,2.00884
a7adb34f-8f13-5900-b44d-17b0458241fa,2008,Washington,P10,Fr,19.2,9.4,11.6,0.3048,6.9,16.8,9.9,27.7,4.4,1.8,38.9,0.0,0.278,0.429,1.69754,-2.63909,4.33663
a7adb34f-8f13-5900-b44d-17b0458241fa,2009,Washington,P10,So,20.2,38.6,10.9,0.4731,6.3,11.4,12.8,34.4,1.6,1.6,32.8,0.25,0.062,0.619,4.21975,0.0772964,4.14245
a7adb34f-8f13-5900-b44d-17b0458241fa,2010,Washington,P10,Jr,21.2,52.2,15.1,0.4854,8.6,13.7,13.9,15.0,2.6,2.5,21.4,0.333,0.16,0.8,7.19769,2.86176,4.33593
a7adb34f-8f13-5900-b44d-17b0458241fa,2011,Washington,P10,Sr,22.2,70.1,17.5,0.5661999999999999,7.0,13.0,12.4,16.6,2.7,2.3,19.2,0.359,0.441,0.772,8.09939,4.81932,3.28007
a7f41ab0-923e-5eeb-96d4-1ba1cb4fe469,2013,Duke,ACC,Fr,20.1,28.1,16.5,0.5596,12.8,13.8,3.2,10.5,3.8,1.7,43.6,0.0,0.0,0.61,4.96086,2.75596,2.2049
a7f41ab0-923e-5eeb-96d4-1ba1cb4fe469,2014,Duke,ACC,So,21.1,56.7,15.1,0.618,14.8,21.5,8.3,11.6,2.5,1.8,55.5,0.0,0.0,0.494,9.29627,5.87545,3.42082
a7f41ab0-923e-5eeb-96d4-1ba1cb4fe469,2015,Duke,ACC,Jr,22.1,52.9,16.1,0.6201,13.8,18.0,6.8,18.5,3.0,1.6,61.7,0.0,0.0,0.554,8.23612,4.54277,3.69335
a7f41ab0-923e-5eeb-96d4-1ba1cb4fe469,2016,Duke,ACC,Sr,23.1,18.8,19.0,0.6598,17.8,19.9,9.0,15.7,3.7,1.7,63.3,0.0,0.0,0.553,8.80254,5.84834,2.9542
a7f41ab0-923e-5eeb-96d4-1ba1cb4fe469,2017,Duke,ACC,Sr,24.1,70.2,17.9,0.6243,9.7,22.0,9.3,15.1,5.9,1.3,60.1,0.0,0.0,0.629,8.79399,3.81655,4.97744
a7fd52eb-e898-575b-9536-b949f2095bef,2008,Arkansas,SEC,Sr,22.5,40.4,13.0,0.6653,8.8,12.2,2.8,27.1,14.2,1.9,58.6,0.0,0.0,0.588,9.32507,0.669807,8.65526
a8289737-ba3d-5ab7-8e5f-5c12581a3806,2015,Elon,CAA,Fr,20.2,64.1,35.2,0.5019,5.9,13.1,25.7,22.6,1.7,2.8,45.9,0.352,0.335,0.754,0.0762214,-0.2618,0.338022
a8289737-ba3d-5ab7-8e5f-5c12581a3806,2017,BYU,WCC,So,22.2,41.8,21.9,0.5568,2.7,11.6,16.5,15.1,1.4,2.0,50.3,0.278,0.462,0.796,3.00411,2.72716,0.276944
a8289737-ba3d-5ab7-8e5f-5c12581a3806,2018,BYU,WCC,Jr,23.2,85.9,23.9,0.6474,1.7,20.5,13.8,16.2,1.8,2.1,42.3,0.415,0.501,0.85,5.1362,3.22019,1.91601
a84d3350-9962-53f5-8f9c-d8123d5ea2d4,2008,Oklahoma St.,B12,Jr,21.5,74.1,21.9,0.5256000000000001,4.9,13.0,10.7,24.5,0.7,2.9,31.9,0.28,0.414,0.835,2.3044,0.707285,1.59711
a84d3350-9962-53f5-8f9c-d8123d5ea2d4,2009,Oklahoma St.,B12,Sr,22.5,78.7,20.0,0.6078,3.0,13.8,11.6,16.2,1.1,3.1,35.2,0.377,0.439,0.785,7.41509,4.85872,2.55637
a85b0266-99be-5b51-91f0-1d0015e5f656,2008,Miami FL,ACC,So,20.5,49.7,22.5,0.5436,14.5,20.8,4.7,15.6,5.0,1.6,48.6,0.0,0.0,0.52,4.01616,1.70169,2.31447
a85b0266-99be-5b51-91f0-1d0015e5f656,2009,Miami FL,ACC,Jr,21.5,59.4,23.5,0.5770000000000001,13.2,17.9,11.4,19.4,1.7,2.5,102.2,0.0,0.0,0.57,6.3561,3.46857,2.88753
a85b0266-99be-5b51-91f0-1d0015e5f656,2010,Miami FL,ACC,Sr,22.5,54.6,26.4,0.6053999999999999,14.3,21.6,10.5,22.5,5.1,1.5,74.8,0.0,0.0,0.558,5.05615,2.6903,2.36585
a863ded6-b320-55c5-b5dc-3706280c8071,2011,Duke,ACC,Fr,19.3,20.5,27.2,0.6970000000000001,2.3,10.6,29.8,18.6,1.8,3.0,68.3,0.462,0.375,0.901,12.0853,9.34813,2.73716
a88a204f-c348-5b78-8beb-1b7cb36f95fa,2008,Gonzaga,WCC,Fr,19.5,45.6,27.0,0.5942000000000001,4.7,23.3,11.0,19.7,10.0,2.0,41.4,0.413,0.258,0.881,7.13553,1.08636,6.04917
a88a204f-c348-5b78-8beb-1b7cb36f95fa,2009,Gonzaga,WCC,So,20.5,65.4,24.4,0.5616,4.7,22.1,8.1,18.9,8.1,1.6,32.4,0.45,0.249,0.692,5.75346,0.387002,5.36646
a8c3e9cd-8461-5176-8cb7-10adc62ec134,2019,Providence,BE,Fr,19.7,60.8,19.2,0.4779,2.5,10.0,17.2,25.7,1.5,1.6,34.1,0.297,0.341,0.689,-1.4767,-2.60901,1.13231
a8c3e9cd-8461-5176-8cb7-10adc62ec134,2020,Providence,BE,So,20.7,79.9,19.9,0.5415,2.4,12.4,19.7,19.6,1.3,2.8,42.3,0.42,0.35,0.793,5.37002,2.43194,2.93808
a8c3e9cd-8461-5176-8cb7-10adc62ec134,2021,Providence,BE,Jr,21.7,90.9,27.5,0.5077,3.0,16.4,27.3,18.3,0.8,1.9,33.6,0.389,0.352,0.792,5.4758,3.20281,2.27299
a8fc00e3-3621-5cfd-89e6-d53576b8f01e,2023,Kansas,B12,Fr,19.2,9.0,15.9,0.6263000000000001,13.6,23.7,5.2,33.2,12.3,1.3,50.0,0.0,0.0,0.5,5.82482,-2.24232,8.06714
a8fc00e3-3621-5cfd-89e6-d53576b8f01e,2024,St. John's,BE,So,20.2,28.1,20.8,0.5664,17.3,12.9,10.6,15.7,10.2,2.2,70.2,0.375,0.085,0.712,10.7038,4.70552,5.99831
a8fc00e3-3621-5cfd-89e6-d53576b8f01e,2025,St. John's,BE,Jr,21.2,78.3,21.1,0.6325999999999999,14.3,12.5,9.1,14.4,5.2,1.6,72.9,0.222,0.145,0.708,9.73659,4.9792,4.75739
a8fc00e3-3621-5cfd-89e6-d53576b8f01e,2026,St. John's,BE,Sr,22.2,74.7,26.4,0.6088,12.1,14.7,23.0,15.1,7.2,2.2,69.4,0.305,0.158,0.718,14.2722,6.87151,7.40072
a93392f3-5637-545e-9c5e-985351cdcd51,2023,Kentucky,SEC,Fr,19.6,74.9,20.3,0.5431,3.3,10.3,24.4,19.3,1.6,3.7,22.4,0.346,0.407,0.757,7.65946,4.54051,3.11894
a98201f4-e52b-5159-9930-3d98c3f70994,2021,Cal Poly,BW,Fr,19.1,32.5,16.5,0.43439999999999995,1.1,7.4,15.8,20.3,1.4,1.4,21.4,0.333,0.514,0.467,-5.43484,-3.64939,-1.78545
a98201f4-e52b-5159-9930-3d98c3f70994,2022,Cal Poly,BW,So,20.1,59.9,18.1,0.507,3.0,8.5,16.9,24.4,0.9,1.6,37.8,0.337,0.622,0.611,-1.75443,-1.0945,-0.659927
a98201f4-e52b-5159-9930-3d98c3f70994,2023,Cal Poly,BW,Jr,21.1,52.4,20.5,0.4595,2.2,12.4,17.0,22.6,1.5,2.4,30.8,0.269,0.462,0.788,-1.49372,-2.71639,1.22267
a98201f4-e52b-5159-9930-3d98c3f70994,2024,Cal Poly,BW,Sr,22.1,75.3,30.9,0.5902000000000001,3.0,10.2,26.2,16.8,1.0,1.5,51.3,0.333,0.287,0.87,0.657943,3.37201,-2.71407
a98201f4-e52b-5159-9930-3d98c3f70994,2025,Nevada,MWC,Sr,23.1,78.6,27.2,0.5719,2.7,12.6,29.9,13.2,1.2,2.2,45.5,0.342,0.319,0.795,4.41552,4.4859,-0.0703796
a9ca7fe3-3674-5b45-81d5-b33bbffd5bb4,2017,Florida St.,ACC,Fr,19.0,38.4,18.6,0.5254,6.7,12.6,16.3,19.2,1.0,4.4,55.0,0.125,0.062,0.676,5.92522,1.96829,3.95693
a9ca7fe3-3674-5b45-81d5-b33bbffd5bb4,2018,Florida St.,ACC,So,20.0,61.4,18.6,0.5583,5.8,15.2,26.3,20.2,1.5,3.4,74.4,0.214,0.08,0.695,7.30422,3.16574,4.13848
a9ca7fe3-3674-5b45-81d5-b33bbffd5bb4,2019,Florida St.,ACC,Jr,21.0,73.7,18.9,0.5311,3.1,13.9,23.2,20.4,1.0,3.6,56.9,0.233,0.118,0.779,7.1321,2.34847,4.78363
a9ca7fe3-3674-5b45-81d5-b33bbffd5bb4,2020,Florida St.,ACC,Sr,22.0,76.4,23.0,0.544,4.2,12.4,24.1,24.2,2.3,3.5,35.8,0.281,0.202,0.822,5.61592,2.08766,3.52826
aa2ea08e-8510-5b4d-8fdb-d6208f34abe3,2018,Tennessee,SEC,Fr,19.1,8.8,8.6,0.5686,3.8,10.1,7.1,28.0,1.9,1.4,14.3,0.667,0.214,0.5,2.26018,-0.981831,3.24201
aa2ea08e-8510-5b4d-8fdb-d6208f34abe3,2019,Tennessee,SEC,So,20.1,26.6,11.2,0.5495,4.4,11.7,6.2,27.6,3.5,1.2,20.7,0.28,0.431,0.417,3.13374,0.626934,2.50681
aa2ea08e-8510-5b4d-8fdb-d6208f34abe3,2020,Tennessee,SEC,Jr,21.1,84.9,16.7,0.5586,6.3,12.0,6.9,17.1,7.7,0.7,25.7,0.349,0.321,0.638,5.05378,1.24438,3.8094
aa2ea08e-8510-5b4d-8fdb-d6208f34abe3,2021,Tennessee,SEC,Sr,22.1,67.7,15.6,0.5378000000000001,6.6,14.8,5.1,13.8,7.5,1.4,19.7,0.274,0.321,0.789,5.77365,0.473272,5.30037
aa2ed9dd-7465-5f3f-b98b-38f1a5f717a0,2012,William & Mary,CAA,Fr,19.4,69.8,27.4,0.4681,1.6,8.9,12.0,20.9,0.5,0.8,35.3,0.333,0.346,0.7,-8.10335,-3.82296,-4.28038
aa2ed9dd-7465-5f3f-b98b-38f1a5f717a0,2013,William & Mary,CAA,So,20.4,89.2,27.5,0.5975,1.4,7.4,18.6,19.3,1.5,1.5,32.9,0.439,0.515,0.824,-0.265467,3.2949,-3.56037
aa2ed9dd-7465-5f3f-b98b-38f1a5f717a0,2014,William & Mary,CAA,Jr,21.4,89.1,27.3,0.5744,0.8,6.9,16.2,14.9,0.7,1.8,32.2,0.412,0.512,0.765,-0.994195,3.00011,-3.99431
aa2ed9dd-7465-5f3f-b98b-38f1a5f717a0,2015,William & Mary,CAA,Sr,22.4,93.2,27.2,0.5966,1.0,7.5,17.9,14.5,0.4,1.1,31.3,0.388,0.534,0.824,-0.567632,4.11248,-4.68011
aaf25b10-8f38-567f-9fe8-4b0de7303527,2019,Iowa,B10,Fr,19.8,68.6,16.8,0.6362,5.8,14.4,7.8,12.9,1.9,1.8,40.2,0.424,0.543,0.767,6.57411,5.2773,1.29682
aaf25b10-8f38-567f-9fe8-4b0de7303527,2020,Iowa,B10,So,20.8,81.4,20.1,0.5581,5.1,15.3,9.1,13.9,1.6,1.8,32.9,0.347,0.445,0.856,5.18111,4.27001,0.911106
aaf25b10-8f38-567f-9fe8-4b0de7303527,2021,Iowa,B10,Jr,21.8,72.9,21.0,0.6156,4.5,18.5,10.4,12.7,1.1,1.8,29.3,0.462,0.482,0.677,7.72466,6.29655,1.42811
ab1149db-e309-53ed-bf7b-150ec9960c48,2021,N.C. State,ACC,Fr,21.1,40.7,18.9,0.5224,7.8,16.5,8.5,22.0,1.9,2.3,32.0,0.25,0.194,0.576,1.79447,0.0398134,1.75466
ab1149db-e309-53ed-bf7b-150ec9960c48,2022,N.C. State,ACC,So,22.1,87.8,26.3,0.5528,7.7,18.4,19.1,14.8,0.3,2.3,49.8,0.25,0.108,0.713,4.1215,4.03357,0.0879304
ab7e4710-4d2a-54b3-9db9-74dc9906615e,2013,UNLV,MWC,Fr,20.3,67.8,25.7,0.6036,9.9,21.3,8.2,15.3,4.3,1.5,46.0,0.383,0.258,0.696,6.55652,3.55426,3.00226
ab9237c5-c458-53e6-ac97-40ab2d23b462,2017,Duke,ACC,Fr,19.9,4.1,14.7,0.7636,3.9,19.7,2.8,25.6,3.1,0.9,111.1,0.5,0.222,0.8,2.17436,0.936899,1.23746
ab9237c5-c458-53e6-ac97-40ab2d23b462,2018,Duke,ACC,So,20.9,10.8,9.5,0.4793,7.2,20.2,6.2,25.8,3.7,2.5,9.1,0.167,0.545,1.0,5.64361,0.58642,5.05719
ab9237c5-c458-53e6-ac97-40ab2d23b462,2019,Duke,ACC,Jr,21.9,47.0,10.8,0.5006,7.0,16.8,5.2,16.1,5.0,1.7,20.6,0.278,0.74,0.852,6.49928,2.10381,4.39547
ab9237c5-c458-53e6-ac97-40ab2d23b462,2020,Duke,ACC,Sr,22.9,37.1,11.4,0.5195000000000001,5.7,14.2,7.4,22.6,4.3,2.6,22.5,0.327,0.65,0.722,6.709,1.86453,4.84447
abc0766a-de2d-512c-bbb6-8521a2da8bb2,2019,Duke,ACC,Fr,19.8,70.1,23.6,0.4988,2.0,10.6,10.7,20.7,1.9,2.9,26.4,0.333,0.618,0.772,3.1857,1.24378,1.94192
abf042be-2652-5571-8f30-1a0b7d1275fa,2015,Georgia,SEC,Fr,18.9,43.1,18.5,0.4686,11.6,14.8,3.0,17.1,8.6,1.1,51.8,0.0,0.007,0.648,1.98159,-2.21826,4.19984
abf042be-2652-5571-8f30-1a0b7d1275fa,2016,Georgia,SEC,So,19.9,74.5,27.5,0.5564,9.8,18.8,7.1,15.8,7.0,0.5,38.8,0.533,0.035,0.783,3.10598,0.543346,2.56264
abf042be-2652-5571-8f30-1a0b7d1275fa,2017,Georgia,SEC,Jr,20.9,61.7,30.3,0.5985,10.0,16.1,12.4,16.2,5.6,1.5,61.0,0.488,0.129,0.714,7.70353,4.09616,3.60737
abf042be-2652-5571-8f30-1a0b7d1275fa,2018,Georgia,SEC,Sr,21.9,84.5,28.2,0.5674,11.8,15.7,11.6,12.8,4.7,0.8,54.0,0.341,0.191,0.801,8.06782,4.9858,3.08202
ac12c152-56a0-58ba-a473-0479f5a1462c,2015,Oregon,P12,Fr,20.5,57.5,12.4,0.5903,8.9,19.3,9.8,21.1,11.3,1.9,16.8,0.0,0.0,0.5,10.0051,1.67796,8.32718
ac12c152-56a0-58ba-a473-0479f5a1462c,2016,Oregon,P12,So,21.5,41.5,18.7,0.5711999999999999,8.8,20.1,11.2,23.0,8.1,3.0,34.0,0.0,0.013,0.519,8.0117,1.07495,6.93675
ac12c152-56a0-58ba-a473-0479f5a1462c,2017,Oregon,P12,Jr,22.5,72.5,19.2,0.6553,12.4,21.8,11.5,20.6,8.5,2.6,41.6,0.154,0.049,0.694,11.8465,4.11481,7.73174
ac421ddd-7188-5b76-936e-a9f66ce2d42e,2008,Ohio St.,B10,Fr,19.5,67.5,26.4,0.5511,12.2,15.7,4.5,12.7,7.7,1.0,22.9,0.349,0.144,0.68,4.39721,1.65678,2.74043
ac6d4d25-9200-5b4a-936d-33f733186f10,2014,LSU,SEC,Fr,20.1,60.9,19.6,0.5521,7.2,11.4,6.6,17.9,2.6,1.8,35.0,0.333,0.315,0.689,2.77531,1.84655,0.928761
ac6d4d25-9200-5b4a-936d-33f733186f10,2015,LSU,SEC,So,21.1,85.9,24.6,0.5654,9.7,18.1,10.5,18.4,1.8,1.9,51.1,0.269,0.131,0.69,4.22636,2.37173,1.85463
ace5825e-0e58-58d6-8bee-f01dc17b36d5,2009,Norfolk St.,MEAC,Fr,19.2,40.5,17.0,0.5710999999999999,6.9,16.6,4.9,23.2,5.3,1.1,29.4,0.378,0.357,0.622,-3.15248,-2.00526,-1.14722
ace5825e-0e58-58d6-8bee-f01dc17b36d5,2010,Norfolk St.,MEAC,So,20.2,69.6,20.2,0.5766,11.0,21.9,6.8,20.4,6.1,1.0,28.0,0.239,0.254,0.527,1.04923,0.0737682,0.975461
ace5825e-0e58-58d6-8bee-f01dc17b36d5,2011,Norfolk St.,MEAC,Jr,21.2,80.8,22.7,0.6149,11.8,26.1,7.4,16.1,10.5,1.0,42.4,0.238,0.177,0.762,4.20182,1.62446,2.57737
ace5825e-0e58-58d6-8bee-f01dc17b36d5,2012,Norfolk St.,MEAC,Sr,22.3,77.2,25.0,0.63,11.6,25.0,11.2,19.5,9.1,1.1,64.7,0.214,0.085,0.704,6.61136,2.07098,4.54038
ada1d1bc-34ec-5fc5-9241-0140571be75b,2017,Wichita St.,MVC,Fr,19.1,27.9,15.5,0.6406999999999999,2.9,13.2,16.1,17.0,3.0,1.8,42.5,0.509,0.632,0.757,7.63765,4.14122,3.49643
ada1d1bc-34ec-5fc5-9241-0140571be75b,2018,Wichita St.,Amer,So,20.1,53.2,16.8,0.6247,2.1,14.0,15.8,18.2,1.3,1.3,27.5,0.425,0.672,0.827,4.89262,4.57903,0.313596
ada1d1bc-34ec-5fc5-9241-0140571be75b,2020,Oklahoma,B12,Jr,22.1,83.1,25.6,0.5201,2.2,14.2,18.8,16.8,0.8,1.7,45.8,0.259,0.45,0.848,3.82948,2.60729,1.2222
ada1d1bc-34ec-5fc5-9241-0140571be75b,2021,Oklahoma,B12,Sr,23.1,78.7,28.4,0.5788,2.8,15.1,27.0,17.7,1.0,1.5,54.1,0.305,0.334,0.865,5.7335,4.88953,0.843963
adc71f89-d050-5ebe-80b7-ebbd4a2ec562,2015,Xavier,BE,Fr,20.1,30.1,21.9,0.5446,3.7,7.1,9.7,19.6,0.8,3.5,26.8,0.33,0.631,0.75,4.14957,2.94007,1.2095
adc71f89-d050-5ebe-80b7-ebbd4a2ec562,2016,Xavier,BE,So,21.1,56.8,18.4,0.5939,6.8,5.6,16.4,13.5,0.1,2.6,36.1,0.356,0.452,0.807,8.07478,6.50018,1.57459
adc71f89-d050-5ebe-80b7-ebbd4a2ec562,2017,Xavier,BE,Jr,22.1,83.4,22.0,0.5503,4.6,10.8,17.2,16.1,0.7,2.5,37.5,0.339,0.449,0.785,6.42728,4.82928,1.598
adc71f89-d050-5ebe-80b7-ebbd4a2ec562,2018,Xavier,BE,Sr,23.1,71.4,20.8,0.606,5.5,11.6,17.2,17.9,1.4,2.7,38.4,0.377,0.426,0.821,8.73209,5.87215,2.85994
ae43679f-335d-5d04-a5b6-3ac54bb86cb9,2019,Bucknell,Pat,Fr,19.8,35.8,16.2,0.5337,1.5,10.3,9.5,15.4,0.2,1.1,6.4,0.347,0.7,0.667,-2.58181,-0.970006,-1.61181
ae43679f-335d-5d04-a5b6-3ac54bb86cb9,2020,Bucknell,Pat,So,20.8,79.1,19.1,0.48340000000000005,0.8,13.8,10.9,15.1,0.7,1.4,14.8,0.302,0.49,0.706,-3.05513,-2.08176,-0.97337
ae43679f-335d-5d04-a5b6-3ac54bb86cb9,2021,Bucknell,Pat,Jr,21.8,84.6,20.1,0.5402,0.9,12.6,8.5,16.8,0.2,1.2,33.1,0.269,0.54,0.854,-3.38444,-0.691206,-2.69323
ae43679f-335d-5d04-a5b6-3ac54bb86cb9,2022,Bucknell,Pat,Sr,22.8,89.5,24.8,0.5373,0.1,11.5,18.5,11.5,0.7,1.3,13.6,0.362,0.487,0.761,-2.54466,2.01477,-4.55943
ae43679f-335d-5d04-a5b6-3ac54bb86cb9,2023,Penn St.,B10,Sr,23.8,84.8,16.6,0.6217,1.1,9.0,6.2,9.1,0.2,1.0,12.8,0.412,0.775,0.867,4.53642,4.7904,-0.253982
aeac13c5-8024-5e12-a3bd-5af65adede2a,2012,Syracuse,BE,Fr,20.7,18.1,18.6,0.5078,3.9,11.7,34.3,19.5,2.9,4.6,39.7,0.389,0.31,0.565,6.91461,3.76269,3.15191
aeac13c5-8024-5e12-a3bd-5af65adede2a,2013,Syracuse,BE,So,21.7,87.5,24.4,0.4913,4.0,11.1,40.2,24.1,1.7,4.8,47.2,0.292,0.305,0.694,8.96469,4.7138,4.25089
aef33d12-fac4-5340-9bfc-9cd6cb627a58,2022,Stanford,P12,Fr,19.6,77.4,22.1,0.47850000000000004,6.9,19.1,20.4,19.6,0.9,1.8,30.9,0.313,0.375,0.663,3.41742,1.55243,1.86499
aef33d12-fac4-5340-9bfc-9cd6cb627a58,2023,Stanford,P12,So,20.6,69.5,25.4,0.4894,7.9,17.5,26.4,19.4,2.0,1.6,33.6,0.319,0.372,0.598,4.40473,3.23273,1.17199
aef33d12-fac4-5340-9bfc-9cd6cb627a58,2024,North Carolina,ACC,Jr,21.6,81.7,19.0,0.5299,8.7,20.1,11.7,12.4,1.3,2.4,25.9,0.385,0.446,0.612,8.81996,4.60192,4.21804
af542013-37a6-5f98-b4f7-d851e214f62d,2023,Arkansas,SEC,Fr,19.3,60.8,15.8,0.5134000000000001,5.8,12.9,6.7,15.1,2.0,2.6,30.4,0.278,0.332,0.712,4.19108,1.52517,2.6659
af5ae582-a23b-507a-858f-71158bc7f34b,2023,Missouri St.,MVC,Jr,21.7,56.8,20.9,0.5529,12.3,22.7,13.0,20.9,5.5,3.3,47.1,0.0,0.0,0.425,5.15833,0.297962,4.86037
af5ae582-a23b-507a-858f-71158bc7f34b,2024,San Francisco,WCC,Jr,22.7,72.9,24.5,0.6389,14.3,29.6,24.3,14.7,3.4,3.2,32.2,0.0,0.006,0.696,11.774,5.6728,6.10117
af84dc2a-ac9c-5e4e-a829-9b8bf1196a11,2023,Baylor,B12,Fr,19.6,69.3,29.8,0.5235,4.2,13.6,20.0,19.8,0.7,2.3,36.4,0.338,0.553,0.793,4.68797,4.10625,0.581722
af947b7f-5ab4-5c1f-9aa7-e9cacf487441,2019,Iowa St.,B12,Fr,18.6,67.9,25.1,0.48840000000000006,2.9,16.7,16.2,14.6,2.7,2.8,23.0,0.308,0.416,0.625,3.99724,1.77977,2.21747
af95d9d4-6050-52dc-b5b7-c207aeba32cd,2015,West Virginia,B12,Fr,19.8,59.0,17.9,0.4864,4.6,7.2,14.8,15.8,0.5,4.7,23.1,0.314,0.58,0.77,6.27423,3.68902,2.58521
af95d9d4-6050-52dc-b5b7-c207aeba32cd,2016,West Virginia,B12,So,20.8,68.8,18.1,0.5004,2.7,9.7,21.2,18.3,1.3,3.4,31.0,0.306,0.497,0.744,6.49316,3.18628,3.30689
af95d9d4-6050-52dc-b5b7-c207aeba32cd,2017,West Virginia,B12,Jr,21.8,78.7,19.6,0.5711999999999999,3.4,14.9,20.5,16.1,0.9,4.4,32.9,0.389,0.491,0.774,10.0731,5.37284,4.70026
af95d9d4-6050-52dc-b5b7-c207aeba32cd,2018,West Virginia,B12,Sr,22.8,88.3,25.1,0.5492,2.3,12.9,35.2,16.8,1.2,4.8,30.5,0.393,0.385,0.858,11.319,7.78092,3.53812
af996d76-998e-592c-b89c-298bc5e83f4e,2019,Oregon,P12,Fr,20.2,61.8,23.7,0.5523,5.4,16.0,9.0,17.5,1.0,1.7,23.2,0.386,0.45,0.785,2.03317,1.07686,0.956307
afc3546b-1689-5b10-a05d-05cb31f8a01a,2018,Villanova,BE,Fr,20.9,69.7,17.9,0.5877,9.9,23.0,4.3,11.4,5.5,1.3,20.8,0.433,0.446,0.7,7.97875,4.15638,3.82237
afdf71fd-f368-55df-8622-8fcbd7356141,2018,San Diego St.,MWC,Fr,20.4,62.1,18.6,0.6478,10.7,23.9,6.5,13.4,2.5,1.9,52.4,0.222,0.085,0.802,6.48873,3.00735,3.48138
afdf71fd-f368-55df-8622-8fcbd7356141,2019,San Diego St.,MWC,So,21.4,78.3,27.9,0.5266,7.3,22.7,15.9,16.5,1.9,2.1,28.3,0.306,0.163,0.736,2.38229,-0.147545,2.52983
afed844c-010d-5098-8b19-d626bd00817b,2022,Duke,ACC,Fr,18.8,60.6,16.9,0.6305,3.8,13.5,6.8,9.1,2.2,1.2,17.9,0.447,0.537,0.792,6.33861,5.87823,0.460378
b0030bcd-8b3f-5601-8b6c-fbffd9306b7b,2017,Oregon,P12,Fr,19.4,71.1,15.8,0.5318999999999999,2.6,10.7,20.5,18.7,0.3,2.4,26.5,0.353,0.584,0.73,4.78263,3.3255,1.45712
b0030bcd-8b3f-5601-8b6c-fbffd9306b7b,2018,Oregon,P12,So,20.4,86.6,21.0,0.5832,1.7,11.4,25.3,16.5,0.0,2.3,26.6,0.413,0.518,0.774,3.67022,3.83253,-0.162311
b0030bcd-8b3f-5601-8b6c-fbffd9306b7b,2019,Oregon,P12,Jr,21.4,88.3,21.4,0.5434,3.0,9.8,25.8,15.9,0.3,3.1,27.8,0.328,0.495,0.838,6.23604,4.2118,2.02424
b0030bcd-8b3f-5601-8b6c-fbffd9306b7b,2020,Oregon,P12,Sr,22.4,88.8,28.4,0.6008,2.3,11.6,31.6,16.0,0.1,2.5,30.3,0.415,0.459,0.821,8.38475,8.48331,-0.098564
b011f3ea-2cb0-5050-91de-1355efbb5599,2023,Arizona,P12,Fr,19.2,14.6,15.8,0.6734,8.2,14.4,12.1,20.4,6.0,1.1,50.0,0.273,0.262,0.714,7.7328,3.35679,4.37601
b011f3ea-2cb0-5050-91de-1355efbb5599,2025,Arizona,B12,Jr,21.2,51.7,20.1,0.6457999999999999,12.2,14.5,11.0,15.4,6.1,1.8,48.2,0.327,0.225,0.686,10.7981,6.41521,4.38294
b011f3ea-2cb0-5050-91de-1355efbb5599,2026,North Carolina,ACC,Jr,22.2,73.5,22.7,0.664,8.1,21.9,13.6,13.7,3.8,1.1,34.2,0.426,0.275,0.615,9.6505,5.42814,4.22236
b0a5fd48-d413-5de2-9303-8af7bae29362,2015,Chicago St.,WAC,So,20.6,58.5,19.2,0.5444,7.8,16.0,7.0,26.3,3.2,2.2,29.7,0.412,0.309,0.653,-1.94929,-2.58694,0.637649
b0a5fd48-d413-5de2-9303-8af7bae29362,2016,Chicago St.,WAC,Jr,21.6,71.0,18.4,0.475,8.2,17.2,9.5,23.2,3.9,2.2,38.2,0.29,0.304,0.705,-1.59074,-2.62058,1.02985
b0a5fd48-d413-5de2-9303-8af7bae29362,2017,Chicago St.,WAC,Sr,22.6,88.4,23.8,0.51,7.8,21.2,9.5,20.1,2.0,2.3,42.4,0.266,0.234,0.713,-0.992789,-1.40099,0.4082
b0bd22b2-5a66-55bc-9b0f-c5c734ba604e,2014,Marquette,BE,Fr,20.4,30.5,29.1,0.518,9.4,10.8,10.9,14.4,4.1,5.3,37.4,0.5,0.044,0.647,5.53914,1.42345,4.11568
b0bd22b2-5a66-55bc-9b0f-c5c734ba604e,2015,Marquette,BE,So,21.4,10.0,21.8,0.5786,4.7,5.5,3.5,24.1,2.6,4.8,47.2,0.4,0.278,0.765,0.954359,-1.48791,2.44227
b0bd22b2-5a66-55bc-9b0f-c5c734ba604e,2016,Iowa St.,B12,Jr,22.4,34.5,24.4,0.5945,8.8,14.2,9.7,14.6,3.2,2.8,34.6,0.474,0.209,0.635,5.93365,4.15768,1.77596
b0bd22b2-5a66-55bc-9b0f-c5c734ba604e,2017,Iowa St.,B12,Sr,23.4,72.6,27.2,0.5264,4.4,18.6,11.4,16.1,4.8,3.3,26.3,0.375,0.252,0.675,5.69167,1.18213,4.50954
b1379da9-f5bb-52c8-a025-d89814fec03e,2014,Washington,P12,Fr,19.8,82.4,23.8,0.5331,3.0,13.1,26.9,21.3,0.5,2.0,22.9,0.356,0.249,0.723,2.07074,1.76714,0.303599
b1379da9-f5bb-52c8-a025-d89814fec03e,2015,Washington,P12,So,20.8,88.7,26.6,0.501,2.1,12.1,35.9,17.5,0.4,1.8,23.0,0.256,0.204,0.763,2.23795,2.9068,-0.668852
b1379da9-f5bb-52c8-a025-d89814fec03e,2017,Gonzaga,WCC,Jr,22.8,79.6,24.9,0.5937,2.2,15.7,25.8,14.8,0.2,2.9,40.0,0.368,0.258,0.867,10.4143,5.65286,4.76143
b19a49ce-3bf9-5d12-9703-cfa0e458a04b,2008,Miami FL,ACC,Jr,21.5,74.3,25.5,0.59,1.3,6.7,17.1,18.0,0.1,1.3,29.8,0.423,0.526,0.918,4.01625,5.23512,-1.21888
b19a49ce-3bf9-5d12-9703-cfa0e458a04b,2009,Miami FL,ACC,Sr,22.5,79.8,26.8,0.6108,2.0,8.8,21.1,18.0,0.1,1.4,29.5,0.452,0.509,0.882,5.81734,6.51772,-0.700374
b1b3dbcd-8192-5d12-b08d-d8e797d583ff,2016,Indiana,B10,Fr,18.9,33.2,17.6,0.6068,11.4,11.7,6.6,19.7,5.6,3.4,36.2,0.448,0.25,0.476,7.9074,3.56807,4.33934
b1b3dbcd-8192-5d12-b08d-d8e797d583ff,2017,Indiana,B10,So,19.9,28.9,20.5,0.6112,8.5,16.1,11.0,18.0,5.5,3.0,39.3,0.311,0.369,0.563,8.67578,4.62861,4.04717
b1c0dc36-e6bd-5e70-b648-8e4154ec7b55,2012,Iowa,B10,Fr,19.8,59.6,22.9,0.5756,10.1,17.8,7.7,15.0,3.0,2.2,53.0,0.279,0.226,0.699,4.19172,3.71166,0.480065
b1c0dc36-e6bd-5e70-b648-8e4154ec7b55,2013,Iowa,B10,So,20.8,72.4,22.1,0.5813,9.0,13.8,9.8,15.0,2.5,2.3,85.7,0.219,0.218,0.75,7.57131,4.62402,2.94729
b1c0dc36-e6bd-5e70-b648-8e4154ec7b55,2014,Iowa,B10,Jr,21.8,69.3,19.9,0.6595,6.8,19.0,12.2,18.2,2.3,2.0,65.7,0.258,0.127,0.807,8.13175,5.38992,2.74183
b1c0dc36-e6bd-5e70-b648-8e4154ec7b55,2015,Iowa,B10,Sr,22.8,78.1,23.0,0.6325999999999999,7.7,18.5,10.2,10.3,1.7,2.6,72.6,0.356,0.18,0.819,10.2737,7.24565,3.02809
b1d4e131-f2da-5967-9c9e-8e86da542823,2018,Villanova,BE,Fr,19.6,9.5,16.2,0.37920000000000004,5.6,16.7,6.4,27.5,2.0,0.4,57.1,0.188,0.571,0.625,-2.22224,-3.18446,0.96222
b1d4e131-f2da-5967-9c9e-8e86da542823,2019,Villanova,BE,So,20.6,52.8,16.7,0.5678,9.1,20.1,9.1,17.1,4.2,1.2,45.4,0.347,0.583,0.622,4.61091,1.868,2.74291
b1d4e131-f2da-5967-9c9e-8e86da542823,2020,Villanova,BE,Jr,21.6,73.5,18.6,0.5709000000000001,4.9,15.4,12.8,14.0,2.3,1.8,42.1,0.276,0.494,0.727,6.92052,3.6298,3.29072
b1d4e131-f2da-5967-9c9e-8e86da542823,2021,Villanova,BE,Sr,22.6,72.9,20.7,0.6015999999999999,7.2,19.1,16.4,10.9,1.2,1.2,45.1,0.371,0.34,0.828,7.75491,5.84762,1.9073
b1d4e131-f2da-5967-9c9e-8e86da542823,2022,Villanova,BE,Sr,23.6,73.8,21.1,0.5629,8.2,17.7,10.3,15.5,2.9,1.7,38.6,0.276,0.332,0.77,6.5571,3.21544,3.34165
b1e80e4a-d8b6-5f76-952b-45908e8e7adf,2008,Villanova,BE,Jr,21.5,75.0,18.8,0.5758,10.5,14.5,7.3,23.2,3.9,2.5,44.4,0.0,0.0,0.69,5.53861,1.12797,4.41063
b1e80e4a-d8b6-5f76-952b-45908e8e7adf,2009,Villanova,BE,Sr,22.5,78.6,24.7,0.5568,9.5,17.0,8.8,15.8,4.8,2.2,38.3,0.0,0.004,0.697,6.34177,2.23205,4.10972
b2302887-7673-59a4-af83-a3df8af02a85,2022,Creighton,BE,Fr,19.1,65.7,17.6,0.5231,1.3,13.1,17.2,23.0,1.0,1.6,36.5,0.281,0.303,0.818,1.67128,-0.756469,2.42775
b2302887-7673-59a4-af83-a3df8af02a85,2023,Creighton,BE,So,20.1,79.7,20.5,0.5776,1.2,13.0,15.0,13.1,1.3,1.9,31.5,0.41,0.426,0.824,5.9644,3.26142,2.70298
b2302887-7673-59a4-af83-a3df8af02a85,2024,Creighton,BE,Jr,21.1,90.7,26.5,0.5382,1.8,14.6,23.9,14.8,1.0,1.7,20.8,0.339,0.352,0.824,5.30935,3.10088,2.20847
b23533c2-c2f0-51a2-bbcf-a88e1798509e,2020,Pacific,WCC,Fr,18.9,52.2,18.7,0.4175,0.8,6.3,10.9,15.8,2.4,1.5,27.3,0.241,0.299,0.849,-2.30619,-2.51122,0.205032
b23533c2-c2f0-51a2-bbcf-a88e1798509e,2021,Pacific,WCC,So,19.9,78.4,22.9,0.4633,4.3,8.4,12.0,12.3,2.3,2.3,20.0,0.244,0.2,0.732,1.59928,0.464374,1.13491
b23533c2-c2f0-51a2-bbcf-a88e1798509e,2023,Iona,MAAC,Jr,21.9,83.5,26.4,0.5136,3.9,11.0,28.0,14.7,1.8,2.4,24.6,0.361,0.326,0.786,3.85171,3.15463,0.697075
b23533c2-c2f0-51a2-bbcf-a88e1798509e,2024,St. John's,BE,Sr,22.9,76.7,25.6,0.5384,3.2,9.6,32.3,17.8,1.9,3.0,15.7,0.354,0.371,0.851,7.34683,5.92277,1.42406
b2558125-715b-5957-a52b-f8ffd2161df9,2017,Cal St. Fullerton,BW,Fr,20.5,61.8,18.8,0.6191,8.5,18.4,12.5,26.3,2.9,1.2,50.6,0.333,0.25,0.729,1.54988,-0.25348,1.80336
b2558125-715b-5957-a52b-f8ffd2161df9,2018,Cal St. Fullerton,BW,So,21.5,75.1,18.8,0.6662,5.6,20.1,11.8,21.0,3.4,1.8,46.4,0.411,0.252,0.777,4.60333,1.70992,2.89341
b2558125-715b-5957-a52b-f8ffd2161df9,2019,Cal St. Fullerton,BW,Jr,22.5,75.7,19.5,0.5819,6.3,21.8,11.3,20.5,3.3,0.9,34.9,0.269,0.202,0.689,1.31006,-0.761783,2.07184
b2558125-715b-5957-a52b-f8ffd2161df9,2020,Cal St. Fullerton,BW,Sr,23.5,50.5,26.6,0.5832999999999999,5.9,22.3,14.8,18.4,4.2,2.0,56.2,0.407,0.399,0.675,3.4472,1.71197,1.73523
b2b40b81-02fc-504c-b725-9aed23f50c9a,2023,BYU,WCC,Fr,21.8,39.1,16.4,0.5228,4.7,11.5,9.5,15.8,2.1,2.0,25.4,0.3,0.522,0.706,2.13638,1.06617,1.07022
b2b40b81-02fc-504c-b725-9aed23f50c9a,2024,BYU,B12,So,22.8,51.8,18.5,0.6142,7.2,14.6,10.3,6.6,0.9,2.2,24.7,0.364,0.414,0.712,7.17318,5.75949,1.4137
b2b40b81-02fc-504c-b725-9aed23f50c9a,2025,BYU,B12,Jr,23.8,70.4,22.2,0.6511,5.7,12.0,10.5,11.7,1.6,2.5,29.5,0.432,0.469,0.835,9.75617,8.09987,1.6563
b2b40b81-02fc-504c-b725-9aed23f50c9a,2026,BYU,B12,Sr,24.8,55.8,23.8,0.6321,6.7,13.5,12.2,12.4,1.0,3.1,35.7,0.376,0.557,0.817,8.89803,7.85793,1.0401
b2c849ba-6b9e-5137-81f2-ef7ae4f74553,2015,North Carolina,ACC,Fr,19.6,19.7,16.0,0.44420000000000004,8.1,17.6,19.4,20.3,1.8,2.7,26.5,0.269,0.382,0.611,7.25783,3.29371,3.96412
b2c849ba-6b9e-5137-81f2-ef7ae4f74553,2016,North Carolina,ACC,So,20.6,46.7,16.3,0.5089,6.6,11.9,22.2,22.9,1.4,1.8,45.9,0.29,0.425,0.672,6.0681,3.76356,2.30454
b2c849ba-6b9e-5137-81f2-ef7ae4f74553,2017,North Carolina,ACC,Jr,21.6,31.9,16.6,0.4729,5.9,15.0,22.9,20.6,0.9,2.0,41.6,0.237,0.336,0.702,6.45109,2.97421,3.47688
b2c849ba-6b9e-5137-81f2-ef7ae4f74553,2018,North Carolina,ACC,Sr,22.6,74.1,20.1,0.5626,5.4,17.6,27.2,22.5,2.0,2.0,48.0,0.226,0.193,0.818,7.53404,4.06177,3.47227
b32aa41a-faaf-570f-9828-97c3e80f1211,2008,Arizona,P10,So,20.5,73.5,22.5,0.6265,11.4,22.2,6.0,19.2,5.7,1.1,40.3,0.0,0.0,0.675,5.51835,2.08325,3.4351
b32aa41a-faaf-570f-9828-97c3e80f1211,2009,Arizona,P10,Jr,21.5,86.3,28.0,0.5604,15.4,22.2,9.6,17.5,5.6,1.5,38.2,0.0,0.0,0.654,5.5629,3.55648,2.00643
b338b665-8214-5d78-9a8d-a29028539d38,2014,Fresno St.,MWC,Fr,19.5,72.3,17.6,0.5582,3.6,12.6,4.5,15.0,2.9,1.4,33.1,0.381,0.495,0.731,0.672321,0.619659,0.0526618
b338b665-8214-5d78-9a8d-a29028539d38,2015,Fresno St.,MWC,So,20.5,83.7,18.8,0.4803,2.8,15.3,4.9,12.8,2.5,1.5,30.2,0.333,0.453,0.698,-1.83361,-1.09434,-0.739271
b338b665-8214-5d78-9a8d-a29028539d38,2016,Fresno St.,MWC,Jr,21.5,52.2,16.9,0.4947,3.7,10.9,5.4,15.9,2.6,1.6,24.0,0.365,0.378,0.745,-1.00908,-1.48112,0.472046
b338b665-8214-5d78-9a8d-a29028539d38,2017,Fresno St.,MWC,Sr,22.5,80.1,20.3,0.5205,4.1,14.5,8.0,20.2,2.3,1.6,36.3,0.344,0.434,0.673,0.23096,-1.14286,1.37382
b3427fac-4be0-5a57-a29f-16d8659ebfe3,2009,Connecticut,BE,Fr,19.1,59.3,19.8,0.5535,4.0,10.3,21.0,21.7,0.6,2.5,54.7,0.295,0.197,0.721,6.33051,3.25708,3.07344
b3427fac-4be0-5a57-a29f-16d8659ebfe3,2010,Connecticut,BE,So,20.1,88.0,23.7,0.5254,3.1,9.5,29.2,20.2,1.2,3.4,53.6,0.339,0.297,0.767,5.78833,3.91312,1.87521
b3427fac-4be0-5a57-a29f-16d8659ebfe3,2011,Connecticut,BE,Jr,21.1,92.4,31.5,0.5429999999999999,3.9,11.5,28.0,11.8,0.5,3.1,42.6,0.33,0.307,0.819,10.9863,9.0148,1.97146
b352f28c-b01d-5d38-85bf-3d8e726503d2,2013,Purdue,B10,Fr,20.8,57.4,24.8,0.5309,11.6,17.3,6.2,17.1,8.7,0.9,41.0,0.0,0.0,0.681,4.5865,0.704903,3.8816
b352f28c-b01d-5d38-85bf-3d8e726503d2,2014,Purdue,B10,So,21.8,59.6,24.4,0.5592,10.1,22.8,4.2,24.8,13.2,0.9,62.2,0.0,0.022,0.7,3.4506,-2.67543,6.12603
b352f28c-b01d-5d38-85bf-3d8e726503d2,2015,Purdue,B10,Jr,22.8,60.1,26.4,0.5695,12.2,19.7,9.1,20.4,12.3,1.3,46.7,0.0,0.024,0.669,7.51726,0.565863,6.9514
b352f28c-b01d-5d38-85bf-3d8e726503d2,2016,Purdue,B10,Sr,23.8,57.5,27.2,0.6232,11.5,24.8,10.5,17.3,10.4,0.7,37.8,0.545,0.033,0.709,9.72793,2.88748,6.84046
b39d5f36-8755-53ac-bbc7-ce514ff75331,2020,Indiana St.,MVC,Fr,18.6,62.4,23.3,0.5710999999999999,13.1,16.6,14.0,17.5,5.3,1.3,38.5,0.407,0.13,0.625,5.43955,2.57562,2.86393
b39d5f36-8755-53ac-bbc7-ce514ff75331,2021,Indiana St.,MVC,So,19.6,73.2,25.0,0.5646,9.9,16.8,18.9,17.2,3.1,3.2,52.6,0.323,0.148,0.773,7.14042,3.21462,3.92579
b39d5f36-8755-53ac-bbc7-ce514ff75331,2022,Wake Forest,ACC,Jr,20.6,79.4,21.6,0.6468,7.5,14.1,20.0,20.2,2.9,2.7,52.7,0.384,0.245,0.777,8.89585,4.81618,4.07967
b3ae0016-c189-5db1-b802-c50dfb16df86,2013,Michigan St.,B10,Fr,19.6,52.0,18.7,0.5161,6.6,16.2,22.3,30.5,1.9,2.3,25.7,0.281,0.375,0.667,5.20087,1.38965,3.81121
b3ae0016-c189-5db1-b802-c50dfb16df86,2014,Michigan St.,B10,So,20.6,72.7,18.1,0.512,5.2,18.2,22.6,20.6,1.3,2.0,24.5,0.377,0.43,0.677,6.01592,3.05125,2.96467
b3ae0016-c189-5db1-b802-c50dfb16df86,2015,Michigan St.,B10,Jr,21.6,80.7,24.0,0.5835,4.4,17.6,26.9,18.7,0.8,1.7,19.3,0.416,0.551,0.826,9.25894,6.82021,2.43873
b3ae0016-c189-5db1-b802-c50dfb16df86,2016,Michigan St.,B10,Sr,22.6,72.5,28.9,0.6082,3.0,21.1,45.8,17.1,0.7,1.9,21.4,0.444,0.527,0.853,14.3436,11.1881,3.15553
b4378365-a7fd-5c11-b263-d2ecb427f1f4,2014,Louisville,Amer,Fr,21.7,36.8,14.2,0.5592,13.6,13.1,4.4,17.7,10.0,1.4,70.8,0.0,0.0,0.619,8.13688,0.695007,7.44188
b4378365-a7fd-5c11-b263-d2ecb427f1f4,2015,Louisville,ACC,So,22.7,43.9,12.3,0.4165,13.9,13.9,4.5,20.1,7.9,1.8,67.5,0.0,0.0,0.481,5.56463,-0.96653,6.53116
b4378365-a7fd-5c11-b263-d2ecb427f1f4,2016,Louisville,ACC,Jr,23.7,15.2,20.5,0.5747,15.9,18.8,4.8,17.1,7.6,2.2,60.4,0.0,0.0,0.586,6.68849,1.22224,5.46625
b4378365-a7fd-5c11-b263-d2ecb427f1f4,2017,Louisville,ACC,Sr,24.7,50.1,20.0,0.5579,13.7,18.2,6.4,16.1,6.1,1.4,38.8,0.0,0.0,0.671,6.82947,2.43761,4.39187
b4527ad5-a2e5-5f4f-908d-95f43a58cfce,2021,Arizona St.,P12,Fr,19.5,44.2,24.3,0.5294,2.4,16.2,9.8,13.2,1.9,2.7,31.3,0.305,0.335,0.8,2.53401,1.33991,1.19411
b49b8178-9ede-51e4-9d00-0229b34d974f,2009,Old Dominion,CAA,Fr,20.0,40.4,21.3,0.4622,6.6,15.5,18.1,27.1,1.7,3.7,44.7,0.265,0.241,0.429,0.674247,-1.87479,2.54904
b49b8178-9ede-51e4-9d00-0229b34d974f,2010,Old Dominion,CAA,So,21.0,66.6,21.0,0.5055,4.7,13.5,24.5,23.0,2.1,4.4,44.9,0.3,0.121,0.486,6.86863,1.49066,5.37797
b49b8178-9ede-51e4-9d00-0229b34d974f,2011,Old Dominion,CAA,Jr,22.0,76.8,23.1,0.5587,6.0,13.4,20.9,22.2,3.5,4.8,42.9,0.408,0.245,0.662,8.71908,3.64961,5.06947
b49b8178-9ede-51e4-9d00-0229b34d974f,2012,Old Dominion,CAA,Sr,23.0,75.0,29.3,0.495,6.2,15.7,23.9,21.0,1.3,4.1,39.8,0.321,0.348,0.632,5.15616,2.53597,2.62019
b5df22fb-863e-5c28-8e04-a828c9563a65,2014,Saint Joseph's,A10,Fr,20.0,81.1,22.6,0.5347999999999999,4.1,11.6,17.1,20.6,1.8,1.8,50.0,0.346,0.333,0.583,2.97368,1.41468,1.559
b5df22fb-863e-5c28-8e04-a828c9563a65,2015,Saint Joseph's,A10,So,21.0,95.0,27.3,0.5121,4.6,18.7,24.4,16.9,2.7,3.1,34.7,0.327,0.332,0.637,6.166,2.92818,3.23782
b5df22fb-863e-5c28-8e04-a828c9563a65,2016,Saint Joseph's,A10,Jr,22.0,92.8,24.5,0.5390999999999999,4.3,18.0,24.1,12.6,2.5,2.2,35.8,0.266,0.258,0.657,8.78242,4.87412,3.9083
b5fe4216-ce07-5a32-b2fa-24281f91ff4b,2011,BYU,MWC,Fr,19.7,62.3,14.7,0.517,6.6,14.9,13.8,23.2,1.6,2.2,52.6,0.227,0.143,0.568,3.95789,0.845146,3.11275
b5fe4216-ce07-5a32-b2fa-24281f91ff4b,2014,BYU,WCC,So,22.7,79.6,23.3,0.5297999999999999,8.1,17.8,24.4,18.5,1.4,2.6,57.5,0.368,0.056,0.577,6.39031,3.12969,3.26062
b5fe4216-ce07-5a32-b2fa-24281f91ff4b,2015,BYU,WCC,Jr,23.7,74.5,27.1,0.5415,9.0,22.4,37.1,19.6,1.1,3.2,53.8,0.286,0.065,0.731,9.63761,5.61167,4.02594
b5fe4216-ce07-5a32-b2fa-24281f91ff4b,2016,BYU,WCC,Sr,24.7,84.7,28.0,0.513,7.1,18.1,39.1,19.6,1.6,3.2,50.7,0.243,0.085,0.652,7.76519,3.69273,4.07246
b60c4084-f4e8-5192-856f-cbfd64acba96,2018,Florida St.,ACC,Fr,20.9,35.4,24.4,0.5568,14.4,20.4,3.7,15.8,6.2,1.7,57.2,0.385,0.15,0.657,2.43941,0.605343,1.83407
b60c4084-f4e8-5192-856f-cbfd64acba96,2019,Florida St.,ACC,So,21.9,53.1,27.5,0.5927,11.5,20.0,3.2,12.6,8.3,1.5,55.0,0.369,0.199,0.761,6.12111,2.78303,3.33807
b6432c7a-e067-52d8-8837-6583832fdd53,2019,Georgetown,BE,Fr,20.5,56.7,25.8,0.5056,3.2,7.5,15.3,16.3,0.6,1.7,33.6,0.277,0.435,0.798,-0.968324,0.669755,-1.63808
b6432c7a-e067-52d8-8837-6583832fdd53,2020,Georgetown,BE,So,21.5,44.1,29.0,0.5077,3.1,9.4,19.5,12.6,0.8,2.9,36.5,0.323,0.347,0.802,3.17253,4.01363,-0.841106
b6432c7a-e067-52d8-8837-6583832fdd53,2021,Texas Tech,B12,Jr,22.5,75.0,25.9,0.5394,1.6,9.1,15.1,14.2,1.3,1.6,38.2,0.341,0.391,0.793,3.04048,3.0217,0.0187852
b650dda7-1b9c-5f9c-ab98-7060eb380b43,2016,Michigan St.,B10,Fr,19.6,46.1,18.5,0.6012,13.6,19.0,7.5,14.8,10.2,0.8,19.1,0.0,0.0,0.605,9.23871,3.22501,6.0137
b6951eb7-6843-520f-bab4-ec9b8e565af2,2011,Florida St.,ACC,Jr,26.4,52.7,19.4,0.6272,11.8,18.4,2.5,20.5,13.5,2.3,65.7,0.0,0.0,0.504,8.92806,0.231574,8.69649
b6951eb7-6843-520f-bab4-ec9b8e565af2,2012,Florida St.,ACC,Sr,27.4,68.9,20.2,0.6017,13.6,19.7,3.6,21.7,9.5,1.6,44.8,0.0,0.0,0.552,7.61656,1.56467,6.0519
b6ab3029-1c4f-539b-8945-c827013f20d8,2012,Tennessee,SEC,Fr,18.8,38.7,13.9,0.43229999999999996,3.9,6.3,7.9,25.2,3.3,2.1,25.5,0.243,0.378,0.64,1.18537,-1.92892,3.11429
b6ab3029-1c4f-539b-8945-c827013f20d8,2013,Tennessee,SEC,So,19.8,75.6,16.0,0.5261,4.8,11.9,10.8,21.3,2.4,2.2,37.0,0.214,0.199,0.692,4.74732,1.66006,3.08726
b6ab3029-1c4f-539b-8945-c827013f20d8,2014,Tennessee,SEC,Jr,20.8,76.0,16.3,0.5684,3.0,8.1,9.9,13.0,2.8,1.6,29.7,0.347,0.343,0.788,6.90018,3.73955,3.16063
b6ab3029-1c4f-539b-8945-c827013f20d8,2015,Tennessee,SEC,Sr,21.8,90.4,25.3,0.5602,2.9,13.2,24.4,18.9,2.0,3.8,31.1,0.359,0.321,0.798,5.70272,4.36116,1.34156
b6b63ca1-ecab-527d-9b1d-7fc4085f7b19,2021,USC,P12,Fr,20.0,83.6,23.4,0.624,9.7,18.8,14.1,16.6,8.7,1.4,56.6,0.3,0.117,0.694,12.9968,5.53138,7.46541
b6c37c98-2cd3-582a-9f56-7fc21b311e99,2010,Pittsburgh,BE,Fr,18.9,7.6,16.3,0.3935,4.6,8.5,7.2,18.2,4.9,1.8,45.8,0.455,0.458,0.545,0.973339,-2.02447,2.9978
b6c37c98-2cd3-582a-9f56-7fc21b311e99,2011,Pittsburgh,BE,So,19.9,29.4,16.6,0.4385,10.6,8.1,18.1,22.5,1.4,2.2,35.4,0.222,0.439,0.69,5.61344,2.84093,2.77251
b6c37c98-2cd3-582a-9f56-7fc21b311e99,2012,Pittsburgh,BE,So,20.9,67.3,19.9,0.5519,7.0,15.8,24.9,19.0,1.3,2.3,29.2,0.41,0.352,0.771,8.13271,5.59915,2.53356
b6c37c98-2cd3-582a-9f56-7fc21b311e99,2013,Pittsburgh,BE,Jr,21.9,66.8,21.5,0.562,5.4,14.8,21.2,20.0,1.4,3.0,38.7,0.336,0.444,0.656,8.10811,4.67845,3.42966
b6c37c98-2cd3-582a-9f56-7fc21b311e99,2014,Pittsburgh,ACC,Sr,22.9,80.1,28.4,0.5692,3.8,14.5,29.9,17.7,1.2,2.8,38.2,0.388,0.45,0.754,10.1122,6.86775,3.24449
b6e192aa-3048-5c37-85c7-6de91dcbcd1b,2014,Kentucky,SEC,Fr,18.9,80.2,21.8,0.5364,3.7,11.0,10.8,15.9,0.6,1.4,39.3,0.349,0.522,0.706,4.6699,4.17797,0.491931
b71479b4-59be-5a3c-979f-99433fb707ea,2022,Florida St.,ACC,Fr,19.6,47.0,16.4,0.5115999999999999,4.0,15.9,7.5,15.8,7.5,1.4,15.1,0.393,0.506,0.44,2.8452,-0.412116,3.25732
b7569282-439b-5030-92b2-4eb3e3668977,2018,Oregon,P12,Fr,18.9,74.7,21.7,0.5324,5.9,18.1,18.7,21.0,0.8,2.9,32.6,0.291,0.342,0.743,3.07579,0.961802,2.11398
b790ff6b-032f-5939-9e38-d06828ed4375,2018,UCLA,P12,Fr,19.4,57.9,21.7,0.5276,2.6,14.0,18.7,18.7,0.7,2.2,31.7,0.374,0.456,0.738,1.97057,1.2982,0.672373
b790ff6b-032f-5939-9e38-d06828ed4375,2019,UCLA,P12,So,20.4,77.1,25.5,0.5371,1.3,10.5,36.5,21.5,0.5,2.3,28.5,0.373,0.462,0.78,3.23683,3.74559,-0.508753
b7a39770-70a4-568f-840b-e09c649bd653,2010,Florida,SEC,Fr,19.7,21.7,19.5,0.6101,12.4,17.6,5.5,20.6,2.8,2.4,37.5,0.0,0.0,0.633,3.18204,1.61561,1.56643
b7a39770-70a4-568f-840b-e09c649bd653,2011,Florida,SEC,So,20.7,23.4,20.2,0.5959,9.2,15.6,4.6,20.8,4.6,0.9,26.7,0.4,0.286,0.75,3.17035,1.53901,1.63134
b7a39770-70a4-568f-840b-e09c649bd653,2012,Florida,SEC,Jr,21.7,59.0,18.5,0.615,5.7,14.6,6.5,16.5,4.5,1.3,16.0,0.424,0.517,0.814,6.62446,4.30754,2.31692
b7a39770-70a4-568f-840b-e09c649bd653,2013,Florida,SEC,Sr,22.7,64.3,21.3,0.6429,7.8,17.4,11.0,15.9,3.1,1.5,16.0,0.453,0.5,0.784,10.1006,6.08569,4.01491
b7ba2aa6-95b0-5e81-b6fb-93deb06c4bc3,2011,Saint Joseph's,A10,Fr,19.5,85.1,20.1,0.5481,4.8,14.1,19.0,11.0,1.7,3.1,28.7,0.392,0.491,0.887,5.50715,5.37538,0.131767
b7ba2aa6-95b0-5e81-b6fb-93deb06c4bc3,2012,Saint Joseph's,A10,So,20.5,87.7,18.8,0.6315999999999999,3.6,10.2,13.0,10.8,1.6,1.7,24.9,0.466,0.517,0.785,6.51593,6.41287,0.103065
b7ba2aa6-95b0-5e81-b6fb-93deb06c4bc3,2013,Saint Joseph's,A10,Jr,21.5,88.5,19.8,0.5519,2.4,8.9,14.1,13.1,1.0,2.4,21.8,0.394,0.561,0.772,4.16622,3.87634,0.28989
b7ba2aa6-95b0-5e81-b6fb-93deb06c4bc3,2014,Saint Joseph's,A10,Sr,22.5,90.2,20.3,0.6099,2.8,10.5,9.3,6.7,1.5,1.8,32.2,0.443,0.57,0.826,7.12655,6.46637,0.660186
b7f253d3-e813-5d5b-b5df-94f2daa35c61,2023,Idaho,BSky,Jr,23.0,77.9,28.7,0.6448999999999999,7.9,22.9,14.6,13.5,3.8,1.2,60.2,0.278,0.053,0.68,2.76322,2.61016,0.153064
b7f253d3-e813-5d5b-b5df-94f2daa35c61,2024,Washington St.,P12,Sr,24.0,78.9,23.6,0.6135,8.5,19.0,9.8,15.3,3.3,1.0,55.8,0.071,0.04,0.715,5.32258,2.69327,2.62931
b826efcb-e442-52fb-a6ed-c0dd05082c9b,2015,North Carolina,ACC,Fr,20.2,67.4,19.2,0.5467,5.9,8.8,15.1,15.1,2.0,1.1,28.3,0.304,0.28,0.71,6.8402,5.15853,1.68167
b826efcb-e442-52fb-a6ed-c0dd05082c9b,2016,North Carolina,ACC,So,21.2,70.9,20.4,0.5275,7.2,7.9,16.3,10.6,1.6,1.3,23.1,0.292,0.288,0.667,7.15677,5.96947,1.1873
b826efcb-e442-52fb-a6ed-c0dd05082c9b,2017,North Carolina,ACC,Jr,22.2,80.2,23.9,0.5546,4.9,10.8,16.0,12.3,0.8,1.4,22.4,0.368,0.478,0.748,8.18661,6.74971,1.4369
b82745d6-85e8-5945-9c69-d7961ef3fd38,2013,Michigan St.,B10,Fr,19.9,12.6,12.7,0.5409,5.7,16.0,5.3,19.3,8.4,1.8,53.6,0.0,0.0,0.8,5.58371,-0.630361,6.21407
b82745d6-85e8-5945-9c69-d7961ef3fd38,2014,Michigan St.,B10,So,20.9,32.6,15.0,0.6185,11.6,14.8,9.6,17.6,10.1,1.1,57.5,0.0,0.0,0.66,9.09792,2.63071,6.46721
b82745d6-85e8-5945-9c69-d7961ef3fd38,2015,Michigan St.,B10,Jr,21.9,49.5,17.8,0.5999,12.2,17.8,7.4,13.8,7.0,1.3,41.6,0.0,0.021,0.671,8.31067,3.36538,4.94529
b82745d6-85e8-5945-9c69-d7961ef3fd38,2016,Michigan St.,B10,Sr,22.9,56.9,22.0,0.5993999999999999,15.6,24.1,10.8,12.9,5.4,1.7,38.3,0.25,0.03,0.752,9.73451,5.31075,4.42377
b857f391-01f5-5f29-91ca-956f09de0de2,2021,Colorado,P12,Fr,18.9,28.8,25.4,0.6413,11.6,25.6,7.7,18.2,3.7,2.0,33.8,0.523,0.331,0.778,7.32443,4.2881,3.03634
b857f391-01f5-5f29-91ca-956f09de0de2,2022,Colorado,P12,So,19.9,69.8,27.0,0.5696,8.9,29.3,10.0,17.8,2.6,1.5,46.7,0.346,0.3,0.784,3.21425,1.32973,1.88452
b8b199aa-2a69-54e8-aa74-7331238894ec,2009,Arkansas,SEC,Fr,19.5,78.4,29.7,0.4946,5.6,12.9,36.6,25.1,0.3,1.9,41.6,0.31,0.275,0.603,1.55271,1.61012,-0.0574125
b8b199aa-2a69-54e8-aa74-7331238894ec,2010,Arkansas,SEC,So,20.5,46.3,35.3,0.48340000000000005,4.7,12.8,36.0,24.2,0.5,2.3,50.9,0.313,0.297,0.759,1.35867,1.13171,0.226964
b8c37d4b-9905-5876-8ad3-4510a9f0e3a0,2019,Mississippi,SEC,Fr,19.5,57.8,17.1,0.5408,3.7,10.8,8.6,12.5,1.3,1.1,26.3,0.348,0.608,0.737,1.95208,2.3432,-0.391116
b8c37d4b-9905-5876-8ad3-4510a9f0e3a0,2020,Mississippi,SEC,So,20.5,67.4,19.4,0.5156000000000001,4.6,12.8,9.2,21.2,1.2,1.1,26.1,0.319,0.576,0.703,0.268535,-0.187416,0.455951
b8c37d4b-9905-5876-8ad3-4510a9f0e3a0,2023,Pittsburgh,ACC,Jr,23.5,79.2,23.2,0.5650999999999999,5.3,16.0,7.7,13.4,1.9,1.2,31.7,0.38,0.603,0.679,2.82525,3.19833,-0.373084
b8c37d4b-9905-5876-8ad3-4510a9f0e3a0,2024,Pittsburgh,ACC,Sr,24.5,84.0,23.3,0.5949,3.0,12.3,4.9,9.7,0.5,1.0,32.7,0.421,0.589,0.669,2.59351,4.38537,-1.79185
b924325c-cde8-52aa-a47a-3e7104c1e353,2013,Eastern Washington,BSky,Fr,19.9,23.4,23.7,0.611,2.9,14.3,26.3,17.5,0.9,3.0,20.7,0.434,0.477,0.435,2.31432,3.84155,-1.52723
b924325c-cde8-52aa-a47a-3e7104c1e353,2014,Eastern Washington,BSky,So,20.9,94.2,25.2,0.6162,2.2,10.3,15.0,12.8,0.7,1.8,39.2,0.432,0.527,0.897,2.58568,5.09235,-2.50667
b924325c-cde8-52aa-a47a-3e7104c1e353,2015,Eastern Washington,BSky,Jr,21.9,84.1,26.2,0.6246,2.1,9.2,13.2,12.2,0.3,1.7,36.9,0.409,0.616,0.856,2.0426,6.00701,-3.96441
b9607ab9-82ec-53e9-8d5c-1020c10aec54,2022,Wisconsin,B10,So,20.3,80.4,31.6,0.5221,4.3,23.8,14.6,12.7,2.3,2.0,39.8,0.303,0.247,0.791,5.14269,2.30584,2.83685
b979d4ca-4751-5ba7-9a57-5cc525ea0c7b,2016,UCLA,P12,So,20.5,51.9,12.4,0.4987,5.8,17.5,7.8,17.3,4.2,1.7,36.6,0.25,0.293,0.733,4.59285,0.381373,4.21148
b9d88c01-013d-542d-8e7c-df14eafbf52e,2024,Morehead St.,OVC,Sr,23.8,87.3,28.1,0.6395000000000001,9.7,21.1,14.4,15.3,3.1,2.1,32.7,0.342,0.342,0.828,6.42337,4.79833,1.62504
b9ee9739-ca4d-598f-a3a3-a835c6298df5,2008,North Carolina,ACC,Jr,21.5,54.9,22.4,0.5872999999999999,8.6,14.9,14.6,20.1,5.1,2.9,23.0,0.373,0.437,0.873,12.3539,7.04397,5.30995
b9ee9739-ca4d-598f-a3a3-a835c6298df5,2009,North Carolina,ACC,Sr,22.5,68.6,19.5,0.5865,6.8,10.3,16.3,16.4,4.4,3.4,15.5,0.414,0.484,0.862,13.0388,7.81947,5.21935
ba168155-66bb-5ab4-880b-105e08cbdfca,2009,North Carolina,ACC,Fr,19.5,46.3,17.6,0.5312,12.6,23.2,4.8,16.1,8.3,1.0,50.8,0.0,0.0,0.574,6.9768,2.00447,4.97233
ba168155-66bb-5ab4-880b-105e08cbdfca,2010,North Carolina,ACC,So,20.5,43.0,21.5,0.6065999999999999,10.8,24.2,6.8,18.3,9.5,0.9,68.8,0.0,0.0,0.659,7.48356,1.85214,5.63143
baab28d8-ea5e-5506-b5ae-3d5ea2dd531d,2021,Weber St.,BSky,Fr,19.7,53.4,21.3,0.6516,8.0,26.1,16.5,21.6,0.3,3.8,76.8,0.25,0.126,0.795,4.45183,1.97015,2.48168
baab28d8-ea5e-5506-b5ae-3d5ea2dd531d,2022,Weber St.,BSky,So,20.7,86.8,19.6,0.6396999999999999,5.7,31.9,14.5,19.0,0.2,3.0,44.8,0.362,0.307,0.803,4.19402,1.61476,2.57927
baab28d8-ea5e-5506-b5ae-3d5ea2dd531d,2023,Weber St.,BSky,So,21.7,86.9,27.7,0.5769,3.0,35.4,24.0,20.5,0.2,2.6,51.9,0.304,0.323,0.817,4.77174,0.974327,3.79742
baab28d8-ea5e-5506-b5ae-3d5ea2dd531d,2024,Weber St.,BSky,Jr,22.7,93.3,31.2,0.5856,2.9,31.0,31.3,16.1,0.3,3.1,45.4,0.317,0.237,0.845,6.43839,3.72341,2.71498
bac520ec-bbcc-50ae-a7f6-ce3eecad7ab7,2023,Tennessee,SEC,Fr,19.6,53.2,19.5,0.5362,8.4,13.9,11.4,16.7,2.9,1.6,61.5,0.239,0.24,0.822,4.76954,0.963531,3.80601
bacc3351-e11f-51d8-9362-4a09dab5da1c,2012,Duke,ACC,Fr,19.3,28.2,20.9,0.5241,1.8,8.0,31.5,13.0,0.5,2.1,42.2,0.25,0.483,0.776,3.81784,4.9008,-1.08296
bacc3351-e11f-51d8-9362-4a09dab5da1c,2013,Duke,ACC,So,20.3,83.9,21.1,0.5293,1.9,11.0,29.0,18.1,0.4,2.5,20.1,0.393,0.386,0.877,6.70783,4.69074,2.01709
bacc3351-e11f-51d8-9362-4a09dab5da1c,2014,Duke,ACC,Jr,21.3,74.2,20.7,0.5710999999999999,1.5,7.5,27.7,16.1,0.1,2.8,25.6,0.371,0.552,0.827,7.00202,6.6452,0.356825
bacc3351-e11f-51d8-9362-4a09dab5da1c,2015,Duke,ACC,Sr,22.3,88.9,18.5,0.6087,1.4,9.2,13.2,11.0,0.1,1.7,25.1,0.395,0.588,0.891,8.54416,7.25358,1.29058
bb44cd90-bbfb-5740-b331-37ff37eb18b5,2017,Boise St.,MWC,Fr,19.1,59.0,16.7,0.5243,1.8,11.1,10.6,17.6,1.4,2.3,20.8,0.346,0.69,0.78,2.87546,1.29691,1.57855
bb44cd90-bbfb-5740-b331-37ff37eb18b5,2018,Boise St.,MWC,So,20.1,73.0,16.3,0.6437,1.7,17.0,11.1,15.6,2.1,2.5,15.1,0.458,0.736,0.795,8.01994,3.90818,4.11176
bb44cd90-bbfb-5740-b331-37ff37eb18b5,2019,Boise St.,MWC,Jr,21.1,88.3,20.0,0.57,1.8,14.9,15.4,10.8,1.8,1.7,13.5,0.406,0.558,0.76,4.39017,3.66269,0.727485
bb44cd90-bbfb-5740-b331-37ff37eb18b5,2020,Boise St.,MWC,Sr,22.1,88.9,20.1,0.5769,3.3,11.9,12.0,10.1,1.6,2.2,17.8,0.392,0.609,0.957,6.47328,4.68115,1.79214
bb4e83c9-0072-5c9c-9c5d-cadb6311ce09,2017,Michigan,B10,Fr,20.1,4.0,12.3,0.25379999999999997,15.5,10.6,5.2,8.4,12.0,3.1,85.7,0.0,0.143,0.5,7.43977,-0.764076,8.20384
bb4e83c9-0072-5c9c-9c5d-cadb6311ce09,2018,Michigan,B10,So,21.1,30.5,16.6,0.5508,13.8,18.6,5.5,11.2,5.4,2.8,61.1,0.0,0.011,0.603,7.76142,1.44797,6.31345
bb4e83c9-0072-5c9c-9c5d-cadb6311ce09,2019,Michigan,B10,Jr,22.1,69.6,17.1,0.5731,8.4,20.2,6.4,6.3,7.4,1.6,34.6,0.299,0.293,0.593,11.4712,3.77762,7.69363
bb4e83c9-0072-5c9c-9c5d-cadb6311ce09,2020,Michigan,B10,Sr,23.1,68.8,22.6,0.5371,8.3,18.8,7.7,14.0,6.1,2.1,31.3,0.246,0.223,0.714,6.95431,1.82178,5.13253
bb70db9f-f7e3-584b-9f3b-500088cda6f4,2024,Baylor,B12,Fr,20.1,54.7,21.9,0.6214,14.4,16.3,3.5,13.9,7.1,1.4,60.4,0.0,0.0,0.619,5.87166,3.28313,2.58853
bb7e33b9-7e59-580d-869d-ff9e904e2ed4,2025,Duke,ACC,Fr,19.9,76.2,20.9,0.6415000000000001,4.3,10.3,15.7,12.9,0.6,2.0,33.9,0.406,0.548,0.914,9.80863,7.46881,2.33982
bb851e94-f22e-51dd-854a-df120fad424c,2017,Rhode Island,A10,Fr,20.1,50.6,14.6,0.49920000000000003,2.5,5.0,17.3,14.2,1.1,1.4,32.0,0.351,0.373,0.571,1.51462,1.25226,0.262363
bb851e94-f22e-51dd-854a-df120fad424c,2018,Rhode Island,A10,So,21.1,81.5,17.1,0.5243,2.3,9.0,28.8,13.0,1.6,1.7,31.7,0.387,0.229,0.709,3.82965,2.51244,1.31721
bb851e94-f22e-51dd-854a-df120fad424c,2019,Rhode Island,A10,Jr,22.1,90.3,20.9,0.5607,2.0,8.8,22.1,13.7,1.5,2.2,26.5,0.354,0.325,0.745,3.70419,3.3438,0.360391
bb851e94-f22e-51dd-854a-df120fad424c,2020,Rhode Island,A10,Sr,23.1,85.3,18.8,0.5222,1.9,8.7,17.8,9.4,0.8,2.0,30.7,0.36,0.298,0.757,3.53227,2.69834,0.833926
bb8fcf88-fbcd-5b8e-94af-07950c01aaf1,2012,Drexel,CAA,Fr,19.7,72.4,21.8,0.5914,4.3,13.9,14.2,17.3,1.3,1.9,35.1,0.375,0.537,0.773,5.70053,4.35588,1.34465
bb8fcf88-fbcd-5b8e-94af-07950c01aaf1,2013,Drexel,CAA,So,20.7,70.5,27.2,0.5598,4.6,15.4,15.0,13.5,0.4,1.6,32.7,0.36,0.48,0.829,3.57916,4.27672,-0.697555
bb8fcf88-fbcd-5b8e-94af-07950c01aaf1,2014,Drexel,CAA,Jr,21.7,10.8,27.6,0.5043,0.0,18.1,19.2,11.9,0.8,1.4,40.7,0.273,0.407,0.864,-0.502709,0.229522,-0.732231
bb8fcf88-fbcd-5b8e-94af-07950c01aaf1,2015,Drexel,CAA,Jr,22.7,84.9,28.2,0.6048,2.9,17.2,18.2,11.4,0.9,2.4,50.5,0.389,0.433,0.889,6.12151,6.46571,-0.344195
bb8fcf88-fbcd-5b8e-94af-07950c01aaf1,2016,Louisville,ACC,Sr,23.7,81.1,21.8,0.5709000000000001,2.2,11.1,10.7,13.6,0.1,2.8,37.7,0.341,0.504,0.843,6.18059,4.02648,2.15411
bb94740c-4ee1-517b-ad40-a1f938645055,2026,Duke,ACC,Fr,18.9,83.6,30.6,0.6527,12.5,22.1,25.6,14.7,2.2,2.5,53.6,0.391,0.264,0.789,16.0077,10.2357,5.77199
bba51d1e-6dda-5940-948f-23dd59efdfd8,2010,Virginia Tech,ACC,Fr,19.1,30.5,15.6,0.3918,1.8,6.2,13.5,22.1,1.7,2.4,28.3,0.275,0.404,0.679,-0.993682,-2.45333,1.45965
bba51d1e-6dda-5940-948f-23dd59efdfd8,2011,Virginia Tech,ACC,So,20.1,71.9,20.7,0.5028,2.4,6.4,18.4,11.2,1.0,3.5,32.3,0.248,0.329,0.777,5.02725,3.24446,1.78278
bba51d1e-6dda-5940-948f-23dd59efdfd8,2012,Virginia Tech,ACC,Jr,21.1,80.5,23.7,0.5415,2.0,9.2,20.1,11.5,0.4,2.4,31.4,0.375,0.289,0.828,4.74012,4.47202,0.268099
bba51d1e-6dda-5940-948f-23dd59efdfd8,2013,Virginia Tech,ACC,Sr,22.1,89.7,31.6,0.5917,1.4,10.6,27.0,11.0,0.6,2.1,48.5,0.389,0.285,0.816,7.44802,9.17178,-1.72376
bbe34d45-8852-5d74-b18f-6e5411120cfe,2015,Gonzaga,WCC,Fr,19.1,54.1,21.9,0.6638,13.2,24.2,7.7,20.2,1.5,1.2,55.0,0.0,0.0,0.661,5.27295,3.33045,1.94251
bbe34d45-8852-5d74-b18f-6e5411120cfe,2016,Gonzaga,WCC,So,20.1,79.9,26.0,0.6509,11.6,28.2,11.4,18.5,2.7,1.1,51.3,0.357,0.037,0.768,7.47496,3.88511,3.58985
bbf86d7b-6716-50e4-96ce-bc00f933d0de,2011,Memphis,CUSA,Fr,20.5,75.6,23.1,0.5018,5.4,12.9,19.5,20.6,1.6,2.9,21.3,0.265,0.377,0.699,3.1935,1.35993,1.83357
bbf86d7b-6716-50e4-96ce-bc00f933d0de,2012,Memphis,CUSA,So,21.5,87.3,25.4,0.5875,7.6,18.5,17.3,14.2,2.1,2.4,39.6,0.346,0.237,0.749,9.31734,6.06052,3.25682
bc264234-d431-5823-b83e-542aeaa8b7ff,2017,Washington,P12,Fr,19.1,71.6,31.7,0.5579999999999999,4.0,14.0,35.5,15.6,3.1,2.4,38.3,0.413,0.287,0.649,7.56139,6.53205,1.02934
bc349bd4-551c-5cb0-aed8-b24045c4aa0e,2009,Duke,ACC,Fr,20.8,11.0,19.2,0.4858,9.0,14.9,1.1,36.7,7.1,1.4,28.9,0.0,0.0,0.545,-3.26216,-6.01665,2.75449
bc349bd4-551c-5cb0-aed8-b24045c4aa0e,2010,Duke,ACC,So,21.8,41.1,17.0,0.5851,11.1,22.2,3.4,23.1,3.8,1.8,39.9,1.0,0.007,0.661,4.65677,0.710658,3.94611
bc349bd4-551c-5cb0-aed8-b24045c4aa0e,2011,Duke,ACC,Jr,22.8,42.4,16.4,0.5345,14.3,17.2,3.5,19.3,2.4,2.0,38.8,0.0,0.0,0.593,4.10246,1.44327,2.65919
bc349bd4-551c-5cb0-aed8-b24045c4aa0e,2012,Duke,ACC,Sr,23.8,50.9,17.6,0.6204999999999999,16.6,22.7,5.1,20.0,4.2,1.5,52.1,0.0,0.0,0.632,6.23198,3.24752,2.98446
bcdb73c4-b18d-5714-8d08-a19c869e908b,2014,Loyola Chicago,MVC,Fr,20.6,80.7,30.3,0.519,3.5,12.6,25.5,21.9,2.5,2.2,52.6,0.306,0.346,0.701,-0.0889271,-0.0460289,-0.0428981
bcdb73c4-b18d-5714-8d08-a19c869e908b,2015,Loyola Chicago,MVC,So,21.6,43.8,28.9,0.5716,2.6,12.7,35.2,26.2,2.7,2.7,52.6,0.406,0.366,0.674,3.50885,1.98654,1.52232
bcdb73c4-b18d-5714-8d08-a19c869e908b,2016,Loyola Chicago,MVC,Jr,22.7,70.8,27.9,0.5018,2.9,12.8,25.3,25.4,2.1,1.7,38.1,0.326,0.322,0.688,-0.438266,-1.71841,1.28015
bcdb73c4-b18d-5714-8d08-a19c869e908b,2017,Loyola Chicago,MVC,Sr,23.6,82.0,28.5,0.5478000000000001,2.2,17.1,27.4,18.6,2.4,3.2,35.0,0.37,0.3,0.778,4.70467,1.79022,2.91445
bcdcfaa8-d580-5ed3-ab51-86e87a968b27,2008,Pittsburgh,BE,Fr,18.9,21.5,18.0,0.3861,3.3,8.5,19.2,27.9,1.0,2.2,41.8,0.188,0.239,0.464,-1.61023,-2.21688,0.606646
bcdcfaa8-d580-5ed3-ab51-86e87a968b27,2009,Pittsburgh,BE,So,19.9,46.0,17.5,0.5783,2.2,16.9,18.3,30.0,1.3,2.6,51.9,0.382,0.426,0.731,6.11332,2.44087,3.67245
bcdcfaa8-d580-5ed3-ab51-86e87a968b27,2010,Pittsburgh,BE,Jr,20.9,79.7,24.3,0.54,6.3,14.0,31.3,21.6,0.9,2.4,57.8,0.357,0.231,0.72,7.50562,4.3574,3.14821
bcdcfaa8-d580-5ed3-ab51-86e87a968b27,2011,Pittsburgh,BE,Sr,21.9,75.7,23.5,0.539,5.4,14.1,32.4,19.7,1.3,3.0,51.9,0.327,0.165,0.76,9.82275,5.44268,4.38007
bd0b6b56-77b3-548c-b2fd-9d59003456e7,2023,Wake Forest,ACC,Fr,20.3,51.0,15.1,0.5281,6.2,19.4,6.7,17.9,3.2,1.3,23.3,0.368,0.507,0.743,1.81643,-0.236542,2.05297
bd7aa868-d657-53a0-99da-8432d3b183c0,2020,Texas,B12,Fr,19.4,36.5,13.2,0.561,7.1,15.8,4.3,23.3,6.8,1.9,28.9,0.292,0.316,0.636,5.04732,-0.872182,5.9195
bd7aa868-d657-53a0-99da-8432d3b183c0,2021,Texas,B12,So,20.4,54.2,18.2,0.6455,10.0,13.4,5.4,19.1,4.2,2.1,51.7,0.382,0.238,0.689,7.83384,4.01106,3.82277
bdab5c02-2460-5bdd-882d-254cb409d35e,2017,Virginia,ACC,Fr,19.9,45.9,20.7,0.5776,1.0,10.4,15.2,10.6,0.2,1.4,17.1,0.495,0.502,0.714,5.03486,3.78342,1.25144
bdab5c02-2460-5bdd-882d-254cb409d35e,2018,Virginia,ACC,So,20.9,80.7,24.0,0.5306000000000001,1.5,8.6,9.9,10.5,0.1,2.1,11.9,0.392,0.494,0.824,4.44983,2.96647,1.48335
bdab5c02-2460-5bdd-882d-254cb409d35e,2019,Virginia,ACC,Jr,21.9,87.6,21.2,0.6093,2.7,12.6,11.9,12.2,0.2,1.3,19.0,0.426,0.639,0.833,8.19257,6.86713,1.32544
bdca5681-4d52-5339-91de-7df07d8e973e,2009,Syracuse,BE,Jr,21.5,67.3,18.2,0.5476,1.4,10.4,17.1,21.4,0.6,2.6,13.4,0.367,0.839,0.744,6.20056,4.59648,1.60408
bdca5681-4d52-5339-91de-7df07d8e973e,2010,Syracuse,BE,Sr,22.5,81.2,18.7,0.6319,2.0,8.8,23.9,25.6,0.8,3.4,27.3,0.407,0.811,0.815,7.52385,5.94989,1.57397
bdd16d85-9624-5ff6-9130-f1407981871d,2021,Connecticut,BE,Fr,19.6,27.8,13.7,0.4914,4.3,16.1,16.5,32.7,1.7,1.6,25.6,0.118,0.436,0.9,2.50652,-0.153614,2.66013
bdd16d85-9624-5ff6-9130-f1407981871d,2022,Connecticut,BE,So,20.6,71.5,15.7,0.5236999999999999,5.1,20.9,18.5,26.2,2.2,2.4,34.4,0.361,0.333,0.714,5.19644,1.44881,3.74763
bdd16d85-9624-5ff6-9130-f1407981871d,2023,Connecticut,BE,Jr,21.6,67.1,16.5,0.5089,7.6,16.7,26.6,24.1,1.8,2.2,22.5,0.281,0.418,0.646,8.84306,4.18483,4.65822
bdeb79ef-800d-5c20-b612-46478bb39692,2008,UCLA,P10,Jr,21.5,61.0,18.5,0.5142,9.5,15.7,9.4,21.0,1.7,2.1,29.2,0.174,0.096,0.7,5.73768,1.69058,4.0471
bded140b-684b-5a3c-a44b-83573412dd5b,2013,New Mexico St.,WAC,Fr,20.6,61.8,21.0,0.5941,12.2,18.9,7.3,15.0,10.3,0.3,71.4,0.0,0.0,0.471,6.36432,1.92904,4.43528
bded140b-684b-5a3c-a44b-83573412dd5b,2014,New Mexico St.,WAC,So,21.6,54.0,21.0,0.6241,13.0,20.5,10.9,22.0,11.1,0.2,61.0,0.0,0.0,0.535,7.09418,1.37432,5.71986
be3732ba-8d6e-5c83-994f-005c760d46df,2008,Notre Dame,BE,Jr,21.5,29.3,15.7,0.5511,7.7,11.6,6.6,6.5,1.4,1.9,10.1,0.381,0.651,0.538,5.27312,4.83671,0.436408
be3732ba-8d6e-5c83-994f-005c760d46df,2009,Notre Dame,BE,Sr,22.5,35.8,16.9,0.5212,6.4,12.8,7.9,12.4,1.5,0.7,8.4,0.34,0.684,0.615,2.63555,3.00243,-0.366887
be772b81-bfdf-5370-993e-e48347105bc8,2010,Maryland,ACC,Fr,19.7,61.5,19.5,0.5227,12.7,23.2,1.6,11.4,3.5,1.7,47.1,0.0,0.0,0.522,1.47201,1.07396,0.398051
be772b81-bfdf-5370-993e-e48347105bc8,2011,Maryland,ACC,So,20.7,81.3,23.7,0.5523,12.6,26.0,3.9,11.5,4.1,1.2,57.6,0.0,0.0,0.575,3.5564,1.50531,2.05108
bea78048-96a0-581e-b352-1bdc2c269499,2022,N.C. State,ACC,Fr,19.5,77.5,26.1,0.5212,3.0,12.2,14.2,12.3,1.5,2.4,18.8,0.368,0.57,0.698,2.87128,4.18524,-1.31396
bea78048-96a0-581e-b352-1bdc2c269499,2023,N.C. State,ACC,So,20.5,83.8,29.3,0.49450000000000005,2.2,10.1,22.9,13.0,1.2,2.5,26.9,0.336,0.495,0.701,3.15928,3.67081,-0.511528
beb6137b-86ce-5e61-a495-911f1d564e15,2009,Georgetown,BE,Fr,19.5,76.0,23.0,0.6117,8.7,16.8,18.8,21.5,5.1,3.7,60.0,0.333,0.024,0.7,9.97442,3.55138,6.42303
beb6137b-86ce-5e61-a495-911f1d564e15,2010,Georgetown,BE,So,20.5,85.6,27.5,0.5668,8.6,25.2,22.4,20.8,4.9,2.2,54.3,0.259,0.07,0.66,7.96374,3.24525,4.71849
bebb45d4-ece9-5816-bdff-24334a3bd7ae,2008,Georgetown,BE,So,21.7,31.5,17.9,0.5282,9.1,10.8,10.1,21.2,6.7,1.2,55.2,0.0,0.011,0.25,3.86556,-0.573107,4.43867
bebb45d4-ece9-5816-bdff-24334a3bd7ae,2010,Florida,SEC,Jr,23.7,62.5,19.8,0.6085,11.9,12.9,6.5,16.2,3.5,1.4,31.1,0.0,0.0,0.588,5.21645,3.50567,1.71078
bebb45d4-ece9-5816-bdff-24334a3bd7ae,2011,Florida,SEC,Sr,24.7,59.7,24.3,0.5777,10.9,15.0,7.7,17.7,3.1,0.9,31.7,0.0,0.0,0.451,3.81047,2.40017,1.4103
bed2e680-2f52-5a2e-bc79-80eb54b69fb7,2009,UC Santa Barbara,BW,Fr,18.9,53.2,20.0,0.5870000000000001,4.5,15.6,16.1,20.1,0.8,1.4,50.3,0.356,0.358,0.783,1.53603,1.22449,0.311541
bed2e680-2f52-5a2e-bc79-80eb54b69fb7,2010,UC Santa Barbara,BW,So,19.9,74.5,26.6,0.5835,5.8,16.0,16.1,22.1,0.6,1.4,52.1,0.455,0.346,0.743,1.72681,1.35194,0.37487
bed2e680-2f52-5a2e-bc79-80eb54b69fb7,2011,UC Santa Barbara,BW,Jr,20.9,82.8,24.1,0.6013000000000001,2.9,18.1,12.8,16.7,0.8,0.9,41.8,0.369,0.462,0.831,0.893972,2.07235,-1.17838
bed2e680-2f52-5a2e-bc79-80eb54b69fb7,2012,UC Santa Barbara,BW,Sr,21.9,83.1,24.1,0.5692,3.6,15.5,18.3,17.8,0.8,1.3,25.3,0.372,0.411,0.813,2.12086,3.35814,-1.23728
bf0cf727-c521-5e95-a66b-14971ac1f808,2015,Syracuse,ACC,Fr,20.4,36.0,21.1,0.5078,9.0,18.5,8.2,22.2,8.5,3.6,62.8,1.0,0.009,0.563,5.78288,-1.77726,7.56014
bf1f944e-96e8-5754-ad44-4b94dafec2aa,2019,Arizona,P12,Fr,19.6,56.7,22.9,0.5268999999999999,0.8,11.1,23.7,16.1,0.8,1.7,45.5,0.316,0.494,0.819,2.70488,1.92008,0.784799
bf3ff85c-8018-59ee-a99f-de8c3651dbbd,2022,LSU,SEC,Fr,19.1,29.4,16.3,0.4728,10.9,14.4,3.6,24.2,4.8,3.4,43.5,0.286,0.165,0.568,2.54065,-1.73217,4.27282
bf3ff85c-8018-59ee-a99f-de8c3651dbbd,2023,Florida,SEC,So,20.1,46.8,19.7,0.4523,8.6,16.4,4.4,15.0,3.8,1.3,31.3,0.229,0.268,0.589,-1.13128,-2.56659,1.43531
bf698d2d-31b3-59a0-bf98-9b7fbeabca2f,2019,Iowa St.,B12,Fr,19.3,83.0,10.1,0.6663,2.7,8.8,17.3,13.9,2.8,2.7,15.6,0.434,0.677,0.692,9.26479,5.77911,3.48567
bf698d2d-31b3-59a0-bf98-9b7fbeabca2f,2020,Iowa St.,B12,So,20.3,62.8,21.5,0.6312,4.6,13.7,35.3,20.1,2.0,3.8,18.4,0.419,0.508,0.822,10.7958,8.19211,2.6037
bfb2aed1-a99a-50e6-abda-c0f97e9294fd,2013,N.C. State,ACC,Fr,19.8,67.2,18.5,0.6378,9.6,8.1,5.9,11.2,1.5,2.6,24.1,0.519,0.09,0.542,6.69597,6.17044,0.525529
bfb2aed1-a99a-50e6-abda-c0f97e9294fd,2014,N.C. State,ACC,So,20.8,84.8,33.6,0.5735,10.8,12.8,8.6,12.2,1.8,3.1,34.7,0.267,0.178,0.69,7.63517,7.03002,0.605149
bfc79866-2045-5af4-a000-6b33cea4d64a,2010,Rice,CUSA,Fr,20.2,66.9,21.1,0.5546,12.8,24.6,9.6,19.8,3.7,3.5,78.1,0.0,0.0,0.613,4.53475,0.74785,3.7869
bfc79866-2045-5af4-a000-6b33cea4d64a,2011,Rice,CUSA,So,21.2,74.6,26.5,0.596,14.7,31.5,10.3,13.9,3.7,2.4,96.2,0.0,0.0,0.71,5.99833,3.73895,2.25938
bfc79866-2045-5af4-a000-6b33cea4d64a,2012,Rice,CUSA,Jr,22.2,69.3,20.7,0.6144,9.2,29.3,14.1,18.9,3.4,3.9,76.9,0.0,0.005,0.681,7.6016,2.07794,5.52366
bfc79866-2045-5af4-a000-6b33cea4d64a,2013,Oregon,P12,Sr,23.2,67.5,16.4,0.6265999999999999,11.5,29.0,9.2,18.1,2.4,4.1,79.5,0.0,0.005,0.675,10.3462,3.61604,6.73019
bfe4824b-a6e2-5c65-8afc-77f9709a73ad,2011,Arizona St.,P10,So,20.9,35.0,21.1,0.4728,5.2,7.9,14.9,16.2,3.5,2.0,31.3,0.205,0.344,0.75,-0.0427427,-0.557858,0.515116
bfe4824b-a6e2-5c65-8afc-77f9709a73ad,2012,Arizona St.,P12,Jr,21.9,77.0,19.6,0.5401,4.8,10.7,9.5,22.7,2.7,2.1,35.1,0.314,0.5,0.741,0.467124,0.477139,-0.0100152
bfe4824b-a6e2-5c65-8afc-77f9709a73ad,2013,Arizona St.,P12,Sr,22.9,86.7,20.7,0.5861,7.1,18.5,9.6,16.1,3.2,2.4,32.3,0.374,0.368,0.664,5.84932,3.41575,2.43357
bff7535a-a08a-58ea-88d5-902fe7390ba0,2018,Bowling Green,MAC,Fr,19.8,37.0,17.9,0.46840000000000004,6.9,13.0,4.0,17.9,3.0,1.7,22.7,0.25,0.364,0.567,-3.13105,-2.86952,-0.261532
bff7535a-a08a-58ea-88d5-902fe7390ba0,2019,Bowling Green,MAC,So,20.8,54.3,16.0,0.5233,9.0,14.1,3.6,14.2,5.0,1.6,26.5,0.375,0.303,0.551,2.63882,0.434174,2.20464
bff7535a-a08a-58ea-88d5-902fe7390ba0,2020,Bowling Green,MAC,Jr,21.8,78.5,19.3,0.5739,8.8,18.8,4.6,13.7,2.1,1.5,22.7,0.359,0.316,0.833,2.71892,2.0328,0.686114
bff7535a-a08a-58ea-88d5-902fe7390ba0,2021,Bowling Green,MAC,Sr,22.8,75.0,22.4,0.5286,8.9,18.5,8.2,12.5,3.3,1.6,26.2,0.36,0.311,0.72,2.00832,1.10286,0.905464
bff7535a-a08a-58ea-88d5-902fe7390ba0,2022,Bowling Green,MAC,Sr,23.8,77.5,24.9,0.5181,7.8,15.6,6.5,12.9,4.4,1.7,38.0,0.345,0.301,0.79,-0.915668,0.621434,-1.5371
c02ea242-16de-55d5-b5ce-a235135c5468,2008,Arkansas,SEC,So,20.5,84.2,18.4,0.5373,4.2,18.5,12.9,18.1,1.5,2.1,40.0,0.378,0.521,0.644,5.8444,3.52466,2.31974
c03bba1a-2a24-593b-b854-a7890b82baa1,2008,Nevada,WAC,So,20.5,68.8,26.6,0.5462,10.7,18.5,4.9,18.6,9.3,1.7,39.0,0.325,0.116,0.511,2.22907,-0.832208,3.06128
c04c560c-5fb3-5b39-a198-4d20feaff891,2010,Gonzaga,WCC,Fr,19.2,30.2,17.8,0.5408,9.5,15.6,11.0,16.7,1.3,2.3,44.3,0.235,0.175,0.581,4.0569,2.09199,1.96491
c04c560c-5fb3-5b39-a198-4d20feaff891,2011,Gonzaga,WCC,So,20.2,33.1,22.1,0.609,12.1,21.1,9.7,23.9,1.2,1.3,53.7,0.4,0.203,0.606,2.69549,1.48012,1.21537
c04c560c-5fb3-5b39-a198-4d20feaff891,2013,Gonzaga,WCC,Jr,22.2,60.3,30.4,0.6783,11.8,20.1,15.1,18.4,5.1,1.6,50.5,0.31,0.087,0.78,11.6967,7.25391,4.44283
c083d1d6-13f7-55d0-9847-502b09609482,2012,Maryland,ACC,Fr,19.0,36.0,16.8,0.5654,8.8,20.0,6.0,24.9,10.0,0.5,48.9,0.0,0.011,0.587,3.89881,-1.15524,5.05406
c083d1d6-13f7-55d0-9847-502b09609482,2013,Maryland,ACC,So,20.0,65.8,22.6,0.5697,13.2,19.3,7.8,15.6,8.0,0.5,47.2,0.125,0.025,0.686,6.88907,2.37507,4.514
c0f3834b-d236-5967-b9ef-b214ca8fc4dc,2008,Temple,A10,Jr,21.5,91.7,27.0,0.59,4.4,14.5,14.9,17.1,0.6,2.2,39.5,0.369,0.59,0.772,4.30281,5.02728,-0.724473
c0f3834b-d236-5967-b9ef-b214ca8fc4dc,2009,Temple,A10,Sr,22.5,87.6,29.2,0.5498,3.6,14.9,18.7,17.2,0.4,2.6,30.0,0.352,0.577,0.753,5.7001,4.77275,0.927345
c1100f77-8ac9-5a90-99f7-be2a37d75374,2025,Michigan St.,B10,Fr,19.5,61.5,19.4,0.6244,3.0,11.4,14.4,9.9,1.4,1.9,41.8,0.412,0.39,0.836,9.03829,5.67548,3.36282
c14001e1-d010-50d7-b89c-ed9ee03fe1bb,2017,Virginia,ACC,Fr,20.4,32.5,15.4,0.5619,8.2,15.2,2.7,12.5,12.0,1.2,35.9,0.273,0.12,0.545,8.06532,-0.275477,8.3408
c14001e1-d010-50d7-b89c-ed9ee03fe1bb,2018,Virginia,ACC,So,21.4,39.0,18.6,0.6088,7.6,16.3,2.0,17.4,4.1,1.9,31.5,0.0,0.0,0.78,3.06012,-0.746779,3.8069
c14001e1-d010-50d7-b89c-ed9ee03fe1bb,2019,Virginia,ACC,Jr,22.4,54.0,18.5,0.5785,9.0,15.9,3.0,14.6,10.2,1.4,22.7,0.294,0.077,0.7,7.88043,1.4107,6.46974
c14001e1-d010-50d7-b89c-ed9ee03fe1bb,2020,Virginia,ACC,Sr,23.4,81.0,24.9,0.5538000000000001,6.4,18.8,5.0,17.4,5.3,1.6,38.9,0.357,0.178,0.754,3.59478,-0.66703,4.26181
c176f2d3-4e57-5774-aeeb-e5aa514bb0dd,2020,Pittsburgh,ACC,Fr,19.0,80.9,20.1,0.5085999999999999,7.5,17.5,4.8,9.3,3.1,2.0,28.4,0.262,0.347,0.777,2.86996,1.77018,1.09978
c176f2d3-4e57-5774-aeeb-e5aa514bb0dd,2021,Pittsburgh,ACC,So,20.0,78.1,24.6,0.5487,10.8,25.6,10.4,10.3,4.3,2.0,34.4,0.311,0.262,0.711,6.657,4.42982,2.22717
c199dd51-91b6-55d3-bccd-cbbd1b281b44,2013,Wisconsin,B10,Fr,19.1,54.9,21.8,0.5967,6.3,11.4,14.1,14.2,1.8,1.9,28.7,0.391,0.518,0.69,8.20886,4.9811,3.22776
c199dd51-91b6-55d3-bccd-cbbd1b281b44,2014,Wisconsin,B10,So,20.1,74.4,22.4,0.5578,7.3,17.5,10.0,10.2,1.9,1.6,38.3,0.326,0.36,0.686,6.95804,4.76857,2.18947
c199dd51-91b6-55d3-bccd-cbbd1b281b44,2015,Wisconsin,B10,Jr,21.1,77.0,22.4,0.6048,8.4,14.8,8.6,8.7,1.5,1.1,27.8,0.331,0.372,0.708,9.00458,7.9764,1.02818
c1d76f46-c883-590f-a595-7a3d472a14e0,2014,California,P12,Fr,20.0,43.7,21.7,0.5283,3.3,7.9,10.6,14.2,1.3,1.2,23.3,0.323,0.425,0.804,0.23983,1.05121,-0.81138
c1d76f46-c883-590f-a595-7a3d472a14e0,2015,California,P12,So,21.0,48.7,20.1,0.5328,3.9,9.5,13.0,12.9,1.5,1.0,16.2,0.369,0.4,0.765,2.27859,1.98551,0.293075
c1d76f46-c883-590f-a595-7a3d472a14e0,2016,California,P12,Jr,22.0,64.2,16.6,0.5859000000000001,3.3,10.2,6.9,10.7,1.2,1.1,17.0,0.409,0.552,0.674,5.77806,3.96695,1.81111
c1d76f46-c883-590f-a595-7a3d472a14e0,2017,California,P12,Sr,23.0,62.5,21.6,0.5623,3.5,13.2,7.7,16.1,0.8,1.3,17.3,0.365,0.56,0.764,3.32035,1.97956,1.34079
c1ee99ed-e55f-5da1-8e87-2fc7e1a26986,2013,Kentucky,SEC,Fr,19.9,51.4,19.9,0.5766,12.0,17.2,8.0,20.8,8.4,2.1,50.9,0.0,0.0,0.372,6.24717,1.43239,4.81478
c1ee99ed-e55f-5da1-8e87-2fc7e1a26986,2014,Kentucky,SEC,So,20.9,54.5,14.9,0.5795,12.6,16.3,5.7,14.2,12.3,3.0,46.6,0.0,0.0,0.482,13.5938,3.85837,9.73547
c1ee99ed-e55f-5da1-8e87-2fc7e1a26986,2015,Kentucky,SEC,Jr,21.9,64.3,18.3,0.5879,11.1,17.3,7.4,16.2,7.1,2.9,54.2,0.0,0.0,0.617,12.5866,4.31586,8.27072
c21fb779-796a-5f25-8801-8baee553cf76,2009,North Carolina,ACC,Fr,19.3,23.2,16.1,0.396,1.6,9.8,26.8,41.7,0.3,1.8,26.8,0.231,0.464,0.4,-1.7958,-2.05003,0.254233
c21fb779-796a-5f25-8801-8baee553cf76,2010,North Carolina,ACC,So,20.3,71.1,20.5,0.5025999999999999,1.3,8.2,35.9,30.3,0.1,1.5,39.4,0.352,0.409,0.606,-0.472172,0.632875,-1.10505
c21fb779-796a-5f25-8801-8baee553cf76,2011,North Carolina,ACC,Jr,21.3,32.3,14.8,0.4617,0.9,9.3,27.0,29.2,0.0,2.6,36.0,0.207,0.337,0.677,2.90147,0.491871,2.4096
c21fb779-796a-5f25-8801-8baee553cf76,2013,UCLA,P12,Sr,23.3,87.5,15.6,0.5201,0.8,6.4,34.7,25.5,0.5,2.3,19.9,0.433,0.29,0.609,1.46928,1.72968,-0.260394
c25ee03c-4054-5463-9223-ad888fa8c9ed,2020,Boise St.,MWC,Fr,19.2,42.5,15.2,0.46950000000000003,0.9,11.5,19.2,20.3,0.4,1.3,30.0,0.236,0.655,0.818,-0.957192,-0.956581,-0.000610983
c25ee03c-4054-5463-9223-ad888fa8c9ed,2021,Boise St.,MWC,So,20.2,67.6,17.9,0.5273,1.0,12.0,19.9,16.6,0.6,2.4,19.9,0.299,0.383,0.725,2.33515,1.06491,1.27024
c25ee03c-4054-5463-9223-ad888fa8c9ed,2022,Toledo,MAC,Jr,21.2,85.0,20.5,0.5549000000000001,3.6,13.4,19.9,18.6,0.2,1.3,23.2,0.305,0.241,0.709,1.04582,1.21575,-0.169924
c25ee03c-4054-5463-9223-ad888fa8c9ed,2023,Toledo,MAC,Jr,22.2,84.9,28.6,0.5600999999999999,2.7,12.1,31.6,11.5,0.6,2.4,23.7,0.364,0.263,0.778,4.44284,6.0917,-1.64885
c25ee03c-4054-5463-9223-ad888fa8c9ed,2024,Baylor,B12,Sr,23.2,84.7,25.0,0.5565,1.8,12.4,37.4,24.5,0.2,2.2,28.7,0.333,0.322,0.731,4.1842,3.59895,0.585253
c263f337-6dce-5f9f-bced-0273f633b07a,2010,Kentucky,SEC,Fr,19.5,83.9,26.9,0.5618,2.7,10.1,34.8,24.2,1.5,2.9,53.0,0.325,0.26,0.754,7.01303,4.3546,2.65842
c26cbb20-3ac9-5563-a333-ebba16b5789c,2020,Saint Louis,A10,Fr,19.3,77.8,16.9,0.44020000000000004,1.4,8.5,29.3,35.0,0.0,2.8,49.3,0.367,0.2,0.541,-1.52665,-2.20587,0.679215
c26cbb20-3ac9-5563-a333-ebba16b5789c,2021,Saint Louis,A10,So,20.3,63.9,15.6,0.479,1.3,10.5,34.2,28.5,0.5,2.5,34.5,0.241,0.333,0.667,0.0139206,-0.12504,0.13896
c26cbb20-3ac9-5563-a333-ebba16b5789c,2022,Saint Louis,A10,So,21.3,80.7,24.3,0.5383,0.8,12.9,42.9,29.7,0.5,3.2,36.4,0.362,0.195,0.815,3.18811,1.11223,2.07588
c26cbb20-3ac9-5563-a333-ebba16b5789c,2023,Saint Louis,A10,Jr,22.3,85.3,24.2,0.5157,1.1,8.9,49.1,24.2,0.3,2.2,39.9,0.319,0.162,0.741,0.878973,2.12693,-1.24796
c2dc3159-12d8-52be-80da-e9ca8bdaf229,2017,Tennessee,SEC,Fr,19.6,36.1,22.7,0.4547,1.4,8.0,30.5,17.5,0.0,1.5,23.8,0.304,0.28,0.769,-0.764405,0.414623,-1.17903
c2dc3159-12d8-52be-80da-e9ca8bdaf229,2018,Tennessee,SEC,So,20.6,57.4,19.5,0.49119999999999997,1.2,9.0,29.8,16.6,0.3,1.9,23.8,0.38,0.302,0.821,2.3035,1.59726,0.706233
c2dc3159-12d8-52be-80da-e9ca8bdaf229,2019,Tennessee,SEC,Jr,21.6,81.5,21.9,0.5578,2.0,8.2,30.5,15.9,0.4,1.2,22.9,0.36,0.358,0.831,4.52922,5.43378,-0.904561
c2e4c7cd-ffe5-57c2-9e07-97a51811b165,2015,Michigan,B10,Fr,19.3,1.2,10.9,0.0,0.0,17.3,0.0,40.7,15.9,0.0,0.0,0.0,0.5,0.0,-4.87934,-12.2418,7.36246
c2e4c7cd-ffe5-57c2-9e07-97a51811b165,2016,Michigan,B10,Fr,20.3,9.6,24.6,0.5582,3.6,11.9,7.9,14.6,8.4,1.8,20.8,0.304,0.434,0.727,2.51235,-0.59941,3.11176
c2e4c7cd-ffe5-57c2-9e07-97a51811b165,2017,Michigan,B10,So,21.3,75.2,18.1,0.6282,6.7,16.3,8.5,12.7,5.2,1.0,19.7,0.373,0.361,0.833,8.33384,4.66591,3.66792
c2f90c86-0fdc-56c7-9ade-a1047020a162,2021,Arkansas,SEC,Fr,19.0,32.2,12.9,0.5733,7.5,23.6,7.8,23.9,4.6,1.5,44.9,0.304,0.333,0.742,4.44521,-0.220607,4.66582
c2f90c86-0fdc-56c7-9ade-a1047020a162,2022,Arkansas,SEC,So,20.0,78.6,18.6,0.5381,5.3,29.3,15.3,17.0,4.0,2.3,45.5,0.239,0.231,0.729,7.22707,1.12795,6.09912
c2fc137b-3b74-5517-ab8f-498259fb15da,2019,Stanford,P12,Fr,20.7,54.9,17.2,0.48369999999999996,1.4,11.9,11.9,18.0,0.5,2.0,19.2,0.316,0.783,0.737,1.23553,0.264878,0.970647
c2fc137b-3b74-5517-ab8f-498259fb15da,2021,Notre Dame,ACC,Jr,22.7,70.7,20.6,0.5202,3.7,13.1,15.9,16.5,1.2,2.1,20.7,0.344,0.576,0.822,2.826,2.59773,0.228274
c2fc137b-3b74-5517-ab8f-498259fb15da,2022,Notre Dame,ACC,Jr,23.7,73.8,16.0,0.5943999999999999,3.0,15.8,11.4,13.5,0.7,1.9,26.6,0.403,0.597,0.806,5.86909,3.55264,2.31645
c2fc137b-3b74-5517-ab8f-498259fb15da,2023,Notre Dame,ACC,Sr,24.7,84.4,21.0,0.5404,2.4,11.8,14.4,12.9,1.3,2.3,22.9,0.344,0.558,0.827,2.75036,2.43995,0.310414
c2fc137b-3b74-5517-ab8f-498259fb15da,2024,North Carolina,ACC,Sr,25.7,73.5,17.1,0.5446,2.0,7.9,6.9,12.3,1.4,1.3,28.4,0.354,0.633,0.874,4.85883,3.04219,1.81664
c3a557bd-e407-5166-bfe4-c3e14b6c4dea,2016,UNC Wilmington,CAA,Fr,19.7,17.9,17.3,0.6233,12.6,22.4,0.8,18.9,2.8,2.5,38.2,0.0,0.0,0.333,-0.921275,-0.783435,-0.137841
c3a557bd-e407-5166-bfe4-c3e14b6c4dea,2017,UNC Wilmington,CAA,So,20.7,64.6,16.8,0.7613,14.6,28.0,2.5,13.1,5.1,2.3,47.8,0.0,0.0,0.602,7.06615,4.87767,2.18848
c3a557bd-e407-5166-bfe4-c3e14b6c4dea,2018,UNC Wilmington,CAA,Jr,21.7,72.5,27.4,0.5941,17.7,32.0,6.4,15.6,2.1,1.9,52.3,0.0,0.0,0.611,0.836113,1.67204,-0.835931
c3a557bd-e407-5166-bfe4-c3e14b6c4dea,2019,UNC Wilmington,CAA,Sr,22.7,71.0,25.3,0.5878,14.7,33.4,4.7,17.4,2.6,1.9,43.2,0.5,0.006,0.6,-1.03999,-0.216667,-0.823322
c3afff06-c09a-5d24-bca6-b37958bbfeb9,2012,Mississippi St.,SEC,Fr,19.7,77.8,16.1,0.5351,3.5,13.3,11.9,10.8,1.3,0.8,14.3,0.364,0.449,0.659,3.48204,3.27674,0.205296
c3afff06-c09a-5d24-bca6-b37958bbfeb9,2014,Duke,ACC,So,21.7,81.9,22.3,0.5902000000000001,2.9,11.7,13.2,12.8,0.8,1.3,32.8,0.42,0.41,0.807,6.32447,5.8029,0.521574
c3d5c365-1d56-5be9-b33f-9750cc92ef2a,2008,Colorado,B12,Fr,19.0,83.9,16.4,0.5517,2.9,12.9,14.9,23.7,1.2,2.1,37.5,0.342,0.365,0.68,1.50932,0.248465,1.26086
c3d5c365-1d56-5be9-b33f-9750cc92ef2a,2009,Colorado,B12,So,20.0,91.2,26.2,0.5958,2.3,16.0,18.0,18.5,1.1,3.3,62.2,0.36,0.258,0.826,4.81432,2.72859,2.08573
c3d5c365-1d56-5be9-b33f-9750cc92ef2a,2010,Colorado,B12,Jr,21.0,83.9,26.8,0.608,2.6,11.7,16.1,14.9,1.1,3.5,51.8,0.337,0.234,0.837,5.53949,4.97265,0.56684
c3d5c365-1d56-5be9-b33f-9750cc92ef2a,2011,Colorado,B12,Sr,22.0,80.3,24.7,0.5483,2.9,8.6,14.4,15.1,1.2,1.8,43.9,0.35,0.229,0.868,1.60903,2.93327,-1.32423
c4011d24-1061-5280-a14b-005e7a015842,2008,Wake Forest,ACC,Fr,19.5,70.3,26.4,0.546,11.7,20.2,9.9,19.1,5.3,2.7,33.5,0.273,0.299,0.667,7.01351,3.12109,3.89241
c4011d24-1061-5280-a14b-005e7a015842,2009,Wake Forest,ACC,So,20.5,76.3,22.2,0.5931000000000001,9.6,19.2,12.3,18.5,5.0,2.5,28.7,0.319,0.2,0.697,9.52538,4.79792,4.72746
c40456e5-ec74-5046-8a1e-419a6175a672,2022,Dayton,A10,Fr,19.9,76.5,19.3,0.6442,6.5,17.4,9.1,13.4,8.7,0.9,49.6,0.143,0.025,0.586,8.4012,2.67665,5.72455
c40456e5-ec74-5046-8a1e-419a6175a672,2023,Dayton,A10,So,20.9,85.0,27.0,0.6214,11.0,16.9,12.1,15.8,6.5,1.4,60.5,0.316,0.049,0.669,7.22514,3.33191,3.89322
c40456e5-ec74-5046-8a1e-419a6175a672,2024,Dayton,A10,Jr,21.9,80.7,31.2,0.6265,6.8,23.7,19.0,13.7,7.2,1.8,72.4,0.386,0.208,0.713,9.78863,4.8797,4.90893
c4090df3-7a6e-5f47-8f2a-7e1a3eee8a26,2015,Seton Hall,BE,Fr,20.3,49.0,29.2,0.4767,4.0,11.8,29.0,24.6,2.4,3.0,25.4,0.346,0.419,0.746,3.00702,1.01582,1.9912
c4090df3-7a6e-5f47-8f2a-7e1a3eee8a26,2016,Seton Hall,BE,So,21.3,80.4,31.1,0.5107,1.8,9.8,33.0,19.5,4.5,2.1,38.3,0.365,0.434,0.76,6.70843,3.6968,3.01163
c4230aec-a08b-56a9-8792-3eea8fe39e75,2022,Washington St.,P12,Fr,19.6,51.7,18.9,0.5082,10.0,16.5,4.7,14.4,4.7,2.2,30.2,0.28,0.113,0.493,3.45133,-0.312635,3.76397
c4230aec-a08b-56a9-8792-3eea8fe39e75,2023,Washington St.,P12,So,20.6,77.7,26.5,0.5318999999999999,12.2,19.3,14.1,16.9,2.7,1.6,34.6,0.275,0.105,0.674,4.99452,2.22986,2.76466
c4364e70-4bc2-50d1-91c8-986726926f90,2020,Texas Tech,B12,Fr,19.0,66.8,24.7,0.5442,3.0,12.3,16.1,15.2,2.5,2.5,23.2,0.426,0.42,0.641,5.25895,3.00107,2.25788
c44232e0-3489-5ad2-b8b8-40596c759bd6,2012,Holy Cross,Pat,Fr,19.3,17.0,15.9,0.5698,2.9,22.2,13.2,29.8,5.3,2.1,25.0,0.3,0.5,0.9,1.10517,-2.51719,3.62236
c44232e0-3489-5ad2-b8b8-40596c759bd6,2013,Holy Cross,Pat,So,20.3,58.2,15.8,0.4938,2.1,21.3,12.5,25.8,3.4,1.5,50.4,0.3,0.4,0.603,-0.0976175,-2.78184,2.68422
c44232e0-3489-5ad2-b8b8-40596c759bd6,2014,Holy Cross,Pat,Jr,21.3,75.8,19.9,0.5771000000000001,3.8,19.4,16.0,17.6,6.7,1.7,38.2,0.419,0.338,0.762,5.78812,1.22531,4.56281
c44232e0-3489-5ad2-b8b8-40596c759bd6,2015,Holy Cross,Pat,Sr,22.3,78.6,23.7,0.5815,4.2,16.6,8.6,15.6,6.1,2.7,45.5,0.381,0.397,0.837,3.43026,1.63119,1.79907
c47f55c9-d003-59e8-beef-82db18c62648,2016,Louisville,ACC,Fr,19.8,47.7,20.8,0.5275,6.6,13.5,15.8,14.6,0.6,2.5,30.0,0.25,0.379,0.754,5.53915,3.04375,2.4954
c47f55c9-d003-59e8-beef-82db18c62648,2017,Louisville,ACC,So,20.8,80.1,23.3,0.534,3.7,12.9,16.0,12.7,1.7,3.7,24.3,0.354,0.509,0.806,9.99712,6.14853,3.84859
c48477fb-bf35-5916-8b9e-8e2a717d055d,2020,Memphis,Amer,Fr,19.2,5.5,26.8,0.7598,21.8,26.5,4.4,8.8,13.6,0.8,103.8,0.0,0.038,0.704,13.8093,8.52555,5.28378
c4973762-bf1e-5c77-9d34-fb254f7f148c,2023,Texas,B12,Fr,19.7,43.1,12.2,0.6085,9.3,17.0,3.6,14.8,2.0,2.0,31.4,0.0,0.0,0.405,4.71966,1.42755,3.29211
c4973762-bf1e-5c77-9d34-fb254f7f148c,2024,Texas,B12,So,20.7,72.3,17.1,0.5914,7.4,22.4,9.1,16.7,3.1,2.0,36.9,0.0,0.034,0.598,5.95204,1.76377,4.18827
c4973762-bf1e-5c77-9d34-fb254f7f148c,2025,Cincinnati,B12,Jr,21.7,70.2,17.9,0.6061,8.6,20.3,11.9,14.5,2.4,2.9,30.3,0.294,0.135,0.395,7.77685,2.83168,4.94517
c4973762-bf1e-5c77-9d34-fb254f7f148c,2026,St. John's,BE,Sr,22.7,70.1,15.9,0.5553,9.4,18.0,18.8,12.7,2.6,2.6,36.9,0.067,0.064,0.494,9.87044,3.87052,5.99992
c4aefaf2-1ff7-5310-891e-be6bc6aef9ce,2008,Florida,SEC,Fr,19.5,81.3,27.3,0.546,4.2,14.5,33.4,19.0,0.3,2.9,48.4,0.367,0.384,0.724,6.88099,5.61819,1.2628
c4aefaf2-1ff7-5310-891e-be6bc6aef9ce,2009,Florida,SEC,So,20.5,83.3,27.8,0.5992000000000001,3.0,15.7,35.9,20.7,0.5,3.3,44.9,0.39,0.44,0.707,8.88349,7.0439,1.8396
c4c152fa-096a-57bb-a687-712d04897713,2022,Michigan St.,B10,Fr,19.4,74.9,17.2,0.49369999999999997,3.4,9.2,8.6,16.5,1.7,1.0,25.3,0.317,0.42,0.824,2.29862,1.34955,0.94907
c4cd2e5c-40ad-5f28-a527-5ebe07ff14c0,2014,Kansas,B12,Fr,19.7,72.5,18.3,0.5325,4.0,6.4,15.2,20.3,1.1,1.4,32.1,0.328,0.462,0.629,4.29496,3.32379,0.971175
c4cd2e5c-40ad-5f28-a527-5ebe07ff14c0,2015,Kansas,B12,So,20.7,73.4,19.9,0.4943,3.8,6.7,18.1,20.9,1.8,1.2,35.8,0.365,0.43,0.657,3.59924,2.16931,1.42993
c4cd2e5c-40ad-5f28-a527-5ebe07ff14c0,2016,Kansas,B12,Jr,21.7,74.1,22.0,0.5705,3.2,9.4,15.7,15.7,0.9,1.4,29.6,0.383,0.472,0.617,6.81287,5.01004,1.80283
c4d5cc55-365f-5d59-8c01-9d3fa10822e2,2008,Connecticut,BE,So,20.5,68.8,18.4,0.5368999999999999,9.2,14.5,8.5,15.9,4.1,1.1,22.1,0.418,0.232,0.672,5.39136,3.387,2.00436
c4d5cc55-365f-5d59-8c01-9d3fa10822e2,2009,Connecticut,BE,Jr,21.5,44.9,18.7,0.5421,9.2,14.9,8.8,20.5,4.1,1.5,30.6,0.13,0.124,0.667,6.69652,2.08111,4.6154
c4d5cc55-365f-5d59-8c01-9d3fa10822e2,2010,Connecticut,BE,Sr,22.5,85.6,20.4,0.5703,8.9,14.6,6.6,18.8,3.2,1.5,25.1,0.342,0.204,0.629,4.27332,2.362,1.91132
c535690d-bae7-50ca-9df0-f87630543779,2011,Connecticut,BE,Fr,19.1,68.3,19.3,0.5684,5.0,12.2,12.3,14.6,2.2,1.9,15.8,0.368,0.334,0.797,6.90474,4.43983,2.46491
c535690d-bae7-50ca-9df0-f87630543779,2012,Connecticut,BE,So,20.1,92.1,22.2,0.5895,3.0,11.1,10.1,15.0,1.7,2.1,26.7,0.336,0.465,0.81,6.05794,5.01651,1.04143
c542cfdc-ccf2-5fa2-b168-5ff6fcb08267,2008,North Carolina,ACC,So,20.5,50.9,22.9,0.6214999999999999,2.1,9.2,33.3,20.1,0.1,3.4,42.3,0.361,0.305,0.835,9.94029,8.38072,1.55957
c542cfdc-ccf2-5fa2-b168-5ff6fcb08267,2009,North Carolina,ACC,Jr,21.5,69.3,22.7,0.6529,2.3,7.6,35.7,14.9,0.4,3.8,61.6,0.462,0.312,0.8,12.5649,10.8452,1.71975
c597e463-ef90-5539-86d3-4c51bbd9134e,2019,Oregon,P12,Fr,19.6,17.6,30.4,0.6318,9.7,29.0,9.5,13.5,12.9,1.8,28.0,0.52,0.189,0.757,10.5006,3.06878,7.43187
c5e34bfd-c896-54bf-9274-9df94f984491,2023,Virginia,ACC,Fr,20.5,30.3,12.3,0.5659000000000001,5.9,22.6,4.3,18.2,10.6,2.1,35.5,0.313,0.258,0.5,5.7928,-2.17559,7.96839
c5e34bfd-c896-54bf-9274-9df94f984491,2024,Virginia,ACC,So,21.5,67.9,17.0,0.5642,9.6,20.8,6.0,11.6,10.4,3.0,37.0,0.2,0.168,0.532,9.01166,-0.0381732,9.04983
c603ef7e-1e50-5165-b9aa-d974cbb0132a,2020,Michigan,B10,Fr,18.8,66.1,18.6,0.5659000000000001,3.4,16.8,5.9,15.0,1.8,2.4,21.6,0.311,0.528,0.833,5.85703,2.63125,3.22578
c603ef7e-1e50-5165-b9aa-d974cbb0132a,2021,Michigan,B10,So,19.8,78.8,19.4,0.5865,2.9,19.6,17.4,12.5,3.2,2.3,30.4,0.343,0.392,0.835,11.3184,5.4159,5.90246
c61d4148-6a8c-580e-8d1e-c56e0e137b79,2008,Saint Mary's,WCC,Fr,19.5,76.6,25.0,0.5428000000000001,1.7,5.9,22.7,21.3,0.2,3.2,29.5,0.313,0.513,0.757,3.02836,2.2844,0.743965
c61d4148-6a8c-580e-8d1e-c56e0e137b79,2009,Saint Mary's,WCC,So,20.5,61.7,29.0,0.5227,1.6,6.0,25.9,17.1,0.6,3.9,25.7,0.332,0.499,0.857,5.16627,4.90741,0.258865
c65e3305-7652-5d46-8b3a-f10ccd3d2c47,2016,Alabama,SEC,Fr,18.9,31.7,13.5,0.5678,12.6,24.4,3.6,16.9,14.3,2.2,72.1,0.0,0.0,0.432,8.29292,-1.01894,9.31186
c65e3305-7652-5d46-8b3a-f10ccd3d2c47,2017,Alabama,SEC,So,19.9,48.6,14.9,0.6522,11.1,20.0,5.7,18.4,8.1,1.6,62.5,0.0,0.0,0.6,8.3431,1.22658,7.11652
c65e3305-7652-5d46-8b3a-f10ccd3d2c47,2018,Alabama,SEC,Jr,20.9,55.9,18.6,0.698,11.1,19.6,5.6,16.2,9.3,1.7,51.9,0.0,0.0,0.556,9.20597,3.10705,6.09892
c65e3305-7652-5d46-8b3a-f10ccd3d2c47,2019,Alabama,SEC,Sr,21.9,66.8,17.2,0.6475,11.3,24.6,4.1,13.5,6.1,1.0,57.4,1.0,0.005,0.718,6.64882,2.49467,4.15415
c69cb5db-7f31-58b5-ac5a-c2d13d3f9c0c,2008,Cal St. Fullerton,BW,Jr,21.5,76.7,24.2,0.6043999999999999,2.0,10.7,9.0,11.8,0.4,2.4,25.8,0.387,0.621,0.897,3.5408,5.03981,-1.49901
c69cb5db-7f31-58b5-ac5a-c2d13d3f9c0c,2009,Cal St. Fullerton,BW,Sr,22.5,89.4,30.6,0.5490999999999999,1.8,8.5,10.8,13.9,0.1,1.7,24.0,0.366,0.588,0.89,-0.955189,3.6778,-4.63299
c6a678ec-491b-585b-83d4-2596c569175c,2012,Baylor,B12,Jr,20.8,77.5,26.1,0.5941,3.4,7.3,37.9,25.6,0.3,3.5,34.6,0.405,0.45,0.822,6.9885,6.50644,0.482058
c6a678ec-491b-585b-83d4-2596c569175c,2013,Baylor,B12,Sr,21.8,86.3,30.6,0.5742,2.2,9.6,41.5,18.6,0.0,2.5,47.4,0.359,0.484,0.8,8.80545,8.71788,0.0875693
c6ee07a0-d65b-5278-9b37-f2b3011e9d6c,2013,Wichita St.,MVC,Jr,22.2,62.8,26.8,0.565,10.5,14.6,5.5,14.3,4.4,1.8,40.3,0.318,0.366,0.791,5.57419,4.29149,1.2827
c6ee07a0-d65b-5278-9b37-f2b3011e9d6c,2014,Wichita St.,MVC,Sr,23.2,68.5,26.4,0.6288,5.6,19.0,6.1,16.2,3.4,1.7,46.0,0.376,0.457,0.842,5.71006,3.82981,1.88025
c72b6317-7ffd-5145-8f59-8b8816934b8a,2015,Duke,ACC,Fr,19.2,72.3,22.4,0.5720000000000001,5.4,19.8,13.2,16.8,2.9,2.8,43.8,0.418,0.309,0.641,9.38577,4.61934,4.76643
c76803e9-a67c-570a-8288-31c08f9f9aa9,2009,UCLA,P10,Fr,19.1,22.0,18.4,0.5263,6.7,11.6,9.7,23.5,1.4,2.8,31.6,0.3,0.263,0.417,3.45139,1.44508,2.00631
c76803e9-a67c-570a-8288-31c08f9f9aa9,2010,UCLA,P10,So,20.1,85.5,22.1,0.5207,4.7,11.2,18.6,20.6,0.9,2.0,44.2,0.252,0.334,0.706,1.97778,1.90303,0.0747472
c76803e9-a67c-570a-8288-31c08f9f9aa9,2011,UCLA,P10,Jr,21.1,79.5,19.5,0.5531,2.6,7.8,12.9,15.3,0.6,1.2,44.6,0.295,0.409,0.778,3.33767,3.10057,0.237092
c77cf8b0-cd6c-5958-987a-33c9dbe9843e,2016,Georgetown,BE,Fr,20.4,52.2,18.2,0.5792,8.1,15.4,10.0,23.1,2.9,1.2,36.5,0.376,0.605,0.869,3.39252,1.73017,1.66235
c77cf8b0-cd6c-5958-987a-33c9dbe9843e,2017,Georgetown,BE,So,21.4,51.6,17.9,0.5699000000000001,6.3,14.4,11.7,17.6,2.7,1.0,33.0,0.344,0.528,0.828,4.08596,2.13291,1.95305
c77cf8b0-cd6c-5958-987a-33c9dbe9843e,2018,Georgetown,BE,Jr,22.4,75.1,21.4,0.6403,8.5,20.0,10.2,17.7,2.2,1.2,44.1,0.465,0.34,0.863,5.70822,4.20041,1.5078
c7a1a06e-76ac-59db-89ee-b2f4517ac3ec,2024,Minnesota,B10,Fr,18.9,73.0,18.2,0.5462,1.0,12.8,13.8,12.3,1.1,1.2,21.9,0.391,0.576,0.779,1.97026,2.32276,-0.352504
c7a48ca2-bbf2-50c7-8615-8d342651650a,2018,DePaul,BE,Fr,19.0,22.2,18.3,0.5433,10.5,24.6,7.2,16.6,5.8,3.1,22.9,0.214,0.169,0.579,4.9799,-0.475305,5.4552
c7a48ca2-bbf2-50c7-8615-8d342651650a,2019,DePaul,BE,So,20.0,67.0,21.1,0.6158,11.8,24.5,6.8,17.4,6.8,2.3,31.9,0.405,0.118,0.77,5.47864,2.676,2.80264
c7a48ca2-bbf2-50c7-8615-8d342651650a,2020,DePaul,BE,Jr,21.0,72.0,23.6,0.5621,11.2,25.7,11.1,16.5,9.4,3.3,22.3,0.294,0.146,0.756,10.0563,2.61416,7.44215
c7b5df7b-927d-560d-97d4-a41003e9db5b,2011,Indiana,B10,Fr,19.1,44.8,23.0,0.586,10.9,14.8,10.5,20.3,1.5,3.6,52.8,0.308,0.161,0.612,5.11928,3.05245,2.06683
c7b5df7b-927d-560d-97d4-a41003e9db5b,2012,Indiana,B10,So,20.1,66.7,23.5,0.5456,8.7,15.4,14.7,20.0,2.3,3.0,49.8,0.208,0.166,0.75,7.00125,4.06747,2.93378
c7b5df7b-927d-560d-97d4-a41003e9db5b,2013,Indiana,B10,Jr,21.1,70.4,22.6,0.6712,11.7,14.0,15.2,21.1,2.8,4.6,42.8,0.441,0.224,0.746,15.1479,8.71436,6.43356
c7e2ea52-22cd-5a5c-84fc-55ce1a661e54,2025,Rutgers,B10,Fr,18.9,76.6,26.2,0.5357999999999999,7.0,17.5,8.3,13.4,4.1,1.7,24.3,0.346,0.308,0.692,3.67931,2.41786,1.26145
c7e65a72-1a89-580b-a507-0f478a3a3f57,2018,Kentucky,SEC,Fr,20.0,84.0,22.8,0.5787,3.2,10.0,28.8,19.8,1.7,2.8,46.2,0.404,0.151,0.822,7.76783,4.94352,2.82431
c7f735a4-35fc-5eb8-a50c-f614bef9c84b,2009,Nevada,WAC,Fr,19.5,79.5,25.8,0.5547,6.7,19.7,10.3,13.9,2.2,1.3,41.5,0.419,0.184,0.856,2.57333,2.22474,0.348593
c7f735a4-35fc-5eb8-a50c-f614bef9c84b,2010,Nevada,WAC,So,20.5,93.2,26.0,0.6123,6.5,19.1,10.9,13.9,1.9,1.5,43.0,0.42,0.203,0.92,4.80566,4.59718,0.208481
c80ed0e9-33dc-5b2e-b31b-347bfbd6ee6d,2021,Gonzaga,WCC,Fr,20.1,67.5,25.3,0.5939,2.7,18.0,23.7,21.5,1.1,3.5,37.1,0.337,0.339,0.754,9.32121,4.84991,4.4713
c818bcf1-e4fe-5d8a-99ce-a11268376642,2008,Kansas,B12,Sr,22.5,44.2,18.0,0.6033,11.0,13.4,3.0,13.9,8.2,1.4,67.4,0.0,0.0,0.552,8.1954,3.23477,4.96063
c847d342-0619-5c57-8143-232570abc573,2012,St. John's,BE,Fr,20.1,74.6,15.5,0.44170000000000004,4.7,12.5,10.2,21.9,3.3,3.2,31.3,0.189,0.178,0.554,1.73205,-1.10585,2.8379
c847d342-0619-5c57-8143-232570abc573,2013,St. John's,BE,So,21.1,64.4,16.2,0.5681,4.6,17.1,20.2,24.2,3.4,3.2,50.3,0.333,0.172,0.658,5.95111,0.972685,4.97842
c847d342-0619-5c57-8143-232570abc573,2014,St. John's,BE,Jr,22.1,51.9,17.3,0.5104,2.9,13.6,15.9,19.5,5.4,3.4,51.0,0.15,0.131,0.731,4.75101,-0.426137,5.17715
c847d342-0619-5c57-8143-232570abc573,2015,St. John's,BE,Sr,23.1,86.5,21.9,0.5699000000000001,6.2,17.5,18.3,15.8,7.6,3.2,42.6,0.08,0.077,0.725,10.3294,3.65039,6.67901
c86b998c-6011-5bbf-b623-64ad30bc0836,2018,Colorado,P12,Fr,20.4,48.6,17.7,0.5424,9.0,19.9,5.0,19.5,3.9,1.8,50.0,0.0,0.048,0.685,1.45575,-1.59623,3.05198
c86b998c-6011-5bbf-b623-64ad30bc0836,2019,Colorado,P12,So,21.4,65.4,24.8,0.5954,10.0,32.8,5.5,17.2,5.2,1.8,43.2,0.227,0.065,0.782,2.96863,-0.78331,3.75194
c86b998c-6011-5bbf-b623-64ad30bc0836,2020,Colorado,P12,Jr,22.4,69.7,24.6,0.6112,8.3,27.7,11.5,20.0,4.0,3.1,69.3,0.419,0.117,0.743,7.72229,2.18491,5.53738
c86eb1e1-d52c-5b1a-8cec-8dd2c39030fc,2008,Tulsa,CUSA,So,20.5,78.9,23.7,0.5999,6.2,13.0,16.3,18.5,2.4,1.9,39.9,0.35,0.369,0.806,6.37444,4.63915,1.73529
c86eb1e1-d52c-5b1a-8cec-8dd2c39030fc,2009,Tulsa,CUSA,Jr,21.5,89.1,22.4,0.5496,2.8,12.3,21.9,19.9,1.4,2.6,42.9,0.331,0.329,0.791,5.91901,3.08404,2.83497
c86eb1e1-d52c-5b1a-8cec-8dd2c39030fc,2010,Tulsa,CUSA,Sr,22.5,85.9,23.6,0.5622,3.3,11.7,29.6,16.6,2.0,1.6,38.8,0.341,0.355,0.775,6.03693,5.06669,0.970243
c8a806ec-4d87-521f-9c1a-280ea8406443,2021,Michigan,B10,Fr,20.6,64.6,26.7,0.6279,10.9,21.3,7.3,19.7,5.3,0.7,42.5,0.0,0.015,0.739,5.6867,1.86042,3.82628
c8a806ec-4d87-521f-9c1a-280ea8406443,2022,Michigan,B10,So,21.6,76.0,26.8,0.6173,9.1,22.7,16.1,14.0,5.0,0.9,27.2,0.328,0.15,0.802,9.6026,5.91386,3.68874
c8a806ec-4d87-521f-9c1a-280ea8406443,2023,Michigan,B10,Jr,22.6,80.0,27.1,0.6137,8.3,22.4,10.5,13.6,5.4,0.9,36.9,0.421,0.131,0.727,7.28999,3.81648,3.4735
c8a806ec-4d87-521f-9c1a-280ea8406443,2024,Kansas,B12,Sr,23.6,77.8,26.3,0.5717,10.1,27.5,15.5,12.1,5.1,1.6,24.9,0.349,0.144,0.624,8.97237,3.65577,5.31659
c8a806ec-4d87-521f-9c1a-280ea8406443,2025,Kansas,B12,Sr,24.6,74.6,28.3,0.5710000000000001,10.7,25.1,14.4,14.8,4.7,1.9,26.7,0.276,0.126,0.748,8.85051,3.56398,5.28653
c8ac8b12-dce4-56f6-b1b9-d2b93e7c38b4,2016,Kansas St.,B12,Fr,19.6,64.4,19.1,0.5193,8.8,14.1,9.1,11.0,2.3,1.4,47.8,0.284,0.345,0.656,4.87965,2.88554,1.99411
c8ac8b12-dce4-56f6-b1b9-d2b93e7c38b4,2017,Kansas St.,B12,So,20.6,69.8,16.3,0.5949,7.3,12.2,13.1,12.5,2.6,1.6,33.9,0.402,0.411,0.662,7.21343,4.44878,2.76465
c8ac8b12-dce4-56f6-b1b9-d2b93e7c38b4,2018,Kansas St.,B12,Jr,21.6,72.9,22.7,0.6325999999999999,5.0,17.8,18.3,11.5,3.1,2.8,35.8,0.44,0.253,0.752,10.2085,5.43313,4.7754
c8ac8b12-dce4-56f6-b1b9-d2b93e7c38b4,2019,Kansas St.,B12,Sr,22.6,56.0,22.6,0.5733,8.0,16.8,21.3,12.9,2.2,1.7,28.6,0.418,0.222,0.789,9.36382,4.78406,4.57976
c962fc15-1a7b-57ce-b9e4-9fb29880c259,2010,Penn St.,B10,Fr,19.6,45.8,22.0,0.47409999999999997,2.4,13.2,26.6,26.4,0.4,2.6,48.5,0.375,0.182,0.672,-1.21519,-1.9809,0.76571
c962fc15-1a7b-57ce-b9e4-9fb29880c259,2011,Penn St.,B10,So,20.6,77.1,18.2,0.5259,2.6,13.8,33.3,28.9,0.5,2.2,49.1,0.344,0.194,0.753,2.92779,1.04486,1.88293
c962fc15-1a7b-57ce-b9e4-9fb29880c259,2012,Penn St.,B10,Jr,21.6,92.8,32.7,0.508,4.1,12.0,45.3,19.0,0.9,4.0,40.4,0.314,0.173,0.791,8.14856,5.61531,2.53325
c962fc15-1a7b-57ce-b9e4-9fb29880c259,2013,Penn St.,B10,Sr,22.6,10.4,31.1,0.537,7.8,8.5,27.9,18.4,1.0,4.3,92.9,0.182,0.262,0.846,7.02303,5.70994,1.31309
c962fc15-1a7b-57ce-b9e4-9fb29880c259,2014,Penn St.,B10,Sr,23.6,87.0,25.9,0.5359,3.0,11.4,33.1,17.9,0.6,2.7,52.8,0.291,0.227,0.785,5.34526,4.12859,1.21668
c966acdf-b829-5b07-8e7e-bc0bd7356970,2018,Gonzaga,WCC,Fr,20.5,66.7,21.8,0.5951,4.7,11.3,14.4,15.2,0.3,2.4,25.5,0.37,0.589,0.8,6.69222,5.07721,1.61501
c966acdf-b829-5b07-8e7e-bc0bd7356970,2019,Gonzaga,WCC,So,21.5,76.7,21.6,0.5899,3.4,11.5,16.0,12.1,0.3,2.3,25.1,0.372,0.624,0.867,8.44743,6.64373,1.8037
c9c73615-8447-517d-a6f2-c4780d076ca5,2021,Florida St.,ACC,Fr,19.9,58.9,25.3,0.5478000000000001,7.4,11.0,31.6,22.4,2.1,3.4,33.8,0.275,0.205,0.621,8.27121,4.94487,3.32634
c9cc6c3c-4f31-5253-815d-3a6a7486e05c,2015,Kentucky,SEC,Fr,19.5,56.0,14.7,0.5509000000000001,2.3,6.3,27.2,18.3,0.2,2.6,31.5,0.429,0.467,0.808,7.29711,5.08731,2.2098
c9cc6c3c-4f31-5253-815d-3a6a7486e05c,2016,Kentucky,SEC,So,20.5,88.5,24.1,0.5668,1.7,7.1,34.3,13.0,0.3,2.3,44.1,0.344,0.362,0.856,8.93687,8.62073,0.316136
ca0b3dc4-b197-5f13-a2f0-cab4ad210697,2023,Saint Joseph's,A10,Fr,19.0,47.8,16.4,0.5266,10.3,17.7,5.8,18.2,5.1,2.3,28.0,0.297,0.493,0.69,1.88963,-0.420605,2.31023
ca0b3dc4-b197-5f13-a2f0-cab4ad210697,2024,Saint Joseph's,A10,So,20.0,66.6,18.8,0.5996,10.9,20.4,5.9,11.3,6.8,1.8,36.7,0.324,0.393,0.612,5.62342,2.33958,3.28384
ca0b3dc4-b197-5f13-a2f0-cab4ad210697,2025,Saint Joseph's,A10,Jr,21.0,77.6,20.4,0.6381,7.6,22.8,8.5,14.2,4.9,2.6,28.5,0.39,0.449,0.743,6.78101,2.92491,3.85611
ca2ede35-9a96-5299-940f-2c0c26350218,2008,Alabama A&M,SWAC,Sr,22.5,77.7,18.5,0.5157,6.8,24.1,5.5,20.0,14.1,1.5,61.6,0.0,0.01,0.705,1.93426,-4.90152,6.83578
ca4e4123-08af-59ce-9282-6a8f8d72d8e4,2018,Auburn,SEC,Fr,19.9,54.0,16.4,0.5614,10.1,19.4,9.6,12.2,3.9,1.7,27.4,0.391,0.433,0.673,6.76308,3.50824,3.25485
ca4e4123-08af-59ce-9282-6a8f8d72d8e4,2019,Auburn,SEC,So,20.9,69.0,20.9,0.598,11.0,16.6,12.6,16.6,5.5,3.7,26.8,0.388,0.414,0.722,12.5748,6.77459,5.80024
ca513208-2426-5c8f-93d5-e9a637b6da00,2011,California,P10,Fr,19.2,78.0,18.3,0.5820000000000001,2.4,15.9,12.2,14.0,1.5,1.6,29.5,0.4,0.497,0.804,5.80729,4.06013,1.74716
ca513208-2426-5c8f-93d5-e9a637b6da00,2012,California,P12,So,20.2,85.1,21.4,0.5642,3.5,16.5,12.2,12.9,1.8,0.9,21.4,0.399,0.501,0.843,5.94037,3.99633,1.94404
ca513208-2426-5c8f-93d5-e9a637b6da00,2013,California,P12,Jr,21.2,90.2,25.4,0.5683,3.3,14.8,16.2,16.4,1.9,1.9,29.7,0.348,0.393,0.813,6.57666,4.44354,2.13312
ca6eaefe-0647-5967-9b6c-aff88eeb37c9,2008,Memphis,CUSA,Fr,19.5,72.5,26.8,0.5596,5.0,11.7,30.4,19.2,1.3,2.3,47.0,0.337,0.239,0.712,8.7751,5.59602,3.17909
ca89c2aa-8d61-5c34-b9e2-d1ec613aa17e,2008,Kentucky,SEC,Sr,22.5,80.1,27.1,0.5813,4.2,8.7,16.0,18.5,0.6,1.0,32.4,0.364,0.431,0.762,1.66295,3.46446,-1.80151
ca92cfa1-dc89-50da-beb9-4f5d51e8bb70,2025,Georgetown,BE,Fr,19.5,55.3,24.2,0.5802,9.5,21.9,15.6,17.4,7.6,2.7,42.0,0.162,0.148,0.724,7.52948,1.49932,6.03016
caadfaee-32d6-5e3f-958c-c62edbbe5baa,2008,Maryland,ACC,Sr,22.5,77.4,23.7,0.5644,6.7,18.9,9.0,19.9,6.7,2.2,39.9,0.31,0.182,0.737,5.86096,1.24266,4.6183
caca91e4-c2a7-5775-ab59-79e73f27f85c,2015,UC Santa Barbara,BW,Fr,19.0,55.6,20.1,0.5575,2.4,7.5,17.8,12.1,0.3,2.1,22.5,0.414,0.599,0.66,3.57645,4.58032,-1.00388
caca91e4-c2a7-5775-ab59-79e73f27f85c,2016,UC Santa Barbara,BW,So,20.0,80.2,22.3,0.5252,2.2,8.4,14.5,14.3,0.6,2.2,18.3,0.376,0.521,0.831,3.21838,2.64635,0.572031
caca91e4-c2a7-5775-ab59-79e73f27f85c,2017,UC Santa Barbara,BW,Jr,21.0,56.4,25.6,0.4681,2.8,10.5,17.7,11.9,0.2,1.5,22.8,0.309,0.556,0.754,-0.474722,1.58138,-2.0561
caca91e4-c2a7-5775-ab59-79e73f27f85c,2018,UC Santa Barbara,BW,Sr,22.0,75.6,20.8,0.5738,0.4,7.1,20.9,11.9,0.7,2.2,27.3,0.373,0.473,0.805,2.31119,3.5715,-1.26031
cacf9a6c-ee88-5e81-bf83-d3877e50c1a2,2016,Louisville,ACC,Fr,19.4,21.5,20.1,0.5506,4.3,15.4,9.0,29.0,0.4,1.4,39.7,0.35,0.294,0.741,-1.14392,-2.5694,1.42549
cacf9a6c-ee88-5e81-bf83-d3877e50c1a2,2017,Louisville,ACC,So,20.4,72.4,19.9,0.5283,2.6,13.8,12.8,13.3,1.4,1.2,28.8,0.349,0.378,0.771,5.0267,3.19204,1.83466
cacf9a6c-ee88-5e81-bf83-d3877e50c1a2,2018,Louisville,ACC,Jr,21.4,77.1,23.5,0.5542,2.3,14.3,16.5,16.8,1.0,1.1,33.0,0.35,0.36,0.786,2.83041,2.2287,0.601711
cb149c07-499b-5c6f-af93-218bc3608de6,2012,Colorado,P12,Fr,19.2,69.1,19.1,0.5739,2.9,11.5,12.5,15.9,1.1,1.7,59.1,0.447,0.405,0.81,4.1431,2.50419,1.63891
cb149c07-499b-5c6f-af93-218bc3608de6,2013,Colorado,P12,So,20.2,80.1,24.2,0.5913,1.0,9.8,20.2,17.1,1.6,2.5,76.7,0.338,0.444,0.825,7.16188,4.9084,2.25348
cb149c07-499b-5c6f-af93-218bc3608de6,2014,Colorado,P12,Jr,21.2,37.4,21.5,0.6666,1.8,9.6,26.3,15.6,0.8,2.9,90.8,0.413,0.481,0.857,8.91406,7.01921,1.89485
cb2603fe-a930-5a2c-8efe-a25b8afcfbee,2017,Eastern Washington,BSky,Sr,22.8,83.6,29.5,0.6887000000000001,10.1,21.0,15.1,22.5,8.6,1.3,47.0,0.714,0.018,0.824,5.62158,2.65091,2.97067
cb2af4b4-d6c3-5cf8-9f91-c51b4eb6a336,2018,Austin Peay,OVC,Fr,18.8,78.9,22.1,0.6204,13.4,18.8,4.4,14.5,3.8,1.0,37.6,0.432,0.253,0.74,3.72162,3.79862,-0.0769954
cb2af4b4-d6c3-5cf8-9f91-c51b4eb6a336,2019,Austin Peay,OVC,So,19.8,83.6,26.7,0.6017,10.8,19.9,10.7,12.0,3.0,1.7,30.4,0.348,0.304,0.738,5.38236,5.4774,-0.0950376
cb2af4b4-d6c3-5cf8-9f91-c51b4eb6a336,2020,Austin Peay,OVC,Jr,20.8,91.9,26.8,0.5934,12.3,23.4,9.2,14.2,3.9,2.1,31.9,0.319,0.246,0.636,5.42244,4.42274,0.999708
cb2af4b4-d6c3-5cf8-9f91-c51b4eb6a336,2021,Austin Peay,OVC,Sr,21.8,92.6,28.2,0.5754,16.4,21.0,10.3,14.9,2.9,1.9,30.6,0.275,0.194,0.786,4.80776,4.76866,0.0390969
cb3072a4-4b30-5455-8474-6d0d9c9d87be,2018,Washington,P12,Fr,19.0,80.4,26.2,0.535,3.6,10.8,17.7,16.6,0.9,1.8,27.8,0.351,0.247,0.8,0.782284,1.10373,-0.321448
cb3072a4-4b30-5455-8474-6d0d9c9d87be,2019,Washington,P12,So,20.0,85.7,25.1,0.5915,3.5,14.9,20.8,20.3,0.8,2.2,28.1,0.44,0.267,0.779,3.51724,2.14258,1.37466
cb3e76a7-3906-542d-b5f3-a7a6812b608e,2014,Indiana,B10,Fr,18.8,61.8,21.5,0.6043,10.8,27.3,4.9,21.8,5.4,1.9,62.0,0.485,0.153,0.716,5.23836,0.664699,4.57366
cb44c42d-386b-5b71-891f-3bb426eacbfc,2015,Ohio St.,B10,Fr,19.7,54.7,20.1,0.5868,10.5,15.9,3.0,16.3,3.1,2.4,47.7,0.158,0.089,0.52,2.79099,1.28874,1.50225
cb44c42d-386b-5b71-891f-3bb426eacbfc,2016,Ohio St.,B10,So,20.7,57.3,21.4,0.5478000000000001,7.7,16.1,11.5,15.1,1.2,2.5,32.8,0.35,0.154,0.518,4.606,2.28114,2.32486
cb44c42d-386b-5b71-891f-3bb426eacbfc,2017,Ohio St.,B10,Jr,21.7,79.5,23.5,0.5665,7.1,14.8,13.5,17.3,1.7,1.9,45.0,0.222,0.108,0.573,4.53956,2.63208,1.90748
cb44c42d-386b-5b71-891f-3bb426eacbfc,2018,Ohio St.,B10,Sr,22.7,73.2,22.7,0.5818,5.4,18.9,18.7,19.3,2.2,2.1,35.8,0.314,0.114,0.591,6.6597,2.72889,3.93081
cb4d3b22-2dd8-5d01-8fa8-a27b30d66039,2016,San Jose St.,MWC,Fr,19.8,59.3,17.6,0.6193,9.8,16.7,13.6,14.5,5.9,1.8,56.4,0.167,0.038,0.568,5.45346,1.37768,4.07579
cb4d3b22-2dd8-5d01-8fa8-a27b30d66039,2017,San Jose St.,MWC,So,20.8,82.1,25.1,0.5871999999999999,10.1,22.2,17.2,11.8,8.2,2.0,36.9,0.333,0.008,0.573,8.71947,3.48239,5.23707
cb4d3b22-2dd8-5d01-8fa8-a27b30d66039,2019,Gonzaga,WCC,Jr,22.8,70.2,24.0,0.6989,13.9,19.7,12.1,12.7,10.8,2.3,42.0,0.267,0.04,0.694,16.5978,7.78484,8.81295
cb53a310-d814-573c-89bd-b1a49e63d12c,2019,Duke,ACC,Fr,19.0,64.9,28.2,0.7019,12.8,18.0,15.0,15.2,5.8,3.9,46.7,0.338,0.163,0.64,16.4614,10.1571,6.30437
cb7fbee4-37d2-521a-a9c4-04d78c790ce4,2013,Michigan,B10,Fr,19.7,76.4,16.4,0.6305,2.1,9.6,7.8,14.3,0.8,1.2,28.0,0.439,0.608,0.843,6.64024,5.61116,1.02908
cb7fbee4-37d2-521a-a9c4-04d78c790ce4,2014,Michigan,B10,So,20.7,86.0,23.9,0.6417,1.6,8.8,18.8,14.0,0.9,1.0,51.8,0.442,0.528,0.824,7.54239,7.75133,-0.208945
cb86b7b7-5ac1-5da2-af2f-2fee74e17c9a,2008,BYU,MWC,Jr,21.5,66.7,30.3,0.5506,9.4,21.2,13.8,16.8,3.7,0.9,68.7,0.0,0.0,0.54,3.01178,-0.178839,3.19062
cbb3a59a-1f14-506b-a073-d9369381d673,2008,Kentucky,SEC,Fr,19.5,70.9,22.9,0.607,11.0,15.3,12.0,15.5,3.9,1.4,42.2,0.0,0.011,0.731,5.95019,3.78934,2.16085
cbb3a59a-1f14-506b-a073-d9369381d673,2009,Kentucky,SEC,So,20.5,79.2,22.7,0.6373,10.6,20.4,13.2,14.3,6.4,1.0,42.2,0.0,0.003,0.768,8.83666,4.75497,4.08169
cbb3a59a-1f14-506b-a073-d9369381d673,2010,Kentucky,SEC,Jr,21.5,81.8,17.2,0.6242,10.6,13.4,5.5,10.7,4.1,1.2,34.8,0.348,0.184,0.692,9.03538,5.77231,3.26307
cbbf019c-cc32-5ce2-ae0d-24bb38493ec7,2010,Texas A&M,B12,Fr,18.9,52.0,18.9,0.5543,6.6,12.7,10.4,18.2,1.4,2.5,38.9,0.337,0.53,0.75,7.01126,3.72863,3.28263
cbbf019c-cc32-5ce2-ae0d-24bb38493ec7,2011,Texas A&M,B12,So,19.9,73.7,27.5,0.561,8.1,13.4,23.6,21.0,0.2,2.4,42.4,0.373,0.298,0.779,6.63155,4.33841,2.29314
cbbf019c-cc32-5ce2-ae0d-24bb38493ec7,2012,Texas A&M,B12,Jr,20.9,44.3,28.6,0.4832,5.7,15.8,19.0,16.5,1.1,2.1,22.2,0.257,0.316,0.75,3.84748,1.98982,1.85766
cbdcb0f0-4f15-584c-982b-d6479a88df40,2017,Miami FL,ACC,Fr,20.5,42.0,18.6,0.5525,9.8,11.3,2.3,17.8,5.0,1.4,35.2,0.0,0.014,0.647,1.85429,-0.562873,2.41716
cbdcb0f0-4f15-584c-982b-d6479a88df40,2018,Miami FL,ACC,So,21.5,64.0,21.3,0.6004999999999999,9.3,20.9,3.4,14.7,4.1,1.1,40.4,0.0,0.012,0.689,2.68799,0.981472,1.70652
cc05762d-4e86-5628-99b7-a3ec13c809e8,2017,Colorado,P12,Sr,23.0,81.6,25.9,0.6267,3.5,10.7,28.3,16.6,4.8,2.2,43.5,0.401,0.355,0.805,9.52701,7.06097,2.46604
cc130078-b786-52cc-bc6a-3abeb1d72e20,2021,Kentucky,SEC,Fr,19.6,75.9,21.4,0.4472,4.7,11.1,11.3,12.5,0.5,2.5,22.4,0.3,0.345,0.785,2.93894,1.98044,0.958504
cce87846-0577-5978-b5bc-3e2240ba72eb,2023,Duke,ACC,Fr,19.6,72.7,28.9,0.5326,10.4,24.6,11.0,18.4,2.6,2.7,39.6,0.282,0.289,0.765,5.32082,1.82826,3.49257
cce87846-0577-5978-b5bc-3e2240ba72eb,2024,Duke,ACC,So,20.6,76.0,27.7,0.5745,8.6,22.6,18.4,14.9,5.2,2.3,38.4,0.348,0.257,0.671,10.5266,4.95137,5.57521
cd030651-e7be-5796-bf1c-3b3d4c503f7b,2024,Duke,ACC,Fr,20.3,79.0,19.7,0.6114,3.0,15.3,10.7,12.2,0.3,2.0,23.0,0.414,0.554,0.885,6.98539,5.23744,1.74795
cd04f1eb-acc1-548c-8bf8-65a2a705c547,2019,Florida St.,ACC,Fr,18.8,23.5,19.1,0.5631,4.3,12.2,12.1,10.3,3.4,3.0,23.5,0.419,0.521,0.679,8.13468,4.41028,3.7244
cd04f1eb-acc1-548c-8bf8-65a2a705c547,2020,Florida St.,ACC,So,19.8,69.0,18.9,0.5848,5.2,15.4,11.2,8.1,4.1,2.8,22.1,0.415,0.361,0.738,9.171,5.44525,3.72575
cd288209-3575-50c5-8396-1d69edf5e1f3,2021,Morehead St.,OVC,Fr,18.9,62.7,26.9,0.5801,14.6,25.9,7.1,16.8,8.3,1.3,35.7,0.0,0.0,0.627,3.8917,0.252269,3.63943
cd288209-3575-50c5-8396-1d69edf5e1f3,2022,Morehead St.,OVC,So,19.9,72.7,30.5,0.5669,13.1,27.2,11.4,16.0,13.4,1.6,29.5,0.0,0.012,0.659,7.03264,-0.057777,7.09042
cd288209-3575-50c5-8396-1d69edf5e1f3,2023,Auburn,SEC,So,20.9,64.0,27.0,0.5464,12.4,22.9,12.0,14.0,9.6,1.9,34.0,0.29,0.084,0.56,8.98507,2.84187,6.14319
cd288209-3575-50c5-8396-1d69edf5e1f3,2024,Auburn,SEC,Jr,21.9,61.9,29.7,0.5945,11.6,25.8,18.9,12.2,9.3,2.0,45.7,0.354,0.198,0.615,13.7027,6.18834,7.51435
cd288209-3575-50c5-8396-1d69edf5e1f3,2025,Auburn,SEC,Sr,22.9,71.4,30.6,0.547,14.1,26.0,19.5,9.9,7.5,1.8,39.0,0.278,0.174,0.587,13.718,7.0045,6.71348
cd40899d-7728-5472-a417-a6fe491ad84a,2013,Kansas,B12,Fr,20.0,8.3,26.8,0.4545,7.1,17.8,1.6,19.2,1.7,1.9,29.6,0.278,0.667,0.625,-4.62937,-2.58194,-2.04743
cd40899d-7728-5472-a417-a6fe491ad84a,2014,Kansas,B12,So,21.0,8.1,18.8,0.5542,4.4,17.2,6.4,18.8,2.8,2.6,35.3,0.32,0.735,0.5,4.75995,2.5541,2.20585
cd40899d-7728-5472-a417-a6fe491ad84a,2016,Nebraska,B10,Jr,23.0,73.7,23.8,0.615,4.6,18.9,4.4,13.1,1.2,2.3,27.4,0.412,0.521,0.775,3.70581,4.19505,-0.489245
cd40899d-7728-5472-a417-a6fe491ad84a,2017,Syracuse,ACC,Sr,24.0,92.4,20.9,0.6039,2.6,11.3,6.1,12.4,1.1,2.6,31.1,0.4,0.618,0.837,5.14121,5.14293,-0.00171824
cd8b01cc-08a8-55f8-a9b1-e7aa8e1d70bd,2013,Georgia St.,CAA,Fr,19.7,82.8,25.4,0.5638000000000001,3.5,15.2,12.7,11.9,3.2,3.2,33.6,0.359,0.496,0.777,4.01571,4.26349,-0.247777
cd8b01cc-08a8-55f8-a9b1-e7aa8e1d70bd,2014,Georgia St.,SB,So,20.7,80.4,23.6,0.6163000000000001,1.1,14.4,10.4,8.1,3.6,3.6,38.6,0.397,0.619,0.872,7.40626,5.91763,1.48863
cd8b01cc-08a8-55f8-a9b1-e7aa8e1d70bd,2015,Georgia St.,SB,Jr,21.7,92.1,28.5,0.5493,2.8,12.4,19.7,12.9,3.6,3.6,44.5,0.298,0.505,0.887,7.16987,5.36971,1.80016
cdba6005-fa38-55c0-b781-786912d98988,2022,Pepperdine,WCC,Fr,19.9,30.9,29.4,0.5256000000000001,4.5,12.8,13.8,22.3,3.0,3.3,22.7,0.361,0.472,0.775,0.177309,-0.372248,0.549557
cdba6005-fa38-55c0-b781-786912d98988,2023,Pepperdine,WCC,So,20.9,77.5,27.8,0.5481,4.2,15.5,16.3,20.1,2.5,1.4,34.5,0.325,0.318,0.785,0.0250311,0.0192182,0.00581295
cdc7b193-f80e-5739-83b0-1087afc28161,2008,Stanford,P10,So,20.5,28.4,20.2,0.47119999999999995,4.9,13.4,15.7,19.8,1.7,1.6,25.2,0.355,0.488,0.625,3.66342,1.37891,2.28452
cdc7b193-f80e-5739-83b0-1087afc28161,2009,Stanford,P10,Jr,21.5,76.6,21.6,0.5688,9.0,18.1,12.6,16.5,1.7,2.4,37.4,0.368,0.271,0.65,7.12321,4.37117,2.75203
cdc7b193-f80e-5739-83b0-1087afc28161,2010,Stanford,P10,Sr,22.5,90.3,31.0,0.5604,7.9,20.6,19.6,13.6,2.3,2.6,50.8,0.337,0.17,0.696,8.84988,5.63181,3.21807
ce11e4c7-76dd-5842-9b46-99e21e9ed553,2015,TCU,B12,So,20.6,68.9,17.4,0.5296,11.4,16.1,10.4,13.7,3.6,2.0,52.3,0.355,0.145,0.607,6.95824,3.23193,3.72631
ce11e4c7-76dd-5842-9b46-99e21e9ed553,2017,TCU,B12,Jr,22.6,79.2,17.7,0.5720000000000001,12.0,22.8,15.3,12.0,2.1,2.7,30.8,0.363,0.386,0.586,10.9519,6.63578,4.31615
ce11e4c7-76dd-5842-9b46-99e21e9ed553,2018,TCU,B12,Sr,23.6,85.7,19.5,0.5665,9.7,21.5,18.1,16.5,1.4,2.8,29.4,0.391,0.353,0.688,9.56143,5.83167,3.72976
ce4eddc5-a65b-5faf-afed-dbe0aafdb619,2016,California,P12,Fr,19.4,70.9,20.4,0.6355,11.2,21.4,6.6,15.2,4.1,1.1,58.8,0.5,0.008,0.669,7.46516,3.40575,4.05941
ce4eddc5-a65b-5faf-afed-dbe0aafdb619,2017,California,P12,So,20.4,73.3,24.2,0.5414,10.7,25.7,10.9,16.5,3.3,1.3,59.9,0.4,0.064,0.663,4.88552,0.721092,4.16443
ce5de38a-8400-5a88-b205-88beba3a0ef4,2015,UNLV,MWC,Fr,18.9,57.3,28.8,0.5473,2.3,13.9,12.2,14.4,1.1,1.5,29.9,0.383,0.43,0.694,0.906525,2.5904,-1.68387
ce9a6bc1-e80c-5675-a5fe-78b77d3244df,2023,Kansas St.,B12,Jr,22.5,66.8,18.9,0.5615,10.1,15.3,8.5,14.1,4.0,2.5,28.6,0.275,0.235,0.738,6.86852,2.66298,4.20554
ce9a6bc1-e80c-5675-a5fe-78b77d3244df,2024,Memphis,Amer,Sr,23.5,43.4,19.4,0.6783,9.6,14.7,5.1,11.2,4.8,1.6,33.0,0.396,0.282,0.774,5.65815,4.62965,1.0285
cea1fe88-fe0f-582b-99f8-a20c375fe883,2017,Saint Joseph's,A10,Fr,20.4,84.7,18.2,0.5177,3.3,13.5,6.5,10.6,2.5,1.3,24.1,0.384,0.538,0.819,2.213,1.46371,0.74929
cea1fe88-fe0f-582b-99f8-a20c375fe883,2019,Saint Joseph's,A10,So,22.4,86.0,27.3,0.5512,6.4,13.1,10.1,11.1,2.7,1.7,33.8,0.358,0.37,0.845,2.27951,3.04744,-0.767928
ceaaaf3e-f89b-5f1a-bb34-1a033c4255ab,2010,Washington St.,P10,Fr,19.4,44.1,16.5,0.47479999999999994,2.9,6.9,14.3,19.4,0.2,2.7,29.8,0.265,0.26,0.641,-0.864116,-0.191737,-0.672379
ceaaaf3e-f89b-5f1a-bb34-1a033c4255ab,2012,San Diego St.,MWC,So,21.4,80.6,19.8,0.5183,1.7,9.3,23.3,22.6,0.7,1.7,50.0,0.308,0.213,0.828,1.72493,0.347516,1.37741
ceaaaf3e-f89b-5f1a-bb34-1a033c4255ab,2013,San Diego St.,MWC,Jr,22.4,62.5,20.4,0.4747,1.9,8.7,16.3,18.3,1.2,2.3,36.9,0.34,0.429,0.837,2.11573,0.41453,1.7012
ceaaaf3e-f89b-5f1a-bb34-1a033c4255ab,2014,San Diego St.,MWC,Sr,23.4,79.6,28.3,0.5556,2.1,8.7,24.7,10.1,0.5,3.3,52.6,0.367,0.355,0.838,9.30694,7.43954,1.86741
cecf7c6f-481e-5a28-889a-7bc24fa4b2d5,2010,Valparaiso,Horz,Fr,19.8,39.6,20.5,0.565,11.0,20.1,10.9,13.1,2.9,1.9,28.1,0.357,0.671,0.78,3.59379,5.01207,-1.41828
cecf7c6f-481e-5a28-889a-7bc24fa4b2d5,2011,Valparaiso,Horz,So,20.8,69.3,15.9,0.6228,4.6,16.7,12.3,15.2,4.0,2.2,23.5,0.458,0.56,0.764,6.50771,3.2464,3.26131
cecf7c6f-481e-5a28-889a-7bc24fa4b2d5,2012,Valparaiso,Horz,Jr,21.8,81.1,22.0,0.6385000000000001,7.8,24.0,15.9,14.7,1.9,2.5,45.4,0.399,0.517,0.783,9.49521,6.7035,2.79171
cecf7c6f-481e-5a28-889a-7bc24fa4b2d5,2013,Valparaiso,Horz,Sr,22.8,80.2,23.5,0.6204,5.3,23.0,15.7,15.8,2.6,2.0,38.0,0.417,0.564,0.881,7.85468,5.58852,2.26616
cf30433e-3bed-5cf4-8b07-d350cf73f0e5,2013,Baylor,B12,Fr,19.3,8.8,22.9,0.6433,12.7,19.4,3.4,17.9,0.8,3.2,38.6,0.333,0.136,0.765,2.84859,3.00407,-0.155476
cf30433e-3bed-5cf4-8b07-d350cf73f0e5,2014,Baylor,B12,So,20.3,34.6,25.4,0.5485,9.4,13.8,9.0,24.2,1.5,2.4,49.7,0.359,0.239,0.704,1.63115,0.994195,0.636951
cf30433e-3bed-5cf4-8b07-d350cf73f0e5,2015,Baylor,B12,Jr,21.3,63.5,26.1,0.5725,8.1,16.3,11.6,18.9,3.9,3.5,28.6,0.401,0.429,0.643,9.50148,5.34082,4.16065
cf30433e-3bed-5cf4-8b07-d350cf73f0e5,2016,Baylor,B12,Sr,22.3,76.2,27.2,0.5366,8.9,14.7,15.4,18.9,2.7,2.3,33.6,0.361,0.346,0.769,5.92391,4.20784,1.71606
cf62910b-a8b8-5033-be92-56a25bfc628d,2021,Florida Atlantic,CUSA,Fr,19.5,15.6,17.7,0.4966,9.2,13.6,9.8,8.2,1.9,1.9,25.0,0.3,0.556,0.444,1.66034,2.1036,-0.443264
cf62910b-a8b8-5033-be92-56a25bfc628d,2022,Florida Atlantic,CUSA,So,20.5,72.5,21.5,0.5986,4.4,17.7,9.3,16.5,1.4,3.2,23.6,0.396,0.596,0.757,4.6235,3.07212,1.55138
cf62910b-a8b8-5033-be92-56a25bfc628d,2023,Florida Atlantic,CUSA,So,21.5,61.0,24.3,0.5732,6.8,14.5,10.7,14.9,1.2,2.2,29.6,0.38,0.537,0.777,6.03663,4.19674,1.83989
cf62910b-a8b8-5033-be92-56a25bfc628d,2024,Florida Atlantic,Amer,Jr,22.5,75.0,20.8,0.5365,5.6,15.8,9.3,12.8,0.9,3.1,23.7,0.338,0.556,0.75,4.70017,3.45574,1.24444
cf62910b-a8b8-5033-be92-56a25bfc628d,2025,Florida,SEC,Sr,23.5,72.2,20.6,0.5765,4.5,10.8,12.3,13.1,0.6,2.7,28.0,0.35,0.541,0.761,8.38395,6.03257,2.35138
cf647ce6-1ec9-5d05-9b8e-daee0550dac7,2019,Kansas,B12,Fr,19.1,67.9,18.2,0.49579999999999996,2.0,7.6,12.7,21.6,0.7,1.3,21.0,0.34,0.576,0.603,1.74886,0.896885,0.85197
cf647ce6-1ec9-5d05-9b8e-daee0550dac7,2020,Houston,Amer,So,20.1,67.0,23.7,0.5418,2.6,12.1,19.2,21.2,0.9,1.7,35.9,0.326,0.449,0.66,3.83665,2.73138,1.10527
cf647ce6-1ec9-5d05-9b8e-daee0550dac7,2021,Houston,Amer,Jr,21.1,79.4,25.3,0.5577000000000001,5.4,14.1,12.6,13.5,1.2,2.6,26.5,0.403,0.582,0.788,8.00347,6.57106,1.43241
cf6f3a6f-f490-5bdd-a476-8dc031d6c3ea,2008,Wichita St.,MVC,So,20.5,75.6,21.7,0.4874,1.9,11.0,27.4,26.3,0.3,0.8,31.5,0.287,0.475,0.877,-2.05228,-0.211007,-1.84128
cf7c02b6-f0c0-5648-a743-1f3024889020,2019,Pepperdine,WCC,Fr,18.9,73.2,17.1,0.5621,5.1,17.4,5.9,16.0,3.9,2.2,23.4,0.371,0.498,0.71,2.29111,0.570723,1.72038
cf7c02b6-f0c0-5648-a743-1f3024889020,2020,Pepperdine,WCC,So,19.9,81.3,18.8,0.6065999999999999,8.5,17.9,8.1,12.4,6.1,1.6,36.7,0.417,0.408,0.754,6.23141,3.72955,2.50186
cf7c02b6-f0c0-5648-a743-1f3024889020,2021,Pepperdine,WCC,Jr,20.9,83.6,22.2,0.601,4.2,18.5,7.2,13.5,3.7,1.4,31.3,0.383,0.371,0.887,4.43081,2.77686,1.65395
cf8cff0c-578e-5ea5-9fea-300d17c70ce6,2013,N.C. State,ACC,Fr,19.4,63.6,18.0,0.507,3.2,7.3,8.7,18.2,0.2,1.3,32.9,0.385,0.313,0.512,-0.166034,1.20585,-1.37188
cf8cff0c-578e-5ea5-9fea-300d17c70ce6,2015,Connecticut,Amer,So,21.4,67.4,24.0,0.5146999999999999,1.3,8.3,10.1,17.6,0.6,1.8,23.2,0.36,0.446,0.538,-1.26559,-0.0721656,-1.19342
cf8cff0c-578e-5ea5-9fea-300d17c70ce6,2016,Connecticut,Amer,Jr,22.4,71.4,23.1,0.5449,1.9,9.4,14.5,13.8,0.4,1.9,26.3,0.385,0.484,0.657,3.13799,2.71299,0.424999
cf8cff0c-578e-5ea5-9fea-300d17c70ce6,2017,Connecticut,Amer,Sr,23.4,91.3,20.8,0.5021,1.2,10.9,14.8,14.3,0.7,1.7,23.5,0.336,0.559,0.813,2.23693,1.88329,0.353646
cfaceef5-6cea-52c8-87ed-9bc364250f2c,2015,Saint Mary's,WCC,Fr,19.7,8.3,24.6,0.6052000000000001,3.9,19.2,4.8,28.4,5.6,0.0,41.9,0.0,0.0,0.538,-5.42051,-6.03856,0.618052
cfaceef5-6cea-52c8-87ed-9bc364250f2c,2016,Saint Mary's,WCC,So,20.7,36.4,26.3,0.6515000000000001,10.2,21.1,9.0,16.3,2.5,1.2,50.9,1.0,0.006,0.762,2.6231,1.94079,0.682312
cfaceef5-6cea-52c8-87ed-9bc364250f2c,2017,Saint Mary's,WCC,Jr,21.7,70.7,30.3,0.6399,14.9,27.4,14.4,16.2,4.5,0.7,42.1,0.222,0.048,0.722,9.28099,4.90391,4.37708
cfaceef5-6cea-52c8-87ed-9bc364250f2c,2018,Saint Mary's,WCC,Sr,22.7,82.4,30.1,0.6684,12.5,26.6,13.5,14.6,3.2,0.7,44.5,0.3,0.021,0.746,7.39605,5.51149,1.88455
cfb2c054-204f-5f70-b2b6-c8db978ffc2b,2016,Arizona,P12,Fr,20.2,10.0,17.6,0.5296,10.7,18.5,6.4,18.6,4.9,0.4,48.5,0.0,0.0,0.688,2.28586,-0.265424,2.55129
cfb2c054-204f-5f70-b2b6-c8db978ffc2b,2017,Arizona,P12,So,21.2,45.3,17.5,0.6069,7.7,15.5,3.7,19.3,2.3,0.4,47.4,0.0,0.0,0.73,1.69544,0.532715,1.16272
d0068b72-a18d-5014-bebf-656979e19148,2023,Duke,ACC,Fr,19.4,48.5,12.8,0.6574,12.3,17.8,9.8,15.7,12.8,1.5,29.7,0.154,0.11,0.6,13.7218,3.65511,10.0667
d00d212c-7d41-5344-ac0c-f7b2939ae308,2013,Pittsburgh,BE,Fr,19.9,56.1,18.0,0.5546,15.3,19.1,5.4,16.9,11.2,1.9,40.0,0.0,0.0,0.443,9.67417,2.03264,7.64152
d06d74cf-c268-5a01-947b-8a0c31b7d4b4,2022,Wisconsin,B10,Fr,19.4,77.3,15.4,0.4989,0.9,7.3,14.1,14.8,0.5,2.1,23.7,0.355,0.466,0.696,3.02045,1.08575,1.93469
d06d74cf-c268-5a01-947b-8a0c31b7d4b4,2023,Wisconsin,B10,So,20.4,78.4,24.3,0.4863,1.7,9.6,19.8,12.1,0.2,2.9,19.4,0.405,0.417,0.718,3.7336,1.74899,1.9846
d06d74cf-c268-5a01-947b-8a0c31b7d4b4,2024,Wisconsin,B10,Jr,21.4,80.1,16.4,0.5311,2.3,10.4,21.0,14.0,0.3,3.9,28.4,0.322,0.429,0.737,8.13111,4.6383,3.49281
d06d74cf-c268-5a01-947b-8a0c31b7d4b4,2025,Louisville,ACC,Sr,22.4,84.3,25.5,0.5861,1.8,9.4,31.3,19.7,0.3,4.0,50.0,0.328,0.5,0.844,8.36756,5.32917,3.03838
d06f493e-6d64-58e7-b6da-3e8304b078d2,2020,St. John's,BE,Fr,19.0,63.8,18.5,0.5304,6.7,19.5,5.6,13.6,3.7,2.6,25.8,0.312,0.288,0.754,3.93112,1.01275,2.91837
d06f493e-6d64-58e7-b6da-3e8304b078d2,2021,St. John's,BE,So,20.0,75.1,25.9,0.5644,5.3,19.8,7.9,12.0,3.2,2.4,30.0,0.377,0.415,0.887,4.91972,4.01926,0.900459
d06f493e-6d64-58e7-b6da-3e8304b078d2,2022,St. John's,BE,Jr,21.0,82.2,25.5,0.5067,4.1,16.5,11.0,9.1,3.5,3.1,21.3,0.337,0.361,0.781,4.9245,3.0628,1.8617
d0bf0a07-9b5d-57ad-a25a-fd877eeba11a,2012,Radford,BSth,Fr,18.9,56.0,26.7,0.511,12.6,22.7,5.4,16.5,2.6,3.4,42.7,0.2,0.119,0.62,-0.964308,-1.30212,0.337814
d0bf0a07-9b5d-57ad-a25a-fd877eeba11a,2013,Radford,BSth,So,19.9,69.4,28.5,0.5341,10.6,22.1,14.3,15.8,2.3,4.3,51.2,0.2,0.077,0.599,3.71753,1.23931,2.47822
d0bf0a07-9b5d-57ad-a25a-fd877eeba11a,2014,Radford,BSth,Jr,20.9,65.5,30.2,0.5795,9.6,27.1,8.8,12.6,2.2,4.2,60.2,0.323,0.086,0.681,1.84541,2.13817,-0.292757
d0bf0a07-9b5d-57ad-a25a-fd877eeba11a,2015,Radford,BSth,Sr,21.9,66.8,29.8,0.5832,12.3,27.2,11.0,15.6,3.5,4.4,65.6,0.111,0.028,0.702,5.23583,2.48977,2.74606
d0d26ae8-0b54-5db7-b56d-101649df50f6,2008,Memphis,CUSA,Jr,21.5,59.8,19.6,0.49920000000000003,10.9,17.1,7.0,17.0,7.0,2.4,41.2,0.303,0.116,0.675,8.30336,1.54188,6.76148
d0d26ae8-0b54-5db7-b56d-101649df50f6,2009,Memphis,CUSA,Sr,22.5,75.3,21.0,0.5937,10.7,16.5,9.3,18.2,5.6,2.5,53.8,0.375,0.175,0.721,10.3938,3.86323,6.53056
d0d5c572-14f0-5e50-af0c-22d570d38b91,2018,Duke,ACC,Fr,19.2,66.6,23.4,0.6281,12.8,23.1,13.0,18.2,7.6,1.7,52.7,0.413,0.144,0.738,11.6436,5.02571,6.6179
d0dc7ca8-25a5-57b0-96d8-e52a8a8cbeb7,2008,Kansas,B12,So,20.5,51.3,21.2,0.5654,2.0,8.1,22.3,23.1,0.4,2.8,23.1,0.362,0.418,0.776,5.786,3.92275,1.86324
d0dc7ca8-25a5-57b0-96d8-e52a8a8cbeb7,2009,Kansas,B12,Jr,21.5,87.5,27.8,0.551,1.9,7.0,29.0,19.3,0.0,1.8,31.9,0.376,0.393,0.795,4.99326,4.92458,0.0686831
d0dc7ca8-25a5-57b0-96d8-e52a8a8cbeb7,2010,Kansas,B12,Sr,22.5,81.9,23.1,0.5585,0.8,5.6,24.4,17.7,0.2,1.9,31.8,0.37,0.435,0.855,4.49804,5.10548,-0.607437
d0eaef53-ce2b-55c7-b493-1e785d193f6a,2020,Santa Clara,WCC,Fr,19.2,63.9,15.3,0.5399,1.4,11.1,12.6,15.3,2.2,2.8,30.8,0.35,0.432,0.754,2.80541,0.558394,2.24701
d0eaef53-ce2b-55c7-b493-1e785d193f6a,2021,Santa Clara,WCC,So,20.2,74.7,20.5,0.5095000000000001,2.8,11.4,15.3,14.4,2.0,2.1,44.0,0.274,0.369,0.757,3.45124,1.78636,1.66488
d0eaef53-ce2b-55c7-b493-1e785d193f6a,2022,Santa Clara,WCC,Jr,21.2,86.7,24.9,0.6012,2.0,11.7,22.7,13.6,1.5,1.9,33.0,0.396,0.248,0.809,4.94916,4.63197,0.317194
d117bb15-c2f1-56d4-91c2-68c0ce8da32f,2008,Wisconsin,B10,Jr,21.5,73.1,21.4,0.5381,7.7,14.4,10.7,18.4,2.9,1.0,32.6,0.352,0.173,0.765,5.56278,1.77174,3.79104
d117bb15-c2f1-56d4-91c2-68c0ce8da32f,2009,Wisconsin,B10,Sr,22.5,77.1,23.5,0.5585,6.8,13.4,12.7,15.1,4.1,1.6,27.5,0.367,0.239,0.626,6.66492,3.44206,3.22286
d135a6ef-6c2e-5d60-8541-a58bbca503c7,2017,Nebraska,B10,Fr,19.4,35.5,16.1,0.4395,8.6,13.3,9.2,29.6,5.8,2.1,23.6,0.158,0.213,0.762,1.65942,-2.87657,4.53598
d135a6ef-6c2e-5d60-8541-a58bbca503c7,2018,Nebraska,B10,So,20.4,58.0,18.3,0.6496999999999999,7.7,20.0,13.9,20.0,7.6,1.5,59.5,0.405,0.25,0.73,8.92872,2.65442,6.2743
d135a6ef-6c2e-5d60-8541-a58bbca503c7,2019,Nebraska,B10,Jr,21.4,77.8,21.9,0.5318999999999999,6.6,17.8,12.5,17.3,6.4,2.4,40.8,0.333,0.258,0.677,6.17788,1.44855,4.72933
d153d619-8134-51ab-98c3-7ab4ca723fd1,2009,Oklahoma,B12,Fr,19.5,78.1,21.6,0.6057,2.0,5.6,19.0,18.7,0.2,2.1,40.1,0.372,0.495,0.781,5.43119,5.68451,-0.253313
d153d619-8134-51ab-98c3-7ab4ca723fd1,2010,Oklahoma,B12,So,20.5,53.6,29.6,0.5672999999999999,2.4,9.6,28.2,23.6,0.2,1.8,52.5,0.309,0.401,0.795,1.85206,3.19049,-1.33843
d1780e1c-fd60-5ab0-8870-c42c76d729fa,2010,Tennessee St.,OVC,Fr,19.5,66.9,23.5,0.5249,9.5,19.4,10.1,20.2,4.5,2.3,25.2,0.385,0.307,0.797,1.38101,-0.0454477,1.42646
d1780e1c-fd60-5ab0-8870-c42c76d729fa,2011,Tennessee St.,OVC,So,20.5,77.3,21.9,0.6069,8.6,19.7,9.4,20.4,3.4,2.9,24.9,0.476,0.296,0.797,3.08197,1.52048,1.5615
d1780e1c-fd60-5ab0-8870-c42c76d729fa,2012,Tennessee St.,OVC,Jr,21.5,77.5,26.2,0.6275999999999999,11.1,20.2,11.4,17.7,5.4,2.9,33.4,0.438,0.366,0.768,7.93741,4.75988,3.17753
d1780e1c-fd60-5ab0-8870-c42c76d729fa,2013,Tennessee St.,OVC,Sr,22.5,52.5,26.4,0.5379,10.0,18.2,10.0,18.2,6.2,4.0,36.5,0.37,0.35,0.833,5.387,2.20301,3.18399
d1950e47-f461-59ca-9088-fa561e9b475e,2016,Washington,P12,Fr,19.0,61.2,23.7,0.5864,9.8,11.7,6.3,17.6,5.9,1.9,38.3,0.35,0.177,0.685,4.47485,1.99891,2.47593
d1aa7e94-3a30-5ee3-823f-c6f0ffed24f8,2021,Tennessee,SEC,Fr,18.7,60.0,26.2,0.5700999999999999,4.6,10.9,24.1,20.6,2.2,2.7,44.1,0.435,0.203,0.81,4.93376,2.23492,2.69884
d1c406c5-1a81-5488-b41f-abbf47e25485,2009,West Virginia,BE,Fr,19.8,48.0,16.5,0.5119,10.6,18.4,6.7,9.8,3.8,1.9,23.7,0.214,0.072,0.565,5.86783,2.49689,3.37094
d1c406c5-1a81-5488-b41f-abbf47e25485,2010,West Virginia,BE,So,20.8,81.2,18.4,0.5902000000000001,11.9,13.0,7.2,11.0,3.1,1.1,28.5,0.404,0.272,0.661,8.78289,6.25467,2.52822
d1c406c5-1a81-5488-b41f-abbf47e25485,2011,West Virginia,BE,Jr,21.8,87.3,19.4,0.5009,10.6,13.5,7.2,9.7,1.7,1.0,23.5,0.301,0.265,0.604,5.62953,4.25294,1.37659
d1c406c5-1a81-5488-b41f-abbf47e25485,2012,West Virginia,BE,Sr,22.8,93.4,23.0,0.5726,12.5,21.4,7.8,8.8,2.9,1.1,25.8,0.266,0.25,0.78,7.69372,6.33577,1.35795
d24fd028-839c-5d6a-a9c4-3c26fbb9f622,2018,Michigan,B10,Fr,19.0,28.9,23.2,0.5755,0.8,12.8,9.0,12.9,1.4,2.5,29.4,0.362,0.618,0.82,4.46647,2.32156,2.14491
d24fd028-839c-5d6a-a9c4-3c26fbb9f622,2019,Michigan,B10,So,20.0,82.6,20.0,0.5732,0.8,9.4,13.0,14.1,0.7,2.0,24.4,0.369,0.55,0.833,7.31046,3.85024,3.46022
d27166ae-ce9b-5052-b571-374474322947,2022,Milwaukee,Horz,Fr,19.6,25.3,27.2,0.45049999999999996,3.7,17.8,12.2,15.9,2.5,1.7,26.7,0.266,0.489,0.743,-4.49632,-2.91936,-1.57696
d2a23f28-3fec-5553-bc7d-b5c380cbf5af,2011,Texas,B12,Fr,20.3,76.8,23.1,0.5365,13.9,13.6,8.0,14.5,7.2,1.8,82.9,0.0,0.0,0.487,9.62371,3.69761,5.9261
d2d7cc7a-e0e7-5909-8965-21a6b8147aea,2016,Arizona,P12,Fr,20.4,54.5,23.2,0.6029,2.0,10.9,7.6,16.9,0.8,1.1,55.3,0.364,0.42,0.793,3.56775,3.32215,0.2456
d2d7cc7a-e0e7-5909-8965-21a6b8147aea,2017,Arizona,P12,So,21.4,38.9,24.5,0.6124,1.1,17.7,16.6,13.2,0.4,0.7,58.6,0.391,0.439,0.81,6.28893,5.51843,0.770502
d2d7cc7a-e0e7-5909-8965-21a6b8147aea,2018,Arizona,P12,Jr,22.4,79.2,23.1,0.6544,1.3,9.1,17.4,15.5,1.1,1.1,50.1,0.38,0.499,0.865,5.46632,6.03174,-0.565419
d2e76f59-e9c4-53d5-b9b9-b61c020a85e9,2017,UAB,CUSA,Fr,18.8,20.7,13.0,0.6261,0.5,5.9,10.8,25.5,0.4,0.4,7.4,0.444,0.667,0.5,-4.70271,-1.36613,-3.33658
d2e76f59-e9c4-53d5-b9b9-b61c020a85e9,2018,UAB,CUSA,So,19.8,69.6,17.9,0.6344,1.6,9.8,17.3,23.0,1.3,0.9,21.8,0.41,0.618,0.857,1.18465,1.78568,-0.60103
d2e76f59-e9c4-53d5-b9b9-b61c020a85e9,2020,Delaware,CAA,Jr,21.8,95.3,26.7,0.5992000000000001,1.5,10.4,15.2,15.7,0.6,1.2,30.9,0.399,0.548,0.854,0.996558,3.84299,-2.84643
d2f196d9-41bc-5714-a05e-39cd89d215e0,2020,Villanova,BE,Fr,19.6,81.3,19.8,0.5524,9.1,23.2,11.2,20.2,1.7,2.0,39.0,0.328,0.257,0.814,5.58451,1.60406,3.98046
d2f196d9-41bc-5714-a05e-39cd89d215e0,2021,Villanova,BE,So,20.6,85.8,24.1,0.5584,8.6,21.2,13.5,11.8,2.3,1.7,26.9,0.28,0.263,0.714,7.1838,4.44788,2.73591
d2f20e43-17c5-573e-a800-37c132466594,2019,Western Kentucky,CUSA,Fr,19.6,34.0,19.6,0.46590000000000004,4.0,17.7,25.9,32.8,3.9,1.7,34.0,0.216,0.381,0.576,-1.13471,-3.2761,2.14139
d2f20e43-17c5-573e-a800-37c132466594,2021,Nebraska,B10,So,21.6,68.4,22.8,0.4863,3.7,18.4,27.5,21.9,3.6,1.9,39.6,0.241,0.373,0.667,4.53571,0.502535,4.03318
d36c9ee6-f3d6-59fa-8a2d-ed2b512f0672,2020,Northwestern,B10,Sr,24.0,72.6,23.8,0.5055,2.7,12.9,29.2,19.4,0.9,1.6,28.9,0.235,0.182,0.815,2.05823,1.41202,0.646207
d38bf492-f269-5c02-a584-664d95fb3cf3,2022,Buffalo,MAC,Fr,20.7,28.6,12.9,0.4913,2.6,13.3,15.1,21.5,0.9,1.9,16.9,0.39,0.631,0.636,-1.37757,-0.95821,-0.419364
d38bf492-f269-5c02-a584-664d95fb3cf3,2023,Buffalo,MAC,So,21.7,77.8,21.6,0.5204,3.3,13.3,18.1,8.6,0.4,2.4,18.8,0.351,0.499,0.753,3.45188,3.93263,-0.480746
d38bf492-f269-5c02-a584-664d95fb3cf3,2024,Iowa St.,B12,Sr,22.7,67.5,19.7,0.5213,1.3,11.9,13.8,8.9,0.4,3.1,18.9,0.351,0.579,0.809,5.55833,2.84808,2.71026
d38bf492-f269-5c02-a584-664d95fb3cf3,2025,Iowa St.,B12,Sr,23.7,73.0,25.4,0.5690999999999999,1.8,14.5,15.2,10.5,0.7,2.2,28.2,0.374,0.513,0.845,6.11406,4.78857,1.32549
d3f1027c-e825-562c-b4aa-a848ef603d74,2011,Stanford,P10,Fr,19.9,60.7,19.2,0.5362,6.8,19.0,8.6,18.3,4.2,1.9,54.0,0.28,0.134,0.683,3.9119,0.249047,3.66285
d3f1027c-e825-562c-b4aa-a848ef603d74,2012,Stanford,P12,So,20.9,40.8,20.7,0.51,7.6,23.1,8.4,24.5,3.8,2.7,48.4,0.059,0.106,0.705,3.22668,-1.83033,5.05701
d3f1027c-e825-562c-b4aa-a848ef603d74,2013,Stanford,P12,Jr,21.9,75.6,26.6,0.5472,7.7,24.0,16.0,17.8,3.6,1.5,43.6,0.455,0.086,0.796,6.3439,2.55688,3.78703
d3f1027c-e825-562c-b4aa-a848ef603d74,2014,Stanford,P12,Sr,22.9,80.8,26.8,0.5268999999999999,7.3,17.3,20.4,19.6,2.8,2.4,55.7,0.256,0.103,0.687,5.34902,1.59694,3.75208
d4877c04-a6ad-5607-b8e9-615282064c95,2016,UCF,Amer,Fr,20.5,43.7,19.2,0.7236,11.8,23.2,4.6,28.0,12.8,0.3,40.6,0.0,0.0,0.558,4.66932,-1.48093,6.15025
d4877c04-a6ad-5607-b8e9-615282064c95,2017,UCF,Amer,So,21.5,65.5,21.9,0.6706,16.5,22.5,5.4,26.1,11.0,0.6,50.6,0.0,0.004,0.462,7.72095,0.43294,7.28801
d4877c04-a6ad-5607-b8e9-615282064c95,2018,UCF,Amer,Jr,22.5,27.3,25.2,0.7140000000000001,13.7,25.1,4.6,29.0,9.6,0.9,48.5,0.0,0.0,0.46,4.35886,-1.74315,6.10201
d4877c04-a6ad-5607-b8e9-615282064c95,2019,UCF,Amer,Sr,23.5,62.1,21.9,0.6474,12.4,21.2,4.2,19.4,11.5,0.6,79.1,0.0,0.0,0.362,7.88795,1.40404,6.4839
d4bfb66b-76c4-55a2-8c95-af46821935e3,2017,Cincinnati,Amer,Fr,20.6,24.6,17.8,0.5085999999999999,7.9,20.7,10.4,15.4,4.9,2.9,35.6,0.333,0.033,0.5,4.51622,-0.645708,5.16193
d4bfb66b-76c4-55a2-8c95-af46821935e3,2018,Cincinnati,Amer,So,21.6,31.2,15.1,0.5710000000000001,12.9,19.2,12.6,19.5,1.8,2.0,63.5,0.0,0.014,0.596,6.14025,1.40396,4.73629
d4bfb66b-76c4-55a2-8c95-af46821935e3,2019,Cincinnati,Amer,Jr,22.6,76.0,17.0,0.5247999999999999,9.0,18.0,9.7,13.2,2.3,1.7,36.2,0.308,0.147,0.667,5.57991,2.22859,3.35133
d4bfb66b-76c4-55a2-8c95-af46821935e3,2020,Cincinnati,Amer,Sr,23.6,81.5,19.5,0.5377000000000001,9.9,25.5,13.7,19.7,2.6,2.6,28.6,0.288,0.211,0.613,6.93251,2.39547,4.53704
d50cc73c-ff9f-58b7-91c9-13ce42a87f75,2010,Marshall,CUSA,Fr,19.5,65.6,24.9,0.5355,12.0,24.0,1.8,16.4,18.3,1.2,58.8,0.6,0.017,0.594,4.96718,-2.3121,7.27927
d511b785-0038-5440-be66-24d9ff8050fe,2016,Syracuse,ACC,Fr,20.5,85.1,22.0,0.5097,1.7,12.1,12.8,17.3,0.9,2.1,38.1,0.353,0.544,0.72,1.98226,1.00326,0.979004
d554ff47-8548-5eb5-9b2d-feacf7677325,2022,Memphis,Amer,Fr,18.4,32.0,23.2,0.4949,4.2,11.0,10.2,24.0,1.7,1.3,31.4,0.329,0.497,0.646,-0.55972,-0.205981,-0.353739
d554ff47-8548-5eb5-9b2d-feacf7677325,2023,Eastern Michigan,MAC,So,19.4,83.0,29.9,0.5276,2.3,18.2,9.4,14.4,1.8,1.2,30.8,0.33,0.482,0.782,-3.43955,-0.037799,-3.40175
d56b008d-ba6f-57fe-899c-9417dd1660a0,2020,Penn St.,B10,Fr,20.2,37.1,16.0,0.5533,5.0,14.4,6.6,8.3,2.6,1.1,27.3,0.391,0.659,0.75,4.70425,3.23057,1.47368
d56b008d-ba6f-57fe-899c-9417dd1660a0,2021,Penn St.,B10,So,21.2,58.9,22.0,0.5064,5.1,15.8,6.6,14.7,2.8,1.7,21.2,0.32,0.54,0.813,2.54997,1.58954,0.960425
d56b008d-ba6f-57fe-899c-9417dd1660a0,2022,Penn St.,B10,Jr,22.2,77.4,21.4,0.5353,3.2,14.7,4.6,19.5,2.4,2.0,19.7,0.348,0.605,0.867,1.28432,-0.536845,1.82116
d56b008d-ba6f-57fe-899c-9417dd1660a0,2023,Penn St.,B10,Sr,23.2,75.9,21.1,0.6089,3.7,19.2,5.4,8.0,2.0,1.5,29.7,0.4,0.627,0.807,5.49425,4.81543,0.678823
d56b1dbb-5463-5b53-99ce-68356b0a9aa9,2015,Xavier,BE,Fr,19.5,2.7,25.5,0.31129999999999997,6.5,8.9,25.6,29.8,0.0,3.0,60.0,0.0,0.3,0.667,-4.56156,-5.08684,0.525273
d56b1dbb-5463-5b53-99ce-68356b0a9aa9,2016,Xavier,BE,Fr,20.5,59.0,23.5,0.5164,2.3,11.7,25.2,19.0,0.9,2.7,59.9,0.301,0.323,0.727,5.14031,2.78194,2.35837
d56b1dbb-5463-5b53-99ce-68356b0a9aa9,2017,Xavier,BE,So,21.5,45.6,24.8,0.5697,1.8,13.5,30.3,19.6,2.7,2.3,64.5,0.273,0.209,0.735,6.50277,3.82675,2.67602
d58f77d5-a8ee-5f3d-9a09-69a4fc18bc54,2008,Michigan St.,B10,Jr,21.5,66.6,18.8,0.5846,13.6,22.4,13.3,20.4,4.0,2.5,27.1,0.167,0.049,0.776,10.7171,4.80182,5.9153
d58f77d5-a8ee-5f3d-9a09-69a4fc18bc54,2009,Michigan St.,B10,Sr,22.5,56.3,19.2,0.6104999999999999,12.8,23.9,11.9,20.8,2.2,2.6,33.5,0.438,0.203,0.848,10.8925,5.41066,5.48186
d59e1c49-9d4a-52e2-9b2e-625665339197,2008,Florida St.,ACC,Jr,21.5,86.7,23.4,0.5502,2.6,8.1,17.7,19.8,1.0,4.4,31.6,0.356,0.42,0.809,6.07494,3.53879,2.53615
d59e1c49-9d4a-52e2-9b2e-625665339197,2009,Florida St.,ACC,Sr,22.5,90.7,27.6,0.5811,2.7,9.1,20.2,14.6,1.3,2.9,43.3,0.385,0.412,0.81,8.10949,6.63996,1.46953
d5bdc31d-fe96-57ce-ae9b-1cef1fbfd90e,2017,Stephen F. Austin,Slnd,Fr,20.0,54.5,20.8,0.5297,8.3,11.7,9.7,22.1,2.7,1.7,61.4,0.302,0.31,0.667,-0.965206,-1.56763,0.602422
d5bdc31d-fe96-57ce-ae9b-1cef1fbfd90e,2018,Stephen F. Austin,Slnd,So,21.0,60.7,24.1,0.5748,8.9,15.1,9.7,15.3,1.0,1.6,44.7,0.421,0.404,0.675,2.18505,2.32923,-0.14418
d5bdc31d-fe96-57ce-ae9b-1cef1fbfd90e,2019,Stephen F. Austin,Slnd,Jr,22.0,87.5,24.3,0.6184000000000001,5.4,15.7,12.3,18.5,1.7,1.5,51.8,0.357,0.37,0.745,0.273374,1.76561,-1.49224
d5bdc31d-fe96-57ce-ae9b-1cef1fbfd90e,2020,Stephen F. Austin,Slnd,Sr,23.0,75.3,26.8,0.6085,5.3,18.0,14.2,23.0,0.9,2.8,55.1,0.424,0.406,0.788,2.69152,1.78776,0.903768
d5efe35c-93a4-5fa1-9a96-af25cca8a823,2013,Arizona,P12,Fr,20.0,43.1,14.7,0.5351,7.6,16.4,5.7,12.8,5.8,1.6,14.3,0.405,0.513,0.818,6.97815,2.93602,4.04213
d5f84634-0708-5a67-a8e9-11052bdde48f,2008,Oakland,Sum,Fr,19.9,30.2,18.1,0.5694,8.0,21.8,1.6,17.1,11.5,0.8,63.7,0.0,0.0,0.707,-0.14162,-1.93061,1.78899
d5f84634-0708-5a67-a8e9-11052bdde48f,2009,Oakland,Sum,So,20.9,68.5,22.6,0.6358,11.6,22.2,5.5,10.5,9.6,1.2,65.2,0.0,0.003,0.665,5.90042,3.76243,2.13798
d5f84634-0708-5a67-a8e9-11052bdde48f,2010,Oakland,Sum,Jr,21.9,79.5,24.2,0.5859000000000001,10.7,26.3,5.5,12.4,10.1,0.8,66.8,0.4,0.014,0.733,4.97252,1.72289,3.24963
d5f84634-0708-5a67-a8e9-11052bdde48f,2011,Oakland,Sum,Sr,22.9,81.0,24.1,0.5789,9.1,24.3,6.0,13.3,9.8,1.4,57.1,0.364,0.053,0.636,5.20869,1.72007,3.48861
d5fd5350-6584-5013-bb6c-7994c3e6fe41,2008,Kansas,B12,So,20.5,61.4,24.9,0.5684,12.1,17.0,6.7,17.9,6.2,1.1,27.5,0.167,0.031,0.698,6.17108,2.36332,3.80776
d5fef9fc-2719-5d9f-b8f2-d48a2fe35c05,2026,Arkansas,SEC,Fr,19.6,84.3,29.5,0.604,1.6,8.3,32.2,11.6,0.9,1.3,37.0,0.44,0.348,0.809,6.6812,7.92234,-1.24114
d6124c4e-c421-5f0c-abcc-c26d8a091422,2021,Purdue,B10,Fr,19.4,49.3,25.5,0.49670000000000003,4.0,11.8,16.4,13.2,3.8,1.8,32.7,0.258,0.435,0.726,4.63542,2.82479,1.81063
d6124c4e-c421-5f0c-abcc-c26d8a091422,2022,Purdue,B10,So,20.4,75.7,27.7,0.5796,2.7,15.0,19.2,17.9,2.0,1.7,47.0,0.358,0.407,0.744,5.47417,4.4563,1.01787
d61f89dc-0a69-510a-a035-fa8c6f5c68d5,2020,Colorado St.,MWC,Fr,19.6,80.6,21.8,0.58,1.4,9.6,27.1,18.1,0.2,1.5,33.4,0.379,0.377,0.816,1.62314,3.25266,-1.62952
d61f89dc-0a69-510a-a035-fa8c6f5c68d5,2021,Colorado St.,MWC,So,20.6,87.9,24.8,0.5816,1.6,11.9,31.9,20.8,0.3,1.7,27.9,0.417,0.369,0.862,2.77441,2.69936,0.0750406
d61f89dc-0a69-510a-a035-fa8c6f5c68d5,2022,Colorado St.,MWC,Jr,21.6,86.9,23.6,0.5667,1.4,10.0,27.4,12.5,0.4,2.1,26.4,0.385,0.316,0.901,3.91878,4.20287,-0.284089
d61f89dc-0a69-510a-a035-fa8c6f5c68d5,2023,Colorado St.,MWC,Sr,22.6,71.8,28.0,0.5549000000000001,2.4,8.7,38.1,13.2,0.9,1.2,23.8,0.364,0.339,0.859,3.80096,5.60644,-1.80549
d61f89dc-0a69-510a-a035-fa8c6f5c68d5,2024,Colorado St.,MWC,Sr,23.6,87.5,26.0,0.5751,1.7,8.9,38.8,15.6,0.5,2.1,25.3,0.421,0.331,0.841,5.4547,4.73328,0.721418
d624d541-4845-5d97-8903-0d741369994a,2023,Belmont,MVC,Fr,19.3,55.4,26.0,0.5204,1.4,9.7,28.0,18.4,1.6,4.0,25.2,0.28,0.295,0.703,0.886136,0.725515,0.160621
d624d541-4845-5d97-8903-0d741369994a,2024,Belmont,MVC,So,20.3,59.6,24.9,0.6598999999999999,1.6,11.6,27.7,17.8,1.1,3.5,25.1,0.39,0.371,0.831,6.62564,5.07216,1.55348
d624d541-4845-5d97-8903-0d741369994a,2025,Maryland,B10,Jr,21.3,78.6,22.6,0.5978,2.0,7.9,27.3,15.1,0.4,3.5,23.7,0.407,0.539,0.862,9.3124,6.59794,2.71446
d624d541-4845-5d97-8903-0d741369994a,2026,Tennessee,SEC,Sr,22.3,86.0,25.7,0.5383,1.9,7.2,30.2,15.3,0.8,3.6,24.7,0.338,0.539,0.814,8.60623,6.20728,2.39894
d68e8ed0-add7-57c4-a23b-bf6dd2e350c9,2012,Kentucky,SEC,Fr,18.7,77.8,21.3,0.5705,10.3,16.1,10.8,19.6,2.8,1.9,58.9,0.255,0.156,0.745,8.09834,4.95479,3.14355
d6984d63-7b88-5573-94a3-24c27b14d25d,2010,Marquette,BE,So,20.7,73.1,22.9,0.5821999999999999,2.0,9.3,17.0,18.3,0.6,1.8,28.7,0.474,0.461,0.677,3.58179,3.16258,0.419212
d6984d63-7b88-5573-94a3-24c27b14d25d,2011,Marquette,BE,Jr,21.7,74.7,25.3,0.5466,1.9,9.6,16.6,15.5,0.7,1.6,37.7,0.364,0.43,0.708,3.2343,3.96991,-0.735612
d6984d63-7b88-5573-94a3-24c27b14d25d,2012,Marquette,BE,Sr,22.7,80.0,25.4,0.568,2.3,9.2,17.7,15.9,0.4,1.6,35.1,0.385,0.426,0.764,4.30651,4.10842,0.198097
d6b0214b-5cc5-59ea-82f7-ad590b0b8775,2008,Indiana,B10,Fr,19.5,83.1,29.7,0.601,2.6,8.0,15.2,20.7,2.0,2.3,65.2,0.337,0.489,0.834,4.92545,4.57569,0.349757
d6b42fe5-490f-533c-b24c-5211274793a8,2010,Georgia Tech,ACC,Fr,19.5,69.2,21.8,0.6231,12.5,20.2,7.3,22.9,7.8,1.8,47.6,0.0,0.003,0.628,8.828,2.79489,6.03311
d727a331-8c08-51ad-920e-791c5dbe26e8,2013,Michigan,B10,Fr,19.5,83.4,15.3,0.6241,7.8,11.2,5.7,9.9,0.8,1.9,36.8,0.324,0.249,0.676,8.53076,6.39472,2.13605
d727a331-8c08-51ad-920e-791c5dbe26e8,2014,Michigan,B10,So,20.5,80.1,21.2,0.5659000000000001,6.0,11.5,7.6,11.6,1.0,1.9,30.8,0.306,0.29,0.757,5.59344,4.49606,1.09738
d794970c-e87c-520a-ad39-95dd63f0204c,2022,Stanford,P12,Fr,19.2,27.2,21.5,0.5936,11.8,26.5,14.1,25.6,2.0,0.9,26.5,0.423,0.265,0.538,2.17576,0.749721,1.42604
d794970c-e87c-520a-ad39-95dd63f0204c,2023,Stanford,P12,So,20.2,56.0,20.9,0.5696,10.1,23.1,8.5,18.8,3.0,1.4,15.6,0.279,0.181,0.595,2.55295,1.55058,1.00237
d794970c-e87c-520a-ad39-95dd63f0204c,2024,Stanford,P12,Jr,21.2,71.6,25.8,0.6222,9.4,28.0,15.1,18.5,2.9,1.3,24.7,0.361,0.171,0.784,4.97532,2.3328,2.64252
d794970c-e87c-520a-ad39-95dd63f0204c,2025,Stanford,ACC,Sr,22.2,83.8,30.3,0.5582,9.4,28.7,11.9,14.2,4.6,1.5,26.3,0.347,0.343,0.77,4.43795,2.26416,2.17379
d7c8caf3-4f21-55fd-880c-9566d68ecb52,2008,California,P10,So,20.5,81.0,28.2,0.6184000000000001,11.5,23.8,9.7,14.1,1.9,0.6,42.4,0.41,0.333,0.869,6.52761,7.1435,-0.615888
d838965b-1b01-55e9-81d6-f3b2c70f30df,2015,UCLA,P12,Fr,19.4,76.8,20.0,0.5322,12.2,21.0,9.1,11.9,3.3,2.5,45.8,0.415,0.165,0.626,7.4788,4.18197,3.29683
d86b18cc-3ea8-5a9b-83cd-bf65f38ebb1c,2024,Colorado,P12,Fr,19.6,45.2,20.1,0.6202000000000001,3.3,9.2,10.4,20.5,2.4,1.3,39.7,0.415,0.211,0.714,2.56195,1.3007,1.26126
d90d3138-b722-5429-80ca-f924a2d70db6,2008,Mississippi St.,SEC,So,20.5,73.1,15.2,0.5821000000000001,2.3,9.0,14.0,18.0,0.2,1.8,30.1,0.358,0.733,0.789,4.70075,3.81138,0.889374
d90d3138-b722-5429-80ca-f924a2d70db6,2010,Notre Dame,BE,Jr,22.5,87.7,18.0,0.6068,2.9,10.0,22.6,17.5,0.4,1.9,45.4,0.414,0.57,0.729,6.56565,6.21695,0.348696
d90d3138-b722-5429-80ca-f924a2d70db6,2011,Notre Dame,BE,Sr,23.5,87.1,24.9,0.6346,2.6,9.6,26.8,16.7,0.3,2.1,45.4,0.435,0.494,0.815,8.75048,8.54635,0.204129
d9cb9df9-504a-5a13-9213-dcaf022f99e0,2022,Iowa,B10,Fr,20.0,24.6,21.9,0.5566,7.3,12.8,10.9,11.6,1.2,0.8,11.0,0.366,0.637,0.938,3.95046,5.32978,-1.37932
d9cb9df9-504a-5a13-9213-dcaf022f99e0,2023,Iowa,B10,So,21.0,51.1,22.6,0.5431,5.7,17.2,13.1,8.2,1.0,1.6,20.7,0.343,0.604,0.864,4.51474,5.81351,-1.29877
d9cb9df9-504a-5a13-9213-dcaf022f99e0,2024,Iowa,B10,Jr,22.0,75.9,22.6,0.608,4.5,19.2,15.4,10.6,1.4,1.3,27.7,0.379,0.614,0.911,7.06624,7.12527,-0.0590243
d9cb9df9-504a-5a13-9213-dcaf022f99e0,2025,Iowa,B10,Sr,23.0,79.5,25.9,0.5452,3.8,18.3,15.3,12.1,2.2,1.4,24.2,0.34,0.544,0.891,3.52826,3.68619,-0.157923
db15d337-8c17-5d6b-bd06-3e983c209b0e,2008,Florida,SEC,So,20.5,60.5,25.8,0.6401,12.8,26.2,8.4,16.1,5.9,1.0,37.6,0.0,0.0,0.692,5.32928,3.14039,2.18889
db2a9a4e-c25c-56c5-bddc-7ee4441ead1c,2024,South Carolina,SEC,Fr,19.0,46.6,22.9,0.6164000000000001,12.0,17.5,17.1,14.3,4.6,2.7,43.9,0.0,0.026,0.674,10.1103,5.02123,5.0891
db2a9a4e-c25c-56c5-bddc-7ee4441ead1c,2025,South Carolina,SEC,So,20.0,75.9,27.0,0.6295000000000001,8.8,23.8,21.1,17.6,4.7,2.9,55.6,0.265,0.101,0.707,11.0786,4.89204,6.18653
db6186be-22a7-5e1f-9ae8-053bd4e2ce6d,2015,Air Force,MWC,Fr,18.4,44.3,21.1,0.5559000000000001,3.1,10.1,18.3,17.5,1.1,2.9,18.2,0.371,0.455,0.786,-0.63094,1.27874,-1.90968
db6186be-22a7-5e1f-9ae8-053bd4e2ce6d,2017,South Dakota,Sum,So,20.4,79.4,27.9,0.5705,1.5,14.1,14.4,15.6,0.4,3.8,34.0,0.373,0.43,0.717,3.2738,2.5846,0.689199
db6186be-22a7-5e1f-9ae8-053bd4e2ce6d,2018,South Dakota,Sum,Jr,21.4,78.9,29.6,0.5564,2.6,11.7,19.9,15.0,0.4,3.5,26.1,0.361,0.419,0.825,5.55067,3.75138,1.79929
db6186be-22a7-5e1f-9ae8-053bd4e2ce6d,2019,Texas Tech,B12,Sr,22.4,76.9,22.4,0.5266,0.8,10.6,20.3,21.2,0.4,3.5,23.8,0.386,0.347,0.782,5.48027,1.65734,3.82294
db8ce2df-42a0-54c2-a77f-ab09d4fba87b,2025,Arizona St.,B12,Fr,18.0,53.1,19.5,0.5362,11.8,18.4,10.6,18.9,9.8,2.2,40.1,0.188,0.181,0.479,8.83929,1.41368,7.42561
db8ce2df-42a0-54c2-a77f-ab09d4fba87b,2026,Kentucky,SEC,So,19.0,4.7,20.9,0.49570000000000003,13.6,19.5,5.1,24.4,5.0,1.7,92.9,0.0,0.0,0.308,-1.10083,-3.74398,2.64315
dbea95fb-9c9d-563c-a691-175474726efd,2011,Tennessee,SEC,Fr,20.2,3.9,25.6,0.3715,4.2,12.9,0.0,21.8,8.7,2.2,57.9,0.111,0.474,0.455,-6.81336,-7.52145,0.708088
dbea95fb-9c9d-563c-a691-175474726efd,2012,Tennessee,SEC,So,21.2,53.1,22.9,0.4767,2.7,13.0,15.7,17.5,3.5,1.3,31.0,0.304,0.457,0.763,2.13677,0.237031,1.89973
dbea95fb-9c9d-563c-a691-175474726efd,2013,Tennessee,SEC,Jr,22.2,82.7,26.0,0.5456,3.3,11.2,14.6,20.2,2.7,1.5,38.1,0.355,0.42,0.771,4.17198,3.10878,1.0632
dbea95fb-9c9d-563c-a691-175474726efd,2014,Tennessee,SEC,Sr,23.2,80.4,28.6,0.5600999999999999,2.6,10.2,17.8,14.4,3.3,1.4,41.4,0.35,0.438,0.788,7.52161,5.68633,1.83528
dc09267b-1a9d-5c04-adab-319881356ad9,2022,Michigan,B10,Fr,18.8,22.0,17.2,0.47509999999999997,3.8,9.0,4.7,17.4,1.0,2.2,27.8,0.222,0.456,0.773,0.0137201,-0.341547,0.355267
dc09267b-1a9d-5c04-adab-319881356ad9,2023,Michigan,B10,So,19.8,80.7,21.6,0.5777,2.6,12.0,17.4,15.7,2.1,2.3,24.0,0.355,0.337,0.849,6.75187,3.75464,2.99722
dc15f7aa-dd8c-55af-a617-ad3a26adca99,2008,LSU,SEC,Jr,21.5,85.6,13.5,0.5283,2.9,10.4,18.6,29.9,2.2,2.2,43.9,0.3,0.473,0.8,3.17776,0.593289,2.58447
dc15f7aa-dd8c-55af-a617-ad3a26adca99,2009,LSU,SEC,Sr,22.5,75.2,15.9,0.4961,4.8,11.7,21.3,23.4,2.3,3.3,39.0,0.309,0.448,0.805,5.29554,2.55868,2.73686
dc22cc07-1a99-5ebd-b1c0-a9d16117b00d,2008,Louisville,BE,Jr,21.5,89.6,20.7,0.49520000000000003,4.7,17.4,23.4,23.0,2.3,2.2,29.6,0.34,0.406,0.571,6.95924,2.18006,4.77918
dc22cc07-1a99-5ebd-b1c0-a9d16117b00d,2009,Louisville,BE,Sr,22.5,85.3,21.3,0.5172,4.5,22.7,27.0,18.4,2.3,4.0,29.8,0.385,0.378,0.581,10.9981,4.41739,6.58071
dc247990-298d-57ac-b300-fa14cff505e6,2013,Providence,BE,Fr,19.3,49.5,16.2,0.47159999999999996,6.6,13.2,22.8,25.8,1.1,2.6,47.2,0.286,0.114,0.69,3.55151,0.49595,3.05556
dc247990-298d-57ac-b300-fa14cff505e6,2014,Providence,BE,So,20.3,7.3,19.3,0.36719999999999997,1.1,10.1,35.7,42.1,0.9,4.1,15.8,0.0,0.105,1.0,-5.35206,-5.93715,0.585097
dc247990-298d-57ac-b300-fa14cff505e6,2015,Providence,BE,So,21.3,82.0,30.0,0.5459,2.9,16.1,50.0,24.8,1.1,4.9,44.1,0.351,0.197,0.686,10.5338,5.90967,4.62418
dc247990-298d-57ac-b300-fa14cff505e6,2016,Providence,BE,Jr,22.3,76.9,29.3,0.5406,3.5,14.8,41.8,20.9,1.9,4.3,46.2,0.372,0.275,0.695,9.89077,4.85971,5.03106
dc427bbf-218b-5674-a0bf-e31e566e5596,2008,Alabama,SEC,Jr,21.5,73.1,26.2,0.5936,13.1,23.5,11.5,12.3,7.2,2.4,52.5,0.286,0.018,0.537,9.73426,5.20496,4.5293
dca80abb-b9ac-596b-90af-433065047e65,2017,Vermont,AE,Fr,19.4,56.5,30.1,0.5799,11.0,18.6,6.3,18.0,5.7,2.2,31.5,0.41,0.185,0.74,2.37572,0.264834,2.11089
dca80abb-b9ac-596b-90af-433065047e65,2018,Vermont,AE,So,20.4,29.7,32.3,0.5587,8.6,17.7,7.8,13.7,3.5,1.4,42.4,0.302,0.234,0.821,-1.20798,-0.154761,-1.05322
dca80abb-b9ac-596b-90af-433065047e65,2019,Vermont,AE,Jr,21.4,74.6,32.6,0.6053000000000001,6.2,23.3,19.4,12.7,7.3,1.7,40.4,0.365,0.295,0.761,9.93518,5.27222,4.66296
dca80abb-b9ac-596b-90af-433065047e65,2020,Vermont,AE,Sr,22.4,79.1,30.3,0.5279,5.1,20.7,18.4,15.4,5.1,2.0,35.6,0.293,0.414,0.81,5.29649,1.95891,3.33757
dd085c0f-8658-5b07-a9f3-0718357f91cb,2022,Alabama,SEC,Fr,19.7,64.3,20.7,0.5585,4.5,15.1,29.4,29.2,1.4,2.1,37.9,0.301,0.388,0.728,3.9465,2.41235,1.53414
dd1a1d02-bb19-5125-b4a5-782615325c98,2008,Northwestern St.,Slnd,Sr,22.5,67.5,28.8,0.5503,8.5,16.3,16.5,19.4,2.7,2.2,48.4,0.238,0.183,0.766,1.25132,1.82006,-0.568738
dd51e0d1-7d0b-5b01-89ce-c88cb3edd910,2023,Ohio St.,B10,Fr,19.8,75.7,18.6,0.5484,1.1,9.1,15.9,14.1,0.5,1.6,23.0,0.375,0.367,0.729,3.54323,3.54761,-0.00437705
dd51e0d1-7d0b-5b01-89ce-c88cb3edd910,2024,Ohio St.,B10,So,20.8,81.0,23.2,0.5537,1.5,10.6,27.6,9.1,0.2,2.1,36.1,0.333,0.41,0.85,6.87458,6.41028,0.464298
dd51e0d1-7d0b-5b01-89ce-c88cb3edd910,2025,Ohio St.,B10,Jr,21.8,88.4,22.0,0.633,1.2,10.0,25.1,10.8,0.4,1.8,41.8,0.424,0.373,0.853,7.77148,7.02673,0.744755
dd51e0d1-7d0b-5b01-89ce-c88cb3edd910,2026,Ohio St.,B10,Sr,22.8,90.3,23.2,0.6654000000000001,3.3,13.5,21.9,9.2,0.8,1.9,39.7,0.4,0.362,0.829,10.9109,8.67501,2.23593
dd6f612a-069e-53da-b0d7-2cb48b9480c3,2018,Kentucky,SEC,Fr,19.9,61.8,21.3,0.4975,4.2,11.5,9.5,14.8,1.6,1.8,40.3,0.338,0.246,0.611,2.72476,1.42751,1.29726
dded255a-5d90-5fd1-abd4-0f0fc0a9c8a8,2021,Cincinnati,Amer,Fr,20.1,49.0,24.4,0.5079,12.6,21.8,14.3,25.4,7.0,3.4,32.2,0.267,0.205,0.574,5.11469,-0.678461,5.79315
dded255a-5d90-5fd1-abd4-0f0fc0a9c8a8,2022,LSU,SEC,So,21.1,58.8,30.8,0.6152000000000001,10.5,19.8,10.1,16.5,6.5,4.6,51.5,0.359,0.214,0.803,10.6389,4.94818,5.6907
ddf83463-0a9f-59bf-825d-f5301d527d00,2014,Illinois,B10,Fr,18.9,48.5,17.6,0.5608,1.2,9.2,12.8,18.5,0.9,2.0,14.3,0.388,0.44,0.808,2.4168,0.406374,2.01043
ddf83463-0a9f-59bf-825d-f5301d527d00,2015,Illinois,B10,So,19.9,74.9,20.2,0.5134000000000001,1.5,12.7,13.5,13.8,0.7,2.4,18.3,0.36,0.459,0.817,3.75625,1.72413,2.03212
ddf83463-0a9f-59bf-825d-f5301d527d00,2016,Illinois,B10,Jr,20.9,70.4,22.0,0.555,1.2,16.1,10.6,12.2,0.6,2.4,17.4,0.391,0.53,0.794,3.43891,2.3071,1.1318
ddf83463-0a9f-59bf-825d-f5301d527d00,2018,Oakland,Horz,Sr,22.9,85.4,30.4,0.5803,2.7,11.0,22.9,14.1,0.9,2.2,23.6,0.394,0.565,0.838,3.83621,5.33196,-1.49576
de159191-b213-5fce-a0c6-f0871e244bf5,2020,Ohio St.,B10,Fr,19.9,38.5,25.2,0.5926,2.6,10.7,26.5,25.9,2.0,1.6,36.2,0.4,0.403,0.759,4.4301,2.70066,1.72944
de159191-b213-5fce-a0c6-f0871e244bf5,2021,Marquette,BE,So,20.9,77.5,24.9,0.5486,2.2,12.2,23.8,23.9,1.4,2.2,37.3,0.282,0.432,0.743,3.73988,2.00766,1.73221
de4e9a6a-1b1b-5ff9-87b6-4034b9d6d011,2018,Auburn,SEC,Fr,19.8,42.8,13.5,0.5262,1.7,5.7,18.4,26.3,0.2,1.7,29.5,0.288,0.495,0.677,-0.629139,-0.26781,-0.361328
de4e9a6a-1b1b-5ff9-87b6-4034b9d6d011,2020,Baylor,B12,So,21.8,80.7,19.1,0.5034000000000001,1.1,8.6,22.3,21.7,1.3,2.7,31.1,0.324,0.409,0.662,4.65648,2.04306,2.61341
de4e9a6a-1b1b-5ff9-87b6-4034b9d6d011,2021,Baylor,B12,Jr,22.8,80.8,21.6,0.62,1.7,8.1,28.3,20.1,1.3,3.4,21.4,0.447,0.456,0.652,9.17366,7.08379,2.08987
de5645bf-0539-5d6c-907a-38ffb89bc2be,2015,Florida St.,ACC,Fr,21.2,83.5,27.0,0.5124,1.9,10.0,29.0,21.7,0.0,1.9,35.8,0.281,0.431,0.69,2.0175,2.38314,-0.365636
de5645bf-0539-5d6c-907a-38ffb89bc2be,2016,Florida St.,ACC,So,22.2,70.9,23.2,0.5191,1.4,9.3,27.0,20.5,0.0,1.9,35.8,0.285,0.427,0.774,1.59647,2.40769,-0.811221
de5645bf-0539-5d6c-907a-38ffb89bc2be,2017,Florida St.,ACC,Jr,23.2,69.2,21.5,0.5262,2.6,10.0,28.8,17.2,0.4,1.9,39.5,0.323,0.419,0.53,4.38586,3.96242,0.423442
de704d7e-3e13-5ec3-adae-37e116eee05d,2022,Colorado,P12,Fr,19.1,14.4,18.9,0.3298,6.9,14.1,10.5,27.4,1.7,2.1,41.9,0.0,0.0,0.444,-4.79628,-6.62823,1.83196
de704d7e-3e13-5ec3-adae-37e116eee05d,2023,Colorado,P12,So,20.1,56.0,14.9,0.5283,9.5,13.5,7.1,28.0,4.5,1.5,62.8,0.0,0.0,0.421,2.47423,-1.66802,4.14226
de704d7e-3e13-5ec3-adae-37e116eee05d,2024,Utah,P12,Jr,21.1,40.5,20.7,0.5384,8.6,18.4,16.4,22.3,3.3,1.3,38.8,0.286,0.044,0.516,2.72014,-0.563288,3.28343
de704d7e-3e13-5ec3-adae-37e116eee05d,2025,Utah,B12,Sr,22.1,50.3,22.0,0.505,10.5,11.8,22.0,18.0,4.2,1.0,63.1,0.0,0.011,0.398,3.43096,0.725035,2.70593
dea66722-239a-5801-8558-ea1af8d1b423,2011,Michigan,B10,Fr,19.3,76.7,24.3,0.5604,3.0,11.7,12.6,11.1,0.6,2.1,31.6,0.374,0.549,0.761,6.04997,4.7503,1.29966
dea66722-239a-5801-8558-ea1af8d1b423,2012,Michigan,B10,So,20.3,84.7,25.7,0.5268999999999999,3.1,11.5,13.9,14.7,1.0,0.9,38.1,0.282,0.466,0.716,2.85577,2.86791,-0.0121378
dea66722-239a-5801-8558-ea1af8d1b423,2013,Michigan,B10,Jr,21.3,84.2,22.3,0.5271,0.8,14.5,12.9,15.0,1.4,1.2,23.3,0.358,0.422,0.695,4.41564,3.1376,1.27803
deb9b487-395b-56db-afb1-1371cfd07057,2009,Syracuse,BE,Fr,20.5,28.4,16.0,0.4551,7.4,11.8,6.0,20.8,1.6,3.5,52.1,0.292,0.25,0.4,3.41463,0.574516,2.84011
deb9b487-395b-56db-afb1-1371cfd07057,2010,Syracuse,BE,So,21.5,69.5,19.4,0.5697,7.7,13.8,10.2,18.3,1.6,2.8,59.8,0.22,0.158,0.748,5.47354,3.18372,2.28982
deb9b487-395b-56db-afb1-1371cfd07057,2011,Syracuse,BE,Jr,22.5,77.9,22.4,0.5690999999999999,4.0,13.5,12.5,18.4,2.2,2.8,51.2,0.375,0.364,0.71,5.41103,3.21014,2.20089
deb9b487-395b-56db-afb1-1371cfd07057,2012,Syracuse,BE,Sr,23.5,80.3,21.3,0.5338,5.5,10.8,8.7,13.2,2.2,2.6,40.3,0.345,0.379,0.745,5.48827,4.01285,1.47543
def441bd-8fc0-5eb0-abd1-cff96b4cef94,2016,Memphis,Amer,Fr,20.0,29.1,13.3,0.4217,2.8,5.1,14.8,18.4,1.7,3.3,42.3,0.3,0.256,0.636,-0.339603,-1.9516,1.612
def441bd-8fc0-5eb0-abd1-cff96b4cef94,2017,Memphis,Amer,So,21.0,86.4,17.1,0.5347999999999999,2.5,7.2,22.8,18.8,2.3,3.0,44.7,0.282,0.336,0.673,2.11039,0.966217,1.14417
def441bd-8fc0-5eb0-abd1-cff96b4cef94,2018,Memphis,Amer,Jr,22.0,67.8,27.7,0.5771000000000001,2.6,11.9,25.5,16.9,2.2,3.9,52.3,0.327,0.441,0.784,6.63027,5.43859,1.19169
def441bd-8fc0-5eb0-abd1-cff96b4cef94,2019,Memphis,Amer,Sr,23.0,85.2,26.1,0.5767,3.5,10.1,24.4,15.6,2.1,3.4,54.3,0.346,0.391,0.762,8.14739,5.58154,2.56586
df1d7beb-6964-545b-923f-17a6ae167f1a,2008,Pittsburgh,BE,Jr,21.5,80.4,26.4,0.5678,7.7,14.1,8.4,16.6,3.9,2.1,33.9,0.383,0.235,0.687,6.46619,4.15088,2.31531
df1d7beb-6964-545b-923f-17a6ae167f1a,2009,Pittsburgh,BE,Sr,22.5,77.4,26.3,0.5811999999999999,6.9,15.4,6.6,16.8,2.7,1.9,31.2,0.37,0.277,0.737,6.61607,4.7308,1.88527
df2a77b9-19c5-5802-ac7b-26134a82d0e8,2016,UCLA,P12,Fr,19.7,78.2,20.4,0.5003,2.0,7.8,21.1,24.8,0.8,2.5,30.4,0.419,0.322,0.727,1.63154,0.328389,1.30315
df2a77b9-19c5-5802-ac7b-26134a82d0e8,2017,UCLA,P12,So,20.7,65.8,23.2,0.6096,1.5,9.5,24.4,21.3,0.6,2.2,35.9,0.411,0.417,0.793,3.31826,3.53824,-0.219973
df2a77b9-19c5-5802-ac7b-26134a82d0e8,2018,UCLA,P12,Jr,21.7,92.1,27.2,0.6087,1.6,8.7,29.9,20.6,0.7,1.9,41.7,0.429,0.446,0.828,4.26382,4.77868,-0.514855
dfc89763-760b-5bd9-97e1-2ace41379e0f,2026,Houston,B12,Fr,19.4,61.8,19.5,0.5457,10.1,26.1,5.5,11.4,2.6,1.9,19.7,0.333,0.305,0.621,6.28734,2.13826,4.14908
dfd66adf-3181-536c-8cf7-4421d40d6420,2021,Purdue,B10,Fr,19.1,36.4,28.6,0.6321,13.8,21.4,5.9,19.5,9.6,0.6,61.1,0.0,0.0,0.714,4.62085,1.24142,3.37942
dfd66adf-3181-536c-8cf7-4421d40d6420,2022,Purdue,B10,So,20.1,47.0,34.2,0.6537000000000001,21.3,26.8,16.2,15.9,7.4,0.8,53.5,0.0,0.0,0.649,11.3559,7.78526,3.57064
dfd66adf-3181-536c-8cf7-4421d40d6420,2023,Purdue,B10,Jr,21.1,76.7,32.6,0.6388,21.6,27.2,13.4,13.8,7.2,0.5,50.4,0.0,0.0,0.734,12.8017,7.9198,4.88187
dfd66adf-3181-536c-8cf7-4421d40d6420,2024,Purdue,B10,Sr,22.1,79.2,33.4,0.6587999999999999,18.1,25.5,14.6,12.7,6.9,0.5,80.9,0.5,0.004,0.711,13.6776,8.93112,4.74643
dfe39ad6-a76c-5b17-9c0d-4172da64d783,2012,Green Bay,Horz,Fr,18.5,73.4,23.9,0.5055,2.3,7.7,28.3,20.7,0.2,1.6,36.6,0.231,0.099,0.656,-1.94852,0.374766,-2.32328
dfe39ad6-a76c-5b17-9c0d-4172da64d783,2013,Green Bay,Horz,So,19.5,86.2,26.4,0.5403,2.0,9.3,29.5,17.0,0.4,1.9,48.1,0.423,0.179,0.812,1.11269,2.79086,-1.67817
dfe39ad6-a76c-5b17-9c0d-4172da64d783,2014,Green Bay,Horz,Jr,20.5,84.4,29.0,0.5731,2.7,12.2,31.0,13.2,0.0,2.1,56.0,0.323,0.241,0.815,4.51146,5.38858,-0.877115
dfe39ad6-a76c-5b17-9c0d-4172da64d783,2015,Green Bay,Horz,Sr,21.5,88.7,27.6,0.5403,2.6,12.6,25.5,14.0,0.5,3.0,38.5,0.301,0.318,0.78,5.41787,4.07989,1.33798
dff5a6c8-12fb-58b8-8d5f-2f1b3e568e19,2018,Missouri,SEC,Fr,20.0,4.1,33.3,0.4376,9.5,32.5,4.6,10.1,2.0,3.4,30.0,0.3,0.333,0.778,-4.93235,-3.94908,-0.983277
e0180d94-4935-52ed-bbfc-543ade273eee,2019,Kentucky,SEC,Fr,20.0,70.7,18.7,0.551,2.7,7.8,26.7,28.5,0.4,3.3,43.0,0.275,0.238,0.761,5.22815,2.28971,2.93844
e0180d94-4935-52ed-bbfc-543ade273eee,2020,Kentucky,SEC,So,21.0,79.5,24.2,0.5189,0.9,11.8,36.2,25.1,0.7,3.4,53.6,0.258,0.234,0.81,4.66542,2.36148,2.30394
e01e05ad-373e-5e3a-b066-048d197f5fbf,2016,Syracuse,ACC,Fr,20.2,75.1,16.2,0.6065,6.6,16.4,7.6,15.8,7.1,2.3,35.1,0.405,0.457,0.774,8.42877,2.59148,5.83729
e01e05ad-373e-5e3a-b066-048d197f5fbf,2017,Syracuse,ACC,So,21.2,89.6,18.0,0.5972,7.7,19.2,10.8,15.7,4.7,1.7,36.3,0.392,0.391,0.836,7.50563,4.22973,3.2759
e04616bb-5145-52a2-84dd-6be6604608d0,2020,Kansas,B12,Fr,19.6,0.2,48.5,0.0,0.0,0.0,0.0,60.6,0.0,0.0,0.0,0.0,1.0,0.0,-41.8054,-36.7474,-5.05797
e04616bb-5145-52a2-84dd-6be6604608d0,2021,Kansas,B12,Fr,20.6,68.8,23.6,0.5099,8.6,22.7,14.1,16.5,1.2,0.9,43.1,0.322,0.431,0.635,4.05382,2.25129,1.80253
e04616bb-5145-52a2-84dd-6be6604608d0,2022,Kansas,B12,So,21.6,67.2,19.2,0.5442,6.6,21.3,10.8,13.3,1.4,1.7,35.6,0.263,0.353,0.722,7.88397,4.63828,3.2457
e04616bb-5145-52a2-84dd-6be6604608d0,2023,Kansas,B12,Jr,22.6,87.8,28.2,0.5399,5.2,20.8,12.5,13.4,1.4,1.5,34.6,0.337,0.362,0.799,4.51782,3.00527,1.51254
e0ad215d-7416-5162-be03-d2043e2c99ed,2014,Ohio,MAC,Jr,22.0,72.1,25.2,0.5818,6.3,19.3,11.0,20.2,5.2,1.2,45.6,0.34,0.152,0.73,1.32446,-0.799725,2.12419
e0ad215d-7416-5162-be03-d2043e2c99ed,2015,Ohio,MAC,Sr,23.0,86.9,25.4,0.5784,7.6,19.3,10.5,19.9,6.4,1.9,46.6,0.435,0.183,0.785,3.00225,0.440275,2.56197
e16dc07b-97a9-5eb4-858a-6c63bae09d49,2026,Tennessee,SEC,Fr,19.5,69.5,27.8,0.534,6.7,17.0,14.8,16.2,2.7,1.9,57.8,0.333,0.322,0.79,6.11075,2.74626,3.36448
e17e856f-1837-5975-b91b-5dda472e5b28,2012,St. John's,BE,Fr,19.1,89.9,24.3,0.504,8.4,18.2,9.6,16.8,4.2,2.6,32.6,0.215,0.185,0.676,3.2073,1.2363,1.971
e1ae882d-cfc3-535f-be82-ed436c7fd151,2019,Florida,SEC,Fr,19.4,81.4,17.6,0.5122,0.6,9.8,32.8,22.4,0.2,2.3,21.5,0.347,0.395,0.764,3.32261,1.72621,1.5964
e1ae882d-cfc3-535f-be82-ed436c7fd151,2020,Florida,SEC,So,20.4,82.6,22.0,0.5278,0.4,10.2,33.1,21.4,0.2,1.9,24.1,0.308,0.353,0.775,2.75986,2.75599,0.00387632
e1ae882d-cfc3-535f-be82-ed436c7fd151,2021,Gonzaga,WCC,Jr,21.4,74.4,15.3,0.5766,0.8,8.0,20.2,14.3,0.3,1.9,25.1,0.323,0.436,0.754,6.66917,5.21282,1.45635
e1ae882d-cfc3-535f-be82-ed436c7fd151,2022,Gonzaga,WCC,Sr,22.4,80.4,19.6,0.5638000000000001,1.6,8.7,26.3,16.6,0.4,2.7,17.7,0.383,0.429,0.873,7.08475,5.03053,2.05423
e1e618bb-7a0c-56ec-900d-4a87b1e9ca84,2008,UAB,CUSA,So,20.5,21.7,32.2,0.5284,8.8,21.8,16.8,20.5,7.6,2.7,50.0,0.0,0.023,0.523,6.04558,-0.230955,6.27654
e26f7bd5-790a-59f0-9ae0-f52d6d8f27fb,2013,Weber St.,BSky,Fr,19.4,53.9,19.2,0.5942000000000001,14.8,24.5,3.6,24.2,7.4,1.0,89.6,0.0,0.0,0.692,2.0655,-1.20033,3.26583
e26f7bd5-790a-59f0-9ae0-f52d6d8f27fb,2014,Weber St.,BSky,So,20.4,74.7,18.1,0.5678,16.4,28.1,4.1,15.6,2.4,1.0,76.5,1.0,0.006,0.724,-0.448528,-0.375166,-0.0733623
e26f7bd5-790a-59f0-9ae0-f52d6d8f27fb,2015,Weber St.,BSky,Jr,21.4,83.0,24.1,0.5462,13.4,23.3,5.9,20.2,4.7,1.1,60.8,0.366,0.158,0.728,-0.600772,-1.35896,0.758191
e26f7bd5-790a-59f0-9ae0-f52d6d8f27fb,2016,Weber St.,BSky,Sr,22.4,75.6,26.2,0.6182,12.5,30.6,7.9,17.1,3.2,1.1,68.9,0.34,0.17,0.688,2.81853,0.656034,2.1625
e2a534f3-1953-5db6-99ad-9a57698aa61b,2011,Lamar,Slnd,Jr,20.9,36.5,28.0,0.508,3.1,9.5,19.1,18.0,0.5,3.1,30.7,0.306,0.381,0.793,-1.06777,0.802149,-1.86992
e2a534f3-1953-5db6-99ad-9a57698aa61b,2012,Lamar,Slnd,Sr,21.9,72.1,26.2,0.5296,3.2,7.6,14.3,14.7,0.4,3.1,23.8,0.327,0.256,0.8,1.39587,2.68019,-1.28433
e2d0ea39-20ed-50f8-b71d-1888d6588438,2015,Utah,P12,Fr,19.9,18.0,23.9,0.5346,5.0,20.9,16.8,18.3,2.2,0.3,40.8,0.324,0.447,0.581,2.64162,0.976746,1.66487
e2d0ea39-20ed-50f8-b71d-1888d6588438,2016,Utah,P12,So,20.9,59.6,24.6,0.5582,9.6,17.7,12.2,19.6,1.8,0.8,36.0,0.265,0.173,0.598,2.26221,1.259,1.0032
e2d0ea39-20ed-50f8-b71d-1888d6588438,2017,Utah,P12,Jr,21.9,69.6,26.7,0.5634,11.2,22.7,15.0,14.7,1.6,1.1,36.3,0.321,0.234,0.669,5.30474,3.99278,1.31196
e2e0b7f4-6967-539f-add4-bdad984907a1,2019,LSU,SEC,Fr,19.7,35.5,16.1,0.6028,13.3,17.6,4.6,11.8,2.5,3.0,25.7,0.382,0.5,0.743,8.02505,6.07446,1.95059
e2e0b7f4-6967-539f-add4-bdad984907a1,2020,LSU,SEC,So,20.7,58.4,20.9,0.5926,12.5,19.3,6.4,11.5,1.5,1.4,27.2,0.295,0.514,0.786,5.32339,6.84867,-1.52528
e2e0b7f4-6967-539f-add4-bdad984907a1,2021,LSU,SEC,Jr,21.7,64.8,17.6,0.6364,10.2,20.0,4.3,12.0,1.2,2.2,15.6,0.4,0.549,0.703,7.42981,6.91956,0.510251
e2e0b7f4-6967-539f-add4-bdad984907a1,2022,LSU,SEC,Sr,22.7,71.8,21.1,0.5445,7.8,21.7,6.2,11.5,1.3,3.0,21.2,0.35,0.521,0.7,5.51093,3.64482,1.86612
e2e6e359-182f-5009-9e56-d6d392935209,2010,Texas,B12,Fr,19.7,49.2,23.5,0.516,5.3,13.8,13.5,15.9,1.6,2.2,21.3,0.365,0.53,0.578,5.69008,4.27313,1.41695
e2e6e359-182f-5009-9e56-d6d392935209,2011,Texas,B12,So,20.7,80.0,27.1,0.55,7.0,18.5,14.6,14.3,1.8,1.6,22.1,0.385,0.424,0.779,8.90721,6.1355,2.77171
e38ff22a-a2bd-5b84-8fb5-7411fb305741,2008,Ohio St.,B10,Fr,19.5,67.6,20.8,0.5571,4.1,13.8,18.4,29.0,2.2,2.9,44.4,0.333,0.297,0.699,4.41249,0.238373,4.17411
e38ff22a-a2bd-5b84-8fb5-7411fb305741,2009,Ohio St.,B10,So,20.5,90.0,29.4,0.5843,6.6,17.2,25.8,21.1,2.8,3.1,57.8,0.44,0.065,0.788,8.21888,4.40175,3.81713
e38ff22a-a2bd-5b84-8fb5-7411fb305741,2010,Ohio St.,B10,Jr,21.5,74.4,34.5,0.5815,7.4,23.5,37.5,21.7,2.9,3.0,39.8,0.364,0.12,0.758,11.3474,5.69436,5.65301
e3d43aac-01af-5614-9e6b-1040169c7f26,2021,LSU,SEC,Fr,19.7,84.6,29.2,0.5525,2.0,8.2,8.3,9.4,0.7,1.4,44.0,0.325,0.418,0.882,2.75699,5.42951,-2.67251
e3ec45f7-a676-511b-aca4-2c6662e3858d,2020,Rice,CUSA,Fr,19.1,33.1,20.3,0.5446,1.1,12.5,8.8,16.7,0.0,2.1,34.9,0.388,0.635,0.659,-2.7825,-0.173901,-2.6086
e3ec45f7-a676-511b-aca4-2c6662e3858d,2021,Rice,CUSA,So,20.1,73.7,25.8,0.5454,3.0,17.1,8.2,12.8,0.0,0.5,21.3,0.396,0.598,0.806,-2.79217,0.963512,-3.75568
e3ec45f7-a676-511b-aca4-2c6662e3858d,2022,Rice,CUSA,So,21.1,42.4,21.2,0.5141,0.9,22.4,15.3,21.3,0.0,1.7,15.8,0.354,0.561,0.704,-2.72255,-1.48668,-1.23587
e3ec45f7-a676-511b-aca4-2c6662e3858d,2023,Rice,CUSA,Jr,22.1,85.1,27.7,0.5449,1.3,18.7,13.2,14.5,0.2,1.6,33.3,0.364,0.497,0.8,-1.68889,0.913787,-2.60267
e3ec45f7-a676-511b-aca4-2c6662e3858d,2024,Xavier,BE,Sr,23.1,80.6,24.6,0.5887,1.7,16.9,13.2,11.0,0.2,2.3,39.3,0.409,0.556,0.814,6.07633,5.46135,0.61498
e3fc7a67-6a0f-5987-97a2-843c6dff69db,2018,Arizona,P12,Fr,19.9,82.5,26.2,0.6498,13.5,28.2,10.2,13.1,6.1,1.0,42.4,0.343,0.078,0.733,8.87378,5.44671,3.42708
e41dfa9e-540d-584c-968f-a98f3f8c2ae2,2015,Ohio St.,B10,Fr,19.4,23.2,18.0,0.588,4.9,18.9,9.5,13.3,6.7,2.0,30.1,0.462,0.419,0.679,6.2914,2.14614,4.14526
e41dfa9e-540d-584c-968f-a98f3f8c2ae2,2016,Ohio St.,B10,So,20.4,73.2,18.7,0.5490999999999999,5.2,16.5,7.2,13.5,4.3,1.4,28.6,0.324,0.357,0.787,4.66866,1.65202,3.01664
e41dfa9e-540d-584c-968f-a98f3f8c2ae2,2017,Ohio St.,B10,Jr,21.4,16.3,22.1,0.5394,6.7,17.6,12.2,17.4,6.5,0.6,18.9,0.2,0.203,0.714,3.51962,0.486166,3.03346
e41dfa9e-540d-584c-968f-a98f3f8c2ae2,2018,Ohio St.,B10,Jr,22.4,81.8,27.5,0.5772999999999999,5.7,24.5,10.5,11.8,5.9,1.6,27.4,0.359,0.357,0.794,8.21005,4.1445,4.06555
e46a6fb2-bf93-5f27-bd6b-2dbaa9d839b6,2014,Clemson,ACC,Fr,20.8,52.7,14.8,0.4517,8.4,16.5,3.6,14.5,1.8,0.8,29.9,0.2,0.318,0.596,0.615445,-1.02336,1.63881
e46a6fb2-bf93-5f27-bd6b-2dbaa9d839b6,2015,Clemson,ACC,So,21.8,76.6,23.3,0.5585,9.2,21.1,7.8,15.4,1.3,1.6,48.6,0.288,0.199,0.708,4.20056,2.40695,1.7936
e46a6fb2-bf93-5f27-bd6b-2dbaa9d839b6,2016,Clemson,ACC,Jr,22.8,84.8,25.8,0.6134000000000001,6.1,16.6,10.7,12.6,4.2,1.4,43.4,0.446,0.258,0.782,6.46674,4.53847,1.92827
e46a6fb2-bf93-5f27-bd6b-2dbaa9d839b6,2017,Clemson,ACC,Sr,23.8,85.5,24.8,0.5607,5.9,15.5,9.7,11.5,2.9,1.4,38.1,0.255,0.213,0.714,4.67033,3.65543,1.0149
e48578ce-0a36-5573-9d8a-1ced00d95886,2012,Baylor,B12,Fr,19.6,59.3,23.3,0.5444,7.6,16.0,11.3,18.6,2.7,1.6,36.7,0.358,0.22,0.821,4.09111,2.56057,1.53055
e4bd6718-36cc-5286-976b-accc9a244cc7,2008,Texas A&M,B12,Fr,19.5,48.1,22.1,0.5742,11.0,22.0,4.4,21.8,6.5,0.5,65.0,0.0,0.0,0.452,3.47656,-0.287536,3.7641
e4bf0d5c-12fd-5216-a919-db2ef9df0700,2023,Indiana,B10,Fr,20.0,75.3,25.2,0.4919,1.6,12.0,20.2,19.4,0.8,1.4,18.9,0.333,0.275,0.776,-0.348196,-0.192407,-0.155789
e4cbee2e-fb4b-5c09-9bab-10a069086fb3,2020,North Carolina,ACC,Fr,20.1,57.2,29.0,0.5015,1.4,16.4,23.9,19.6,0.9,2.1,37.1,0.348,0.409,0.75,3.22163,2.61659,0.605034
e4e97559-7540-5ebf-b689-a1f34df7657b,2016,Wichita St.,MVC,Fr,19.3,2.7,20.4,0.6159,6.0,13.0,10.7,8.0,3.6,6.5,80.0,0.333,0.6,0.875,14.4127,6.88366,7.52901
e4e97559-7540-5ebf-b689-a1f34df7657b,2017,Wichita St.,MVC,Fr,20.3,67.1,18.4,0.6338,2.3,8.8,22.2,12.6,0.9,1.4,30.2,0.441,0.579,0.81,7.96394,6.65329,1.31064
e4e97559-7540-5ebf-b689-a1f34df7657b,2018,Wichita St.,Amer,So,21.3,76.3,21.0,0.6554000000000001,1.6,9.7,28.8,17.9,0.7,1.3,32.7,0.442,0.603,0.825,6.47971,7.54166,-1.06195
e4eb47c9-9660-50ac-901e-1bf9f2b42f4f,2015,Ohio St.,B10,Fr,19.3,84.3,29.9,0.5729,3.6,15.4,30.1,17.3,1.1,2.8,30.3,0.411,0.449,0.756,9.01121,6.81154,2.19967
e4f2aff0-8e5e-535a-b9c6-f481cda6612c,2011,Louisville,BE,Fr,20.2,6.7,28.8,0.43799999999999994,1.2,6.9,28.0,27.6,1.1,8.0,12.2,0.412,0.415,0.6,1.26777,-2.70406,3.97183
e4f2aff0-8e5e-535a-b9c6-f481cda6612c,2012,Louisville,BE,So,21.2,51.7,32.8,0.4606,3.6,9.1,21.8,19.4,0.1,6.2,34.4,0.306,0.32,0.764,5.00851,1.02825,3.98026
e4f2aff0-8e5e-535a-b9c6-f481cda6612c,2013,Louisville,BE,Jr,22.2,74.5,31.7,0.5412,4.0,8.7,21.1,16.8,0.2,4.1,49.3,0.328,0.338,0.804,7.96678,5.68922,2.27755
e4f2aff0-8e5e-535a-b9c6-f481cda6612c,2014,Louisville,Amer,Sr,23.2,73.2,30.7,0.5761,2.9,9.6,31.6,18.1,0.4,4.0,45.1,0.387,0.376,0.705,9.22559,6.18847,3.03712
e5211a5a-2a98-5b03-8d7c-10cbd48b3487,2011,USC Upstate,ASun,Fr,20.5,75.4,28.6,0.4842,7.8,20.0,13.9,19.5,1.4,2.0,19.1,0.318,0.525,0.679,-0.906476,0.306513,-1.21299
e5211a5a-2a98-5b03-8d7c-10cbd48b3487,2012,USC Upstate,ASun,So,21.5,74.8,27.2,0.5418,8.5,22.3,11.4,19.0,4.3,2.4,29.8,0.341,0.531,0.677,4.40301,2.67222,1.73078
e5211a5a-2a98-5b03-8d7c-10cbd48b3487,2013,USC Upstate,ASun,Jr,22.5,78.2,28.4,0.5409,6.8,19.6,13.6,18.1,2.8,1.8,32.6,0.365,0.466,0.721,0.864973,1.8281,-0.963132
e5211a5a-2a98-5b03-8d7c-10cbd48b3487,2014,USC Upstate,ASun,Sr,23.5,81.7,28.6,0.4972,6.5,16.7,15.5,16.2,2.9,1.5,28.8,0.295,0.465,0.612,0.639377,0.662365,-0.0229879
e52ab295-4f49-5a19-b52a-70fbd446c4e8,2013,Texas A&M,SEC,Fr,19.3,60.4,20.4,0.45130000000000003,3.9,12.4,27.9,29.2,2.3,4.9,45.2,0.265,0.295,0.6,4.31641,-0.0839576,4.40036
e52ab295-4f49-5a19-b52a-70fbd446c4e8,2014,Texas A&M,SEC,So,20.3,73.1,21.1,0.5529,1.7,11.9,36.7,24.4,3.3,4.3,49.6,0.333,0.321,0.685,6.69872,1.40734,5.29138
e52ab295-4f49-5a19-b52a-70fbd446c4e8,2015,Texas A&M,SEC,Jr,21.3,78.0,21.0,0.5519,2.8,14.1,34.8,28.4,0.3,4.1,40.2,0.366,0.31,0.685,6.31688,2.64842,3.66847
e52ab295-4f49-5a19-b52a-70fbd446c4e8,2016,Texas A&M,SEC,Sr,22.3,71.1,17.5,0.5975,4.1,9.5,31.1,26.8,1.6,4.2,29.4,0.368,0.344,0.785,8.87644,3.83511,5.04133
e5561ec8-38f3-576e-b019-fde4e1268e97,2008,Colorado,B12,So,20.4,54.2,22.4,0.4939,4.3,9.9,12.6,19.3,0.9,1.8,49.2,0.317,0.344,0.678,-1.52682,-0.665439,-0.86138
e5561ec8-38f3-576e-b019-fde4e1268e97,2010,Northern Illinois,MAC,Jr,22.4,65.5,29.6,0.5346,4.8,13.8,13.0,14.6,1.6,1.5,53.3,0.321,0.44,0.811,1.392,3.36462,-1.97263
e5561ec8-38f3-576e-b019-fde4e1268e97,2011,Northern Illinois,MAC,Sr,23.4,69.0,33.5,0.5878,2.9,13.1,15.4,21.5,0.9,2.2,52.6,0.393,0.315,0.846,-0.403413,1.48207,-1.88548
e5eb2c98-305d-5016-9a0a-b61182dffb85,2010,BYU,MWC,Fr,18.9,32.6,22.5,0.5527000000000001,8.0,17.4,3.5,24.7,3.0,1.5,70.5,0.0,0.008,0.558,-2.57339,-3.1856,0.612217
e5eb2c98-305d-5016-9a0a-b61182dffb85,2011,BYU,MWC,So,19.9,48.0,23.1,0.5704,9.8,17.3,11.1,15.3,3.8,1.6,62.0,0.0,0.0,0.679,4.53473,2.05664,2.47809
e5eb2c98-305d-5016-9a0a-b61182dffb85,2012,BYU,WCC,Jr,20.9,71.8,27.4,0.5443,8.5,19.9,14.1,19.5,5.0,2.9,57.3,0.333,0.008,0.657,3.83224,-0.892773,4.72501
e5eb2c98-305d-5016-9a0a-b61182dffb85,2013,BYU,WCC,Sr,21.9,73.8,29.7,0.5660000000000001,7.7,21.9,17.5,16.8,3.4,2.6,58.3,0.308,0.03,0.68,6.04734,2.62324,3.4241
e6141a37-7a69-526b-9f0f-3082d0a20822,2018,Alabama,SEC,Fr,19.5,68.6,32.5,0.5666,4.0,9.7,27.8,16.2,0.3,1.6,57.5,0.336,0.299,0.778,4.63977,5.10517,-0.465404
e63a7ad7-4cef-5b7b-8305-033f0fff6ff1,2012,Wisconsin,B10,Fr,19.2,18.7,16.3,0.5028,10.3,12.6,7.9,15.5,5.0,1.0,25.0,0.286,0.625,0.5,5.01941,1.63116,3.38825
e63a7ad7-4cef-5b7b-8305-033f0fff6ff1,2013,Wisconsin,B10,So,20.2,23.2,21.3,0.5615,7.3,12.6,17.6,8.4,5.2,2.8,43.9,0.311,0.459,0.767,11.1335,5.50111,5.63242
e63a7ad7-4cef-5b7b-8305-033f0fff6ff1,2014,Wisconsin,B10,Jr,21.2,67.7,25.1,0.611,10.0,18.4,11.4,9.5,6.1,1.6,35.6,0.378,0.264,0.765,11.2111,6.78359,4.42753
e63a7ad7-4cef-5b7b-8305-033f0fff6ff1,2015,Wisconsin,B10,Sr,22.2,81.4,28.1,0.6278,6.0,25.7,18.4,11.5,4.5,1.7,41.0,0.416,0.207,0.78,13.5695,8.589,4.98054
e63cbda4-6590-560a-ba2b-824d2bfd4ef3,2013,Xavier,A10,Fr,20.6,82.2,30.1,0.5029,0.6,9.2,32.2,22.2,0.4,2.8,51.0,0.25,0.077,0.672,1.7336,0.594748,1.13885
e63cbda4-6590-560a-ba2b-824d2bfd4ef3,2014,Xavier,BE,So,21.6,87.6,26.6,0.5436,1.5,7.4,25.3,16.8,0.8,2.3,56.0,0.388,0.117,0.668,3.35194,2.68557,0.666377
e64f917e-108e-5f4f-a41e-b745ad56b798,2025,Maryland,B10,Fr,20.5,75.6,26.9,0.591,9.0,24.5,11.6,16.5,3.8,2.0,54.6,0.2,0.088,0.766,7.16213,2.17559,4.98654
e68e563e-a6a7-59c5-bfbe-4eb1149764d6,2022,Connecticut,BE,Fr,20.2,29.5,21.3,0.49829999999999997,3.4,11.5,6.6,18.4,2.4,1.4,28.1,0.333,0.583,0.821,-0.667299,0.0619788,-0.729278
e68e563e-a6a7-59c5-bfbe-4eb1149764d6,2023,Connecticut,BE,So,21.2,69.6,22.7,0.584,3.9,10.8,8.2,11.9,1.8,1.4,31.7,0.388,0.631,0.887,6.92721,5.87892,1.04829
e68e5e0c-4be7-54c2-aa72-91af2bdf94e4,2019,Western Kentucky,CUSA,Fr,18.9,24.9,20.2,0.5878,10.4,18.8,4.7,29.3,3.7,0.5,68.1,0.0,0.0,0.571,-4.29944,-3.92597,-0.37347
e68e5e0c-4be7-54c2-aa72-91af2bdf94e4,2021,Mississippi St.,SEC,So,20.9,68.9,22.0,0.5805,13.0,18.1,8.0,19.7,2.6,1.1,59.7,0.0,0.0,0.589,3.59453,2.23653,1.358
e68e5e0c-4be7-54c2-aa72-91af2bdf94e4,2022,Mississippi St.,SEC,Jr,21.9,43.3,24.6,0.6008,10.5,17.2,8.4,16.3,1.7,2.0,62.8,0.0,0.0,0.65,3.12508,2.4078,0.717288
e68e5e0c-4be7-54c2-aa72-91af2bdf94e4,2023,Mississippi St.,SEC,Sr,22.9,68.1,30.3,0.5844,14.7,20.4,16.0,17.6,3.2,1.4,73.7,0.0,0.0,0.588,6.04215,3.05496,2.9872
e68e5e0c-4be7-54c2-aa72-91af2bdf94e4,2024,Mississippi St.,SEC,Sr,23.9,46.2,27.6,0.5771000000000001,13.2,19.3,9.7,19.1,1.6,1.3,70.9,0.0,0.0,0.582,2.50033,1.20237,1.29796
e6ff28cf-be5e-5f18-ac37-df1793e925fc,2010,Tulsa,CUSA,Sr,22.5,74.9,25.9,0.5966,9.3,23.8,10.1,17.1,7.7,0.9,72.5,0.0,0.0,0.688,5.40923,1.43149,3.97774
e70e3dd6-3301-5cf2-af73-c67221051740,2011,Oklahoma St.,B12,Fr,19.4,53.3,19.9,0.4702,3.4,10.7,14.2,20.9,5.2,2.3,43.5,0.262,0.316,0.607,3.45464,-0.576417,4.03106
e70e3dd6-3301-5cf2-af73-c67221051740,2012,Oklahoma St.,B12,So,20.4,77.0,21.9,0.5124,3.7,15.3,16.9,21.1,1.8,2.4,44.5,0.31,0.268,0.737,2.03357,0.320129,1.71344
e70e3dd6-3301-5cf2-af73-c67221051740,2013,Oklahoma St.,B12,Jr,21.4,83.7,22.5,0.5487,1.7,12.7,15.6,13.3,2.6,1.7,38.7,0.364,0.369,0.76,5.64989,3.21923,2.43066
e70e3dd6-3301-5cf2-af73-c67221051740,2014,Oklahoma St.,B12,Sr,22.4,86.4,22.5,0.5909,3.5,12.9,16.9,11.6,3.1,1.6,48.3,0.379,0.361,0.768,7.06498,4.65542,2.40956
e782477b-1a22-5cb6-9ead-eb0f05251631,2011,N.C. State,ACC,Fr,20.8,71.9,21.0,0.4893,3.0,10.8,24.7,22.6,1.1,2.6,34.3,0.298,0.224,0.713,2.09794,1.23043,0.867514
e782477b-1a22-5cb6-9ead-eb0f05251631,2012,N.C. State,ACC,So,21.8,85.4,23.5,0.5333,2.6,12.2,35.0,23.3,1.6,3.1,42.2,0.351,0.21,0.729,5.77784,3.44415,2.33369
e782477b-1a22-5cb6-9ead-eb0f05251631,2013,N.C. State,ACC,Jr,22.8,80.4,24.7,0.5094,2.4,11.4,36.7,23.6,1.6,3.4,41.9,0.263,0.228,0.771,4.91054,3.31477,1.59577
e7ba9428-2b30-541b-a927-8e3a94010ef7,2017,UCLA,P12,Fr,18.7,26.2,18.7,0.5640999999999999,13.3,19.9,2.3,18.4,8.8,0.7,42.6,0.0,0.0,0.535,1.1997,-1.12672,2.32642
e7d1749c-07e0-5659-b28b-99193eb1cbb1,2020,George Mason,A10,Fr,19.7,41.9,17.8,0.507,10.4,15.9,3.9,20.4,5.3,1.0,34.8,0.154,0.098,0.609,-1.90973,-2.38053,0.470801
e7d1749c-07e0-5659-b28b-99193eb1cbb1,2021,George Mason,A10,So,20.7,56.8,23.0,0.5225,12.1,17.6,10.9,12.8,3.9,1.4,34.5,0.2,0.058,0.576,2.38469,1.09833,1.28636
e7d1749c-07e0-5659-b28b-99193eb1cbb1,2022,George Mason,A10,Jr,21.7,69.6,30.3,0.5807,8.4,19.8,13.5,18.0,6.9,2.0,41.9,0.292,0.14,0.701,4.46996,0.618296,3.85166
e7d1749c-07e0-5659-b28b-99193eb1cbb1,2023,George Mason,A10,Sr,22.7,72.3,29.7,0.5764,10.5,21.5,22.8,19.1,3.4,1.6,47.1,0.233,0.082,0.616,5.4324,1.78439,3.64801
e7d1749c-07e0-5659-b28b-99193eb1cbb1,2024,Providence,BE,Sr,23.7,72.6,26.3,0.5972,8.9,18.9,15.3,15.4,4.3,1.7,38.9,0.291,0.144,0.819,6.36042,2.55669,3.80373
e814b7a0-14a0-5259-8d81-4bf5edee83e3,2019,North Carolina,ACC,Fr,19.4,69.2,26.1,0.5556,1.3,11.4,24.4,19.0,1.3,2.0,29.3,0.352,0.525,0.8,6.65494,4.90004,1.7549
e841b389-3edb-5551-ae7e-32cf77567c30,2008,Davidson,SC,So,20.5,83.6,31.7,0.635,2.6,13.4,18.8,14.4,1.2,3.6,23.2,0.435,0.563,0.893,11.6489,9.32588,2.32303
e841b389-3edb-5551-ae7e-32cf77567c30,2009,Davidson,SC,Jr,21.5,82.1,37.5,0.6046,1.8,12.3,39.8,16.6,0.7,3.9,36.1,0.388,0.49,0.88,12.3076,9.67838,2.62918
e858781a-00a6-5f69-bc71-b1a2c0fc0655,2011,Illinois,B10,Fr,19.3,19.9,17.5,0.5146000000000001,4.6,12.8,3.3,33.1,5.2,1.1,29.3,0.0,0.017,0.706,-1.62807,-4.82282,3.19475
e858781a-00a6-5f69-bc71-b1a2c0fc0655,2012,Illinois,B10,So,20.3,78.6,22.0,0.6177,9.1,23.5,9.9,18.7,6.9,0.9,43.6,0.091,0.038,0.732,6.42677,1.50534,4.92143
e89bb941-8660-50aa-83b3-53fe5b63ca75,2018,San Francisco,WCC,Fr,19.0,29.9,15.0,0.4133,2.0,12.3,13.1,21.7,2.3,3.1,22.9,0.243,0.385,0.682,-1.08251,-4.03401,2.9515
e89bb941-8660-50aa-83b3-53fe5b63ca75,2019,San Francisco,WCC,So,20.0,57.4,14.2,0.5468999999999999,0.8,15.3,9.3,16.7,2.3,2.3,35.4,0.288,0.41,0.647,2.22744,-0.062496,2.28994
e89bb941-8660-50aa-83b3-53fe5b63ca75,2020,San Francisco,WCC,Jr,21.0,82.5,20.3,0.5657,2.2,13.7,20.7,18.9,1.9,2.8,24.4,0.309,0.38,0.671,5.38621,2.55701,2.8292
e89bb941-8660-50aa-83b3-53fe5b63ca75,2021,San Francisco,WCC,Sr,22.0,84.3,26.2,0.5760000000000001,2.5,10.6,25.2,15.4,0.7,2.7,17.6,0.37,0.312,0.754,4.91595,4.12403,0.791923
e89bb941-8660-50aa-83b3-53fe5b63ca75,2022,San Francisco,WCC,Sr,23.0,91.3,23.3,0.5628,1.7,13.8,21.3,15.2,2.4,2.9,21.4,0.356,0.416,0.745,7.24749,4.01612,3.23137
e8de83f2-a5ca-5997-bd90-aab938303ef7,2015,N.C. State,ACC,Fr,19.7,41.2,17.2,0.4858,4.9,14.0,8.2,14.4,2.1,1.1,39.6,0.305,0.55,0.695,2.90526,1.9687,0.936555
e8de83f2-a5ca-5997-bd90-aab938303ef7,2016,N.C. State,ACC,So,20.7,75.6,18.6,0.5259,3.3,13.3,8.9,15.5,2.0,1.7,20.1,0.361,0.666,0.667,3.29657,2.97424,0.322331
e8de83f2-a5ca-5997-bd90-aab938303ef7,2018,Nevada,MWC,Jr,22.7,80.0,25.4,0.5895,3.3,14.5,14.9,11.4,1.9,2.1,36.5,0.403,0.506,0.749,5.49386,5.47991,0.0139489
e8de83f2-a5ca-5997-bd90-aab938303ef7,2019,Nevada,MWC,Sr,23.7,85.4,26.6,0.5579999999999999,2.9,13.5,16.2,11.5,2.6,2.4,40.2,0.338,0.644,0.732,6.8375,5.0763,1.7612
e9114134-a279-50cc-bb60-f00412b41396,2013,UCLA,P12,Fr,19.8,73.7,21.2,0.48479999999999995,8.0,23.0,20.8,18.9,2.8,3.4,39.9,0.211,0.13,0.735,7.95165,2.3559,5.59575
e9114134-a279-50cc-bb60-f00412b41396,2014,UCLA,P12,So,20.8,80.3,26.0,0.5661999999999999,4.5,25.5,34.3,20.2,2.7,3.1,49.3,0.483,0.154,0.737,9.73873,4.26959,5.46914
e91cbe9f-6886-5592-b4ad-75deef1dee0f,2020,Illinois St.,MVC,Fr,19.6,56.5,18.2,0.49450000000000005,2.6,10.0,6.2,13.7,0.3,1.7,20.0,0.327,0.493,0.659,-1.47138,-0.595279,-0.876105
e91cbe9f-6886-5592-b4ad-75deef1dee0f,2021,Illinois St.,MVC,So,20.6,74.5,22.8,0.5144,2.7,9.5,8.9,15.8,0.9,0.7,28.1,0.295,0.415,0.761,-3.16584,-0.681828,-2.48401
e91cbe9f-6886-5592-b4ad-75deef1dee0f,2022,Illinois St.,MVC,Jr,21.6,86.4,26.9,0.5761999999999999,1.9,9.8,11.5,14.9,1.4,1.6,28.6,0.385,0.382,0.816,-0.509367,2.26741,-2.77677
e91cbe9f-6886-5592-b4ad-75deef1dee0f,2023,Kentucky,SEC,Sr,22.6,69.3,23.2,0.545,1.6,7.4,7.8,13.6,0.7,0.9,22.8,0.398,0.498,0.783,1.19,2.78879,-1.59879
e91cbe9f-6886-5592-b4ad-75deef1dee0f,2024,Kentucky,SEC,Sr,23.6,77.8,23.6,0.6397999999999999,2.7,11.1,9.2,8.9,0.8,1.1,28.5,0.447,0.41,0.863,3.80915,6.08281,-2.27366
e92e5f23-401d-52cc-b11a-2405bc65fde9,2022,Yale,Ivy,Fr,20.1,45.4,16.2,0.5194,1.9,15.4,16.8,26.9,1.9,3.6,53.5,0.269,0.263,0.717,1.59167,-2.24599,3.83766
e92e5f23-401d-52cc-b11a-2405bc65fde9,2023,Yale,Ivy,So,21.1,73.1,22.5,0.516,2.3,14.3,18.1,20.0,0.9,3.0,38.1,0.322,0.352,0.649,2.20737,0.0809666,2.12641
e92e5f23-401d-52cc-b11a-2405bc65fde9,2024,Yale,Ivy,Jr,22.1,82.1,20.9,0.5095000000000001,2.0,13.0,21.9,15.7,1.3,3.6,34.0,0.258,0.422,0.68,4.15686,1.66189,2.49497
e92e5f23-401d-52cc-b11a-2405bc65fde9,2025,Yale,Ivy,Sr,23.1,81.7,24.5,0.5349,2.5,16.3,29.2,21.2,1.5,3.2,41.8,0.368,0.361,0.699,3.90778,1.59896,2.30883
e9338678-c27b-501d-add6-e5aa39a763e6,2012,Arizona,P12,Fr,19.5,69.7,20.8,0.4878,2.5,10.6,18.7,20.1,2.0,1.6,40.7,0.32,0.466,0.679,0.89,-0.297665,1.18767
e9338678-c27b-501d-add6-e5aa39a763e6,2013,Arizona,P12,So,20.5,78.2,20.0,0.5536,1.6,12.0,20.3,18.0,1.9,3.7,39.9,0.393,0.35,0.713,8.01442,4.13829,3.87613
e9338678-c27b-501d-add6-e5aa39a763e6,2014,Arizona,P12,Jr,21.5,81.5,24.8,0.55,3.0,11.2,17.6,12.7,2.0,2.1,39.5,0.367,0.357,0.781,8.46437,4.76422,3.70015
e9875bc0-63f0-5d2b-894d-f04ffbdc7650,2020,Wagner,NEC,Jr,22.6,72.4,27.7,0.5101,6.2,16.3,22.3,22.6,1.2,2.1,35.5,0.348,0.215,0.706,-2.36144,-0.549421,-1.81202
e9875bc0-63f0-5d2b-894d-f04ffbdc7650,2021,Wagner,NEC,Sr,23.6,86.9,28.7,0.5128,8.6,16.2,25.1,18.9,1.7,3.0,33.3,0.317,0.223,0.713,2.61279,2.05984,0.552942
e9875bc0-63f0-5d2b-894d-f04ffbdc7650,2022,Wagner,NEC,Sr,24.6,81.2,27.4,0.5459,7.7,19.9,23.0,15.6,1.6,2.9,36.5,0.347,0.209,0.738,5.10503,2.98627,2.11876
e9ae655e-848f-55b4-a758-ebe191642e57,2016,Mississippi,SEC,Fr,19.1,10.2,16.1,0.4612,4.8,10.0,8.8,13.4,1.7,3.0,63.3,0.273,0.367,0.368,0.38846,-0.431342,0.819802
e9ae655e-848f-55b4-a758-ebe191642e57,2017,Mississippi,SEC,So,20.1,62.8,26.6,0.5672999999999999,6.0,16.0,16.8,16.6,2.2,3.0,28.7,0.333,0.354,0.723,6.24771,4.32767,1.92004
e9ae655e-848f-55b4-a758-ebe191642e57,2018,Mississippi,SEC,Jr,21.1,67.2,26.9,0.512,5.5,19.0,16.4,17.3,3.6,1.9,24.4,0.317,0.482,0.723,3.28609,1.98332,1.30277
e9ae655e-848f-55b4-a758-ebe191642e57,2019,Mississippi,SEC,Sr,22.1,77.2,26.8,0.5555,4.5,17.5,22.9,19.4,2.3,3.1,25.1,0.371,0.434,0.772,6.62964,3.72781,2.90182
e9b512fd-6c1a-5519-acbb-fffdd77521a1,2019,Wichita St.,Amer,Jr,22.2,44.6,24.4,0.5852,10.9,26.1,4.6,17.2,8.8,1.7,38.4,0.387,0.127,0.649,5.6584,0.246887,5.41151
e9b512fd-6c1a-5519-acbb-fffdd77521a1,2020,Wichita St.,Amer,Sr,23.2,50.5,23.7,0.5534,8.9,24.6,5.4,15.9,7.7,1.6,44.7,0.19,0.092,0.784,4.48796,-0.773066,5.26103
e9d59875-b6a4-5fce-875f-4f5d1252c195,2019,Villanova,BE,Fr,20.2,73.0,14.4,0.5706,8.3,12.2,8.6,11.2,1.4,1.8,18.9,0.374,0.55,0.644,5.4426,3.67865,1.76395
e9d59875-b6a4-5fce-875f-4f5d1252c195,2020,Villanova,BE,So,21.2,84.4,22.0,0.6082,4.5,11.3,14.9,11.8,1.1,1.4,24.8,0.451,0.477,0.769,7.29618,5.85341,1.44277
e9efe87b-321a-5577-8c9c-2d24b0352160,2019,Minnesota,B10,Fr,19.8,57.6,22.8,0.5686,11.8,21.6,5.3,16.3,5.7,1.1,41.7,0.5,0.007,0.617,3.55543,0.682929,2.8725
e9efe87b-321a-5577-8c9c-2d24b0352160,2020,Minnesota,B10,So,20.8,84.2,28.3,0.612,12.0,23.3,7.6,17.5,7.1,1.0,42.8,0.365,0.123,0.707,7.17214,3.33643,3.83571
e9fefa05-2e57-5f0c-9d20-e7cccb4b7293,2009,Missouri,B12,Fr,19.3,41.8,18.6,0.5078,5.6,8.8,13.9,16.7,0.8,2.9,19.0,0.304,0.546,0.795,4.81969,3.26766,1.55204
e9fefa05-2e57-5f0c-9d20-e7cccb4b7293,2010,Missouri,B12,So,20.3,52.1,21.2,0.5742,4.5,10.9,13.1,11.5,0.6,2.3,27.8,0.407,0.612,0.697,5.69572,5.53587,0.159851
e9fefa05-2e57-5f0c-9d20-e7cccb4b7293,2011,Missouri,B12,Jr,21.3,75.3,20.5,0.6315,3.6,9.2,11.4,7.8,0.3,3.3,30.9,0.449,0.459,0.75,7.71378,7.55781,0.155963
e9fefa05-2e57-5f0c-9d20-e7cccb4b7293,2012,Missouri,B12,Sr,22.3,86.3,22.0,0.6207,3.9,13.8,11.5,9.3,0.1,2.7,30.8,0.407,0.559,0.896,8.54649,8.41775,0.128748
ea169b04-8772-59b6-b348-d96f5af4f5b1,2019,Kansas,B12,Fr,19.2,39.0,17.0,0.5429999999999999,4.3,14.8,6.3,17.6,2.4,1.0,23.1,0.307,0.481,0.694,3.4519,1.38364,2.06825
ea169b04-8772-59b6-b348-d96f5af4f5b1,2020,Kansas,B12,So,20.2,83.6,16.8,0.526,4.4,9.6,10.6,19.4,0.9,2.2,18.8,0.331,0.5,0.673,6.29074,3.32203,2.96871
ea169b04-8772-59b6-b348-d96f5af4f5b1,2021,Kansas,B12,Jr,21.2,84.6,19.8,0.5449,2.9,9.1,11.1,12.1,1.6,1.9,21.1,0.371,0.591,0.681,5.7326,3.88572,1.84688
ea169b04-8772-59b6-b348-d96f5af4f5b1,2022,Kansas,B12,Sr,22.2,84.6,23.3,0.5949,2.8,12.9,8.7,14.5,1.7,1.5,28.0,0.407,0.466,0.743,7.44695,5.57594,1.87101
ea274ed9-7c72-5361-b955-1dfb1cb87593,2014,SMU,Amer,Fr,19.4,48.6,14.4,0.5440999999999999,8.1,14.4,10.1,25.0,1.9,2.3,32.8,0.362,0.367,0.571,4.09038,0.847305,3.24308
ea274ed9-7c72-5361-b955-1dfb1cb87593,2015,SMU,Amer,So,20.4,60.5,12.3,0.6358,8.4,14.4,15.7,18.6,1.4,2.2,28.9,0.444,0.372,0.771,7.30656,4.6372,2.66936
ea274ed9-7c72-5361-b955-1dfb1cb87593,2016,SMU,Amer,Jr,21.4,68.8,17.7,0.7159,5.9,12.3,16.4,27.6,1.9,2.4,34.8,0.536,0.309,0.857,6.77964,4.19074,2.58889
ea274ed9-7c72-5361-b955-1dfb1cb87593,2017,SMU,Amer,Sr,22.4,81.6,21.6,0.5828,6.0,16.9,17.9,17.3,2.2,2.7,31.3,0.449,0.387,0.791,8.52023,4.81343,3.7068
ea417bdc-1553-574b-bae8-7ae894ac8b34,2021,Virginia,ACC,Fr,19.7,73.0,13.6,0.46950000000000003,1.0,11.1,18.0,19.1,1.7,2.7,30.0,0.243,0.336,0.758,3.70244,0.423093,3.27935
ea417bdc-1553-574b-bae8-7ae894ac8b34,2022,Virginia,ACC,So,20.7,87.5,16.8,0.5165,1.6,12.4,30.2,16.2,2.5,4.0,18.0,0.338,0.254,0.761,7.39102,2.98141,4.40961
ea417bdc-1553-574b-bae8-7ae894ac8b34,2023,Virginia,ACC,Jr,21.7,79.0,20.1,0.5095000000000001,2.0,9.6,32.1,15.2,2.1,3.5,33.9,0.351,0.3,0.793,5.56191,2.44045,3.12145
ea417bdc-1553-574b-bae8-7ae894ac8b34,2024,Virginia,ACC,Sr,22.7,80.9,28.8,0.5216,1.3,12.3,44.7,14.3,1.9,4.1,31.0,0.31,0.246,0.754,8.68091,4.57064,4.11027
ea4631de-9c72-55b9-96d9-da36049e1fb3,2008,Duke,ACC,Fr,20.1,71.1,21.9,0.5661,7.8,14.4,9.1,18.9,2.3,2.0,30.5,0.34,0.431,0.774,6.39038,3.42228,2.9681
ea4631de-9c72-55b9-96d9-da36049e1fb3,2009,Duke,ACC,So,21.1,80.4,26.0,0.5489999999999999,10.6,16.7,15.5,17.0,3.1,2.8,36.9,0.383,0.381,0.713,9.72955,6.10049,3.62906
ea4631de-9c72-55b9-96d9-da36049e1fb3,2010,Duke,ACC,Jr,22.1,89.9,24.0,0.5449,7.0,14.6,13.4,13.8,2.2,1.7,37.8,0.399,0.387,0.798,9.34242,5.95436,3.38806
ea4631de-9c72-55b9-96d9-da36049e1fb3,2011,Duke,ACC,Sr,23.1,86.9,23.5,0.5364,8.0,13.3,8.8,13.2,0.8,1.5,30.5,0.321,0.379,0.806,5.8451,4.51925,1.32585
ea782235-8fbd-59ca-9733-f7a01cc62958,2017,Penn St.,B10,Fr,19.7,80.6,24.6,0.486,2.2,14.0,26.5,18.0,0.9,1.1,42.0,0.32,0.275,0.771,0.433383,0.270668,0.162715
ea782235-8fbd-59ca-9733-f7a01cc62958,2018,Penn St.,B10,So,20.7,83.3,29.5,0.5273,3.0,13.4,29.3,12.9,0.9,1.4,30.7,0.433,0.338,0.799,6.17079,5.5204,0.650391
ea799863-fe83-5747-82fc-8c8d5c0678cd,2022,Kentucky,SEC,Fr,20.8,13.1,20.9,0.4825,11.7,13.0,6.3,23.0,1.8,1.3,23.2,0.313,0.286,0.538,0.30677,0.274212,0.032558
ea799863-fe83-5747-82fc-8c8d5c0678cd,2023,Providence,BE,So,21.8,85.7,23.4,0.5476,5.4,22.5,12.7,16.4,1.8,1.4,49.6,0.364,0.2,0.759,3.08399,1.89449,1.1895
ea799863-fe83-5747-82fc-8c8d5c0678cd,2024,Providence,BE,Jr,22.8,33.1,26.7,0.4979,7.9,20.7,9.0,15.4,0.9,1.7,48.3,0.189,0.305,0.655,-0.56773,-1.14898,0.581247
ea799863-fe83-5747-82fc-8c8d5c0678cd,2025,Providence,BE,Sr,23.8,7.1,30.4,0.5152,9.0,19.5,21.7,10.9,0.0,2.0,50.0,0.4,0.25,0.75,3.13454,3.50694,-0.3724
ea799863-fe83-5747-82fc-8c8d5c0678cd,2026,St. John's,BE,Sr,24.8,71.8,22.0,0.5581,7.3,16.4,12.7,11.3,0.9,2.1,48.5,0.363,0.248,0.713,6.58104,3.66425,2.91679
ea9383be-0316-5e4a-91ab-33e2fffafea3,2010,Vanderbilt,SEC,Fr,19.3,53.9,17.6,0.643,1.4,8.5,8.5,10.6,0.7,1.2,26.7,0.476,0.636,0.8,5.75033,6.12143,-0.371104
ea9383be-0316-5e4a-91ab-33e2fffafea3,2011,Vanderbilt,SEC,So,20.3,80.4,22.5,0.64,1.9,7.4,7.9,12.3,0.9,1.3,39.2,0.408,0.596,0.894,6.20616,7.10818,-0.902021
ea9383be-0316-5e4a-91ab-33e2fffafea3,2012,Vanderbilt,SEC,Jr,21.3,80.9,23.6,0.6557999999999999,1.7,8.2,8.4,12.0,1.0,1.5,33.4,0.439,0.666,0.837,8.37342,8.31993,0.0534857
ea95010d-9054-54af-919b-7c6babaedd86,2019,Illinois,B10,Fr,19.4,74.8,23.8,0.5273,2.5,13.0,21.6,17.1,0.9,2.3,25.4,0.352,0.38,0.695,3.77692,2.88255,0.894369
ea95010d-9054-54af-919b-7c6babaedd86,2020,Illinois,B10,So,20.4,81.6,25.5,0.5421,1.9,12.6,21.5,18.3,0.6,1.3,23.7,0.29,0.237,0.763,4.36539,2.88786,1.47753
ea95010d-9054-54af-919b-7c6babaedd86,2021,Illinois,B10,Jr,21.4,78.4,29.4,0.5664,3.9,15.8,29.2,18.0,0.6,1.8,33.3,0.386,0.193,0.783,8.56757,5.21125,3.35632
ea9aaa83-27e0-55cb-a532-0545f0bf758a,2019,Cal St. Northridge,BW,Fr,19.4,19.3,22.1,0.4789,3.3,15.6,23.6,30.1,0.8,3.5,114.6,0.333,0.188,0.509,-5.07198,-4.21174,-0.860244
ea9aaa83-27e0-55cb-a532-0545f0bf758a,2020,Cal St. Northridge,BW,So,20.4,73.1,21.1,0.5337,4.8,16.2,16.6,20.4,1.3,2.7,42.1,0.362,0.194,0.696,-0.467006,0.474361,-0.941367
ea9aaa83-27e0-55cb-a532-0545f0bf758a,2021,Oklahoma,B12,Jr,21.4,60.2,18.5,0.5008,3.6,17.8,14.5,22.4,1.0,3.9,32.3,0.321,0.329,0.635,4.40015,0.490592,3.90955
ea9aaa83-27e0-55cb-a532-0545f0bf758a,2022,Oklahoma,B12,Sr,22.4,53.0,21.9,0.5127,3.6,14.3,12.1,21.3,0.6,2.8,25.6,0.323,0.436,0.638,2.91077,0.650764,2.26001
eaa97982-1d75-5d8e-83ab-3ab97f451031,2009,Vanderbilt,SEC,Fr,20.1,64.9,25.9,0.5593,12.7,14.7,15.4,19.3,1.6,2.1,51.3,0.22,0.151,0.691,5.57634,3.69428,1.88206
eaa97982-1d75-5d8e-83ab-3ab97f451031,2010,Vanderbilt,SEC,So,21.1,67.3,25.9,0.5618,8.8,12.7,13.5,17.9,1.3,2.3,64.7,0.0,0.027,0.746,4.78505,3.15531,1.62973
eaa97982-1d75-5d8e-83ab-3ab97f451031,2011,Vanderbilt,SEC,So,22.1,78.4,25.5,0.5442,6.5,12.8,16.2,18.6,1.7,1.9,43.8,0.345,0.297,0.719,5.1861,3.809,1.3771
eaa97982-1d75-5d8e-83ab-3ab97f451031,2012,Vanderbilt,SEC,Sr,23.1,79.5,25.6,0.5803,8.4,12.1,12.6,16.1,1.4,2.4,36.9,0.423,0.366,0.605,8.3342,6.16788,2.16631
eab78ca8-3502-5cf9-98c9-3633ae7abadb,2008,Syracuse,BE,Jr,21.5,76.2,18.9,0.5951,12.1,16.3,4.5,17.9,4.6,1.8,55.4,0.0,0.0,0.445,4.19077,2.55445,1.63632
eab78ca8-3502-5cf9-98c9-3633ae7abadb,2009,Syracuse,BE,Jr,21.5,65.0,17.9,0.6001,12.7,16.2,4.0,17.8,5.1,0.9,47.5,0.0,0.0,0.301,5.62691,2.94466,2.68225
eab78ca8-3502-5cf9-98c9-3633ae7abadb,2010,Syracuse,BE,Sr,22.5,52.0,18.9,0.6406000000000001,11.5,13.3,5.1,17.4,5.2,2.2,30.6,0.0,0.0,0.429,6.5817,3.59075,2.99095
eb3236e3-ca0c-538b-9fa4-0f0f39421dcb,2022,Baylor,B12,Fr,19.1,55.0,20.0,0.5458,8.9,20.6,12.3,18.1,3.2,2.9,42.7,0.296,0.384,0.589,8.94783,3.98691,4.96091
eb4d6dc3-92af-5077-91b1-94bca2608af9,2016,Arizona,P12,Jr,23.4,60.9,19.9,0.5478000000000001,1.2,12.4,25.4,23.0,3.1,2.4,44.2,0.36,0.233,0.705,5.91378,2.06339,3.85039
eb4d6dc3-92af-5077-91b1-94bca2608af9,2017,Arizona,P12,Sr,24.4,68.9,18.4,0.5703,1.5,13.7,17.8,20.7,2.3,3.1,49.2,0.427,0.318,0.741,7.71621,2.93704,4.77917
ebd80681-f42d-511a-a898-ab7ec057c116,2012,Houston,CUSA,Jr,22.8,74.0,26.0,0.5904,5.7,13.1,14.9,25.5,1.0,1.4,44.3,0.383,0.278,0.705,0.00203499,1.42253,-1.4205
ec0d25e8-af09-54ea-a11a-789dab0ff9ff,2015,Butler,BE,Fr,19.9,35.9,27.7,0.48700000000000004,5.0,12.3,7.5,14.9,1.9,0.6,27.1,0.247,0.348,0.7,-1.37241,-0.896371,-0.476038
ec0d25e8-af09-54ea-a11a-789dab0ff9ff,2016,Butler,BE,So,20.9,70.6,26.4,0.5447,6.5,21.6,7.7,12.6,2.1,1.5,33.7,0.377,0.298,0.761,2.59093,2.50342,0.0875085
ec0d25e8-af09-54ea-a11a-789dab0ff9ff,2017,Butler,BE,Jr,21.9,71.3,28.7,0.551,4.5,20.7,8.6,14.1,1.8,1.4,36.3,0.348,0.437,0.784,2.90341,2.40889,0.494521
ec0d25e8-af09-54ea-a11a-789dab0ff9ff,2018,Butler,BE,Sr,22.9,87.3,28.4,0.5688,3.2,18.4,11.1,13.7,1.5,1.2,26.6,0.364,0.45,0.844,4.88104,3.9029,0.978138
ec24c3e2-a4b2-58d3-9fbc-571ad288064c,2016,Hofstra,CAA,Fr,18.7,6.9,21.4,0.47619999999999996,1.2,8.0,6.3,20.0,2.1,1.8,31.3,0.25,0.5,0.5,-5.72947,-4.11573,-1.61374
ec24c3e2-a4b2-58d3-9fbc-571ad288064c,2017,Hofstra,CAA,So,19.7,70.3,27.1,0.5975,2.6,11.8,13.7,10.9,0.2,1.6,31.0,0.369,0.429,0.764,1.86912,4.77986,-2.91074
ec24c3e2-a4b2-58d3-9fbc-571ad288064c,2018,Hofstra,CAA,Jr,20.7,94.9,29.0,0.5674,1.0,9.5,18.6,11.7,0.5,1.1,28.1,0.368,0.445,0.794,1.4872,4.44541,-2.95821
ec24c3e2-a4b2-58d3-9fbc-571ad288064c,2019,Hofstra,CAA,Sr,21.7,92.8,31.5,0.6372,1.2,11.4,17.6,13.2,0.6,1.4,32.1,0.425,0.399,0.863,2.16423,5.48018,-3.31595
ecc80cbe-f1b3-570f-b9fa-8d2c09d7f298,2009,Weber St.,BSky,Fr,18.9,73.3,22.8,0.5708,1.4,14.3,21.8,20.7,0.8,2.0,28.5,0.381,0.472,0.842,1.79073,1.29055,0.500181
ecc80cbe-f1b3-570f-b9fa-8d2c09d7f298,2010,Weber St.,BSky,So,19.9,84.9,27.4,0.5881000000000001,1.3,12.6,23.6,15.1,0.4,2.1,43.2,0.388,0.507,0.848,3.81143,5.16059,-1.34916
ecc80cbe-f1b3-570f-b9fa-8d2c09d7f298,2011,Weber St.,BSky,Jr,20.9,19.6,34.2,0.5851,2.8,14.1,28.2,18.8,1.0,3.0,65.2,0.326,0.5,0.833,4.93375,5.173,-0.239243
ecc80cbe-f1b3-570f-b9fa-8d2c09d7f298,2012,Weber St.,BSky,Jr,21.9,87.2,32.3,0.6211,1.9,14.1,28.0,12.0,0.7,2.5,51.4,0.396,0.459,0.885,8.20583,8.82054,-0.614712
ed4e28c6-3323-5971-b87c-4f58de963d59,2019,Oregon St.,P12,Jr,21.8,58.4,14.7,0.6522,8.1,16.5,3.5,16.5,16.1,0.8,40.5,0.0,0.0,0.613,6.51739,-0.246137,6.76353
ed4e28c6-3323-5971-b87c-4f58de963d59,2020,Oregon St.,P12,Sr,22.8,72.9,17.7,0.6257,7.2,14.6,6.8,12.3,13.4,0.5,50.9,0.0,0.005,0.681,7.15513,1.57331,5.58182
ed78c70b-8fbf-5754-95e3-4d50b14eebaf,2022,Kentucky,SEC,Fr,20.6,65.9,22.2,0.528,2.6,10.7,23.0,14.7,0.7,2.6,19.0,0.35,0.306,0.75,6.60826,5.11314,1.49512
ed9e372b-c9fa-5c47-b354-0f5a1b1053eb,2012,Georgetown,BE,Fr,19.1,73.6,17.3,0.5692,9.0,17.9,11.0,14.5,3.2,2.4,33.9,0.224,0.213,0.679,8.30053,3.85506,4.44547
ed9e372b-c9fa-5c47-b354-0f5a1b1053eb,2013,Georgetown,BE,So,20.1,84.4,23.4,0.59,6.7,19.0,18.5,11.7,3.0,3.3,44.9,0.422,0.291,0.777,12.2848,6.40962,5.87521
edaf5545-b069-553f-a071-ab86f7cfb316,2010,Purdue,B10,Jr,21.3,58.1,23.4,0.5975,6.3,20.5,15.2,8.7,3.6,2.1,41.2,0.364,0.399,0.902,11.8435,6.89904,4.94445
edaf5545-b069-553f-a071-ab86f7cfb316,2012,Purdue,B10,Sr,23.3,80.6,24.8,0.5405,5.5,21.7,12.6,7.1,4.2,1.3,29.5,0.383,0.404,0.825,7.57102,5.93323,1.63779
ede81ed8-ace3-56bd-b53d-c62735ad5f1c,2010,Arizona,P10,Fr,19.1,68.9,26.2,0.6196,9.7,19.7,6.3,15.3,2.4,1.3,82.3,0.25,0.057,0.681,3.05677,2.90117,0.155597
ede81ed8-ace3-56bd-b53d-c62735ad5f1c,2011,Arizona,P10,So,20.1,74.1,28.7,0.6897,11.8,21.9,8.7,18.2,2.3,1.9,87.1,0.568,0.195,0.746,9.23634,7.23607,2.00027
ee03b920-adf7-5100-baa2-2b3637f00930,2010,Kentucky,SEC,Fr,19.5,32.7,15.9,0.5334,10.3,16.3,5.0,26.8,10.6,2.4,69.2,0.0,0.022,0.524,7.38299,-0.652996,8.03599
ee265d58-7b5e-5182-803b-63a7fd28792c,2011,Virginia Tech,ACC,Fr,19.7,21.5,18.0,0.47479999999999994,7.6,16.3,8.4,19.5,3.5,0.8,47.1,0.219,0.471,0.688,0.620021,-0.882906,1.50293
ee265d58-7b5e-5182-803b-63a7fd28792c,2012,Virginia Tech,ACC,So,20.7,67.7,17.2,0.5949,2.3,18.7,11.0,19.2,1.7,1.2,31.1,0.443,0.557,0.868,3.55288,1.93763,1.61525
ee265d58-7b5e-5182-803b-63a7fd28792c,2013,Virginia Tech,ACC,Jr,21.7,74.6,22.2,0.5224,3.9,16.3,9.1,18.0,2.7,0.7,28.7,0.321,0.48,0.842,0.548279,1.39127,-0.842996
ee265d58-7b5e-5182-803b-63a7fd28792c,2014,Virginia Tech,ACC,Sr,22.7,80.6,23.1,0.4946,3.7,14.7,9.5,14.2,1.3,0.7,21.5,0.376,0.565,0.778,1.01241,0.803399,0.209008
ee5a20ad-4695-5fa7-a803-c56f0e1400b7,2022,Northwestern,B10,Fr,20.3,5.8,20.3,0.2811,3.0,6.7,21.9,12.1,5.2,4.1,17.4,0.111,0.391,0.75,-1.22734,-4.26216,3.03481
ee5a20ad-4695-5fa7-a803-c56f0e1400b7,2023,Northwestern,B10,So,21.3,60.0,17.8,0.5225,6.1,18.0,9.2,11.9,2.1,2.0,30.9,0.31,0.387,0.836,3.28211,0.930391,2.35172
ee5a20ad-4695-5fa7-a803-c56f0e1400b7,2024,Northwestern,B10,Jr,22.3,90.2,22.6,0.5266,4.2,21.7,14.3,11.4,2.7,2.9,36.0,0.348,0.285,0.766,5.52348,1.94273,3.58075
ee5a20ad-4695-5fa7-a803-c56f0e1400b7,2025,Northwestern,B10,Sr,23.3,46.9,28.0,0.49950000000000006,4.8,24.6,24.0,16.2,3.7,3.8,35.7,0.266,0.257,0.764,8.14462,2.07373,6.07088
ee7538fa-5f7c-5b2f-b029-61f00859be89,2020,Georgia,SEC,Fr,20.1,58.8,15.7,0.5349,7.8,11.9,4.8,23.4,2.3,1.4,41.4,0.172,0.185,0.615,0.935049,-0.165846,1.1009
ee7538fa-5f7c-5b2f-b029-61f00859be89,2021,Georgia,SEC,So,21.1,67.8,22.4,0.5416,8.8,21.3,10.4,20.3,4.1,2.3,44.1,0.25,0.227,0.624,4.39329,1.3039,3.08939
ee7538fa-5f7c-5b2f-b029-61f00859be89,2022,Dayton,A10,So,22.1,65.6,24.8,0.5584,8.7,22.0,12.2,24.1,3.3,1.9,32.3,0.338,0.226,0.591,3.45963,0.039495,3.42013
ee7538fa-5f7c-5b2f-b029-61f00859be89,2023,Dayton,A10,Jr,23.1,74.4,24.5,0.609,10.2,23.3,13.4,17.9,3.1,2.6,40.8,0.362,0.245,0.669,7.20852,3.49773,3.71078
eeb4680a-6d2f-52b3-a7e6-b0fc8a9d3977,2011,Tulsa,CUSA,Fr,19.0,51.7,27.2,0.5507,2.0,7.8,17.8,25.6,0.5,1.8,54.0,0.303,0.295,0.793,-1.4488,-0.587881,-0.860921
eeb4680a-6d2f-52b3-a7e6-b0fc8a9d3977,2012,Tulsa,CUSA,So,20.0,82.5,27.0,0.5492,4.2,9.6,18.9,18.0,1.7,1.7,44.5,0.374,0.299,0.784,3.12871,3.25658,-0.127862
eeb4680a-6d2f-52b3-a7e6-b0fc8a9d3977,2014,Missouri,SEC,Jr,22.0,86.8,27.3,0.5458,2.9,9.3,23.3,16.8,0.6,1.9,41.7,0.281,0.244,0.831,3.30031,3.70116,-0.400846
ef202b45-ff9d-5830-b0ac-70ba5a6784ec,2020,Texas A&M,SEC,Jr,21.8,56.8,22.3,0.5052,1.7,12.9,15.6,17.5,1.3,3.2,64.4,0.244,0.402,0.76,1.99614,0.560882,1.43526
ef202b45-ff9d-5830-b0ac-70ba5a6784ec,2021,Texas A&M,SEC,Sr,22.8,58.8,24.4,0.5941,3.4,9.1,17.4,25.8,1.0,3.0,38.1,0.411,0.418,0.725,2.21671,1.48014,0.736577
ef202b45-ff9d-5830-b0ac-70ba5a6784ec,2022,Texas A&M,SEC,Sr,23.8,65.8,26.6,0.611,2.2,13.2,16.6,19.9,2.0,3.8,52.9,0.349,0.333,0.83,6.77273,3.81992,2.95281
ef4fe8bb-90ea-538e-8866-e892f9b65e96,2021,North Carolina,ACC,Fr,19.6,47.9,27.5,0.5209,18.3,23.8,15.4,20.6,5.1,2.3,46.8,0.0,0.009,0.505,7.60599,2.82468,4.78131
ef54642a-e817-52bc-ad3a-13e237ab5263,2020,Washington,P12,Fr,19.7,74.6,25.2,0.5152,4.4,15.7,14.4,23.4,4.4,1.4,33.9,0.339,0.378,0.763,2.19221,-0.561175,2.75338
ef5d612c-fac6-5456-a0e1-5ad5a7318d1e,2024,Kansas,B12,Fr,19.5,58.7,17.0,0.6138,6.6,16.3,7.1,12.1,1.6,2.0,40.3,0.361,0.607,0.765,6.51626,4.06605,2.45022
ef68c7a6-ebc7-5287-acc1-7403dd6b347b,2020,Duke,ACC,Fr,19.3,61.1,30.3,0.6153,12.0,26.2,8.3,14.7,5.8,1.6,63.2,0.381,0.061,0.67,6.67163,3.88622,2.78541
efc5302e-672f-5e49-8498-0d0a1ac1bac1,2020,Florida St.,ACC,Fr,18.8,52.1,21.9,0.5511,6.8,13.9,8.4,20.2,5.6,2.6,35.6,0.32,0.24,0.838,4.71126,0.906484,3.80477
f0154052-8a4d-5c3c-96cc-7518b0e03a62,2023,Kentucky,SEC,Fr,19.5,55.5,15.1,0.5128,5.7,16.2,5.5,16.2,1.7,1.2,29.3,0.305,0.321,0.722,2.10268,0.802036,1.30065
f0187a59-01d8-5db6-af86-3ccf413e1e51,2008,Wake Forest,ACC,Fr,19.5,70.8,24.6,0.5437,1.8,8.2,17.8,20.3,2.0,3.6,46.9,0.377,0.262,0.797,4.05845,2.04558,2.01288
f0187a59-01d8-5db6-af86-3ccf413e1e51,2009,Wake Forest,ACC,So,20.5,79.9,26.2,0.6147,1.7,8.6,20.2,21.0,2.0,3.1,59.0,0.441,0.275,0.817,6.6175,4.81044,1.80706
f055322d-183c-5692-bbc9-f63b494ed6ff,2015,Notre Dame,ACC,Fr,19.4,25.0,21.7,0.6394,9.6,17.5,6.6,10.4,5.8,3.1,55.0,0.143,0.063,0.754,7.82282,4.76854,3.05428
f055322d-183c-5692-bbc9-f63b494ed6ff,2016,Notre Dame,ACC,So,20.5,63.0,22.1,0.5867,11.9,18.7,7.4,11.0,4.0,2.1,44.0,0.333,0.043,0.774,5.70568,3.96352,1.74215
f055322d-183c-5692-bbc9-f63b494ed6ff,2017,Notre Dame,ACC,Jr,21.5,80.0,25.6,0.5978,10.6,25.4,10.2,8.8,4.5,2.0,40.1,0.433,0.134,0.783,8.99566,5.28005,3.71561
f055322d-183c-5692-bbc9-f63b494ed6ff,2018,Notre Dame,ACC,Sr,22.5,45.9,28.5,0.5587,8.4,26.8,7.0,10.4,7.3,3.2,34.2,0.281,0.189,0.748,6.98683,2.16456,4.82227
f05fafbd-4b2a-587c-97e6-82c1e435ccec,2019,Kentucky,SEC,Fr,20.0,45.9,15.0,0.5409,0.4,10.3,11.2,19.1,0.2,1.4,43.2,0.345,0.588,0.828,3.33473,1.92028,1.41444
f05fafbd-4b2a-587c-97e6-82c1e435ccec,2020,Kentucky,SEC,So,21.0,78.9,22.2,0.5949,2.1,11.9,11.7,12.8,0.5,1.6,47.1,0.428,0.438,0.923,5.63281,5.20308,0.429727
f0784728-3838-582b-9888-c4986e73e184,2013,Wichita St.,MVC,Fr,20.2,30.1,17.0,0.5842,5.4,8.9,13.2,17.7,1.3,1.8,39.8,0.357,0.743,0.822,6.54589,5.15116,1.39473
f0784728-3838-582b-9888-c4986e73e184,2014,Wichita St.,MVC,So,21.2,74.7,21.4,0.6096,3.1,11.3,20.9,16.4,2.4,3.0,42.1,0.375,0.566,0.847,9.75701,6.06207,3.69494
f0784728-3838-582b-9888-c4986e73e184,2015,Wichita St.,MVC,Jr,22.2,81.8,22.3,0.5615,3.3,13.9,16.9,10.1,2.8,2.5,31.3,0.374,0.526,0.76,9.32853,6.08379,3.24474
f0784728-3838-582b-9888-c4986e73e184,2016,Wichita St.,MVC,Sr,23.2,78.5,22.2,0.5527000000000001,1.6,16.4,21.5,13.2,2.4,2.9,34.3,0.348,0.489,0.784,9.54632,4.15648,5.38984
f080c55b-1e8f-5709-88b7-f3fc29da52ef,2020,Oklahoma,B12,Jr,21.0,41.5,20.9,0.5112,2.4,9.7,7.4,18.7,0.4,1.2,27.2,0.283,0.37,0.636,-1.73991,-1.18562,-0.554286
f080c55b-1e8f-5709-88b7-f3fc29da52ef,2021,Oklahoma,B12,Sr,22.0,40.5,19.8,0.5343,4.9,12.2,14.1,15.2,1.5,2.2,23.0,0.167,0.178,0.839,2.62436,1.32006,1.3043
f080c55b-1e8f-5709-88b7-f3fc29da52ef,2022,Wake Forest,ACC,Sr,23.0,84.1,29.8,0.5764,5.0,15.6,31.0,20.0,1.2,2.0,37.9,0.284,0.296,0.691,6.22118,4.13691,2.08427
f0a30993-23b0-501e-b267-f1840df8387e,2012,Georgia,SEC,Fr,19.3,79.4,23.3,0.49939999999999996,5.0,14.7,9.8,9.8,1.3,3.7,21.1,0.304,0.557,0.654,6.0879,4.17652,1.91138
f0a30993-23b0-501e-b267-f1840df8387e,2013,Georgia,SEC,So,20.3,83.5,27.2,0.5791,4.3,19.7,16.8,13.8,1.9,3.8,39.3,0.373,0.523,0.799,10.3802,7.06647,3.31371
f0c3822a-ba9f-5110-8e12-1cd82d1531f6,2008,Syracuse,BE,Fr,19.5,89.2,22.8,0.5307,5.4,15.6,10.6,17.3,4.8,2.0,25.5,0.345,0.501,0.707,5.28023,3.22198,2.05825
f11ffdd4-c2fd-5026-9418-b981de3883e5,2023,Saint Mary's,WCC,Fr,19.6,19.2,17.5,0.5687,5.7,17.0,11.2,24.6,1.8,3.8,56.0,0.333,0.54,0.679,4.8414,0.262307,4.57909
f11ffdd4-c2fd-5026-9418-b981de3883e5,2024,Saint Mary's,WCC,So,20.6,47.7,22.7,0.5309,6.9,24.1,17.8,17.6,1.5,3.1,21.9,0.276,0.27,0.723,6.50627,1.82753,4.67874
f11ffdd4-c2fd-5026-9418-b981de3883e5,2025,Iowa St.,B12,Jr,21.6,73.0,23.5,0.5972,8.1,21.7,19.6,19.5,3.0,4.1,51.0,0.31,0.19,0.756,10.8276,4.06816,6.75943
f11ffdd4-c2fd-5026-9418-b981de3883e5,2026,Iowa St.,B12,Sr,22.6,73.1,28.6,0.5602,7.2,21.8,27.7,16.7,3.4,3.1,51.7,0.345,0.267,0.7,11.2303,4.58131,6.64904
f1383049-249c-5a01-b4cd-708b213015c7,2017,Duke,ACC,Fr,19.2,5.7,13.7,0.7364,11.3,19.3,2.0,39.5,4.4,2.7,36.4,0.0,0.091,0.25,3.80001,0.0356897,3.76432
f1383049-249c-5a01-b4cd-708b213015c7,2018,Duke,ACC,So,20.2,28.4,14.1,0.636,14.9,18.5,5.8,21.7,4.5,2.8,54.3,0.125,0.114,0.553,8.97712,3.79543,5.18169
f1383049-249c-5a01-b4cd-708b213015c7,2019,Duke,ACC,Jr,21.2,40.5,11.5,0.7105,11.7,16.3,4.2,24.4,7.9,2.9,63.3,0.0,0.013,0.56,10.0499,2.92358,7.12629
f1383049-249c-5a01-b4cd-708b213015c7,2020,Duke,ACC,Jr,22.2,32.6,14.2,0.586,10.0,19.0,6.2,21.5,6.0,2.5,54.1,0.167,0.081,0.65,7.02116,1.56431,5.45685
f14c68a4-021b-5340-8290-8af8200932a1,2009,Michigan St.,B10,Fr,19.3,27.6,16.4,0.5771000000000001,10.8,23.1,14.1,20.6,2.5,3.0,64.2,0.0,0.012,0.615,9.28284,3.35587,5.92697
f14c68a4-021b-5340-8290-8af8200932a1,2010,Michigan St.,B10,So,20.3,63.6,21.8,0.5617,10.4,24.6,23.3,18.1,4.1,2.9,48.3,0.125,0.06,0.672,11.5957,5.0671,6.52862
f14c68a4-021b-5340-8290-8af8200932a1,2011,Michigan St.,B10,Jr,21.3,74.2,25.8,0.5192,9.6,23.4,31.1,18.0,4.1,3.5,40.9,0.364,0.294,0.696,12.206,5.85748,6.34853
f14c68a4-021b-5340-8290-8af8200932a1,2012,Michigan St.,B10,Sr,22.3,82.8,28.2,0.5422,8.2,28.5,24.2,19.7,3.4,2.7,36.7,0.388,0.284,0.723,11.1904,4.58364,6.60674
f16cb34f-9b4f-51d1-982b-a4d968631779,2013,Texas Tech,B12,Fr,19.8,66.5,26.7,0.43229999999999996,2.9,8.4,26.5,26.6,0.3,4.3,30.5,0.188,0.274,0.697,-2.03331,-1.66108,-0.372231
f16cb34f-9b4f-51d1-982b-a4d968631779,2015,LSU,SEC,So,21.8,57.0,21.7,0.4501,1.9,7.0,27.9,27.7,0.1,2.3,27.6,0.264,0.244,0.583,-2.66884,-2.0575,-0.611345
f16cb34f-9b4f-51d1-982b-a4d968631779,2016,LSU,SEC,Sr,22.8,37.3,21.5,0.4888,1.7,12.7,21.4,23.4,0.2,3.4,25.2,0.211,0.239,0.65,-0.973985,-1.54664,0.572651
f18caa0c-74fb-5ec0-98c7-47121bffcc31,2026,Stanford,ACC,Fr,19.2,82.2,30.1,0.589,2.4,10.3,23.9,10.4,1.0,2.7,44.9,0.354,0.354,0.832,6.86813,6.81778,0.0503446
f1c6c5e8-9a3b-52dd-933e-037e18d73574,2015,Boise St.,MWC,So,21.8,64.6,18.3,0.6531999999999999,8.9,26.9,4.3,11.7,2.9,2.6,24.8,0.409,0.487,0.661,7.31072,4.1364,3.17432
f1c6c5e8-9a3b-52dd-933e-037e18d73574,2016,Boise St.,MWC,Jr,22.9,75.0,24.7,0.5659000000000001,8.3,26.5,7.6,11.9,2.4,2.5,45.7,0.225,0.301,0.684,4.45994,2.10292,2.35701
f1e65d2b-1177-52b1-bcaf-bc4ff5e7c38f,2019,Duke,ACC,Fr,19.0,87.9,31.3,0.5318999999999999,4.8,17.2,23.5,15.9,1.2,1.4,31.9,0.308,0.338,0.665,5.92941,4.58458,1.34483
f206df4c-2f57-5efa-ab32-a77ce8133f08,2018,Texas Tech,B12,Fr,19.1,70.5,18.6,0.6151,9.1,11.2,12.1,12.6,4.4,2.4,45.8,0.45,0.144,0.717,10.0442,4.9213,5.12292
f228d769-fd6a-53cc-a6e4-5fae1cb7b6ea,2008,USC,P10,Fr,19.5,91.1,30.5,0.5623,3.9,10.2,21.4,19.0,1.1,2.5,28.4,0.409,0.401,0.803,6.89896,5.05889,1.84007
f243db2b-41a4-547e-8ef9-a2973f56dbbd,2011,Cincinnati,BE,So,21.5,51.2,24.1,0.5579999999999999,6.9,11.9,16.2,15.5,0.3,2.4,34.5,0.377,0.467,0.722,5.8783,4.78575,1.09255
f243db2b-41a4-547e-8ef9-a2973f56dbbd,2012,Cincinnati,BE,So,22.5,85.1,20.4,0.5572,4.5,10.7,13.0,13.3,1.0,2.4,20.4,0.376,0.567,0.75,6.87354,5.20733,1.66621
f243db2b-41a4-547e-8ef9-a2973f56dbbd,2013,Cincinnati,BE,Jr,23.5,85.0,25.1,0.5181,4.3,12.5,13.2,14.0,0.7,2.2,29.7,0.307,0.547,0.738,5.30393,4.26939,1.03454
f243db2b-41a4-547e-8ef9-a2973f56dbbd,2014,Cincinnati,Amer,Sr,24.5,84.5,28.8,0.5772999999999999,3.6,11.5,18.5,13.3,0.1,2.6,42.1,0.348,0.528,0.845,6.8248,6.50344,0.321362
f270e554-b04f-5904-82da-a09e8ea2c4b8,2017,Kansas St.,B12,Fr,19.5,45.5,19.5,0.57,5.7,11.3,6.9,16.6,1.2,3.1,40.1,0.339,0.615,0.726,4.3944,2.75975,1.63465
f270e554-b04f-5904-82da-a09e8ea2c4b8,2018,Kansas St.,B12,So,20.5,78.1,18.8,0.5424,4.6,15.3,11.0,11.3,1.3,3.1,26.0,0.344,0.559,0.739,6.53589,3.1053,3.43059
f270e554-b04f-5904-82da-a09e8ea2c4b8,2019,Kansas St.,B12,Jr,21.5,74.6,19.7,0.5135000000000001,5.2,16.9,13.3,12.6,1.4,2.7,29.5,0.346,0.523,0.67,7.45789,2.91078,4.54711
f270e554-b04f-5904-82da-a09e8ea2c4b8,2020,Kansas St.,B12,Sr,22.5,81.1,24.1,0.4905,3.1,14.8,12.1,12.0,1.3,3.3,43.8,0.304,0.505,0.69,4.50631,2.5048,2.0015
f27e38e6-2eb6-5791-ba2a-915ff9113b5a,2020,Vanderbilt,SEC,Fr,19.6,73.9,24.7,0.5264,1.9,9.2,25.1,20.8,0.5,2.1,68.7,0.362,0.342,0.709,-0.627079,0.607688,-1.23477
f27e38e6-2eb6-5791-ba2a-915ff9113b5a,2021,Vanderbilt,SEC,So,20.6,70.1,35.1,0.5751,3.6,6.9,36.8,19.6,0.6,3.2,52.5,0.358,0.377,0.85,6.09302,6.49719,-0.40417
f27e38e6-2eb6-5791-ba2a-915ff9113b5a,2022,Vanderbilt,SEC,Jr,21.6,82.1,34.4,0.5412,2.9,9.7,32.6,17.1,0.6,3.4,55.6,0.325,0.366,0.749,6.66926,5.38614,1.28312
f29cbd48-c3c1-5ae1-ba5a-cba1d34db9e3,2019,Michigan,B10,Fr,20.5,74.1,24.6,0.5729,4.6,16.1,6.1,10.5,1.7,1.5,36.9,0.392,0.351,0.773,6.11654,3.37694,2.73959
f2be67de-f4b0-59c3-9e56-8ae45934d67b,2020,Princeton,Ivy,Fr,19.4,33.9,17.8,0.5402,2.5,14.1,11.4,25.6,2.6,1.9,38.2,0.267,0.197,0.517,-2.14942,-2.83565,0.686227
f2be67de-f4b0-59c3-9e56-8ae45934d67b,2022,Princeton,Ivy,Jr,21.4,72.8,31.8,0.5529,9.5,16.3,32.3,15.3,1.1,2.7,41.1,0.125,0.048,0.565,5.81548,4.55641,1.25907
f2be67de-f4b0-59c3-9e56-8ae45934d67b,2023,Princeton,Ivy,Sr,22.4,80.5,28.3,0.5486,5.8,16.1,31.5,18.6,1.9,1.3,40.3,0.3,0.085,0.65,4.46383,2.53915,1.92468
f30a1949-519f-5ca8-b7f0-1a64361b8391,2008,Arkansas,SEC,Sr,22.5,76.0,24.3,0.5519,6.2,10.4,17.3,21.1,0.8,2.4,17.9,0.37,0.344,0.803,4.7472,3.82164,0.925561
f32e6888-fd1e-5be7-94a3-5c9dc9d5f916,2008,Louisville,BE,So,20.5,71.7,17.6,0.6061,4.1,9.6,12.9,17.4,0.9,3.6,29.7,0.384,0.634,0.771,9.19955,5.4069,3.79264
f32e6888-fd1e-5be7-94a3-5c9dc9d5f916,2009,Louisville,BE,Jr,21.5,52.9,15.6,0.6396999999999999,3.0,8.0,11.1,17.0,0.4,3.0,33.3,0.412,0.672,0.662,6.98807,4.7407,2.24737
f32e6888-fd1e-5be7-94a3-5c9dc9d5f916,2010,Louisville,BE,Sr,22.5,56.0,19.2,0.5109,4.5,10.5,14.3,20.4,1.3,3.3,36.9,0.282,0.547,0.709,4.43466,2.73296,1.7017
f413a7ed-bdde-5638-a2c8-ecb6b41cb079,2008,Saint Joseph's,A10,Jr,21.5,81.2,20.0,0.6828,8.7,13.0,3.0,20.8,4.2,1.2,77.3,0.0,0.0,0.741,2.5716,2.16679,0.404813
f413a7ed-bdde-5638-a2c8-ecb6b41cb079,2009,Saint Joseph's,A10,Sr,22.5,96.5,22.9,0.6698999999999999,12.5,22.6,6.1,18.3,4.6,1.3,77.0,0.0,0.003,0.787,5.55748,3.18525,2.37223
f419e62e-d389-5c1f-874d-cced3a66781c,2019,Western Kentucky,CUSA,Fr,18.7,77.3,22.3,0.6727,11.0,24.6,5.1,23.6,8.7,1.5,47.7,0.45,0.067,0.769,4.66251,0.439173,4.22334
f419e62e-d389-5c1f-874d-cced3a66781c,2020,Western Kentucky,CUSA,So,19.7,22.0,28.3,0.573,12.6,24.5,9.8,17.1,6.1,1.8,43.0,0.167,0.12,0.791,2.62575,1.02918,1.59657
f419e62e-d389-5c1f-874d-cced3a66781c,2021,Western Kentucky,CUSA,Jr,20.7,72.8,25.4,0.6431,13.2,30.8,5.6,16.6,11.5,0.7,35.3,0.305,0.179,0.759,7.26615,2.55831,4.70784
f4699e9a-400b-5f3c-99c1-3905527d81cf,2021,Colorado,P12,Fr,19.4,4.4,23.7,0.27699999999999997,0.0,8.5,15.0,9.1,2.0,5.4,42.9,0.333,0.286,0.667,-1.48152,-4.56387,3.08235
f4699e9a-400b-5f3c-99c1-3905527d81cf,2022,Colorado,P12,So,20.4,57.2,16.8,0.5397,4.8,18.0,11.2,21.5,3.2,1.5,26.5,0.4,0.331,0.667,2.91436,-0.280773,3.19513
f4699e9a-400b-5f3c-99c1-3905527d81cf,2023,Colorado,P12,Jr,21.4,54.1,19.3,0.43579999999999997,5.0,15.6,12.9,22.8,2.8,1.9,22.0,0.288,0.341,0.532,0.484789,-2.33392,2.81871
f4699e9a-400b-5f3c-99c1-3905527d81cf,2024,Colorado St.,MWC,Sr,22.4,76.1,20.6,0.6098,4.6,25.0,18.9,16.8,3.1,2.6,26.9,0.375,0.346,0.753,8.54747,2.80646,5.74101
f4699e9a-400b-5f3c-99c1-3905527d81cf,2025,Colorado St.,MWC,Sr,23.4,87.6,27.9,0.6026,5.4,26.0,26.8,15.8,2.0,2.0,37.3,0.377,0.365,0.777,10.4147,5.88682,4.52785
f4ceb23c-627a-599b-8dd5-e6fad4ca8ed6,2008,Oklahoma St.,B12,Fr,19.5,77.1,21.7,0.5671,6.7,8.5,7.9,17.7,1.9,1.4,31.8,0.387,0.519,0.718,3.70373,3.58095,0.12278
f4ceb23c-627a-599b-8dd5-e6fad4ca8ed6,2009,Oklahoma St.,B12,So,20.5,83.0,23.6,0.6232,7.5,11.5,8.3,13.9,2.2,1.9,37.8,0.408,0.475,0.829,7.7645,6.68933,1.07516
f4ceb23c-627a-599b-8dd5-e6fad4ca8ed6,2010,Oklahoma St.,B12,Jr,21.5,84.8,30.7,0.5961,6.7,12.9,16.5,13.1,2.0,2.4,52.2,0.341,0.439,0.81,10.3259,8.39294,1.93295
f4db97fd-6217-55a1-91a3-5538547c6ae9,2019,Mississippi St.,SEC,Fr,19.3,59.3,21.2,0.5688,13.3,22.6,4.8,17.0,3.3,1.4,49.4,0.282,0.166,0.716,2.63207,1.99557,0.636499
f4db97fd-6217-55a1-91a3-5538547c6ae9,2020,Mississippi St.,SEC,So,20.3,77.7,28.8,0.5871,12.4,25.1,16.1,19.1,4.1,1.6,53.0,0.324,0.194,0.768,7.17338,5.02391,2.14947
f4e245fa-6274-5f57-98e1-46b5def7f2f7,2026,Santa Clara,WCC,Fr,19.9,57.0,22.4,0.6151,13.9,20.0,13.8,8.2,5.0,4.9,40.6,0.407,0.33,0.75,14.2222,8.76936,5.45288
f4f59882-6a80-5e7d-a152-e15618bcf44a,2022,UC Santa Barbara,BW,Fr,20.0,76.5,19.2,0.599,0.7,7.9,21.3,17.8,0.5,1.5,44.8,0.318,0.219,0.756,0.282327,1.26452,-0.982192
f4f59882-6a80-5e7d-a152-e15618bcf44a,2023,UC Santa Barbara,BW,So,21.0,86.6,26.2,0.5981000000000001,1.3,8.8,29.7,14.6,0.9,2.3,49.7,0.271,0.185,0.819,3.1623,4.2821,-1.1198
f4f59882-6a80-5e7d-a152-e15618bcf44a,2024,UC Santa Barbara,BW,Jr,22.0,74.9,31.1,0.6004,0.9,13.0,28.7,15.6,1.3,2.1,48.0,0.375,0.216,0.86,2.1234,3.3965,-1.2731
f514614e-836f-5b8d-9ecf-7b7288b1a502,2012,Duke,ACC,Fr,19.9,82.4,24.0,0.5384,2.2,9.2,13.0,17.0,0.1,1.7,45.8,0.365,0.396,0.658,2.86036,2.96119,-0.100831
f5380a76-e45c-50bf-bdc1-809194fdf6b0,2017,Maryland,B10,Fr,18.8,74.1,16.4,0.5537,2.7,16.0,17.9,16.8,2.4,1.9,11.0,0.379,0.665,0.714,6.68625,3.76598,2.92027
f5380a76-e45c-50bf-bdc1-809194fdf6b0,2018,Maryland,B10,So,19.8,85.5,21.5,0.636,3.9,13.1,20.0,20.4,2.1,1.1,30.9,0.414,0.538,0.763,7.19262,5.36917,1.82345
f58128ed-49ff-5d9b-8414-ec2a4621844f,2011,Missouri,B12,Fr,20.4,50.0,19.8,0.5136,4.1,7.4,28.6,27.2,0.2,5.1,27.4,0.361,0.494,0.761,3.84345,2.46805,1.37539
f58128ed-49ff-5d9b-8414-ec2a4621844f,2012,Missouri,B12,So,21.4,80.0,21.5,0.5537,1.6,10.8,33.3,21.2,0.2,4.0,44.6,0.365,0.387,0.775,6.44185,5.28895,1.1529
f58128ed-49ff-5d9b-8414-ec2a4621844f,2013,Missouri,SEC,Jr,22.4,84.0,24.7,0.47590000000000005,2.7,7.8,37.8,24.7,0.2,3.1,27.2,0.324,0.379,0.735,3.49495,2.92149,0.573462
f5a068df-025b-5814-bb1c-7b1f1a6fabdf,2021,Clemson,ACC,Fr,19.3,21.6,19.4,0.5394,8.3,16.5,2.2,13.9,3.1,1.2,26.2,0.133,0.246,0.75,-0.144226,-0.994388,0.850162
f5a068df-025b-5814-bb1c-7b1f1a6fabdf,2022,Clemson,ACC,So,20.3,62.2,29.0,0.5619,7.7,17.3,13.7,13.5,5.7,1.2,28.9,0.308,0.215,0.781,4.91233,2.53423,2.37811
f5a068df-025b-5814-bb1c-7b1f1a6fabdf,2023,Clemson,ACC,Jr,21.3,59.3,29.2,0.6126,8.1,18.3,9.7,14.2,5.4,1.6,31.2,0.398,0.231,0.786,5.47308,2.79474,2.67834
f5a068df-025b-5814-bb1c-7b1f1a6fabdf,2024,Clemson,ACC,Sr,22.3,71.8,30.2,0.5787,6.6,18.0,10.8,12.6,5.6,1.6,33.1,0.315,0.335,0.779,6.78183,3.76244,3.0194
f5ba2d40-c796-53a2-a2f9-95b0a2e4e8d7,2017,Louisiana Tech,CUSA,Fr,18.9,45.1,23.2,0.5309,3.9,10.2,13.5,16.1,1.3,2.0,23.7,0.31,0.391,0.863,-0.303607,0.157006,-0.460613
f5ba2d40-c796-53a2-a2f9-95b0a2e4e8d7,2018,Louisiana Tech,CUSA,So,19.9,19.0,29.1,0.5784,3.4,14.2,20.4,21.0,1.3,2.0,49.5,0.36,0.275,0.822,0.101725,0.510423,-0.408697
f5ba2d40-c796-53a2-a2f9-95b0a2e4e8d7,2020,Nevada,MWC,Jr,21.9,79.6,31.8,0.5607,2.5,17.5,26.5,12.8,0.5,1.9,32.8,0.362,0.37,0.823,5.64841,5.7006,-0.0521874
f5d73fb3-ce0b-50db-a6d4-eb42bef1d7d8,2017,Cal St. Bakersfield,WAC,Fr,19.0,15.6,12.8,0.5219,4.4,16.0,13.2,26.6,1.9,2.9,20.0,0.308,0.371,0.571,2.32265,-1.9318,4.25445
f5d73fb3-ce0b-50db-a6d4-eb42bef1d7d8,2019,Cal St. Bakersfield,WAC,So,21.0,40.5,23.1,0.4804,6.2,13.3,17.7,23.2,5.0,4.7,25.4,0.209,0.254,0.628,3.08041,-0.68485,3.76526
f5d73fb3-ce0b-50db-a6d4-eb42bef1d7d8,2020,Cal St. Bakersfield,WAC,Jr,22.0,61.1,24.9,0.5285,5.2,14.7,17.0,18.5,4.8,2.7,33.9,0.348,0.275,0.635,3.21952,0.91772,2.3018
f5d73fb3-ce0b-50db-a6d4-eb42bef1d7d8,2021,Cal St. Bakersfield,BW,Sr,23.0,49.8,29.8,0.5625,5.4,17.5,25.8,22.8,3.4,3.7,31.2,0.514,0.176,0.823,5.29077,2.11629,3.17448
f5d73fb3-ce0b-50db-a6d4-eb42bef1d7d8,2022,Houston,Amer,Sr,24.0,70.4,19.2,0.5209,6.0,12.4,17.4,15.3,2.8,3.2,12.9,0.319,0.406,0.727,8.3355,4.01307,4.32243
f5dde03b-c801-5625-ad90-04243620d7aa,2017,South Carolina,SEC,So,20.9,38.9,15.2,0.38439999999999996,3.1,8.1,14.3,23.8,0.0,1.3,22.7,0.227,0.516,0.621,-1.07014,-2.3583,1.28816
f5dde03b-c801-5625-ad90-04243620d7aa,2018,South Carolina,SEC,Jr,21.9,58.4,18.7,0.5158,2.4,14.1,29.4,26.4,1.1,0.9,35.8,0.333,0.469,0.656,1.47611,0.00534218,1.47076
f5dde03b-c801-5625-ad90-04243620d7aa,2019,South Carolina,SEC,Sr,22.9,73.9,18.8,0.5661,2.1,12.2,15.3,17.2,1.0,1.4,24.8,0.412,0.559,0.761,4.14647,3.28308,0.86339
f5eab13c-adcc-5063-9ac6-56c061e5d752,2018,Richmond,A10,Fr,19.9,90.0,16.8,0.5869,1.6,6.0,20.5,16.1,0.1,4.5,23.9,0.384,0.539,0.836,3.14381,3.39704,-0.253236
f5eab13c-adcc-5063-9ac6-56c061e5d752,2019,Richmond,A10,So,20.9,87.6,24.1,0.5968,2.2,7.4,28.2,16.1,0.1,4.6,25.6,0.363,0.544,0.771,4.25009,5.39483,-1.14474
f5eab13c-adcc-5063-9ac6-56c061e5d752,2020,Richmond,A10,Jr,21.9,90.8,18.8,0.6073,1.3,8.0,27.6,16.3,0.5,5.0,32.3,0.367,0.56,0.802,8.39209,5.32922,3.06287
f5eab13c-adcc-5063-9ac6-56c061e5d752,2021,Richmond,A10,Sr,22.9,95.8,18.5,0.5458,0.7,8.8,23.8,13.3,0.0,5.3,25.6,0.326,0.619,0.842,7.60047,5.00397,2.59651
f5eab13c-adcc-5063-9ac6-56c061e5d752,2022,Richmond,A10,Sr,23.9,95.7,19.4,0.5572,1.5,9.1,26.7,12.3,0.5,4.5,25.4,0.362,0.66,0.86,7.44637,5.35977,2.0866
f641f533-257b-50cc-ba77-4a0ee5555c14,2008,Georgetown,BE,Sr,22.5,53.9,18.3,0.5982999999999999,9.0,13.7,16.0,25.2,3.6,2.8,52.1,0.283,0.329,0.658,8.14301,3.05006,5.09295
f6490f05-4fb5-5636-aaec-e2fa5adc1722,2014,BYU,WCC,Fr,19.5,59.6,22.2,0.5539999999999999,11.8,15.0,7.1,14.4,2.9,0.9,66.8,0.0,0.0,0.613,2.00387,1.49573,0.508136
f6490f05-4fb5-5636-aaec-e2fa5adc1722,2017,BYU,WCC,So,22.5,71.6,31.2,0.5945,11.7,20.7,12.8,14.5,6.6,1.0,66.9,0.0,0.002,0.763,5.52721,2.83338,2.69383
f671190d-0d48-56bc-8663-fc12017ec7ec,2016,Oklahoma St.,B12,Fr,19.9,49.0,26.5,0.5754,1.9,14.8,41.9,20.4,0.7,2.4,40.8,0.475,0.194,0.833,6.05808,4.18229,1.87579
f671190d-0d48-56bc-8663-fc12017ec7ec,2017,Oklahoma St.,B12,So,20.9,70.8,33.3,0.5331,2.8,10.8,44.2,15.9,0.5,3.2,38.6,0.376,0.2,0.806,8.51855,8.33047,0.188086
f69bd2e8-9e40-5f15-bd9f-854f151d5367,2008,Little Rock,SB,Jr,21.5,46.6,19.5,0.49090000000000006,9.5,14.7,7.5,19.7,3.0,2.4,50.7,0.278,0.254,0.597,0.500801,-1.61319,2.11399
f69bd2e8-9e40-5f15-bd9f-854f151d5367,2009,Little Rock,SB,Sr,22.5,67.2,24.3,0.5503,8.2,15.4,13.7,19.7,2.8,2.1,44.7,0.291,0.2,0.675,3.06539,0.832501,2.23289
f6a79aca-9dbd-5a35-b3c3-a1a862448e48,2025,Baylor,B12,Fr,19.9,76.2,24.4,0.5543,7.1,13.6,19.0,15.0,2.3,3.8,37.7,0.336,0.402,0.779,9.88066,6.08753,3.79313
f6ce182b-86b7-5f48-b7c8-930ea1cffedb,2018,Iowa St.,B12,Fr,20.2,81.8,27.7,0.5286,2.1,10.2,17.7,18.7,1.4,1.6,39.2,0.401,0.416,0.66,1.59878,1.86682,-0.268043
f6ce182b-86b7-5f48-b7c8-930ea1cffedb,2019,Iowa St.,B12,So,21.2,46.4,26.9,0.5640999999999999,3.4,13.9,15.0,16.4,1.5,1.7,55.9,0.39,0.5,0.72,3.39022,3.57941,-0.189187
f6ce2a09-76e0-5c0a-a7ea-5f899f869ee3,2017,Michigan St.,B10,Fr,19.3,51.5,23.5,0.5482,1.0,8.6,46.7,26.5,0.7,2.1,38.5,0.38,0.39,0.786,2.33975,2.46158,-0.121828
f6ce2a09-76e0-5c0a-a7ea-5f899f869ee3,2018,Michigan St.,B10,So,20.3,70.1,22.9,0.6805,0.9,11.3,43.5,22.6,0.2,1.4,31.9,0.497,0.535,0.9,7.81501,7.78583,0.0291758
f6ce2a09-76e0-5c0a-a7ea-5f899f869ee3,2019,Michigan St.,B10,Jr,21.3,83.3,29.5,0.591,1.3,7.9,44.8,17.5,0.3,1.8,36.7,0.398,0.4,0.84,8.02968,7.99749,0.0321858
f6ce2a09-76e0-5c0a-a7ea-5f899f869ee3,2020,Michigan St.,B10,Sr,22.3,78.9,29.1,0.5848,0.7,7.1,36.3,19.5,0.1,2.1,32.7,0.432,0.409,0.852,5.59229,5.81938,-0.227086
f6df8f9c-189d-5d26-9f94-276a74c9fb92,2022,Baylor,B12,Fr,19.1,67.0,17.5,0.6299,7.3,13.7,12.3,21.0,1.5,2.2,32.7,0.341,0.181,0.689,7.786,4.21803,3.56796
f6e586ef-9447-5c28-80ae-0de5c6460fa6,2008,Dayton,A10,Sr,22.5,85.1,26.2,0.6292,0.9,9.4,23.9,19.2,0.5,0.7,29.5,0.455,0.503,0.86,4.49811,6.01403,-1.51591
f70a8b0d-8972-5ad5-b602-5b57cdb84971,2009,Washington St.,P10,Fr,19.4,82.1,23.9,0.5271,3.4,12.6,14.5,18.2,2.2,1.9,8.2,0.412,0.437,0.903,5.39988,2.01573,3.38415
f70a8b0d-8972-5ad5-b602-5b57cdb84971,2010,Washington St.,P10,So,20.4,86.7,29.2,0.5373,4.0,13.3,15.0,19.8,2.2,2.4,34.5,0.358,0.437,0.801,2.70793,2.51331,0.194619
f70a8b0d-8972-5ad5-b602-5b57cdb84971,2011,Washington St.,P10,Jr,21.4,83.0,31.9,0.5737,2.6,14.0,25.0,17.8,3.1,2.8,33.6,0.398,0.446,0.838,8.12,5.40973,2.71026
f73f55b7-730d-5ad2-822c-0728380578e8,2020,UCLA,P12,Fr,19.3,66.0,17.8,0.5425,6.5,14.3,10.4,18.6,1.7,3.0,33.7,0.316,0.385,0.768,5.45555,3.01858,2.43697
f73f55b7-730d-5ad2-822c-0728380578e8,2021,UCLA,P12,So,20.3,84.4,18.4,0.5713,6.9,14.7,9.3,12.0,2.3,2.1,38.7,0.394,0.322,0.655,8.82198,5.3365,3.48548
f73f55b7-730d-5ad2-822c-0728380578e8,2022,UCLA,P12,Jr,21.3,72.9,23.8,0.5440999999999999,6.3,15.6,15.1,11.5,1.3,2.3,36.1,0.276,0.205,0.761,7.22159,4.56862,2.65297
f73f55b7-730d-5ad2-822c-0728380578e8,2023,UCLA,P12,Sr,22.3,83.1,27.2,0.5427000000000001,9.0,20.2,14.6,11.9,2.2,2.8,24.9,0.317,0.192,0.77,8.76189,4.41615,4.34574
f745c7bd-91cf-505a-a071-59e5112f3071,2016,Kentucky,SEC,Fr,20.2,75.2,19.8,0.45289999999999997,5.3,12.8,16.7,17.8,0.5,1.9,41.2,0.135,0.123,0.46,4.36239,2.08616,2.27623
f745c7bd-91cf-505a-a071-59e5112f3071,2017,Kentucky,SEC,So,21.2,71.8,22.3,0.5236,5.3,13.7,23.3,19.5,0.6,1.5,42.7,0.288,0.17,0.635,5.4362,2.75859,2.67761
f7479c9a-b2cf-57b2-aaa2-e434717478be,2017,Georgia Tech,ACC,Fr,18.8,77.4,26.6,0.5455,5.2,13.5,12.3,14.6,2.5,2.4,56.4,0.371,0.167,0.747,3.43811,0.807321,2.63079
f7479c9a-b2cf-57b2-aaa2-e434717478be,2018,Georgia Tech,ACC,So,19.8,67.9,26.8,0.5504,7.3,13.1,15.6,15.7,2.8,2.9,50.6,0.38,0.312,0.821,5.44136,3.5946,1.84676
f765ff6f-3971-5bf2-a9ff-18c90c03307a,2013,Florida,SEC,Fr,19.3,43.7,14.8,0.657,3.2,17.6,9.5,19.8,0.2,2.0,22.3,0.468,0.799,0.839,7.30984,4.06415,3.24569
f765ff6f-3971-5bf2-a9ff-18c90c03307a,2014,Florida,SEC,So,20.3,76.3,16.8,0.6512,2.3,11.6,7.6,14.4,0.7,2.3,16.6,0.447,0.77,0.842,9.13045,5.61302,3.51743
f765ff6f-3971-5bf2-a9ff-18c90c03307a,2015,Florida,SEC,Jr,21.3,57.1,21.4,0.5853,3.7,14.0,10.9,18.0,0.3,2.6,29.8,0.38,0.638,0.871,6.52161,3.78127,2.74034
f76ccac6-3fe3-560c-b8c2-aab85ec92f83,2012,North Carolina,ACC,Fr,19.5,39.0,19.8,0.4779,9.3,15.6,3.1,13.5,2.1,3.1,48.0,0.0,0.0,0.638,3.67533,0.697085,2.97824
f76ccac6-3fe3-560c-b8c2-aab85ec92f83,2013,North Carolina,ACC,So,20.5,75.0,27.4,0.46399999999999997,8.3,17.6,7.7,18.4,1.3,2.8,37.1,0.0,0.004,0.576,0.659761,-1.29759,1.95735
f76ccac6-3fe3-560c-b8c2-aab85ec92f83,2014,North Carolina,ACC,Jr,21.5,74.7,25.1,0.4839,9.5,14.9,11.0,10.5,3.2,2.5,68.0,0.0,0.019,0.537,5.32219,2.27851,3.04368
f7af34ad-5741-5d14-ba95-a886f76809f2,2014,Illinois,B10,Fr,18.7,35.2,19.7,0.5169,5.0,15.9,9.8,19.5,1.0,1.3,50.8,0.341,0.367,0.77,0.594749,-1.07862,1.67337
f7af34ad-5741-5d14-ba95-a886f76809f2,2015,Illinois,B10,So,19.7,75.9,24.4,0.5579999999999999,6.9,11.9,10.0,12.3,0.8,1.7,44.0,0.389,0.307,0.781,4.49072,3.6155,0.875221
f7af34ad-5741-5d14-ba95-a886f76809f2,2016,Illinois,B10,Jr,20.7,85.7,27.9,0.5565,4.2,18.5,20.5,13.2,1.4,2.1,53.4,0.314,0.268,0.821,5.5463,3.57403,1.97227
f7af34ad-5741-5d14-ba95-a886f76809f2,2017,Illinois,B10,Sr,21.7,83.6,26.0,0.5715,3.5,14.9,19.4,13.0,1.2,2.1,47.7,0.358,0.418,0.784,7.83638,4.98553,2.85085
f857663d-7146-5187-b032-b6b8e1f7af74,2018,Maryland,B10,Fr,19.9,53.9,23.1,0.6162,8.9,24.7,6.9,20.5,6.0,1.0,46.6,0.333,0.015,0.737,3.42479,0.0486001,3.37619
f857663d-7146-5187-b032-b6b8e1f7af74,2019,Maryland,B10,So,20.9,74.9,23.8,0.6528,12.0,27.5,14.5,23.5,7.0,1.3,50.9,0.3,0.035,0.779,9.88224,3.09531,6.78693
f8b15846-1977-55f1-9e2f-f98c65256f6e,2020,Mississippi St.,SEC,Fr,20.3,1.7,28.9,0.5028,17.6,48.3,9.4,29.1,5.2,0.0,25.0,0.333,0.375,1.0,-4.20674,-3.7533,-0.453439
f8b15846-1977-55f1-9e2f-f98c65256f6e,2021,Mississippi St.,SEC,So,21.3,20.1,20.8,0.4851,10.2,16.7,8.8,25.2,6.5,1.8,17.1,0.25,0.488,0.571,2.53941,-0.673221,3.21263
f8b15846-1977-55f1-9e2f-f98c65256f6e,2022,Boston College,ACC,Jr,22.3,49.4,24.7,0.5545,11.1,19.7,8.1,18.6,5.6,1.8,29.4,0.344,0.139,0.721,2.33029,0.136286,2.19401
f8b15846-1977-55f1-9e2f-f98c65256f6e,2023,Boston College,ACC,Sr,23.3,36.8,27.6,0.6279,6.8,19.6,15.2,17.4,4.1,0.5,24.5,0.426,0.265,0.86,3.7291,3.08788,0.641224
f8b15846-1977-55f1-9e2f-f98c65256f6e,2024,Boston College,ACC,Sr,24.3,77.1,27.0,0.6053999999999999,7.5,21.8,18.7,16.9,6.0,1.6,28.4,0.431,0.268,0.821,8.33823,4.14267,4.19556
f8c0f320-8712-5649-acac-7e0cd3fc62fe,2026,Arkansas,SEC,Fr,19.9,75.2,22.1,0.5586,3.5,10.8,13.2,8.2,0.6,2.8,23.1,0.416,0.422,0.843,5.85943,5.20653,0.652901
f92fceab-d891-5ad4-9531-2bf0b19f1db2,2011,Ohio St.,B10,Fr,19.3,78.9,26.8,0.5914,14.1,26.0,7.4,11.6,2.0,2.0,65.1,0.25,0.029,0.704,7.63536,5.4597,2.17566
f92fceab-d891-5ad4-9531-2bf0b19f1db2,2012,Ohio St.,B10,So,20.3,72.0,27.3,0.5911,12.5,24.0,8.6,13.7,4.0,2.3,51.9,0.4,0.091,0.768,9.92334,5.38849,4.53484
f93a8d5c-1740-5578-a4c0-42e8e9c6df91,2015,Illinois St.,MVC,Jr,22.3,53.4,26.9,0.5344,8.0,18.0,11.8,17.0,0.8,2.4,42.4,0.333,0.324,0.771,3.86761,2.88893,0.978681
f93a8d5c-1740-5578-a4c0-42e8e9c6df91,2016,Illinois St.,MVC,Sr,23.3,70.0,29.7,0.5039,6.3,13.9,15.1,19.2,1.8,2.0,43.5,0.254,0.199,0.716,0.332924,-0.579055,0.911979
f9821979-79c5-5dc1-ad7b-203a28697953,2008,Virginia Tech,ACC,Fr,19.3,67.2,19.8,0.5708,2.7,9.4,22.2,24.0,0.5,1.7,44.4,0.402,0.481,0.787,3.90521,2.40747,1.49774
f9821979-79c5-5dc1-ad7b-203a28697953,2009,Virginia Tech,ACC,So,20.3,90.3,25.6,0.5705,3.2,9.1,25.2,17.8,0.9,2.4,62.3,0.354,0.476,0.869,6.1593,6.13493,0.0243627
f9821979-79c5-5dc1-ad7b-203a28697953,2010,Virginia Tech,ACC,Jr,21.3,85.4,29.2,0.5443,2.8,8.5,27.2,16.6,0.3,2.0,56.5,0.306,0.427,0.842,5.91459,5.78041,0.134183
f9821979-79c5-5dc1-ad7b-203a28697953,2011,Virginia Tech,ACC,Sr,22.3,94.5,25.9,0.5853,2.6,8.3,22.7,18.6,0.5,2.6,48.1,0.408,0.465,0.85,6.33982,5.30617,1.03365
f9ab9f1a-3026-5116-8137-09058afa1eb7,2021,Auburn,SEC,Fr,19.5,37.6,14.6,0.6931,13.1,12.5,5.8,37.3,4.1,1.6,45.9,1.0,0.016,0.571,2.52115,0.336084,2.18507
f9ab9f1a-3026-5116-8137-09058afa1eb7,2022,Auburn,SEC,So,20.5,28.5,11.5,0.6733,14.4,13.0,7.7,11.2,11.4,2.4,14.1,0.0,0.014,0.4,12.7735,4.47571,8.29783
f9ab9f1a-3026-5116-8137-09058afa1eb7,2023,Auburn,SEC,Jr,21.5,31.5,14.1,0.6962999999999999,14.2,16.7,15.9,19.1,10.5,1.2,29.3,0.0,0.013,0.318,12.2372,4.71825,7.51895
f9ab9f1a-3026-5116-8137-09058afa1eb7,2024,Auburn,SEC,Sr,22.5,36.6,16.9,0.6959000000000001,13.7,14.1,13.5,17.6,11.1,2.4,61.2,0.4,0.049,0.587,14.4239,5.4616,8.96233
f9ab9f1a-3026-5116-8137-09058afa1eb7,2025,Auburn,SEC,Sr,23.5,50.7,13.5,0.6271,14.1,14.0,12.7,11.7,7.4,2.4,56.7,0.5,0.017,0.324,13.9434,6.34751,7.59585
f9fb559f-211b-5afb-ac24-3404600d263c,2015,N.C. State,ACC,Fr,19.7,14.9,22.2,0.48450000000000004,8.9,10.5,21.8,23.1,2.9,2.6,28.8,0.0,0.119,0.529,4.16423,1.38399,2.78023
f9fb559f-211b-5afb-ac24-3404600d263c,2016,N.C. State,ACC,So,20.7,63.9,15.3,0.5004,7.1,11.2,15.8,20.5,1.7,2.8,40.1,0.429,0.042,0.597,3.79159,1.58446,2.20713
f9fb559f-211b-5afb-ac24-3404600d263c,2018,Nevada,MWC,Jr,22.7,85.6,21.5,0.5688,5.9,13.6,24.0,15.0,4.5,2.7,39.2,0.294,0.136,0.701,7.71628,4.1201,3.59618
f9fb559f-211b-5afb-ac24-3404600d263c,2019,Nevada,MWC,Sr,23.7,86.1,18.4,0.5958,3.0,11.1,25.6,16.7,2.3,2.2,32.6,0.358,0.319,0.763,6.17067,3.51255,2.65812
fa21dad1-73af-578e-819c-c8b7662d98d5,2012,Memphis,CUSA,Fr,19.3,32.2,18.5,0.5548,4.1,11.3,6.5,16.8,3.2,1.4,17.1,0.405,0.264,0.708,2.76586,1.06832,1.69754
fa21dad1-73af-578e-819c-c8b7662d98d5,2013,Memphis,CUSA,So,20.3,72.8,21.7,0.48210000000000003,6.1,11.0,12.4,14.4,2.4,1.3,29.5,0.292,0.232,0.752,1.25123,0.448267,0.802966
fa5546e9-dd2c-5c46-a817-d936581dd124,2020,Louisiana Tech,CUSA,Fr,18.6,26.5,20.1,0.5727,5.1,14.8,10.6,15.6,0.4,3.6,62.8,0.364,0.282,0.612,4.58558,2.40097,2.18461
fa5546e9-dd2c-5c46-a817-d936581dd124,2021,Louisiana Tech,CUSA,So,19.6,65.9,22.3,0.5755,5.8,15.3,13.9,17.0,3.0,2.1,30.9,0.394,0.36,0.659,5.47528,2.34088,3.1344
fa5546e9-dd2c-5c46-a817-d936581dd124,2022,Louisiana Tech,CUSA,So,20.6,4.7,29.3,0.5661999999999999,11.8,11.3,16.0,20.2,1.9,3.0,20.0,0.2,0.2,0.8,2.40948,1.01454,1.39494
fa5546e9-dd2c-5c46-a817-d936581dd124,2023,Louisiana Tech,CUSA,Jr,21.6,71.5,25.5,0.5672,5.2,16.6,19.7,20.3,3.1,3.5,35.7,0.414,0.233,0.738,4.56019,1.68015,2.88004
fa5546e9-dd2c-5c46-a817-d936581dd124,2024,Louisiana Tech,CUSA,Sr,22.6,84.6,25.5,0.5728,6.3,14.1,16.2,19.1,5.7,3.5,45.5,0.429,0.267,0.723,8.04202,2.72632,5.3157
fa788b68-02e0-58b9-99a1-80bcd8ca26f9,2017,Duke,ACC,Fr,19.1,60.5,20.4,0.598,3.1,8.2,12.6,15.4,0.2,1.3,36.3,0.395,0.459,0.755,4.00385,4.4958,-0.491951
fab97841-9451-5acb-84b4-172b1fd01b4c,2024,Pittsburgh,ACC,Fr,18.9,83.1,23.0,0.53,1.6,16.8,24.0,15.2,0.9,1.0,24.1,0.322,0.523,0.785,3.52416,3.19659,0.327567
fab9bf19-9ca8-5aa7-86e9-7ed3be95d30f,2013,George Washington,A10,Fr,20.1,66.9,20.8,0.4966,4.8,9.5,15.8,26.6,1.6,5.0,39.1,0.286,0.249,0.648,3.6718,-0.0630321,3.73483
fab9bf19-9ca8-5aa7-86e9-7ed3be95d30f,2014,George Washington,A10,So,21.1,56.4,21.2,0.5979,7.1,10.0,14.2,18.7,3.2,3.2,60.0,0.343,0.171,0.593,6.63654,3.14434,3.4922
fab9bf19-9ca8-5aa7-86e9-7ed3be95d30f,2015,George Washington,A10,Jr,22.1,78.2,21.9,0.6018,8.1,11.4,10.5,23.0,2.8,3.4,52.4,0.296,0.188,0.735,5.85503,2.38212,3.47291
fab9bf19-9ca8-5aa7-86e9-7ed3be95d30f,2016,George Washington,A10,Sr,23.1,79.5,20.5,0.5989,5.0,10.0,9.7,17.1,2.7,2.5,26.6,0.43,0.339,0.689,5.84157,3.65067,2.1909
fb2406be-1403-5524-9200-ede42981345a,2016,Kentucky,SEC,Jr,22.0,6.2,13.2,0.2864,11.8,21.2,13.4,9.8,0.0,0.7,10.0,0.167,0.6,1.0,2.44842,1.84889,0.599534
fb2406be-1403-5524-9200-ede42981345a,2017,Kentucky,SEC,Sr,23.0,22.2,18.0,0.5585,5.1,10.0,6.0,9.7,1.8,1.3,10.1,0.365,0.744,0.923,5.22979,4.41358,0.816203
fb348b75-ac13-5016-a15d-66ff905682e0,2008,Oregon,P10,Sr,22.5,85.8,19.0,0.6959000000000001,7.9,23.5,15.5,14.1,1.1,1.5,50.5,0.492,0.427,0.789,10.6828,8.77993,1.90288
fb7b83a6-92cb-551d-8880-5eae021c93a2,2008,Pittsburgh,BE,Fr,19.5,65.4,23.9,0.55,15.9,22.9,7.1,18.6,4.6,3.7,48.7,0.0,0.0,0.619,8.04072,3.34414,4.69658
fb7b83a6-92cb-551d-8880-5eae021c93a2,2009,Pittsburgh,BE,So,20.5,64.5,26.2,0.5932999999999999,23.7,27.6,9.3,11.0,3.6,3.5,44.7,0.0,0.0,0.606,14.0651,9.50593,4.55918
fb86b982-f3d9-5fe5-ac9c-8606c677f734,2011,Kentucky,SEC,Fr,19.5,78.4,27.8,0.5117,9.0,22.1,10.3,13.6,6.0,2.2,52.1,0.329,0.17,0.646,6.75064,2.57558,4.17506
fb86b982-f3d9-5fe5-ac9c-8606c677f734,2012,Kentucky,SEC,So,20.5,69.6,22.3,0.5466,10.8,16.3,8.7,14.9,5.8,2.7,44.6,0.327,0.138,0.627,9.83645,5.00187,4.83457
fba487d6-7211-5951-a74b-3fc46457be78,2018,Alabama,SEC,Fr,19.1,25.7,18.5,0.5094,7.0,19.3,4.8,17.3,2.1,2.3,11.9,0.324,0.627,0.786,1.22453,0.0572518,1.16728
fba487d6-7211-5951-a74b-3fc46457be78,2019,Alabama,SEC,So,20.1,27.3,23.7,0.5423,7.5,13.5,7.3,16.1,3.2,1.5,35.3,0.375,0.518,0.755,3.03528,2.0427,0.992587
fba487d6-7211-5951-a74b-3fc46457be78,2020,Alabama,SEC,Jr,21.1,56.1,19.4,0.5136,4.7,16.9,8.8,18.3,4.1,1.0,20.7,0.3,0.702,0.64,2.25231,1.01361,1.23869
fba487d6-7211-5951-a74b-3fc46457be78,2021,Alabama,SEC,Sr,22.1,37.7,17.5,0.47700000000000004,5.0,15.8,7.1,11.1,3.1,1.7,8.9,0.282,0.693,0.688,4.10264,1.6051,2.49754
fbc8eafe-ed78-50be-9c8f-677d77564ffe,2021,Baylor,B12,Fr,19.7,16.6,16.4,0.5434,1.8,4.8,11.4,15.9,0.0,2.9,25.5,0.364,0.8,0.643,4.30796,4.29548,0.0124713
fbc8eafe-ed78-50be-9c8f-677d77564ffe,2022,Baylor,B12,So,20.7,35.8,21.4,0.6333,0.5,6.5,12.5,18.3,0.2,1.8,19.5,0.468,0.6,0.778,4.65165,4.80137,-0.149712
fbc8eafe-ed78-50be-9c8f-677d77564ffe,2023,Baylor,B12,Jr,21.7,73.3,20.3,0.5941,0.8,7.0,13.3,14.2,0.1,0.9,18.3,0.415,0.536,0.894,3.83621,5.02492,-1.1887
fbc8eafe-ed78-50be-9c8f-677d77564ffe,2024,Houston,B12,Sr,22.7,79.3,22.0,0.5507,2.2,6.3,12.1,8.4,0.5,2.1,14.4,0.388,0.593,0.871,7.03257,5.78243,1.25014
fbc8eafe-ed78-50be-9c8f-677d77564ffe,2025,Houston,B12,Sr,23.7,80.4,22.3,0.5709000000000001,1.5,7.4,12.2,9.5,0.4,1.8,21.0,0.424,0.579,0.895,8.39849,6.8165,1.58199
fbd1a6aa-2b6f-5333-bfbd-6f50b490bf9f,2021,Syracuse,ACC,Fr,19.8,52.4,19.7,0.5268999999999999,3.5,10.0,26.0,22.1,2.8,4.5,43.9,0.333,0.151,0.721,4.87506,1.61601,3.25906
fbd1a6aa-2b6f-5333-bfbd-6f50b490bf9f,2022,Seton Hall,BE,So,20.8,64.3,24.2,0.4739,2.8,12.5,31.5,24.0,1.4,3.7,28.0,0.333,0.21,0.75,3.60741,0.349345,3.25806
fbd1a6aa-2b6f-5333-bfbd-6f50b490bf9f,2023,Seton Hall,BE,Jr,21.8,58.0,23.6,0.5019,2.7,19.1,31.8,19.8,1.2,4.3,45.3,0.444,0.161,0.693,6.35846,1.76073,4.59773
fbd1a6aa-2b6f-5333-bfbd-6f50b490bf9f,2024,Seton Hall,BE,Sr,22.8,76.5,29.3,0.5155,6.1,18.4,32.6,19.0,2.3,3.9,35.2,0.27,0.138,0.807,8.03428,3.50127,4.53301
fbd1a6aa-2b6f-5333-bfbd-6f50b490bf9f,2025,St. John's,BE,Sr,23.8,79.7,21.9,0.5042,4.1,17.0,29.4,15.9,3.1,3.5,28.1,0.175,0.102,0.536,8.23788,2.09629,6.14159
fbf5ccf7-93a7-5604-bf8a-6e4bd4dd27d7,2012,Florida,SEC,Fr,19.0,84.7,22.4,0.5745,4.8,18.1,12.7,17.0,2.6,2.5,44.0,0.339,0.473,0.769,7.94376,4.96146,2.9823
fc19c2f7-d7c3-5020-98b8-b73e67d19e05,2008,Providence,BE,Fr,19.4,14.4,20.4,0.4771,5.1,5.9,7.3,20.6,1.8,2.0,38.2,0.263,0.345,0.714,-2.68395,-1.46059,-1.22335
fc19c2f7-d7c3-5020-98b8-b73e67d19e05,2009,Providence,BE,So,20.4,52.5,22.7,0.5339,6.9,11.0,12.5,15.2,3.2,2.7,28.3,0.313,0.459,0.684,5.27802,4.12011,1.15791
fc19c2f7-d7c3-5020-98b8-b73e67d19e05,2010,Providence,BE,Jr,21.4,66.2,22.7,0.552,6.5,9.8,10.1,15.0,1.7,2.7,23.1,0.351,0.364,0.711,4.14754,4.97865,-0.831108
fc19c2f7-d7c3-5020-98b8-b73e67d19e05,2011,Providence,BE,Sr,22.4,90.9,29.6,0.5837,6.3,14.2,16.0,15.7,3.0,2.3,38.4,0.34,0.345,0.772,6.55825,5.86632,0.691933
fc1b19f1-75ed-59ba-972e-2dbe0170fe7f,2010,Marquette,BE,Jr,21.3,54.7,19.1,0.48969999999999997,4.5,11.6,17.3,22.9,0.1,3.0,26.6,0.273,0.299,0.694,2.46587,0.262749,2.20312
fc1b19f1-75ed-59ba-972e-2dbe0170fe7f,2011,Marquette,BE,Sr,22.3,68.2,18.5,0.5572,2.9,9.7,22.1,26.0,0.2,2.2,26.0,0.411,0.374,0.682,2.97582,2.27256,0.703262
fc2fe99c-7f03-5723-8b8f-67f19dc34909,2020,Gonzaga,WCC,Fr,19.7,16.8,17.9,0.5589999999999999,8.0,15.0,15.5,16.5,3.6,4.5,53.8,0.111,0.173,0.571,9.31094,3.9952,5.31574
fc2fe99c-7f03-5723-8b8f-67f19dc34909,2021,Gonzaga,WCC,So,20.7,47.2,15.8,0.649,6.2,13.8,9.1,16.2,3.3,3.4,42.6,0.15,0.142,0.65,10.4602,5.08664,5.3736
fc2fe99c-7f03-5723-8b8f-67f19dc34909,2022,Gonzaga,WCC,Jr,21.7,45.2,20.8,0.5909,9.4,17.1,15.3,16.2,1.6,3.7,54.4,0.227,0.139,0.698,9.47462,4.70785,4.76678
fc2fe99c-7f03-5723-8b8f-67f19dc34909,2023,Gonzaga,WCC,Sr,22.7,73.1,18.0,0.6225999999999999,9.9,14.6,12.8,13.2,2.5,3.3,43.4,0.319,0.177,0.548,10.5293,6.70206,3.8272
fc2fe99c-7f03-5723-8b8f-67f19dc34909,2024,Gonzaga,WCC,Sr,23.7,79.5,20.9,0.6147,8.7,16.5,13.4,12.0,2.1,2.8,36.0,0.408,0.145,0.656,9.59463,6.07306,3.52157
fc56d245-4426-5b25-968f-060a8f150c2c,2021,Arkansas St.,SB,Fr,19.8,65.2,24.1,0.5323,16.6,33.8,5.5,17.1,4.8,2.5,29.6,0.0,0.015,0.655,0.881032,-0.926638,1.80767
fc56d245-4426-5b25-968f-060a8f150c2c,2022,Arkansas St.,SB,So,20.8,74.8,27.8,0.6470999999999999,15.9,32.1,10.6,19.7,6.1,3.0,50.9,0.5,0.007,0.724,6.77701,2.13159,4.64542
fc56d245-4426-5b25-968f-060a8f150c2c,2023,Miami FL,ACC,So,21.8,71.9,23.1,0.6163000000000001,15.3,26.2,8.2,17.0,4.3,2.3,45.7,0.313,0.049,0.736,6.89189,3.99756,2.89433
fc56d245-4426-5b25-968f-060a8f150c2c,2024,Miami FL,ACC,Jr,22.8,73.8,26.4,0.6177,12.7,23.3,8.1,16.5,3.0,2.8,40.1,0.353,0.189,0.75,5.60203,3.38667,2.21536
fc56d245-4426-5b25-968f-060a8f150c2c,2025,Baylor,B12,Sr,23.8,78.2,24.9,0.6214999999999999,14.5,25.5,10.2,18.0,3.5,2.3,45.5,0.29,0.196,0.75,8.59521,5.1371,3.45811
fcf6ddeb-2772-5010-a3c7-eed823261c48,2015,Kansas,B12,Fr,19.5,52.3,22.0,0.5545,6.4,19.2,8.1,15.4,1.8,3.3,44.4,0.358,0.383,0.718,7.11546,3.72652,3.38894
fcfece57-b332-5d00-bcea-6caa737c8d6b,2025,Illinois,B10,Fr,19.4,37.5,17.8,0.644,17.3,22.5,2.7,13.6,5.5,1.3,74.2,0.0,0.0,0.618,6.51867,3.53274,2.98594
fcfece57-b332-5d00-bcea-6caa737c8d6b,2026,Michigan,B10,So,20.4,62.6,21.1,0.6768000000000001,12.8,18.9,8.4,14.0,4.8,1.5,49.8,0.343,0.112,0.782,11.4082,6.06078,5.34744
fd2d8d90-8784-5ce6-adf6-79f13d434c79,2012,VCU,CAA,Fr,18.7,41.7,24.1,0.504,9.5,13.3,7.3,14.3,1.7,2.7,62.2,0.313,0.43,0.633,2.39372,1.76861,0.625109
fd2d8d90-8784-5ce6-adf6-79f13d434c79,2013,VCU,A10,So,19.7,68.6,26.1,0.5540999999999999,10.7,13.9,11.0,12.5,0.6,1.9,39.7,0.366,0.344,0.732,6.10078,5.95388,0.146895
fd2d8d90-8784-5ce6-adf6-79f13d434c79,2014,VCU,A10,Jr,20.7,69.6,26.7,0.5438000000000001,7.0,21.2,15.3,13.5,0.7,1.8,42.6,0.337,0.407,0.694,5.89982,4.0408,1.85902
fd2d8d90-8784-5ce6-adf6-79f13d434c79,2015,VCU,A10,Sr,21.7,65.7,26.6,0.5461,8.0,20.6,12.7,8.8,1.1,1.2,45.0,0.381,0.418,0.691,5.28198,5.35803,-0.0760499
fd310661-8738-51fc-b216-6b45e0de71c3,2019,Baylor,B12,Jr,22.0,34.9,14.8,0.639,13.3,14.5,3.7,22.2,7.0,2.1,34.8,0.0,0.0,0.531,6.09071,2.36982,3.72089
fd310661-8738-51fc-b216-6b45e0de71c3,2020,Baylor,B12,Sr,23.0,70.8,16.9,0.5829,16.2,20.4,3.3,11.3,8.9,2.3,46.0,0.0,0.0,0.699,10.7689,3.98883,6.78009
fd3fc0f4-b354-58d4-8e91-b0cb0a80caf4,2019,Maryland,B10,Fr,20.5,58.8,17.3,0.5296,5.2,10.6,6.6,11.8,0.8,2.0,11.9,0.413,0.595,0.867,4.43708,3.16645,1.27064
fd3fc0f4-b354-58d4-8e91-b0cb0a80caf4,2020,Maryland,B10,So,21.5,71.5,20.6,0.4901,4.4,14.2,10.5,16.2,1.6,1.7,20.0,0.317,0.557,0.717,3.7935,1.92472,1.86878
fd3fc0f4-b354-58d4-8e91-b0cb0a80caf4,2021,Maryland,B10,Jr,22.5,83.3,24.9,0.5423,4.5,15.9,17.2,14.5,2.0,2.1,20.3,0.346,0.426,0.767,6.24785,3.93169,2.31616
fde62d7c-8d7d-57a0-895d-20d50ff7f40a,2015,West Virginia,B12,Jr,20.9,32.1,21.4,0.5133,7.8,8.3,10.4,18.4,1.4,4.8,22.6,0.385,0.542,0.526,5.97484,3.42105,2.55378
fde62d7c-8d7d-57a0-895d-20d50ff7f40a,2016,West Virginia,B12,Sr,21.9,55.7,26.3,0.5537,7.4,10.8,12.1,14.5,1.3,3.8,32.2,0.323,0.354,0.785,7.78167,5.10003,2.68163
fe0eb507-2fd2-5828-8497-f082f3b5f57d,2014,Villanova,BE,Fr,19.3,52.5,16.8,0.6034,10.2,13.7,8.1,9.2,1.4,1.5,55.2,0.313,0.477,0.677,6.82288,4.81497,2.00791
fe0eb507-2fd2-5828-8497-f082f3b5f57d,2015,Villanova,BE,So,20.3,63.2,18.7,0.6357,9.0,12.1,11.6,13.6,1.7,2.7,40.2,0.464,0.465,0.67,10.2509,7.18923,3.06168
fe0eb507-2fd2-5828-8497-f082f3b5f57d,2016,Villanova,BE,Jr,21.3,78.2,23.5,0.6023,7.6,17.1,12.4,13.3,0.9,2.2,30.6,0.357,0.344,0.752,8.9302,5.96729,2.96291
fe0eb507-2fd2-5828-8497-f082f3b5f57d,2017,Villanova,BE,Sr,22.3,82.9,27.1,0.6189,5.9,17.5,18.8,13.4,1.0,2.9,36.7,0.404,0.395,0.747,10.4034,7.27323,3.13016
fe13ab17-326f-5ee9-8eee-223d0148f83e,2019,Gonzaga,WCC,Fr,19.3,8.6,14.4,0.539,5.9,20.5,14.0,6.1,0.0,2.6,22.6,0.273,0.355,0.286,6.64008,3.90721,2.73287
fe13ab17-326f-5ee9-8eee-223d0148f83e,2020,Gonzaga,WCC,So,20.3,73.3,17.6,0.5911,6.0,17.8,16.6,16.3,0.8,2.4,23.6,0.345,0.446,0.825,8.34233,5.59221,2.75013
fe13ab17-326f-5ee9-8eee-223d0148f83e,2021,Gonzaga,WCC,Jr,21.3,77.8,16.4,0.6663,6.6,18.6,12.6,15.1,0.6,1.8,24.6,0.389,0.365,0.781,10.5239,7.1229,3.40097
fe3f7f92-bca3-5670-b03c-41e45d59fc37,2013,Oklahoma,B12,Fr,20.5,52.6,20.4,0.46659999999999996,8.2,10.5,14.6,19.0,1.1,2.9,17.2,0.237,0.383,0.833,5.49587,3.13883,2.35704
fe3f7f92-bca3-5670-b03c-41e45d59fc37,2014,Oklahoma,B12,So,21.5,79.3,23.0,0.5678,6.0,9.1,11.8,13.7,0.5,2.4,19.1,0.386,0.53,0.75,6.66767,5.90375,0.763917
fe3f7f92-bca3-5670-b03c-41e45d59fc37,2015,Oklahoma,B12,Jr,22.5,80.5,26.7,0.5449,5.6,12.1,13.2,13.3,0.7,2.5,26.1,0.359,0.52,0.823,7.56472,5.88113,1.6836
fe3f7f92-bca3-5670-b03c-41e45d59fc37,2016,Oklahoma,B12,Sr,23.5,87.6,28.4,0.6645,4.0,13.0,12.7,17.1,1.4,1.8,33.3,0.457,0.536,0.88,8.97231,7.81195,1.16036
fe54b977-c609-5be4-8840-c9fcf96b17ca,2013,Kansas,B12,Fr,20.4,79.1,22.0,0.6325999999999999,5.0,12.3,12.6,17.2,2.2,1.8,34.5,0.42,0.435,0.87,8.40774,5.63899,2.76875
fee6496e-f112-50a1-b7ef-07ae6cdf8ce7,2008,Hofstra,CAA,Fr,19.3,82.3,24.5,0.5472,5.4,9.7,13.7,23.0,1.6,2.9,36.2,0.328,0.179,0.78,1.37808,0.690653,0.687429
fee6496e-f112-50a1-b7ef-07ae6cdf8ce7,2009,Hofstra,CAA,So,20.3,86.2,30.8,0.5075999999999999,2.7,11.9,32.6,18.5,1.4,2.4,45.5,0.319,0.192,0.821,3.42258,2.77553,0.647047
fee6496e-f112-50a1-b7ef-07ae6cdf8ce7,2010,Hofstra,CAA,Jr,21.3,91.5,28.1,0.5528,3.2,10.1,24.9,17.7,1.5,2.8,39.4,0.405,0.29,0.803,4.67541,4.34001,0.335398
fee6496e-f112-50a1-b7ef-07ae6cdf8ce7,2011,Hofstra,CAA,Sr,22.3,92.4,28.7,0.6293,1.6,8.6,31.3,12.8,1.8,2.7,46.3,0.414,0.324,0.825,7.08925,8.32193,-1.23268
fef89191-b89d-5259-8ec5-d73d5fe4d836,2012,Virginia Tech,ACC,Fr,19.1,72.0,18.1,0.42729999999999996,11.4,17.4,13.1,20.9,2.7,1.6,37.0,0.366,0.341,0.584,3.49804,0.57612,2.92192
fef89191-b89d-5259-8ec5-d73d5fe4d836,2014,Florida,SEC,So,21.1,61.0,23.2,0.4769,12.2,19.3,16.1,17.4,1.9,1.1,40.5,0.293,0.468,0.643,6.75613,3.12647,3.62967
fef89191-b89d-5259-8ec5-d73d5fe4d836,2015,Florida,SEC,Jr,22.1,58.8,25.9,0.5635,11.3,16.3,14.0,16.9,3.6,2.6,25.9,0.426,0.397,0.587,9.90607,5.08413,4.82194
fef89191-b89d-5259-8ec5-d73d5fe4d836,2016,Florida,SEC,Sr,23.1,79.1,22.4,0.5694,7.9,19.4,13.2,15.0,2.6,1.6,42.6,0.368,0.499,0.733,8.72538,4.83045,3.89493
ff037d86-dfed-5bad-83e3-d7609d008858,2010,Notre Dame,BE,Fr,19.2,7.8,16.6,0.38909999999999995,24.2,15.7,1.6,13.4,4.8,1.7,60.0,0.0,0.0,0.333,-0.440754,-0.0248046,-0.415949
ff037d86-dfed-5bad-83e3-d7609d008858,2011,Notre Dame,BE,So,20.2,25.4,17.2,0.6392,18.8,16.5,6.9,11.3,5.3,1.4,34.5,0.0,0.0,0.517,8.52758,5.99732,2.53026
ff037d86-dfed-5bad-83e3-d7609d008858,2012,Notre Dame,BE,Jr,21.2,68.6,22.2,0.6431,16.7,20.4,6.6,13.9,5.5,1.4,57.3,0.0,0.0,0.676,7.51479,4.2818,3.23299
ff037d86-dfed-5bad-83e3-d7609d008858,2013,Notre Dame,BE,Sr,22.2,71.3,23.0,0.6122,17.4,24.0,6.3,13.6,4.0,1.4,52.8,0.5,0.007,0.703,7.10202,4.70928,2.39275
ff70308b-13ee-5e89-861e-1fe52d1aa1ae,2016,Kentucky,SEC,Fr,19.3,87.1,25.4,0.59,4.9,11.1,12.1,15.3,0.9,1.6,28.3,0.408,0.515,0.783,8.00807,7.21248,0.795588
ff881ba8-286b-5433-a5a2-b849ff3a629f,2011,North Carolina,ACC,Fr,19.8,61.4,18.5,0.5183,0.7,7.7,40.7,29.8,0.3,2.4,46.2,0.377,0.291,0.69,2.39621,1.67189,0.724324
ff881ba8-286b-5433-a5a2-b849ff3a629f,2012,North Carolina,ACC,So,20.9,77.9,17.1,0.5579999999999999,0.5,7.3,45.1,27.2,0.5,2.0,35.1,0.354,0.351,0.696,4.01006,3.98989,0.0201719
ffa05a27-82b0-515e-a2af-a3ef6f924f73,2018,Kentucky,SEC,Fr,19.8,68.1,21.3,0.5576,7.9,14.8,10.4,18.8,3.5,1.6,80.3,0.238,0.081,0.606,5.43268,2.24967,3.18301
ffa05a27-82b0-515e-a2af-a3ef6f924f73,2019,Kentucky,SEC,So,20.8,68.7,25.4,0.5919,10.2,19.9,13.1,15.8,4.8,1.7,48.9,0.423,0.214,0.663,10.1555,5.26994,4.8856
ffe51a51-47f1-5c27-b4c8-7fc8c51f530d,2008,Temple,A10,Fr,19.4,72.0,15.4,0.5870000000000001,9.1,14.5,11.0,15.9,6.0,1.0,27.4,0.4,0.024,0.737,4.90623,1.94215,2.96408
ffe51a51-47f1-5c27-b4c8-7fc8c51f530d,2009,Temple,A10,So,20.4,76.0,18.3,0.6027,14.6,17.9,13.8,13.6,5.1,0.8,31.0,0.333,0.08,0.642,8.86223,4.80595,4.05628
ffe51a51-47f1-5c27-b4c8-7fc8c51f530d,2010,Temple,A10,Jr,21.4,85.5,19.7,0.5571,12.3,23.6,14.9,14.4,4.6,1.0,27.6,0.217,0.072,0.625,9.90205,3.36612,6.53593
ffe51a51-47f1-5c27-b4c8-7fc8c51f530d,2011,Temple,A10,Sr,22.4,81.5,20.1,0.519,9.3,20.2,13.6,14.7,5.4,1.3,30.8,0.294,0.053,0.697,5.82565,1.25613,4.56952
